id,nombre,email,ciudad,fecha_registro,canal_adquisicion,es_vip
1,Luis Martín 1,cliente1@email.com,Barcelona,2020-01-04,google,False
2,Eva López 2,cliente2@email.com,Valencia,2020-01-07,facebook,False
3,Carlos Ruiz 3,cliente3@email.com,Sevilla,2020-01-10,organico,False
4,Marta Soto 4,cliente4@email.com,Bilbao,2020-01-13,referido,False
5,Pablo Díaz 5,cliente5@email.com,Madrid,2020-01-16,email,False
6,Sara Vega 6,cliente6@email.com,Barcelona,2020-01-19,google,False
7,Ana García 7,cliente7@email.com,Valencia,2020-01-22,facebook,True
8,Luis Martín 8,cliente8@email.com,Sevilla,2020-01-25,organico,False
9,Eva López 9,cliente9@email.com,Bilbao,2020-01-28,referido,False
10,Carlos Ruiz 10,cliente10@email.com,Madrid,2020-01-31,email,False
11,Marta Soto 11,cliente11@email.com,Barcelona,2020-02-03,google,False
12,Pablo Díaz 12,cliente12@email.com,Valencia,2020-02-06,facebook,False
13,Sara Vega 13,cliente13@email.com,Sevilla,2020-02-09,organico,False
14,Ana García 14,cliente14@email.com,Bilbao,2020-02-12,referido,True
15,Luis Martín 15,cliente15@email.com,Madrid,2020-02-15,email,False
16,Eva López 16,cliente16@email.com,Barcelona,2020-02-18,google,False
17,Carlos Ruiz 17,cliente17@email.com,Valencia,2020-02-21,facebook,False
18,Marta Soto 18,cliente18@email.com,Sevilla,2020-02-24,organico,False
19,Pablo Díaz 19,cliente19@email.com,Bilbao,2020-02-27,referido,False
20,Sara Vega 20,cliente20@email.com,Madrid,2020-03-01,email,False
21,Ana García 21,cliente21@email.com,Barcelona,2020-03-04,google,True
22,Luis Martín 22,cliente22@email.com,Valencia,2020-03-07,facebook,False
23,Eva López 23,cliente23@email.com,Sevilla,2020-03-10,organico,False
24,Carlos Ruiz 24,cliente24@email.com,Bilbao,2020-03-13,referido,False
25,Marta Soto 25,cliente25@email.com,Madrid,2020-03-16,email,False
26,Pablo Díaz 26,cliente26@email.com,Barcelona,2020-03-19,google,False
27,Sara Vega 27,cliente27@email.com,Valencia,2020-03-22,facebook,False
28,Ana García 28,cliente28@email.com,Sevilla,2020-03-25,organico,True
29,Luis Martín 29,cliente29@email.com,Bilbao,2020-03-28,referido,False
30,Eva López 30,cliente30@email.com,Madrid,2020-03-31,email,False
31,Carlos Ruiz 31,cliente31@email.com,Barcelona,2020-04-03,google,False
32,Marta Soto 32,cliente32@email.com,Valencia,2020-04-06,facebook,False
33,Pablo Díaz 33,cliente33@email.com,Sevilla,2020-04-09,organico,False
34,Sara Vega 34,cliente34@email.com,Bilbao,2020-04-12,referido,False
35,Ana García 35,cliente35@email.com,Madrid,2020-04-15,email,True
36,Luis Martín 36,cliente36@email.com,Barcelona,2020-04-18,google,False
37,Eva López 37,cliente37@email.com,Valencia,2020-04-21,facebook,False
38,Carlos Ruiz 38,cliente38@email.com,Sevilla,2020-04-24,organico,False
39,Marta Soto 39,cliente39@email.com,Bilbao,2020-04-27,referido,False
40,Pablo Díaz 40,cliente40@email.com,Madrid,2020-04-30,email,False
41,Sara Vega 41,cliente41@email.com,Barcelona,2020-05-03,google,False
42,Ana García 42,cliente42@email.com,Valencia,2020-05-06,facebook,True
43,Luis Martín 43,cliente43@email.com,Sevilla,2020-05-09,organico,False
44,Eva López 44,cliente44@email.com,Bilbao,2020-05-12,referido,False
45,Carlos Ruiz 45,cliente45@email.com,Madrid,2020-05-15,email,False
46,Marta Soto 46,cliente46@email.com,Barcelona,2020-05-18,google,False
47,Pablo Díaz 47,cliente47@email.com,Valencia,2020-05-21,facebook,False
48,Sara Vega 48,cliente48@email.com,Sevilla,2020-05-24,organico,False
49,Ana García 49,cliente49@email.com,Bilbao,2020-05-27,referido,True
50,Luis Martín 50,cliente50@email.com,Madrid,2020-05-30,email,False
51,Eva López 51,cliente51@email.com,Barcelona,2020-06-02,google,False
52,Carlos Ruiz 52,cliente52@email.com,Valencia,2020-06-05,facebook,False
53,Marta Soto 53,cliente53@email.com,Sevilla,2020-06-08,organico,False
54,Pablo Díaz 54,cliente54@email.com,Bilbao,2020-06-11,referido,False
55,Sara Vega 55,cliente55@email.com,Madrid,2020-06-14,email,False
56,Ana García 56,cliente56@email.com,Barcelona,2020-06-17,google,True
57,Luis Martín 57,cliente57@email.com,Valencia,2020-06-20,facebook,False
58,Eva López 58,cliente58@email.com,Sevilla,2020-06-23,organico,False
59,Carlos Ruiz 59,cliente59@email.com,Bilbao,2020-06-26,referido,False
60,Marta Soto 60,cliente60@email.com,Madrid,2020-06-29,email,False
61,Pablo Díaz 61,cliente61@email.com,Barcelona,2020-07-02,google,False
62,Sara Vega 62,cliente62@email.com,Valencia,2020-07-05,facebook,False
63,Ana García 63,cliente63@email.com,Sevilla,2020-07-08,organico,True
64,Luis Martín 64,cliente64@email.com,Bilbao,2020-07-11,referido,False
65,Eva López 65,cliente65@email.com,Madrid,2020-07-14,email,False
66,Carlos Ruiz 66,cliente66@email.com,Barcelona,2020-07-17,google,False
67,Marta Soto 67,cliente67@email.com,Valencia,2020-07-20,facebook,False
68,Pablo Díaz 68,cliente68@email.com,Sevilla,2020-07-23,organico,False
69,Sara Vega 69,cliente69@email.com,Bilbao,2020-07-26,referido,False
70,Ana García 70,cliente70@email.com,Madrid,2020-07-29,email,True
71,Luis Martín 71,cliente71@email.com,Barcelona,2020-08-01,google,False
72,Eva López 72,cliente72@email.com,Valencia,2020-08-04,facebook,False
73,Carlos Ruiz 73,cliente73@email.com,Sevilla,2020-08-07,organico,False
74,Marta Soto 74,cliente74@email.com,Bilbao,2020-08-10,referido,False
75,Pablo Díaz 75,cliente75@email.com,Madrid,2020-08-13,email,False
76,Sara Vega 76,cliente76@email.com,Barcelona,2020-08-16,google,False
77,Ana García 77,cliente77@email.com,Valencia,2020-08-19,facebook,True
78,Luis Martín 78,cliente78@email.com,Sevilla,2020-08-22,organico,False
79,Eva López 79,cliente79@email.com,Bilbao,2020-08-25,referido,False
80,Carlos Ruiz 80,cliente80@email.com,Madrid,2020-08-28,email,False
81,Marta Soto 81,cliente81@email.com,Barcelona,2020-08-31,google,False
82,Pablo Díaz 82,cliente82@email.com,Valencia,2020-09-03,facebook,False
83,Sara Vega 83,cliente83@email.com,Sevilla,2020-09-06,organico,False
84,Ana García 84,cliente84@email.com,Bilbao,2020-09-09,referido,True
85,Luis Martín 85,cliente85@email.com,Madrid,2020-09-12,email,False
86,Eva López 86,cliente86@email.com,Barcelona,2020-09-15,google,False
87,Carlos Ruiz 87,cliente87@email.com,Valencia,2020-09-18,facebook,False
88,Marta Soto 88,cliente88@email.com,Sevilla,2020-09-21,organico,False
89,Pablo Díaz 89,cliente89@email.com,Bilbao,2020-09-24,referido,False
90,Sara Vega 90,cliente90@email.com,Madrid,2020-09-27,email,False
91,Ana García 91,cliente91@email.com,Barcelona,2020-09-30,google,True
92,Luis Martín 92,cliente92@email.com,Valencia,2020-10-03,facebook,False
93,Eva López 93,cliente93@email.com,Sevilla,2020-10-06,organico,False
94,Carlos Ruiz 94,cliente94@email.com,Bilbao,2020-10-09,referido,False
95,Marta Soto 95,cliente95@email.com,Madrid,2020-10-12,email,False
96,Pablo Díaz 96,cliente96@email.com,Barcelona,2020-10-15,google,False
97,Sara Vega 97,cliente97@email.com,Valencia,2020-10-18,facebook,False
98,Ana García 98,cliente98@email.com,Sevilla,2020-10-21,organico,True
99,Luis Martín 99,cliente99@email.com,Bilbao,2020-10-24,referido,False
100,Eva López 100,cliente100@email.com,Madrid,2020-10-27,email,False
101,Carlos Ruiz 101,cliente101@email.com,Barcelona,2020-10-30,google,False
102,Marta Soto 102,cliente102@email.com,Valencia,2020-11-02,facebook,False
103,Pablo Díaz 103,cliente103@email.com,Sevilla,2020-11-05,organico,False
104,Sara Vega 104,cliente104@email.com,Bilbao,2020-11-08,referido,False
105,Ana García 105,cliente105@email.com,Madrid,2020-11-11,email,True
106,Luis Martín 106,cliente106@email.com,Barcelona,2020-11-14,google,False
107,Eva López 107,cliente107@email.com,Valencia,2020-11-17,facebook,False
108,Carlos Ruiz 108,cliente108@email.com,Sevilla,2020-11-20,organico,False
109,Marta Soto 109,cliente109@email.com,Bilbao,2020-11-23,referido,False
110,Pablo Díaz 110,cliente110@email.com,Madrid,2020-11-26,email,False
111,Sara Vega 111,cliente111@email.com,Barcelona,2020-11-29,google,False
112,Ana García 112,cliente112@email.com,Valencia,2020-12-02,facebook,True
113,Luis Martín 113,cliente113@email.com,Sevilla,2020-12-05,organico,False
114,Eva López 114,cliente114@email.com,Bilbao,2020-12-08,referido,False
115,Carlos Ruiz 115,cliente115@email.com,Madrid,2020-12-11,email,False
116,Marta Soto 116,cliente116@email.com,Barcelona,2020-12-14,google,False
117,Pablo Díaz 117,cliente117@email.com,Valencia,2020-12-17,facebook,False
118,Sara Vega 118,cliente118@email.com,Sevilla,2020-12-20,organico,False
119,Ana García 119,cliente119@email.com,Bilbao,2020-12-23,referido,True
120,Luis Martín 120,cliente120@email.com,Madrid,2020-12-26,email,False
121,Eva López 121,cliente121@email.com,Barcelona,2020-12-29,google,False
122,Carlos Ruiz 122,cliente122@email.com,Valencia,2021-01-01,facebook,False
123,Marta Soto 123,cliente123@email.com,Sevilla,2021-01-04,organico,False
124,Pablo Díaz 124,cliente124@email.com,Bilbao,2021-01-07,referido,False
125,Sara Vega 125,cliente125@email.com,Madrid,2021-01-10,email,False
126,Ana García 126,cliente126@email.com,Barcelona,2021-01-13,google,True
127,Luis Martín 127,cliente127@email.com,Valencia,2021-01-16,facebook,False
128,Eva López 128,cliente128@email.com,Sevilla,2021-01-19,organico,False
129,Carlos Ruiz 129,cliente129@email.com,Bilbao,2021-01-22,referido,False
130,Marta Soto 130,cliente130@email.com,Madrid,2021-01-25,email,False
131,Pablo Díaz 131,cliente131@email.com,Barcelona,2021-01-28,google,False
132,Sara Vega 132,cliente132@email.com,Valencia,2021-01-31,facebook,False
133,Ana García 133,cliente133@email.com,Sevilla,2021-02-03,organico,True
134,Luis Martín 134,cliente134@email.com,Bilbao,2021-02-06,referido,False
135,Eva López 135,cliente135@email.com,Madrid,2021-02-09,email,False
136,Carlos Ruiz 136,cliente136@email.com,Barcelona,2021-02-12,google,False
137,Marta Soto 137,cliente137@email.com,Valencia,2021-02-15,facebook,False
138,Pablo Díaz 138,cliente138@email.com,Sevilla,2021-02-18,organico,False
139,Sara Vega 139,cliente139@email.com,Bilbao,2021-02-21,referido,False
140,Ana García 140,cliente140@email.com,Madrid,2021-02-24,email,True
141,Luis Martín 141,cliente141@email.com,Barcelona,2021-02-27,google,False
142,Eva López 142,cliente142@email.com,Valencia,2021-03-02,facebook,False
143,Carlos Ruiz 143,cliente143@email.com,Sevilla,2021-03-05,organico,False
144,Marta Soto 144,cliente144@email.com,Bilbao,2021-03-08,referido,False
145,Pablo Díaz 145,cliente145@email.com,Madrid,2021-03-11,email,False
146,Sara Vega 146,cliente146@email.com,Barcelona,2021-03-14,google,False
147,Ana García 147,cliente147@email.com,Valencia,2021-03-17,facebook,True
148,Luis Martín 148,cliente148@email.com,Sevilla,2021-03-20,organico,False
149,Eva López 149,cliente149@email.com,Bilbao,2021-03-23,referido,False
150,Carlos Ruiz 150,cliente150@email.com,Madrid,2021-03-26,email,False
151,Marta Soto 151,cliente151@email.com,Barcelona,2021-03-29,google,False
152,Pablo Díaz 152,cliente152@email.com,Valencia,2021-04-01,facebook,False
153,Sara Vega 153,cliente153@email.com,Sevilla,2021-04-04,organico,False
154,Ana García 154,cliente154@email.com,Bilbao,2021-04-07,referido,True
155,Luis Martín 155,cliente155@email.com,Madrid,2021-04-10,email,False
156,Eva López 156,cliente156@email.com,Barcelona,2021-04-13,google,False
157,Carlos Ruiz 157,cliente157@email.com,Valencia,2021-04-16,facebook,False
158,Marta Soto 158,cliente158@email.com,Sevilla,2021-04-19,organico,False
159,Pablo Díaz 159,cliente159@email.com,Bilbao,2021-04-22,referido,False
160,Sara Vega 160,cliente160@email.com,Madrid,2021-04-25,email,False
161,Ana García 161,cliente161@email.com,Barcelona,2021-04-28,google,True
162,Luis Martín 162,cliente162@email.com,Valencia,2021-05-01,facebook,False
163,Eva López 163,cliente163@email.com,Sevilla,2021-05-04,organico,False
164,Carlos Ruiz 164,cliente164@email.com,Bilbao,2021-05-07,referido,False
165,Marta Soto 165,cliente165@email.com,Madrid,2021-05-10,email,False
166,Pablo Díaz 166,cliente166@email.com,Barcelona,2021-05-13,google,False
167,Sara Vega 167,cliente167@email.com,Valencia,2021-05-16,facebook,False
168,Ana García 168,cliente168@email.com,Sevilla,2021-05-19,organico,True
169,Luis Martín 169,cliente169@email.com,Bilbao,2021-05-22,referido,False
170,Eva López 170,cliente170@email.com,Madrid,2021-05-25,email,False
171,Carlos Ruiz 171,cliente171@email.com,Barcelona,2021-05-28,google,False
172,Marta Soto 172,cliente172@email.com,Valencia,2021-05-31,facebook,False
173,Pablo Díaz 173,cliente173@email.com,Sevilla,2021-06-03,organico,False
174,Sara Vega 174,cliente174@email.com,Bilbao,2021-06-06,referido,False
175,Ana García 175,cliente175@email.com,Madrid,2021-06-09,email,True
176,Luis Martín 176,cliente176@email.com,Barcelona,2021-06-12,google,False
177,Eva López 177,cliente177@email.com,Valencia,2021-06-15,facebook,False
178,Carlos Ruiz 178,cliente178@email.com,Sevilla,2021-06-18,organico,False
179,Marta Soto 179,cliente179@email.com,Bilbao,2021-06-21,referido,False
180,Pablo Díaz 180,cliente180@email.com,Madrid,2021-06-24,email,False
181,Sara Vega 181,cliente181@email.com,Barcelona,2021-06-27,google,False
182,Ana García 182,cliente182@email.com,Valencia,2021-06-30,facebook,True
183,Luis Martín 183,cliente183@email.com,Sevilla,2021-07-03,organico,False
184,Eva López 184,cliente184@email.com,Bilbao,2021-07-06,referido,False
185,Carlos Ruiz 185,cliente185@email.com,Madrid,2021-07-09,email,False
186,Marta Soto 186,cliente186@email.com,Barcelona,2021-07-12,google,False
187,Pablo Díaz 187,cliente187@email.com,Valencia,2021-07-15,facebook,False
188,Sara Vega 188,cliente188@email.com,Sevilla,2021-07-18,organico,False
189,Ana García 189,cliente189@email.com,Bilbao,2021-07-21,referido,True
190,Luis Martín 190,cliente190@email.com,Madrid,2021-07-24,email,False
191,Eva López 191,cliente191@email.com,Barcelona,2021-07-27,google,False
192,Carlos Ruiz 192,cliente192@email.com,Valencia,2021-07-30,facebook,False
193,Marta Soto 193,cliente193@email.com,Sevilla,2021-08-02,organico,False
194,Pablo Díaz 194,cliente194@email.com,Bilbao,2021-08-05,referido,False
195,Sara Vega 195,cliente195@email.com,Madrid,2021-08-08,email,False
196,Ana García 196,cliente196@email.com,Barcelona,2021-08-11,google,True
197,Luis Martín 197,cliente197@email.com,Valencia,2021-08-14,facebook,False
198,Eva López 198,cliente198@email.com,Sevilla,2021-08-17,organico,False
199,Carlos Ruiz 199,cliente199@email.com,Bilbao,2021-08-20,referido,False
200,Marta Soto 200,cliente200@email.com,Madrid,2021-08-23,email,False
201,Pablo Díaz 201,cliente201@email.com,Barcelona,2021-08-26,google,False
202,Sara Vega 202,cliente202@email.com,Valencia,2021-08-29,facebook,False
203,Ana García 203,cliente203@email.com,Sevilla,2021-09-01,organico,True
204,Luis Martín 204,cliente204@email.com,Bilbao,2021-09-04,referido,False
205,Eva López 205,cliente205@email.com,Madrid,2021-09-07,email,False
206,Carlos Ruiz 206,cliente206@email.com,Barcelona,2021-09-10,google,False
207,Marta Soto 207,cliente207@email.com,Valencia,2021-09-13,facebook,False
208,Pablo Díaz 208,cliente208@email.com,Sevilla,2021-09-16,organico,False
209,Sara Vega 209,cliente209@email.com,Bilbao,2021-09-19,referido,False
210,Ana García 210,cliente210@email.com,Madrid,2021-09-22,email,True
211,Luis Martín 211,cliente211@email.com,Barcelona,2021-09-25,google,False
212,Eva López 212,cliente212@email.com,Valencia,2021-09-28,facebook,False
213,Carlos Ruiz 213,cliente213@email.com,Sevilla,2021-10-01,organico,False
214,Marta Soto 214,cliente214@email.com,Bilbao,2021-10-04,referido,False
215,Pablo Díaz 215,cliente215@email.com,Madrid,2021-10-07,email,False
216,Sara Vega 216,cliente216@email.com,Barcelona,2021-10-10,google,False
217,Ana García 217,cliente217@email.com,Valencia,2021-10-13,facebook,True
218,Luis Martín 218,cliente218@email.com,Sevilla,2021-10-16,organico,False
219,Eva López 219,cliente219@email.com,Bilbao,2021-10-19,referido,False
220,Carlos Ruiz 220,cliente220@email.com,Madrid,2021-10-22,email,False
221,Marta Soto 221,cliente221@email.com,Barcelona,2021-10-25,google,False
222,Pablo Díaz 222,cliente222@email.com,Valencia,2021-10-28,facebook,False
223,Sara Vega 223,cliente223@email.com,Sevilla,2021-10-31,organico,False
224,Ana García 224,cliente224@email.com,Bilbao,2021-11-03,referido,True
225,Luis Martín 225,cliente225@email.com,Madrid,2021-11-06,email,False
226,Eva López 226,cliente226@email.com,Barcelona,2021-11-09,google,False
227,Carlos Ruiz 227,cliente227@email.com,Valencia,2021-11-12,facebook,False
228,Marta Soto 228,cliente228@email.com,Sevilla,2021-11-15,organico,False
229,Pablo Díaz 229,cliente229@email.com,Bilbao,2021-11-18,referido,False
230,Sara Vega 230,cliente230@email.com,Madrid,2021-11-21,email,False
231,Ana García 231,cliente231@email.com,Barcelona,2021-11-24,google,True
232,Luis Martín 232,cliente232@email.com,Valencia,2021-11-27,facebook,False
233,Eva López 233,cliente233@email.com,Sevilla,2021-11-30,organico,False
234,Carlos Ruiz 234,cliente234@email.com,Bilbao,2021-12-03,referido,False
235,Marta Soto 235,cliente235@email.com,Madrid,2021-12-06,email,False
236,Pablo Díaz 236,cliente236@email.com,Barcelona,2021-12-09,google,False
237,Sara Vega 237,cliente237@email.com,Valencia,2021-12-12,facebook,False
238,Ana García 238,cliente238@email.com,Sevilla,2021-12-15,organico,True
239,Luis Martín 239,cliente239@email.com,Bilbao,2021-12-18,referido,False
240,Eva López 240,cliente240@email.com,Madrid,2021-12-21,email,False
241,Carlos Ruiz 241,cliente241@email.com,Barcelona,2021-12-24,google,False
242,Marta Soto 242,cliente242@email.com,Valencia,2021-12-27,facebook,False
243,Pablo Díaz 243,cliente243@email.com,Sevilla,2021-12-30,organico,False
244,Sara Vega 244,cliente244@email.com,Bilbao,2022-01-02,referido,False
245,Ana García 245,cliente245@email.com,Madrid,2022-01-05,email,True
246,Luis Martín 246,cliente246@email.com,Barcelona,2022-01-08,google,False
247,Eva López 247,cliente247@email.com,Valencia,2022-01-11,facebook,False
248,Carlos Ruiz 248,cliente248@email.com,Sevilla,2022-01-14,organico,False
249,Marta Soto 249,cliente249@email.com,Bilbao,2022-01-17,referido,False
250,Pablo Díaz 250,cliente250@email.com,Madrid,2022-01-20,email,False
251,Sara Vega 251,cliente251@email.com,Barcelona,2022-01-23,google,False
252,Ana García 252,cliente252@email.com,Valencia,2022-01-26,facebook,True
253,Luis Martín 253,cliente253@email.com,Sevilla,2022-01-29,organico,False
254,Eva López 254,cliente254@email.com,Bilbao,2022-02-01,referido,False
255,Carlos Ruiz 255,cliente255@email.com,Madrid,2022-02-04,email,False
256,Marta Soto 256,cliente256@email.com,Barcelona,2022-02-07,google,False
257,Pablo Díaz 257,cliente257@email.com,Valencia,2022-02-10,facebook,False
258,Sara Vega 258,cliente258@email.com,Sevilla,2022-02-13,organico,False
259,Ana García 259,cliente259@email.com,Bilbao,2022-02-16,referido,True
260,Luis Martín 260,cliente260@email.com,Madrid,2022-02-19,email,False
261,Eva López 261,cliente261@email.com,Barcelona,2022-02-22,google,False
262,Carlos Ruiz 262,cliente262@email.com,Valencia,2022-02-25,facebook,False
263,Marta Soto 263,cliente263@email.com,Sevilla,2022-02-28,organico,False
264,Pablo Díaz 264,cliente264@email.com,Bilbao,2022-03-03,referido,False
265,Sara Vega 265,cliente265@email.com,Madrid,2022-03-06,email,False
266,Ana García 266,cliente266@email.com,Barcelona,2022-03-09,google,True
267,Luis Martín 267,cliente267@email.com,Valencia,2022-03-12,facebook,False
268,Eva López 268,cliente268@email.com,Sevilla,2022-03-15,organico,False
269,Carlos Ruiz 269,cliente269@email.com,Bilbao,2022-03-18,referido,False
270,Marta Soto 270,cliente270@email.com,Madrid,2022-03-21,email,False
271,Pablo Díaz 271,cliente271@email.com,Barcelona,2022-03-24,google,False
272,Sara Vega 272,cliente272@email.com,Valencia,2022-03-27,facebook,False
273,Ana García 273,cliente273@email.com,Sevilla,2022-03-30,organico,True
274,Luis Martín 274,cliente274@email.com,Bilbao,2022-04-02,referido,False
275,Eva López 275,cliente275@email.com,Madrid,2022-04-05,email,False
276,Carlos Ruiz 276,cliente276@email.com,Barcelona,2022-04-08,google,False
277,Marta Soto 277,cliente277@email.com,Valencia,2022-04-11,facebook,False
278,Pablo Díaz 278,cliente278@email.com,Sevilla,2022-04-14,organico,False
279,Sara Vega 279,cliente279@email.com,Bilbao,2022-04-17,referido,False
280,Ana García 280,cliente280@email.com,Madrid,2022-04-20,email,True
281,Luis Martín 281,cliente281@email.com,Barcelona,2022-04-23,google,False
282,Eva López 282,cliente282@email.com,Valencia,2022-04-26,facebook,False
283,Carlos Ruiz 283,cliente283@email.com,Sevilla,2022-04-29,organico,False
284,Marta Soto 284,cliente284@email.com,Bilbao,2022-05-02,referido,False
285,Pablo Díaz 285,cliente285@email.com,Madrid,2022-05-05,email,False
286,Sara Vega 286,cliente286@email.com,Barcelona,2022-05-08,google,False
287,Ana García 287,cliente287@email.com,Valencia,2022-05-11,facebook,True
288,Luis Martín 288,cliente288@email.com,Sevilla,2022-05-14,organico,False
289,Eva López 289,cliente289@email.com,Bilbao,2022-05-17,referido,False
290,Carlos Ruiz 290,cliente290@email.com,Madrid,2022-05-20,email,False
291,Marta Soto 291,cliente291@email.com,Barcelona,2022-05-23,google,False
292,Pablo Díaz 292,cliente292@email.com,Valencia,2022-05-26,facebook,False
293,Sara Vega 293,cliente293@email.com,Sevilla,2022-05-29,organico,False
294,Ana García 294,cliente294@email.com,Bilbao,2022-06-01,referido,True
295,Luis Martín 295,cliente295@email.com,Madrid,2022-06-04,email,False
296,Eva López 296,cliente296@email.com,Barcelona,2022-06-07,google,False
297,Carlos Ruiz 297,cliente297@email.com,Valencia,2022-06-10,facebook,False
298,Marta Soto 298,cliente298@email.com,Sevilla,2022-06-13,organico,False
299,Pablo Díaz 299,cliente299@email.com,Bilbao,2022-06-16,referido,False
300,Sara Vega 300,cliente300@email.com,Madrid,2022-06-19,email,False
301,Ana García 301,cliente301@email.com,Barcelona,2022-06-22,google,True
302,Luis Martín 302,cliente302@email.com,Valencia,2022-06-25,facebook,False
303,Eva López 303,cliente303@email.com,Sevilla,2022-06-28,organico,False
304,Carlos Ruiz 304,cliente304@email.com,Bilbao,2022-07-01,referido,False
305,Marta Soto 305,cliente305@email.com,Madrid,2022-07-04,email,False
306,Pablo Díaz 306,cliente306@email.com,Barcelona,2022-07-07,google,False
307,Sara Vega 307,cliente307@email.com,Valencia,2022-07-10,facebook,False
308,Ana García 308,cliente308@email.com,Sevilla,2022-07-13,organico,True
309,Luis Martín 309,cliente309@email.com,Bilbao,2022-07-16,referido,False
310,Eva López 310,cliente310@email.com,Madrid,2022-07-19,email,False
311,Carlos Ruiz 311,cliente311@email.com,Barcelona,2022-07-22,google,False
312,Marta Soto 312,cliente312@email.com,Valencia,2022-07-25,facebook,False
313,Pablo Díaz 313,cliente313@email.com,Sevilla,2022-07-28,organico,False
314,Sara Vega 314,cliente314@email.com,Bilbao,2022-07-31,referido,False
315,Ana García 315,cliente315@email.com,Madrid,2022-08-03,email,True
316,Luis Martín 316,cliente316@email.com,Barcelona,2022-08-06,google,False
317,Eva López 317,cliente317@email.com,Valencia,2022-08-09,facebook,False
318,Carlos Ruiz 318,cliente318@email.com,Sevilla,2022-08-12,organico,False
319,Marta Soto 319,cliente319@email.com,Bilbao,2022-08-15,referido,False
320,Pablo Díaz 320,cliente320@email.com,Madrid,2022-08-18,email,False
321,Sara Vega 321,cliente321@email.com,Barcelona,2022-08-21,google,False
322,Ana García 322,cliente322@email.com,Valencia,2022-08-24,facebook,True
323,Luis Martín 323,cliente323@email.com,Sevilla,2022-08-27,organico,False
324,Eva López 324,cliente324@email.com,Bilbao,2022-08-30,referido,False
325,Carlos Ruiz 325,cliente325@email.com,Madrid,2022-09-02,email,False
326,Marta Soto 326,cliente326@email.com,Barcelona,2022-09-05,google,False
327,Pablo Díaz 327,cliente327@email.com,Valencia,2022-09-08,facebook,False
328,Sara Vega 328,cliente328@email.com,Sevilla,2022-09-11,organico,False
329,Ana García 329,cliente329@email.com,Bilbao,2022-09-14,referido,True
330,Luis Martín 330,cliente330@email.com,Madrid,2022-09-17,email,False
331,Eva López 331,cliente331@email.com,Barcelona,2022-09-20,google,False
332,Carlos Ruiz 332,cliente332@email.com,Valencia,2022-09-23,facebook,False
333,Marta Soto 333,cliente333@email.com,Sevilla,2022-09-26,organico,False
334,Pablo Díaz 334,cliente334@email.com,Bilbao,2022-09-29,referido,False
335,Sara Vega 335,cliente335@email.com,Madrid,2022-10-02,email,False
336,Ana García 336,cliente336@email.com,Barcelona,2022-10-05,google,True
337,Luis Martín 337,cliente337@email.com,Valencia,2022-10-08,facebook,False
338,Eva López 338,cliente338@email.com,Sevilla,2022-10-11,organico,False
339,Carlos Ruiz 339,cliente339@email.com,Bilbao,2022-10-14,referido,False
340,Marta Soto 340,cliente340@email.com,Madrid,2022-10-17,email,False
341,Pablo Díaz 341,cliente341@email.com,Barcelona,2022-10-20,google,False
342,Sara Vega 342,cliente342@email.com,Valencia,2022-10-23,facebook,False
343,Ana García 343,cliente343@email.com,Sevilla,2022-10-26,organico,True
344,Luis Martín 344,cliente344@email.com,Bilbao,2022-10-29,referido,False
345,Eva López 345,cliente345@email.com,Madrid,2022-11-01,email,False
346,Carlos Ruiz 346,cliente346@email.com,Barcelona,2022-11-04,google,False
347,Marta Soto 347,cliente347@email.com,Valencia,2022-11-07,facebook,False
348,Pablo Díaz 348,cliente348@email.com,Sevilla,2022-11-10,organico,False
349,Sara Vega 349,cliente349@email.com,Bilbao,2022-11-13,referido,False
350,Ana García 350,cliente350@email.com,Madrid,2022-11-16,email,True
351,Luis Martín 351,cliente351@email.com,Barcelona,2022-11-19,google,False
352,Eva López 352,cliente352@email.com,Valencia,2022-11-22,facebook,False
353,Carlos Ruiz 353,cliente353@email.com,Sevilla,2022-11-25,organico,False
354,Marta Soto 354,cliente354@email.com,Bilbao,2022-11-28,referido,False
355,Pablo Díaz 355,cliente355@email.com,Madrid,2022-12-01,email,False
356,Sara Vega 356,cliente356@email.com,Barcelona,2022-12-04,google,False
357,Ana García 357,cliente357@email.com,Valencia,2022-12-07,facebook,True
358,Luis Martín 358,cliente358@email.com,Sevilla,2022-12-10,organico,False
359,Eva López 359,cliente359@email.com,Bilbao,2022-12-13,referido,False
360,Carlos Ruiz 360,cliente360@email.com,Madrid,2022-12-16,email,False
361,Marta Soto 361,cliente361@email.com,Barcelona,2022-12-19,google,False
362,Pablo Díaz 362,cliente362@email.com,Valencia,2022-12-22,facebook,False
363,Sara Vega 363,cliente363@email.com,Sevilla,2022-12-25,organico,False
364,Ana García 364,cliente364@email.com,Bilbao,2022-12-28,referido,True
365,Luis Martín 365,cliente365@email.com,Madrid,2022-12-31,email,False
366,Eva López 366,cliente366@email.com,Barcelona,2023-01-03,google,False
367,Carlos Ruiz 367,cliente367@email.com,Valencia,2023-01-06,facebook,False
368,Marta Soto 368,cliente368@email.com,Sevilla,2023-01-09,organico,False
369,Pablo Díaz 369,cliente369@email.com,Bilbao,2023-01-12,referido,False
370,Sara Vega 370,cliente370@email.com,Madrid,2023-01-15,email,False
371,Ana García 371,cliente371@email.com,Barcelona,2023-01-18,google,True
372,Luis Martín 372,cliente372@email.com,Valencia,2023-01-21,facebook,False
373,Eva López 373,cliente373@email.com,Sevilla,2023-01-24,organico,False
374,Carlos Ruiz 374,cliente374@email.com,Bilbao,2023-01-27,referido,False
375,Marta Soto 375,cliente375@email.com,Madrid,2023-01-30,email,False
376,Pablo Díaz 376,cliente376@email.com,Barcelona,2023-02-02,google,False
377,Sara Vega 377,cliente377@email.com,Valencia,2023-02-05,facebook,False
378,Ana García 378,cliente378@email.com,Sevilla,2023-02-08,organico,True
379,Luis Martín 379,cliente379@email.com,Bilbao,2023-02-11,referido,False
380,Eva López 380,cliente380@email.com,Madrid,2023-02-14,email,False
381,Carlos Ruiz 381,cliente381@email.com,Barcelona,2023-02-17,google,False
382,Marta Soto 382,cliente382@email.com,Valencia,2023-02-20,facebook,False
383,Pablo Díaz 383,cliente383@email.com,Sevilla,2023-02-23,organico,False
384,Sara Vega 384,cliente384@email.com,Bilbao,2023-02-26,referido,False
385,Ana García 385,cliente385@email.com,Madrid,2023-03-01,email,True
386,Luis Martín 386,cliente386@email.com,Barcelona,2023-03-04,google,False
387,Eva López 387,cliente387@email.com,Valencia,2023-03-07,facebook,False
388,Carlos Ruiz 388,cliente388@email.com,Sevilla,2023-03-10,organico,False
389,Marta Soto 389,cliente389@email.com,Bilbao,2023-03-13,referido,False
390,Pablo Díaz 390,cliente390@email.com,Madrid,2023-03-16,email,False
391,Sara Vega 391,cliente391@email.com,Barcelona,2023-03-19,google,False
392,Ana García 392,cliente392@email.com,Valencia,2023-03-22,facebook,True
393,Luis Martín 393,cliente393@email.com,Sevilla,2023-03-25,organico,False
394,Eva López 394,cliente394@email.com,Bilbao,2023-03-28,referido,False
395,Carlos Ruiz 395,cliente395@email.com,Madrid,2023-03-31,email,False
396,Marta Soto 396,cliente396@email.com,Barcelona,2023-04-03,google,False
397,Pablo Díaz 397,cliente397@email.com,Valencia,2023-04-06,facebook,False
398,Sara Vega 398,cliente398@email.com,Sevilla,2023-04-09,organico,False
399,Ana García 399,cliente399@email.com,Bilbao,2023-04-12,referido,True
400,Luis Martín 400,cliente400@email.com,Madrid,2023-04-15,email,False
401,Eva López 401,cliente401@email.com,Barcelona,2023-04-18,google,False
402,Carlos Ruiz 402,cliente402@email.com,Valencia,2023-04-21,facebook,False
403,Marta Soto 403,cliente403@email.com,Sevilla,2023-04-24,organico,False
404,Pablo Díaz 404,cliente404@email.com,Bilbao,2023-04-27,referido,False
405,Sara Vega 405,cliente405@email.com,Madrid,2023-04-30,email,False
406,Ana García 406,cliente406@email.com,Barcelona,2023-05-03,google,True
407,Luis Martín 407,cliente407@email.com,Valencia,2023-05-06,facebook,False
408,Eva López 408,cliente408@email.com,Sevilla,2023-05-09,organico,False
409,Carlos Ruiz 409,cliente409@email.com,Bilbao,2023-05-12,referido,False
410,Marta Soto 410,cliente410@email.com,Madrid,2023-05-15,email,False
411,Pablo Díaz 411,cliente411@email.com,Barcelona,2023-05-18,google,False
412,Sara Vega 412,cliente412@email.com,Valencia,2023-05-21,facebook,False
413,Ana García 413,cliente413@email.com,Sevilla,2023-05-24,organico,True
414,Luis Martín 414,cliente414@email.com,Bilbao,2023-05-27,referido,False
415,Eva López 415,cliente415@email.com,Madrid,2023-05-30,email,False
416,Carlos Ruiz 416,cliente416@email.com,Barcelona,2023-06-02,google,False
417,Marta Soto 417,cliente417@email.com,Valencia,2023-06-05,facebook,False
418,Pablo Díaz 418,cliente418@email.com,Sevilla,2023-06-08,organico,False
419,Sara Vega 419,cliente419@email.com,Bilbao,2023-06-11,referido,False
420,Ana García 420,cliente420@email.com,Madrid,2023-06-14,email,True
421,Luis Martín 421,cliente421@email.com,Barcelona,2023-06-17,google,False
422,Eva López 422,cliente422@email.com,Valencia,2023-06-20,facebook,False
423,Carlos Ruiz 423,cliente423@email.com,Sevilla,2023-06-23,organico,False
424,Marta Soto 424,cliente424@email.com,Bilbao,2023-06-26,referido,False
425,Pablo Díaz 425,cliente425@email.com,Madrid,2023-06-29,email,False
426,Sara Vega 426,cliente426@email.com,Barcelona,2023-07-02,google,False
427,Ana García 427,cliente427@email.com,Valencia,2023-07-05,facebook,True
428,Luis Martín 428,cliente428@email.com,Sevilla,2023-07-08,organico,False
429,Eva López 429,cliente429@email.com,Bilbao,2023-07-11,referido,False
430,Carlos Ruiz 430,cliente430@email.com,Madrid,2023-07-14,email,False
431,Marta Soto 431,cliente431@email.com,Barcelona,2023-07-17,google,False
432,Pablo Díaz 432,cliente432@email.com,Valencia,2023-07-20,facebook,False
433,Sara Vega 433,cliente433@email.com,Sevilla,2023-07-23,organico,False
434,Ana García 434,cliente434@email.com,Bilbao,2023-07-26,referido,True
435,Luis Martín 435,cliente435@email.com,Madrid,2023-07-29,email,False
436,Eva López 436,cliente436@email.com,Barcelona,2023-08-01,google,False
437,Carlos Ruiz 437,cliente437@email.com,Valencia,2023-08-04,facebook,False
438,Marta Soto 438,cliente438@email.com,Sevilla,2023-08-07,organico,False
439,Pablo Díaz 439,cliente439@email.com,Bilbao,2023-08-10,referido,False
440,Sara Vega 440,cliente440@email.com,Madrid,2023-08-13,email,False
441,Ana García 441,cliente441@email.com,Barcelona,2023-08-16,google,True
442,Luis Martín 442,cliente442@email.com,Valencia,2023-08-19,facebook,False
443,Eva López 443,cliente443@email.com,Sevilla,2023-08-22,organico,False
444,Carlos Ruiz 444,cliente444@email.com,Bilbao,2023-08-25,referido,False
445,Marta Soto 445,cliente445@email.com,Madrid,2023-08-28,email,False
446,Pablo Díaz 446,cliente446@email.com,Barcelona,2023-08-31,google,False
447,Sara Vega 447,cliente447@email.com,Valencia,2023-09-03,facebook,False
448,Ana García 448,cliente448@email.com,Sevilla,2023-09-06,organico,True
449,Luis Martín 449,cliente449@email.com,Bilbao,2023-09-09,referido,False
450,Eva López 450,cliente450@email.com,Madrid,2023-09-12,email,False
451,Carlos Ruiz 451,cliente451@email.com,Barcelona,2023-09-15,google,False
452,Marta Soto 452,cliente452@email.com,Valencia,2023-09-18,facebook,False
453,Pablo Díaz 453,cliente453@email.com,Sevilla,2023-09-21,organico,False
454,Sara Vega 454,cliente454@email.com,Bilbao,2023-09-24,referido,False
455,Ana García 455,cliente455@email.com,Madrid,2023-09-27,email,True
456,Luis Martín 456,cliente456@email.com,Barcelona,2023-09-30,google,False
457,Eva López 457,cliente457@email.com,Valencia,2023-10-03,facebook,False
458,Carlos Ruiz 458,cliente458@email.com,Sevilla,2023-10-06,organico,False
459,Marta Soto 459,cliente459@email.com,Bilbao,2023-10-09,referido,False
460,Pablo Díaz 460,cliente460@email.com,Madrid,2023-10-12,email,False
461,Sara Vega 461,cliente461@email.com,Barcelona,2023-10-15,google,False
462,Ana García 462,cliente462@email.com,Valencia,2023-10-18,facebook,True
463,Luis Martín 463,cliente463@email.com,Sevilla,2023-10-21,organico,False
464,Eva López 464,cliente464@email.com,Bilbao,2023-10-24,referido,False
465,Carlos Ruiz 465,cliente465@email.com,Madrid,2023-10-27,email,False
466,Marta Soto 466,cliente466@email.com,Barcelona,2023-10-30,google,False
467,Pablo Díaz 467,cliente467@email.com,Valencia,2023-11-02,facebook,False
468,Sara Vega 468,cliente468@email.com,Sevilla,2023-11-05,organico,False
469,Ana García 469,cliente469@email.com,Bilbao,2023-11-08,referido,True
470,Luis Martín 470,cliente470@email.com,Madrid,2023-11-11,email,False
471,Eva López 471,cliente471@email.com,Barcelona,2023-11-14,google,False
472,Carlos Ruiz 472,cliente472@email.com,Valencia,2023-11-17,facebook,False
473,Marta Soto 473,cliente473@email.com,Sevilla,2023-11-20,organico,False
474,Pablo Díaz 474,cliente474@email.com,Bilbao,2023-11-23,referido,False
475,Sara Vega 475,cliente475@email.com,Madrid,2023-11-26,email,False
476,Ana García 476,cliente476@email.com,Barcelona,2023-11-29,google,True
477,Luis Martín 477,cliente477@email.com,Valencia,2023-12-02,facebook,False
478,Eva López 478,cliente478@email.com,Sevilla,2023-12-05,organico,False
479,Carlos Ruiz 479,cliente479@email.com,Bilbao,2023-12-08,referido,False
480,Marta Soto 480,cliente480@email.com,Madrid,2023-12-11,email,False
481,Pablo Díaz 481,cliente481@email.com,Barcelona,2023-12-14,google,False
482,Sara Vega 482,cliente482@email.com,Valencia,2023-12-17,facebook,False
483,Ana García 483,cliente483@email.com,Sevilla,2023-12-20,organico,True
484,Luis Martín 484,cliente484@email.com,Bilbao,2023-12-23,referido,False
485,Eva López 485,cliente485@email.com,Madrid,2023-12-26,email,False
486,Carlos Ruiz 486,cliente486@email.com,Barcelona,2023-12-29,google,False
487,Marta Soto 487,cliente487@email.com,Valencia,2024-01-01,facebook,False
488,Pablo Díaz 488,cliente488@email.com,Sevilla,2024-01-04,organico,False
489,Sara Vega 489,cliente489@email.com,Bilbao,2024-01-07,referido,False
490,Ana García 490,cliente490@email.com,Madrid,2024-01-10,email,True
491,Luis Martín 491,cliente491@email.com,Barcelona,2024-01-13,google,False
492,Eva López 492,cliente492@email.com,Valencia,2024-01-16,facebook,False
493,Carlos Ruiz 493,cliente493@email.com,Sevilla,2024-01-19,organico,False
494,Marta Soto 494,cliente494@email.com,Bilbao,2024-01-22,referido,False
495,Pablo Díaz 495,cliente495@email.com,Madrid,2024-01-25,email,False
496,Sara Vega 496,cliente496@email.com,Barcelona,2024-01-28,google,False
497,Ana García 497,cliente497@email.com,Valencia,2024-01-31,facebook,True
498,Luis Martín 498,cliente498@email.com,Sevilla,2024-02-03,organico,False
499,Eva López 499,cliente499@email.com,Bilbao,2024-02-06,referido,False
500,Carlos Ruiz 500,cliente500@email.com,Madrid,2024-02-09,email,False
501,Marta Soto 501,cliente501@email.com,Barcelona,2024-02-12,google,False
502,Pablo Díaz 502,cliente502@email.com,Valencia,2024-02-15,facebook,False
503,Sara Vega 503,cliente503@email.com,Sevilla,2024-02-18,organico,False
504,Ana García 504,cliente504@email.com,Bilbao,2024-02-21,referido,True
505,Luis Martín 505,cliente505@email.com,Madrid,2024-02-24,email,False
506,Eva López 506,cliente506@email.com,Barcelona,2024-02-27,google,False
507,Carlos Ruiz 507,cliente507@email.com,Valencia,2024-03-01,facebook,False
508,Marta Soto 508,cliente508@email.com,Sevilla,2024-03-04,organico,False
509,Pablo Díaz 509,cliente509@email.com,Bilbao,2024-03-07,referido,False
510,Sara Vega 510,cliente510@email.com,Madrid,2024-03-10,email,False
511,Ana García 511,cliente511@email.com,Barcelona,2024-03-13,google,True
512,Luis Martín 512,cliente512@email.com,Valencia,2024-03-16,facebook,False
513,Eva López 513,cliente513@email.com,Sevilla,2024-03-19,organico,False
514,Carlos Ruiz 514,cliente514@email.com,Bilbao,2024-03-22,referido,False
515,Marta Soto 515,cliente515@email.com,Madrid,2024-03-25,email,False
516,Pablo Díaz 516,cliente516@email.com,Barcelona,2024-03-28,google,False
517,Sara Vega 517,cliente517@email.com,Valencia,2024-03-31,facebook,False
518,Ana García 518,cliente518@email.com,Sevilla,2024-04-03,organico,True
519,Luis Martín 519,cliente519@email.com,Bilbao,2024-04-06,referido,False
520,Eva López 520,cliente520@email.com,Madrid,2024-04-09,email,False
521,Carlos Ruiz 521,cliente521@email.com,Barcelona,2024-04-12,google,False
522,Marta Soto 522,cliente522@email.com,Valencia,2024-04-15,facebook,False
523,Pablo Díaz 523,cliente523@email.com,Sevilla,2024-04-18,organico,False
524,Sara Vega 524,cliente524@email.com,Bilbao,2024-04-21,referido,False
525,Ana García 525,cliente525@email.com,Madrid,2024-04-24,email,True
526,Luis Martín 526,cliente526@email.com,Barcelona,2024-04-27,google,False
527,Eva López 527,cliente527@email.com,Valencia,2024-04-30,facebook,False
528,Carlos Ruiz 528,cliente528@email.com,Sevilla,2024-05-03,organico,False
529,Marta Soto 529,cliente529@email.com,Bilbao,2024-05-06,referido,False
530,Pablo Díaz 530,cliente530@email.com,Madrid,2024-05-09,email,False
531,Sara Vega 531,cliente531@email.com,Barcelona,2024-05-12,google,False
532,Ana García 532,cliente532@email.com,Valencia,2024-05-15,facebook,True
533,Luis Martín 533,cliente533@email.com,Sevilla,2024-05-18,organico,False
534,Eva López 534,cliente534@email.com,Bilbao,2024-05-21,referido,False
535,Carlos Ruiz 535,cliente535@email.com,Madrid,2024-05-24,email,False
536,Marta Soto 536,cliente536@email.com,Barcelona,2024-05-27,google,False
537,Pablo Díaz 537,cliente537@email.com,Valencia,2024-05-30,facebook,False
538,Sara Vega 538,cliente538@email.com,Sevilla,2024-06-02,organico,False
539,Ana García 539,cliente539@email.com,Bilbao,2024-06-05,referido,True
540,Luis Martín 540,cliente540@email.com,Madrid,2024-06-08,email,False
541,Eva López 541,cliente541@email.com,Barcelona,2024-06-11,google,False
542,Carlos Ruiz 542,cliente542@email.com,Valencia,2024-06-14,facebook,False
543,Marta Soto 543,cliente543@email.com,Sevilla,2024-06-17,organico,False
544,Pablo Díaz 544,cliente544@email.com,Bilbao,2024-06-20,referido,False
545,Sara Vega 545,cliente545@email.com,Madrid,2024-06-23,email,False
546,Ana García 546,cliente546@email.com,Barcelona,2024-06-26,google,True
547,Luis Martín 547,cliente547@email.com,Valencia,2024-06-29,facebook,False
548,Eva López 548,cliente548@email.com,Sevilla,2024-07-02,organico,False
549,Carlos Ruiz 549,cliente549@email.com,Bilbao,2024-07-05,referido,False
550,Marta Soto 550,cliente550@email.com,Madrid,2024-07-08,email,False
551,Pablo Díaz 551,cliente551@email.com,Barcelona,2024-07-11,google,False
552,Sara Vega 552,cliente552@email.com,Valencia,2024-07-14,facebook,False
553,Ana García 553,cliente553@email.com,Sevilla,2024-07-17,organico,True
554,Luis Martín 554,cliente554@email.com,Bilbao,2024-07-20,referido,False
555,Eva López 555,cliente555@email.com,Madrid,2024-07-23,email,False
556,Carlos Ruiz 556,cliente556@email.com,Barcelona,2024-07-26,google,False
557,Marta Soto 557,cliente557@email.com,Valencia,2024-07-29,facebook,False
558,Pablo Díaz 558,cliente558@email.com,Sevilla,2024-08-01,organico,False
559,Sara Vega 559,cliente559@email.com,Bilbao,2024-08-04,referido,False
560,Ana García 560,cliente560@email.com,Madrid,2024-08-07,email,True
561,Luis Martín 561,cliente561@email.com,Barcelona,2024-08-10,google,False
562,Eva López 562,cliente562@email.com,Valencia,2024-08-13,facebook,False
563,Carlos Ruiz 563,cliente563@email.com,Sevilla,2024-08-16,organico,False
564,Marta Soto 564,cliente564@email.com,Bilbao,2024-08-19,referido,False
565,Pablo Díaz 565,cliente565@email.com,Madrid,2024-08-22,email,False
566,Sara Vega 566,cliente566@email.com,Barcelona,2024-08-25,google,False
567,Ana García 567,cliente567@email.com,Valencia,2024-08-28,facebook,True
568,Luis Martín 568,cliente568@email.com,Sevilla,2024-08-31,organico,False
569,Eva López 569,cliente569@email.com,Bilbao,2024-09-03,referido,False
570,Carlos Ruiz 570,cliente570@email.com,Madrid,2024-09-06,email,False
571,Marta Soto 571,cliente571@email.com,Barcelona,2024-09-09,google,False
572,Pablo Díaz 572,cliente572@email.com,Valencia,2024-09-12,facebook,False
573,Sara Vega 573,cliente573@email.com,Sevilla,2024-09-15,organico,False
574,Ana García 574,cliente574@email.com,Bilbao,2024-09-18,referido,True
575,Luis Martín 575,cliente575@email.com,Madrid,2024-09-21,email,False
576,Eva López 576,cliente576@email.com,Barcelona,2024-09-24,google,False
577,Carlos Ruiz 577,cliente577@email.com,Valencia,2024-09-27,facebook,False
578,Marta Soto 578,cliente578@email.com,Sevilla,2024-09-30,organico,False
579,Pablo Díaz 579,cliente579@email.com,Bilbao,2024-10-03,referido,False
580,Sara Vega 580,cliente580@email.com,Madrid,2024-10-06,email,False
581,Ana García 581,cliente581@email.com,Barcelona,2024-10-09,google,True
582,Luis Martín 582,cliente582@email.com,Valencia,2024-10-12,facebook,False
583,Eva López 583,cliente583@email.com,Sevilla,2024-10-15,organico,False
584,Carlos Ruiz 584,cliente584@email.com,Bilbao,2024-10-18,referido,False
585,Marta Soto 585,cliente585@email.com,Madrid,2024-10-21,email,False
586,Pablo Díaz 586,cliente586@email.com,Barcelona,2024-10-24,google,False
587,Sara Vega 587,cliente587@email.com,Valencia,2024-10-27,facebook,False
588,Ana García 588,cliente588@email.com,Sevilla,2024-10-30,organico,True
589,Luis Martín 589,cliente589@email.com,Bilbao,2024-11-02,referido,False
590,Eva López 590,cliente590@email.com,Madrid,2024-11-05,email,False
591,Carlos Ruiz 591,cliente591@email.com,Barcelona,2024-11-08,google,False
592,Marta Soto 592,cliente592@email.com,Valencia,2024-11-11,facebook,False
593,Pablo Díaz 593,cliente593@email.com,Sevilla,2024-11-14,organico,False
594,Sara Vega 594,cliente594@email.com,Bilbao,2024-11-17,referido,False
595,Ana García 595,cliente595@email.com,Madrid,2024-11-20,email,True
596,Luis Martín 596,cliente596@email.com,Barcelona,2024-11-23,google,False
597,Eva López 597,cliente597@email.com,Valencia,2024-11-26,facebook,False
598,Carlos Ruiz 598,cliente598@email.com,Sevilla,2024-11-29,organico,False
599,Marta Soto 599,cliente599@email.com,Bilbao,2024-12-02,referido,False
600,Pablo Díaz 600,cliente600@email.com,Madrid,2024-12-05,email,False
601,Sara Vega 601,cliente601@email.com,Barcelona,2024-12-08,google,False
602,Ana García 602,cliente602@email.com,Valencia,2024-12-11,facebook,True
603,Luis Martín 603,cliente603@email.com,Sevilla,2024-12-14,organico,False
604,Eva López 604,cliente604@email.com,Bilbao,2024-12-17,referido,False
605,Carlos Ruiz 605,cliente605@email.com,Madrid,2024-12-20,email,False
606,Marta Soto 606,cliente606@email.com,Barcelona,2024-12-23,google,False
607,Pablo Díaz 607,cliente607@email.com,Valencia,2024-12-26,facebook,False
608,Sara Vega 608,cliente608@email.com,Sevilla,2024-12-29,organico,False
609,Ana García 609,cliente609@email.com,Bilbao,2025-01-01,referido,True
610,Luis Martín 610,cliente610@email.com,Madrid,2025-01-04,email,False
611,Eva López 611,cliente611@email.com,Barcelona,2025-01-07,google,False
612,Carlos Ruiz 612,cliente612@email.com,Valencia,2025-01-10,facebook,False
613,Marta Soto 613,cliente613@email.com,Sevilla,2025-01-13,organico,False
614,Pablo Díaz 614,cliente614@email.com,Bilbao,2025-01-16,referido,False
615,Sara Vega 615,cliente615@email.com,Madrid,2025-01-19,email,False
616,Ana García 616,cliente616@email.com,Barcelona,2025-01-22,google,True
617,Luis Martín 617,cliente617@email.com,Valencia,2025-01-25,facebook,False
618,Eva López 618,cliente618@email.com,Sevilla,2025-01-28,organico,False
619,Carlos Ruiz 619,cliente619@email.com,Bilbao,2025-01-31,referido,False
620,Marta Soto 620,cliente620@email.com,Madrid,2025-02-03,email,False
621,Pablo Díaz 621,cliente621@email.com,Barcelona,2025-02-06,google,False
622,Sara Vega 622,cliente622@email.com,Valencia,2025-02-09,facebook,False
623,Ana García 623,cliente623@email.com,Sevilla,2025-02-12,organico,True
624,Luis Martín 624,cliente624@email.com,Bilbao,2025-02-15,referido,False
625,Eva López 625,cliente625@email.com,Madrid,2025-02-18,email,False
626,Carlos Ruiz 626,cliente626@email.com,Barcelona,2025-02-21,google,False
627,Marta Soto 627,cliente627@email.com,Valencia,2025-02-24,facebook,False
628,Pablo Díaz 628,cliente628@email.com,Sevilla,2025-02-27,organico,False
629,Sara Vega 629,cliente629@email.com,Bilbao,2025-03-02,referido,False
630,Ana García 630,cliente630@email.com,Madrid,2025-03-05,email,True
631,Luis Martín 631,cliente631@email.com,Barcelona,2025-03-08,google,False
632,Eva López 632,cliente632@email.com,Valencia,2025-03-11,facebook,False
633,Carlos Ruiz 633,cliente633@email.com,Sevilla,2025-03-14,organico,False
634,Marta Soto 634,cliente634@email.com,Bilbao,2025-03-17,referido,False
635,Pablo Díaz 635,cliente635@email.com,Madrid,2025-03-20,email,False
636,Sara Vega 636,cliente636@email.com,Barcelona,2025-03-23,google,False
637,Ana García 637,cliente637@email.com,Valencia,2025-03-26,facebook,True
638,Luis Martín 638,cliente638@email.com,Sevilla,2025-03-29,organico,False
639,Eva López 639,cliente639@email.com,Bilbao,2025-04-01,referido,False
640,Carlos Ruiz 640,cliente640@email.com,Madrid,2025-04-04,email,False
641,Marta Soto 641,cliente641@email.com,Barcelona,2025-04-07,google,False
642,Pablo Díaz 642,cliente642@email.com,Valencia,2025-04-10,facebook,False
643,Sara Vega 643,cliente643@email.com,Sevilla,2025-04-13,organico,False
644,Ana García 644,cliente644@email.com,Bilbao,2025-04-16,referido,True
645,Luis Martín 645,cliente645@email.com,Madrid,2025-04-19,email,False
646,Eva López 646,cliente646@email.com,Barcelona,2025-04-22,google,False
647,Carlos Ruiz 647,cliente647@email.com,Valencia,2025-04-25,facebook,False
648,Marta Soto 648,cliente648@email.com,Sevilla,2025-04-28,organico,False
649,Pablo Díaz 649,cliente649@email.com,Bilbao,2025-05-01,referido,False
650,Sara Vega 650,cliente650@email.com,Madrid,2025-05-04,email,False
651,Ana García 651,cliente651@email.com,Barcelona,2025-05-07,google,True
652,Luis Martín 652,cliente652@email.com,Valencia,2025-05-10,facebook,False
653,Eva López 653,cliente653@email.com,Sevilla,2025-05-13,organico,False
654,Carlos Ruiz 654,cliente654@email.com,Bilbao,2025-05-16,referido,False
655,Marta Soto 655,cliente655@email.com,Madrid,2025-05-19,email,False
656,Pablo Díaz 656,cliente656@email.com,Barcelona,2025-05-22,google,False
657,Sara Vega 657,cliente657@email.com,Valencia,2025-05-25,facebook,False
658,Ana García 658,cliente658@email.com,Sevilla,2025-05-28,organico,True
659,Luis Martín 659,cliente659@email.com,Bilbao,2025-05-31,referido,False
660,Eva López 660,cliente660@email.com,Madrid,2025-06-03,email,False
661,Carlos Ruiz 661,cliente661@email.com,Barcelona,2025-06-06,google,False
662,Marta Soto 662,cliente662@email.com,Valencia,2025-06-09,facebook,False
663,Pablo Díaz 663,cliente663@email.com,Sevilla,2025-06-12,organico,False
664,Sara Vega 664,cliente664@email.com,Bilbao,2025-06-15,referido,False
665,Ana García 665,cliente665@email.com,Madrid,2025-06-18,email,True
666,Luis Martín 666,cliente666@email.com,Barcelona,2025-06-21,google,False
667,Eva López 667,cliente667@email.com,Valencia,2025-06-24,facebook,False
668,Carlos Ruiz 668,cliente668@email.com,Sevilla,2025-06-27,organico,False
669,Marta Soto 669,cliente669@email.com,Bilbao,2025-06-30,referido,False
670,Pablo Díaz 670,cliente670@email.com,Madrid,2025-07-03,email,False
671,Sara Vega 671,cliente671@email.com,Barcelona,2025-07-06,google,False
672,Ana García 672,cliente672@email.com,Valencia,2025-07-09,facebook,True
673,Luis Martín 673,cliente673@email.com,Sevilla,2025-07-12,organico,False
674,Eva López 674,cliente674@email.com,Bilbao,2025-07-15,referido,False
675,Carlos Ruiz 675,cliente675@email.com,Madrid,2025-07-18,email,False
676,Marta Soto 676,cliente676@email.com,Barcelona,2025-07-21,google,False
677,Pablo Díaz 677,cliente677@email.com,Valencia,2025-07-24,facebook,False
678,Sara Vega 678,cliente678@email.com,Sevilla,2025-07-27,organico,False
679,Ana García 679,cliente679@email.com,Bilbao,2025-07-30,referido,True
680,Luis Martín 680,cliente680@email.com,Madrid,2025-08-02,email,False
681,Eva López 681,cliente681@email.com,Barcelona,2025-08-05,google,False
682,Carlos Ruiz 682,cliente682@email.com,Valencia,2025-08-08,facebook,False
683,Marta Soto 683,cliente683@email.com,Sevilla,2025-08-11,organico,False
684,Pablo Díaz 684,cliente684@email.com,Bilbao,2025-08-14,referido,False
685,Sara Vega 685,cliente685@email.com,Madrid,2025-08-17,email,False
686,Ana García 686,cliente686@email.com,Barcelona,2025-08-20,google,True
687,Luis Martín 687,cliente687@email.com,Valencia,2025-08-23,facebook,False
688,Eva López 688,cliente688@email.com,Sevilla,2025-08-26,organico,False
689,Carlos Ruiz 689,cliente689@email.com,Bilbao,2025-08-29,referido,False
690,Marta Soto 690,cliente690@email.com,Madrid,2025-09-01,email,False
691,Pablo Díaz 691,cliente691@email.com,Barcelona,2025-09-04,google,False
692,Sara Vega 692,cliente692@email.com,Valencia,2025-09-07,facebook,False
693,Ana García 693,cliente693@email.com,Sevilla,2025-09-10,organico,True
694,Luis Martín 694,cliente694@email.com,Bilbao,2025-09-13,referido,False
695,Eva López 695,cliente695@email.com,Madrid,2025-09-16,email,False
696,Carlos Ruiz 696,cliente696@email.com,Barcelona,2025-09-19,google,False
697,Marta Soto 697,cliente697@email.com,Valencia,2025-09-22,facebook,False
698,Pablo Díaz 698,cliente698@email.com,Sevilla,2025-09-25,organico,False
699,Sara Vega 699,cliente699@email.com,Bilbao,2025-09-28,referido,False
700,Ana García 700,cliente700@email.com,Madrid,2025-10-01,email,True
701,Luis Martín 701,cliente701@email.com,Barcelona,2025-10-04,google,False
702,Eva López 702,cliente702@email.com,Valencia,2025-10-07,facebook,False
703,Carlos Ruiz 703,cliente703@email.com,Sevilla,2025-10-10,organico,False
704,Marta Soto 704,cliente704@email.com,Bilbao,2025-10-13,referido,False
705,Pablo Díaz 705,cliente705@email.com,Madrid,2025-10-16,email,False
706,Sara Vega 706,cliente706@email.com,Barcelona,2025-10-19,google,False
707,Ana García 707,cliente707@email.com,Valencia,2025-10-22,facebook,True
708,Luis Martín 708,cliente708@email.com,Sevilla,2025-10-25,organico,False
709,Eva López 709,cliente709@email.com,Bilbao,2025-10-28,referido,False
710,Carlos Ruiz 710,cliente710@email.com,Madrid,2025-10-31,email,False
711,Marta Soto 711,cliente711@email.com,Barcelona,2025-11-03,google,False
712,Pablo Díaz 712,cliente712@email.com,Valencia,2025-11-06,facebook,False
713,Sara Vega 713,cliente713@email.com,Sevilla,2025-11-09,organico,False
714,Ana García 714,cliente714@email.com,Bilbao,2025-11-12,referido,True
715,Luis Martín 715,cliente715@email.com,Madrid,2025-11-15,email,False
716,Eva López 716,cliente716@email.com,Barcelona,2025-11-18,google,False
717,Carlos Ruiz 717,cliente717@email.com,Valencia,2025-11-21,facebook,False
718,Marta Soto 718,cliente718@email.com,Sevilla,2025-11-24,organico,False
719,Pablo Díaz 719,cliente719@email.com,Bilbao,2025-11-27,referido,False
720,Sara Vega 720,cliente720@email.com,Madrid,2025-11-30,email,False
721,Ana García 721,cliente721@email.com,Barcelona,2025-12-03,google,True
722,Luis Martín 722,cliente722@email.com,Valencia,2025-12-06,facebook,False
723,Eva López 723,cliente723@email.com,Sevilla,2025-12-09,organico,False
724,Carlos Ruiz 724,cliente724@email.com,Bilbao,2025-12-12,referido,False
725,Marta Soto 725,cliente725@email.com,Madrid,2025-12-15,email,False
726,Pablo Díaz 726,cliente726@email.com,Barcelona,2025-12-18,google,False
727,Sara Vega 727,cliente727@email.com,Valencia,2025-12-21,facebook,False
728,Ana García 728,cliente728@email.com,Sevilla,2025-12-24,organico,True
729,Luis Martín 729,cliente729@email.com,Bilbao,2025-12-27,referido,False
730,Eva López 730,cliente730@email.com,Madrid,2025-12-30,email,False
731,Carlos Ruiz 731,cliente731@email.com,Barcelona,2026-01-02,google,False
732,Marta Soto 732,cliente732@email.com,Valencia,2026-01-05,facebook,False
733,Pablo Díaz 733,cliente733@email.com,Sevilla,2026-01-08,organico,False
734,Sara Vega 734,cliente734@email.com,Bilbao,2026-01-11,referido,False
735,Ana García 735,cliente735@email.com,Madrid,2026-01-14,email,True
736,Luis Martín 736,cliente736@email.com,Barcelona,2026-01-17,google,False
737,Eva López 737,cliente737@email.com,Valencia,2026-01-20,facebook,False
738,Carlos Ruiz 738,cliente738@email.com,Sevilla,2026-01-23,organico,False
739,Marta Soto 739,cliente739@email.com,Bilbao,2026-01-26,referido,False
740,Pablo Díaz 740,cliente740@email.com,Madrid,2026-01-29,email,False
741,Sara Vega 741,cliente741@email.com,Barcelona,2026-02-01,google,False
742,Ana García 742,cliente742@email.com,Valencia,2026-02-04,facebook,True
743,Luis Martín 743,cliente743@email.com,Sevilla,2026-02-07,organico,False
744,Eva López 744,cliente744@email.com,Bilbao,2026-02-10,referido,False
745,Carlos Ruiz 745,cliente745@email.com,Madrid,2026-02-13,email,False
746,Marta Soto 746,cliente746@email.com,Barcelona,2026-02-16,google,False
747,Pablo Díaz 747,cliente747@email.com,Valencia,2026-02-19,facebook,False
748,Sara Vega 748,cliente748@email.com,Sevilla,2026-02-22,organico,False
749,Ana García 749,cliente749@email.com,Bilbao,2026-02-25,referido,True
750,Luis Martín 750,cliente750@email.com,Madrid,2026-02-28,email,False
751,Eva López 751,cliente751@email.com,Barcelona,2026-03-03,google,False
752,Carlos Ruiz 752,cliente752@email.com,Valencia,2026-03-06,facebook,False
753,Marta Soto 753,cliente753@email.com,Sevilla,2026-03-09,organico,False
754,Pablo Díaz 754,cliente754@email.com,Bilbao,2026-03-12,referido,False
755,Sara Vega 755,cliente755@email.com,Madrid,2026-03-15,email,False
756,Ana García 756,cliente756@email.com,Barcelona,2026-03-18,google,True
757,Luis Martín 757,cliente757@email.com,Valencia,2026-03-21,facebook,False
758,Eva López 758,cliente758@email.com,Sevilla,2026-03-24,organico,False
759,Carlos Ruiz 759,cliente759@email.com,Bilbao,2026-03-27,referido,False
760,Marta Soto 760,cliente760@email.com,Madrid,2026-03-30,email,False
761,Pablo Díaz 761,cliente761@email.com,Barcelona,2026-04-02,google,False
762,Sara Vega 762,cliente762@email.com,Valencia,2026-04-05,facebook,False
763,Ana García 763,cliente763@email.com,Sevilla,2026-04-08,organico,True
764,Luis Martín 764,cliente764@email.com,Bilbao,2026-04-11,referido,False
765,Eva López 765,cliente765@email.com,Madrid,2026-04-14,email,False
766,Carlos Ruiz 766,cliente766@email.com,Barcelona,2026-04-17,google,False
767,Marta Soto 767,cliente767@email.com,Valencia,2026-04-20,facebook,False
768,Pablo Díaz 768,cliente768@email.com,Sevilla,2026-04-23,organico,False
769,Sara Vega 769,cliente769@email.com,Bilbao,2026-04-26,referido,False
770,Ana García 770,cliente770@email.com,Madrid,2026-04-29,email,True
771,Luis Martín 771,cliente771@email.com,Barcelona,2026-05-02,google,False
772,Eva López 772,cliente772@email.com,Valencia,2026-05-05,facebook,False
773,Carlos Ruiz 773,cliente773@email.com,Sevilla,2026-05-08,organico,False
774,Marta Soto 774,cliente774@email.com,Bilbao,2026-05-11,referido,False
775,Pablo Díaz 775,cliente775@email.com,Madrid,2026-05-14,email,False
776,Sara Vega 776,cliente776@email.com,Barcelona,2026-05-17,google,False
777,Ana García 777,cliente777@email.com,Valencia,2026-05-20,facebook,True
778,Luis Martín 778,cliente778@email.com,Sevilla,2026-05-23,organico,False
779,Eva López 779,cliente779@email.com,Bilbao,2026-05-26,referido,False
780,Carlos Ruiz 780,cliente780@email.com,Madrid,2026-05-29,email,False
781,Marta Soto 781,cliente781@email.com,Barcelona,2026-06-01,google,False
782,Pablo Díaz 782,cliente782@email.com,Valencia,2026-06-04,facebook,False
783,Sara Vega 783,cliente783@email.com,Sevilla,2026-06-07,organico,False
784,Ana García 784,cliente784@email.com,Bilbao,2026-06-10,referido,True
785,Luis Martín 785,cliente785@email.com,Madrid,2026-06-13,email,False
786,Eva López 786,cliente786@email.com,Barcelona,2026-06-16,google,False
787,Carlos Ruiz 787,cliente787@email.com,Valencia,2026-06-19,facebook,False
788,Marta Soto 788,cliente788@email.com,Sevilla,2026-06-22,organico,False
789,Pablo Díaz 789,cliente789@email.com,Bilbao,2026-06-25,referido,False
790,Sara Vega 790,cliente790@email.com,Madrid,2026-06-28,email,False
791,Ana García 791,cliente791@email.com,Barcelona,2026-07-01,google,True
792,Luis Martín 792,cliente792@email.com,Valencia,2026-07-04,facebook,False
793,Eva López 793,cliente793@email.com,Sevilla,2026-07-07,organico,False
794,Carlos Ruiz 794,cliente794@email.com,Bilbao,2026-07-10,referido,False
795,Marta Soto 795,cliente795@email.com,Madrid,2026-07-13,email,False
796,Pablo Díaz 796,cliente796@email.com,Barcelona,2026-07-16,google,False
797,Sara Vega 797,cliente797@email.com,Valencia,2026-07-19,facebook,False
798,Ana García 798,cliente798@email.com,Sevilla,2026-07-22,organico,True
799,Luis Martín 799,cliente799@email.com,Bilbao,2026-07-25,referido,False
800,Eva López 800,cliente800@email.com,Madrid,2026-07-28,email,False
801,Carlos Ruiz 801,cliente801@email.com,Barcelona,2026-07-31,google,False
802,Marta Soto 802,cliente802@email.com,Valencia,2026-08-03,facebook,False
803,Pablo Díaz 803,cliente803@email.com,Sevilla,2026-08-06,organico,False
804,Sara Vega 804,cliente804@email.com,Bilbao,2026-08-09,referido,False
805,Ana García 805,cliente805@email.com,Madrid,2026-08-12,email,True
806,Luis Martín 806,cliente806@email.com,Barcelona,2026-08-15,google,False
807,Eva López 807,cliente807@email.com,Valencia,2026-08-18,facebook,False
808,Carlos Ruiz 808,cliente808@email.com,Sevilla,2026-08-21,organico,False
809,Marta Soto 809,cliente809@email.com,Bilbao,2026-08-24,referido,False
810,Pablo Díaz 810,cliente810@email.com,Madrid,2026-08-27,email,False
811,Sara Vega 811,cliente811@email.com,Barcelona,2026-08-30,google,False
812,Ana García 812,cliente812@email.com,Valencia,2026-09-02,facebook,True
813,Luis Martín 813,cliente813@email.com,Sevilla,2026-09-05,organico,False
814,Eva López 814,cliente814@email.com,Bilbao,2026-09-08,referido,False
815,Carlos Ruiz 815,cliente815@email.com,Madrid,2026-09-11,email,False
816,Marta Soto 816,cliente816@email.com,Barcelona,2026-09-14,google,False
817,Pablo Díaz 817,cliente817@email.com,Valencia,2026-09-17,facebook,False
818,Sara Vega 818,cliente818@email.com,Sevilla,2026-09-20,organico,False
819,Ana García 819,cliente819@email.com,Bilbao,2026-09-23,referido,True
820,Luis Martín 820,cliente820@email.com,Madrid,2026-09-26,email,False
821,Eva López 821,cliente821@email.com,Barcelona,2026-09-29,google,False
822,Carlos Ruiz 822,cliente822@email.com,Valencia,2026-10-02,facebook,False
823,Marta Soto 823,cliente823@email.com,Sevilla,2026-10-05,organico,False
824,Pablo Díaz 824,cliente824@email.com,Bilbao,2026-10-08,referido,False
825,Sara Vega 825,cliente825@email.com,Madrid,2026-10-11,email,False
826,Ana García 826,cliente826@email.com,Barcelona,2026-10-14,google,True
827,Luis Martín 827,cliente827@email.com,Valencia,2026-10-17,facebook,False
828,Eva López 828,cliente828@email.com,Sevilla,2026-10-20,organico,False
829,Carlos Ruiz 829,cliente829@email.com,Bilbao,2026-10-23,referido,False
830,Marta Soto 830,cliente830@email.com,Madrid,2026-10-26,email,False
831,Pablo Díaz 831,cliente831@email.com,Barcelona,2026-10-29,google,False
832,Sara Vega 832,cliente832@email.com,Valencia,2026-11-01,facebook,False
833,Ana García 833,cliente833@email.com,Sevilla,2026-11-04,organico,True
834,Luis Martín 834,cliente834@email.com,Bilbao,2026-11-07,referido,False
835,Eva López 835,cliente835@email.com,Madrid,2026-11-10,email,False
836,Carlos Ruiz 836,cliente836@email.com,Barcelona,2026-11-13,google,False
837,Marta Soto 837,cliente837@email.com,Valencia,2026-11-16,facebook,False
838,Pablo Díaz 838,cliente838@email.com,Sevilla,2026-11-19,organico,False
839,Sara Vega 839,cliente839@email.com,Bilbao,2026-11-22,referido,False
840,Ana García 840,cliente840@email.com,Madrid,2026-11-25,email,True
841,Luis Martín 841,cliente841@email.com,Barcelona,2026-11-28,google,False
842,Eva López 842,cliente842@email.com,Valencia,2026-12-01,facebook,False
843,Carlos Ruiz 843,cliente843@email.com,Sevilla,2026-12-04,organico,False
844,Marta Soto 844,cliente844@email.com,Bilbao,2026-12-07,referido,False
845,Pablo Díaz 845,cliente845@email.com,Madrid,2026-12-10,email,False
846,Sara Vega 846,cliente846@email.com,Barcelona,2026-12-13,google,False
847,Ana García 847,cliente847@email.com,Valencia,2026-12-16,facebook,True
848,Luis Martín 848,cliente848@email.com,Sevilla,2026-12-19,organico,False
849,Eva López 849,cliente849@email.com,Bilbao,2026-12-22,referido,False
850,Carlos Ruiz 850,cliente850@email.com,Madrid,2026-12-25,email,False
851,Marta Soto 851,cliente851@email.com,Barcelona,2026-12-28,google,False
852,Pablo Díaz 852,cliente852@email.com,Valencia,2026-12-31,facebook,False
853,Sara Vega 853,cliente853@email.com,Sevilla,2027-01-03,organico,False
854,Ana García 854,cliente854@email.com,Bilbao,2027-01-06,referido,True
855,Luis Martín 855,cliente855@email.com,Madrid,2027-01-09,email,False
856,Eva López 856,cliente856@email.com,Barcelona,2027-01-12,google,False
857,Carlos Ruiz 857,cliente857@email.com,Valencia,2027-01-15,facebook,False
858,Marta Soto 858,cliente858@email.com,Sevilla,2027-01-18,organico,False
859,Pablo Díaz 859,cliente859@email.com,Bilbao,2027-01-21,referido,False
860,Sara Vega 860,cliente860@email.com,Madrid,2027-01-24,email,False
861,Ana García 861,cliente861@email.com,Barcelona,2027-01-27,google,True
862,Luis Martín 862,cliente862@email.com,Valencia,2027-01-30,facebook,False
863,Eva López 863,cliente863@email.com,Sevilla,2027-02-02,organico,False
864,Carlos Ruiz 864,cliente864@email.com,Bilbao,2027-02-05,referido,False
865,Marta Soto 865,cliente865@email.com,Madrid,2027-02-08,email,False
866,Pablo Díaz 866,cliente866@email.com,Barcelona,2027-02-11,google,False
867,Sara Vega 867,cliente867@email.com,Valencia,2027-02-14,facebook,False
868,Ana García 868,cliente868@email.com,Sevilla,2027-02-17,organico,True
869,Luis Martín 869,cliente869@email.com,Bilbao,2027-02-20,referido,False
870,Eva López 870,cliente870@email.com,Madrid,2027-02-23,email,False
871,Carlos Ruiz 871,cliente871@email.com,Barcelona,2027-02-26,google,False
872,Marta Soto 872,cliente872@email.com,Valencia,2027-03-01,facebook,False
873,Pablo Díaz 873,cliente873@email.com,Sevilla,2027-03-04,organico,False
874,Sara Vega 874,cliente874@email.com,Bilbao,2027-03-07,referido,False
875,Ana García 875,cliente875@email.com,Madrid,2027-03-10,email,True
876,Luis Martín 876,cliente876@email.com,Barcelona,2027-03-13,google,False
877,Eva López 877,cliente877@email.com,Valencia,2027-03-16,facebook,False
878,Carlos Ruiz 878,cliente878@email.com,Sevilla,2027-03-19,organico,False
879,Marta Soto 879,cliente879@email.com,Bilbao,2027-03-22,referido,False
880,Pablo Díaz 880,cliente880@email.com,Madrid,2027-03-25,email,False
881,Sara Vega 881,cliente881@email.com,Barcelona,2027-03-28,google,False
882,Ana García 882,cliente882@email.com,Valencia,2027-03-31,facebook,True
883,Luis Martín 883,cliente883@email.com,Sevilla,2027-04-03,organico,False
884,Eva López 884,cliente884@email.com,Bilbao,2027-04-06,referido,False
885,Carlos Ruiz 885,cliente885@email.com,Madrid,2027-04-09,email,False
886,Marta Soto 886,cliente886@email.com,Barcelona,2027-04-12,google,False
887,Pablo Díaz 887,cliente887@email.com,Valencia,2027-04-15,facebook,False
888,Sara Vega 888,cliente888@email.com,Sevilla,2027-04-18,organico,False
889,Ana García 889,cliente889@email.com,Bilbao,2027-04-21,referido,True
890,Luis Martín 890,cliente890@email.com,Madrid,2027-04-24,email,False
891,Eva López 891,cliente891@email.com,Barcelona,2027-04-27,google,False
892,Carlos Ruiz 892,cliente892@email.com,Valencia,2027-04-30,facebook,False
893,Marta Soto 893,cliente893@email.com,Sevilla,2027-05-03,organico,False
894,Pablo Díaz 894,cliente894@email.com,Bilbao,2027-05-06,referido,False
895,Sara Vega 895,cliente895@email.com,Madrid,2027-05-09,email,False
896,Ana García 896,cliente896@email.com,Barcelona,2027-05-12,google,True
897,Luis Martín 897,cliente897@email.com,Valencia,2027-05-15,facebook,False
898,Eva López 898,cliente898@email.com,Sevilla,2027-05-18,organico,False
899,Carlos Ruiz 899,cliente899@email.com,Bilbao,2027-05-21,referido,False
900,Marta Soto 900,cliente900@email.com,Madrid,2027-05-24,email,False
901,Pablo Díaz 901,cliente901@email.com,Barcelona,2027-05-27,google,False
902,Sara Vega 902,cliente902@email.com,Valencia,2027-05-30,facebook,False
903,Ana García 903,cliente903@email.com,Sevilla,2027-06-02,organico,True
904,Luis Martín 904,cliente904@email.com,Bilbao,2027-06-05,referido,False
905,Eva López 905,cliente905@email.com,Madrid,2027-06-08,email,False
906,Carlos Ruiz 906,cliente906@email.com,Barcelona,2027-06-11,google,False
907,Marta Soto 907,cliente907@email.com,Valencia,2027-06-14,facebook,False
908,Pablo Díaz 908,cliente908@email.com,Sevilla,2027-06-17,organico,False
909,Sara Vega 909,cliente909@email.com,Bilbao,2027-06-20,referido,False
910,Ana García 910,cliente910@email.com,Madrid,2027-06-23,email,True
911,Luis Martín 911,cliente911@email.com,Barcelona,2027-06-26,google,False
912,Eva López 912,cliente912@email.com,Valencia,2027-06-29,facebook,False
913,Carlos Ruiz 913,cliente913@email.com,Sevilla,2027-07-02,organico,False
914,Marta Soto 914,cliente914@email.com,Bilbao,2027-07-05,referido,False
915,Pablo Díaz 915,cliente915@email.com,Madrid,2027-07-08,email,False
916,Sara Vega 916,cliente916@email.com,Barcelona,2027-07-11,google,False
917,Ana García 917,cliente917@email.com,Valencia,2027-07-14,facebook,True
918,Luis Martín 918,cliente918@email.com,Sevilla,2027-07-17,organico,False
919,Eva López 919,cliente919@email.com,Bilbao,2027-07-20,referido,False
920,Carlos Ruiz 920,cliente920@email.com,Madrid,2027-07-23,email,False
921,Marta Soto 921,cliente921@email.com,Barcelona,2027-07-26,google,False
922,Pablo Díaz 922,cliente922@email.com,Valencia,2027-07-29,facebook,False
923,Sara Vega 923,cliente923@email.com,Sevilla,2027-08-01,organico,False
924,Ana García 924,cliente924@email.com,Bilbao,2027-08-04,referido,True
925,Luis Martín 925,cliente925@email.com,Madrid,2027-08-07,email,False
926,Eva López 926,cliente926@email.com,Barcelona,2027-08-10,google,False
927,Carlos Ruiz 927,cliente927@email.com,Valencia,2027-08-13,facebook,False
928,Marta Soto 928,cliente928@email.com,Sevilla,2027-08-16,organico,False
929,Pablo Díaz 929,cliente929@email.com,Bilbao,2027-08-19,referido,False
930,Sara Vega 930,cliente930@email.com,Madrid,2027-08-22,email,False
931,Ana García 931,cliente931@email.com,Barcelona,2027-08-25,google,True
932,Luis Martín 932,cliente932@email.com,Valencia,2027-08-28,facebook,False
933,Eva López 933,cliente933@email.com,Sevilla,2027-08-31,organico,False
934,Carlos Ruiz 934,cliente934@email.com,Bilbao,2027-09-03,referido,False
935,Marta Soto 935,cliente935@email.com,Madrid,2027-09-06,email,False
936,Pablo Díaz 936,cliente936@email.com,Barcelona,2027-09-09,google,False
937,Sara Vega 937,cliente937@email.com,Valencia,2027-09-12,facebook,False
938,Ana García 938,cliente938@email.com,Sevilla,2027-09-15,organico,True
939,Luis Martín 939,cliente939@email.com,Bilbao,2027-09-18,referido,False
940,Eva López 940,cliente940@email.com,Madrid,2027-09-21,email,False
941,Carlos Ruiz 941,cliente941@email.com,Barcelona,2027-09-24,google,False
942,Marta Soto 942,cliente942@email.com,Valencia,2027-09-27,facebook,False
943,Pablo Díaz 943,cliente943@email.com,Sevilla,2027-09-30,organico,False
944,Sara Vega 944,cliente944@email.com,Bilbao,2027-10-03,referido,False
945,Ana García 945,cliente945@email.com,Madrid,2027-10-06,email,True
946,Luis Martín 946,cliente946@email.com,Barcelona,2027-10-09,google,False
947,Eva López 947,cliente947@email.com,Valencia,2027-10-12,facebook,False
948,Carlos Ruiz 948,cliente948@email.com,Sevilla,2027-10-15,organico,False
949,Marta Soto 949,cliente949@email.com,Bilbao,2027-10-18,referido,False
950,Pablo Díaz 950,cliente950@email.com,Madrid,2027-10-21,email,False
951,Sara Vega 951,cliente951@email.com,Barcelona,2027-10-24,google,False
952,Ana García 952,cliente952@email.com,Valencia,2027-10-27,facebook,True
953,Luis Martín 953,cliente953@email.com,Sevilla,2027-10-30,organico,False
954,Eva López 954,cliente954@email.com,Bilbao,2027-11-02,referido,False
955,Carlos Ruiz 955,cliente955@email.com,Madrid,2027-11-05,email,False
956,Marta Soto 956,cliente956@email.com,Barcelona,2027-11-08,google,False
957,Pablo Díaz 957,cliente957@email.com,Valencia,2027-11-11,facebook,False
958,Sara Vega 958,cliente958@email.com,Sevilla,2027-11-14,organico,False
959,Ana García 959,cliente959@email.com,Bilbao,2027-11-17,referido,True
960,Luis Martín 960,cliente960@email.com,Madrid,2027-11-20,email,False
961,Eva López 961,cliente961@email.com,Barcelona,2027-11-23,google,False
962,Carlos Ruiz 962,cliente962@email.com,Valencia,2027-11-26,facebook,False
963,Marta Soto 963,cliente963@email.com,Sevilla,2027-11-29,organico,False
964,Pablo Díaz 964,cliente964@email.com,Bilbao,2027-12-02,referido,False
965,Sara Vega 965,cliente965@email.com,Madrid,2027-12-05,email,False
966,Ana García 966,cliente966@email.com,Barcelona,2027-12-08,google,True
967,Luis Martín 967,cliente967@email.com,Valencia,2027-12-11,facebook,False
968,Eva López 968,cliente968@email.com,Sevilla,2027-12-14,organico,False
969,Carlos Ruiz 969,cliente969@email.com,Bilbao,2027-12-17,referido,False
970,Marta Soto 970,cliente970@email.com,Madrid,2027-12-20,email,False
971,Pablo Díaz 971,cliente971@email.com,Barcelona,2027-12-23,google,False
972,Sara Vega 972,cliente972@email.com,Valencia,2027-12-26,facebook,False
973,Ana García 973,cliente973@email.com,Sevilla,2027-12-29,organico,True
974,Luis Martín 974,cliente974@email.com,Bilbao,2028-01-01,referido,False
975,Eva López 975,cliente975@email.com,Madrid,2028-01-04,email,False
976,Carlos Ruiz 976,cliente976@email.com,Barcelona,2028-01-07,google,False
977,Marta Soto 977,cliente977@email.com,Valencia,2028-01-10,facebook,False
978,Pablo Díaz 978,cliente978@email.com,Sevilla,2028-01-13,organico,False
979,Sara Vega 979,cliente979@email.com,Bilbao,2028-01-16,referido,False
980,Ana García 980,cliente980@email.com,Madrid,2028-01-19,email,True
981,Luis Martín 981,cliente981@email.com,Barcelona,2028-01-22,google,False
982,Eva López 982,cliente982@email.com,Valencia,2028-01-25,facebook,False
983,Carlos Ruiz 983,cliente983@email.com,Sevilla,2028-01-28,organico,False
984,Marta Soto 984,cliente984@email.com,Bilbao,2028-01-31,referido,False
985,Pablo Díaz 985,cliente985@email.com,Madrid,2028-02-03,email,False
986,Sara Vega 986,cliente986@email.com,Barcelona,2028-02-06,google,False
987,Ana García 987,cliente987@email.com,Valencia,2028-02-09,facebook,True
988,Luis Martín 988,cliente988@email.com,Sevilla,2028-02-12,organico,False
989,Eva López 989,cliente989@email.com,Bilbao,2028-02-15,referido,False
990,Carlos Ruiz 990,cliente990@email.com,Madrid,2028-02-18,email,False
991,Marta Soto 991,cliente991@email.com,Barcelona,2028-02-21,google,False
992,Pablo Díaz 992,cliente992@email.com,Valencia,2028-02-24,facebook,False
993,Sara Vega 993,cliente993@email.com,Sevilla,2028-02-27,organico,False
994,Ana García 994,cliente994@email.com,Bilbao,2028-03-01,referido,True
995,Luis Martín 995,cliente995@email.com,Madrid,2028-03-04,email,False
996,Eva López 996,cliente996@email.com,Barcelona,2028-03-07,google,False
997,Carlos Ruiz 997,cliente997@email.com,Valencia,2028-03-10,facebook,False
998,Marta Soto 998,cliente998@email.com,Sevilla,2028-03-13,organico,False
999,Pablo Díaz 999,cliente999@email.com,Bilbao,2028-03-16,referido,False
1000,Sara Vega 1000,cliente1000@email.com,Madrid,2028-03-19,email,False
1001,Ana García 1001,cliente1001@email.com,Barcelona,2028-03-22,google,True
1002,Luis Martín 1002,cliente1002@email.com,Valencia,2028-03-25,facebook,False
1003,Eva López 1003,cliente1003@email.com,Sevilla,2028-03-28,organico,False
1004,Carlos Ruiz 1004,cliente1004@email.com,Bilbao,2028-03-31,referido,False
1005,Marta Soto 1005,cliente1005@email.com,Madrid,2028-04-03,email,False
1006,Pablo Díaz 1006,cliente1006@email.com,Barcelona,2028-04-06,google,False
1007,Sara Vega 1007,cliente1007@email.com,Valencia,2028-04-09,facebook,False
1008,Ana García 1008,cliente1008@email.com,Sevilla,2028-04-12,organico,True
1009,Luis Martín 1009,cliente1009@email.com,Bilbao,2028-04-15,referido,False
1010,Eva López 1010,cliente1010@email.com,Madrid,2028-04-18,email,False
1011,Carlos Ruiz 1011,cliente1011@email.com,Barcelona,2028-04-21,google,False
1012,Marta Soto 1012,cliente1012@email.com,Valencia,2028-04-24,facebook,False
1013,Pablo Díaz 1013,cliente1013@email.com,Sevilla,2028-04-27,organico,False
1014,Sara Vega 1014,cliente1014@email.com,Bilbao,2028-04-30,referido,False
1015,Ana García 1015,cliente1015@email.com,Madrid,2028-05-03,email,True
1016,Luis Martín 1016,cliente1016@email.com,Barcelona,2028-05-06,google,False
1017,Eva López 1017,cliente1017@email.com,Valencia,2028-05-09,facebook,False
1018,Carlos Ruiz 1018,cliente1018@email.com,Sevilla,2028-05-12,organico,False
1019,Marta Soto 1019,cliente1019@email.com,Bilbao,2028-05-15,referido,False
1020,Pablo Díaz 1020,cliente1020@email.com,Madrid,2028-05-18,email,False
1021,Sara Vega 1021,cliente1021@email.com,Barcelona,2028-05-21,google,False
1022,Ana García 1022,cliente1022@email.com,Valencia,2028-05-24,facebook,True
1023,Luis Martín 1023,cliente1023@email.com,Sevilla,2028-05-27,organico,False
1024,Eva López 1024,cliente1024@email.com,Bilbao,2028-05-30,referido,False
1025,Carlos Ruiz 1025,cliente1025@email.com,Madrid,2028-06-02,email,False
1026,Marta Soto 1026,cliente1026@email.com,Barcelona,2028-06-05,google,False
1027,Pablo Díaz 1027,cliente1027@email.com,Valencia,2028-06-08,facebook,False
1028,Sara Vega 1028,cliente1028@email.com,Sevilla,2028-06-11,organico,False
1029,Ana García 1029,cliente1029@email.com,Bilbao,2028-06-14,referido,True
1030,Luis Martín 1030,cliente1030@email.com,Madrid,2028-06-17,email,False
1031,Eva López 1031,cliente1031@email.com,Barcelona,2028-06-20,google,False
1032,Carlos Ruiz 1032,cliente1032@email.com,Valencia,2028-06-23,facebook,False
1033,Marta Soto 1033,cliente1033@email.com,Sevilla,2028-06-26,organico,False
1034,Pablo Díaz 1034,cliente1034@email.com,Bilbao,2028-06-29,referido,False
1035,Sara Vega 1035,cliente1035@email.com,Madrid,2028-07-02,email,False
1036,Ana García 1036,cliente1036@email.com,Barcelona,2028-07-05,google,True
1037,Luis Martín 1037,cliente1037@email.com,Valencia,2028-07-08,facebook,False
1038,Eva López 1038,cliente1038@email.com,Sevilla,2028-07-11,organico,False
1039,Carlos Ruiz 1039,cliente1039@email.com,Bilbao,2028-07-14,referido,False
1040,Marta Soto 1040,cliente1040@email.com,Madrid,2028-07-17,email,False
1041,Pablo Díaz 1041,cliente1041@email.com,Barcelona,2028-07-20,google,False
1042,Sara Vega 1042,cliente1042@email.com,Valencia,2028-07-23,facebook,False
1043,Ana García 1043,cliente1043@email.com,Sevilla,2028-07-26,organico,True
1044,Luis Martín 1044,cliente1044@email.com,Bilbao,2028-07-29,referido,False
1045,Eva López 1045,cliente1045@email.com,Madrid,2028-08-01,email,False
1046,Carlos Ruiz 1046,cliente1046@email.com,Barcelona,2028-08-04,google,False
1047,Marta Soto 1047,cliente1047@email.com,Valencia,2028-08-07,facebook,False
1048,Pablo Díaz 1048,cliente1048@email.com,Sevilla,2028-08-10,organico,False
1049,Sara Vega 1049,cliente1049@email.com,Bilbao,2028-08-13,referido,False
1050,Ana García 1050,cliente1050@email.com,Madrid,2028-08-16,email,True
1051,Luis Martín 1051,cliente1051@email.com,Barcelona,2028-08-19,google,False
1052,Eva López 1052,cliente1052@email.com,Valencia,2028-08-22,facebook,False
1053,Carlos Ruiz 1053,cliente1053@email.com,Sevilla,2028-08-25,organico,False
1054,Marta Soto 1054,cliente1054@email.com,Bilbao,2028-08-28,referido,False
1055,Pablo Díaz 1055,cliente1055@email.com,Madrid,2028-08-31,email,False
1056,Sara Vega 1056,cliente1056@email.com,Barcelona,2028-09-03,google,False
1057,Ana García 1057,cliente1057@email.com,Valencia,2028-09-06,facebook,True
1058,Luis Martín 1058,cliente1058@email.com,Sevilla,2028-09-09,organico,False
1059,Eva López 1059,cliente1059@email.com,Bilbao,2028-09-12,referido,False
1060,Carlos Ruiz 1060,cliente1060@email.com,Madrid,2028-09-15,email,False
1061,Marta Soto 1061,cliente1061@email.com,Barcelona,2028-09-18,google,False
1062,Pablo Díaz 1062,cliente1062@email.com,Valencia,2028-09-21,facebook,False
1063,Sara Vega 1063,cliente1063@email.com,Sevilla,2028-09-24,organico,False
1064,Ana García 1064,cliente1064@email.com,Bilbao,2028-09-27,referido,True
1065,Luis Martín 1065,cliente1065@email.com,Madrid,2028-09-30,email,False
1066,Eva López 1066,cliente1066@email.com,Barcelona,2028-10-03,google,False
1067,Carlos Ruiz 1067,cliente1067@email.com,Valencia,2028-10-06,facebook,False
1068,Marta Soto 1068,cliente1068@email.com,Sevilla,2028-10-09,organico,False
1069,Pablo Díaz 1069,cliente1069@email.com,Bilbao,2028-10-12,referido,False
1070,Sara Vega 1070,cliente1070@email.com,Madrid,2028-10-15,email,False
1071,Ana García 1071,cliente1071@email.com,Barcelona,2028-10-18,google,True
1072,Luis Martín 1072,cliente1072@email.com,Valencia,2028-10-21,facebook,False
1073,Eva López 1073,cliente1073@email.com,Sevilla,2028-10-24,organico,False
1074,Carlos Ruiz 1074,cliente1074@email.com,Bilbao,2028-10-27,referido,False
1075,Marta Soto 1075,cliente1075@email.com,Madrid,2028-10-30,email,False
1076,Pablo Díaz 1076,cliente1076@email.com,Barcelona,2028-11-02,google,False
1077,Sara Vega 1077,cliente1077@email.com,Valencia,2028-11-05,facebook,False
1078,Ana García 1078,cliente1078@email.com,Sevilla,2028-11-08,organico,True
1079,Luis Martín 1079,cliente1079@email.com,Bilbao,2028-11-11,referido,False
1080,Eva López 1080,cliente1080@email.com,Madrid,2028-11-14,email,False
1081,Carlos Ruiz 1081,cliente1081@email.com,Barcelona,2028-11-17,google,False
1082,Marta Soto 1082,cliente1082@email.com,Valencia,2028-11-20,facebook,False
1083,Pablo Díaz 1083,cliente1083@email.com,Sevilla,2028-11-23,organico,False
1084,Sara Vega 1084,cliente1084@email.com,Bilbao,2028-11-26,referido,False
1085,Ana García 1085,cliente1085@email.com,Madrid,2028-11-29,email,True
1086,Luis Martín 1086,cliente1086@email.com,Barcelona,2028-12-02,google,False
1087,Eva López 1087,cliente1087@email.com,Valencia,2028-12-05,facebook,False
1088,Carlos Ruiz 1088,cliente1088@email.com,Sevilla,2028-12-08,organico,False
1089,Marta Soto 1089,cliente1089@email.com,Bilbao,2028-12-11,referido,False
1090,Pablo Díaz 1090,cliente1090@email.com,Madrid,2028-12-14,email,False
1091,Sara Vega 1091,cliente1091@email.com,Barcelona,2028-12-17,google,False
1092,Ana García 1092,cliente1092@email.com,Valencia,2028-12-20,facebook,True
1093,Luis Martín 1093,cliente1093@email.com,Sevilla,2028-12-23,organico,False
1094,Eva López 1094,cliente1094@email.com,Bilbao,2028-12-26,referido,False
1095,Carlos Ruiz 1095,cliente1095@email.com,Madrid,2028-12-29,email,False
1096,Marta Soto 1096,cliente1096@email.com,Barcelona,2029-01-01,google,False
1097,Pablo Díaz 1097,cliente1097@email.com,Valencia,2029-01-04,facebook,False
1098,Sara Vega 1098,cliente1098@email.com,Sevilla,2029-01-07,organico,False
1099,Ana García 1099,cliente1099@email.com,Bilbao,2029-01-10,referido,True
1100,Luis Martín 1100,cliente1100@email.com,Madrid,2029-01-13,email,False
1101,Eva López 1101,cliente1101@email.com,Barcelona,2029-01-16,google,False
1102,Carlos Ruiz 1102,cliente1102@email.com,Valencia,2029-01-19,facebook,False
1103,Marta Soto 1103,cliente1103@email.com,Sevilla,2029-01-22,organico,False
1104,Pablo Díaz 1104,cliente1104@email.com,Bilbao,2029-01-25,referido,False
1105,Sara Vega 1105,cliente1105@email.com,Madrid,2029-01-28,email,False
1106,Ana García 1106,cliente1106@email.com,Barcelona,2029-01-31,google,True
1107,Luis Martín 1107,cliente1107@email.com,Valencia,2029-02-03,facebook,False
1108,Eva López 1108,cliente1108@email.com,Sevilla,2029-02-06,organico,False
1109,Carlos Ruiz 1109,cliente1109@email.com,Bilbao,2029-02-09,referido,False
1110,Marta Soto 1110,cliente1110@email.com,Madrid,2029-02-12,email,False
1111,Pablo Díaz 1111,cliente1111@email.com,Barcelona,2029-02-15,google,False
1112,Sara Vega 1112,cliente1112@email.com,Valencia,2029-02-18,facebook,False
1113,Ana García 1113,cliente1113@email.com,Sevilla,2029-02-21,organico,True
1114,Luis Martín 1114,cliente1114@email.com,Bilbao,2029-02-24,referido,False
1115,Eva López 1115,cliente1115@email.com,Madrid,2029-02-27,email,False
1116,Carlos Ruiz 1116,cliente1116@email.com,Barcelona,2029-03-02,google,False
1117,Marta Soto 1117,cliente1117@email.com,Valencia,2029-03-05,facebook,False
1118,Pablo Díaz 1118,cliente1118@email.com,Sevilla,2029-03-08,organico,False
1119,Sara Vega 1119,cliente1119@email.com,Bilbao,2029-03-11,referido,False
1120,Ana García 1120,cliente1120@email.com,Madrid,2029-03-14,email,True
1121,Luis Martín 1121,cliente1121@email.com,Barcelona,2029-03-17,google,False
1122,Eva López 1122,cliente1122@email.com,Valencia,2029-03-20,facebook,False
1123,Carlos Ruiz 1123,cliente1123@email.com,Sevilla,2029-03-23,organico,False
1124,Marta Soto 1124,cliente1124@email.com,Bilbao,2029-03-26,referido,False
1125,Pablo Díaz 1125,cliente1125@email.com,Madrid,2029-03-29,email,False
1126,Sara Vega 1126,cliente1126@email.com,Barcelona,2029-04-01,google,False
1127,Ana García 1127,cliente1127@email.com,Valencia,2029-04-04,facebook,True
1128,Luis Martín 1128,cliente1128@email.com,Sevilla,2029-04-07,organico,False
1129,Eva López 1129,cliente1129@email.com,Bilbao,2029-04-10,referido,False
1130,Carlos Ruiz 1130,cliente1130@email.com,Madrid,2029-04-13,email,False
1131,Marta Soto 1131,cliente1131@email.com,Barcelona,2029-04-16,google,False
1132,Pablo Díaz 1132,cliente1132@email.com,Valencia,2029-04-19,facebook,False
1133,Sara Vega 1133,cliente1133@email.com,Sevilla,2029-04-22,organico,False
1134,Ana García 1134,cliente1134@email.com,Bilbao,2029-04-25,referido,True
1135,Luis Martín 1135,cliente1135@email.com,Madrid,2029-04-28,email,False
1136,Eva López 1136,cliente1136@email.com,Barcelona,2029-05-01,google,False
1137,Carlos Ruiz 1137,cliente1137@email.com,Valencia,2029-05-04,facebook,False
1138,Marta Soto 1138,cliente1138@email.com,Sevilla,2029-05-07,organico,False
1139,Pablo Díaz 1139,cliente1139@email.com,Bilbao,2029-05-10,referido,False
1140,Sara Vega 1140,cliente1140@email.com,Madrid,2029-05-13,email,False
1141,Ana García 1141,cliente1141@email.com,Barcelona,2029-05-16,google,True
1142,Luis Martín 1142,cliente1142@email.com,Valencia,2029-05-19,facebook,False
1143,Eva López 1143,cliente1143@email.com,Sevilla,2029-05-22,organico,False
1144,Carlos Ruiz 1144,cliente1144@email.com,Bilbao,2029-05-25,referido,False
1145,Marta Soto 1145,cliente1145@email.com,Madrid,2029-05-28,email,False
1146,Pablo Díaz 1146,cliente1146@email.com,Barcelona,2029-05-31,google,False
1147,Sara Vega 1147,cliente1147@email.com,Valencia,2029-06-03,facebook,False
1148,Ana García 1148,cliente1148@email.com,Sevilla,2029-06-06,organico,True
1149,Luis Martín 1149,cliente1149@email.com,Bilbao,2029-06-09,referido,False
1150,Eva López 1150,cliente1150@email.com,Madrid,2029-06-12,email,False
1151,Carlos Ruiz 1151,cliente1151@email.com,Barcelona,2029-06-15,google,False
1152,Marta Soto 1152,cliente1152@email.com,Valencia,2029-06-18,facebook,False
1153,Pablo Díaz 1153,cliente1153@email.com,Sevilla,2029-06-21,organico,False
1154,Sara Vega 1154,cliente1154@email.com,Bilbao,2029-06-24,referido,False
1155,Ana García 1155,cliente1155@email.com,Madrid,2029-06-27,email,True
1156,Luis Martín 1156,cliente1156@email.com,Barcelona,2029-06-30,google,False
1157,Eva López 1157,cliente1157@email.com,Valencia,2029-07-03,facebook,False
1158,Carlos Ruiz 1158,cliente1158@email.com,Sevilla,2029-07-06,organico,False
1159,Marta Soto 1159,cliente1159@email.com,Bilbao,2029-07-09,referido,False
1160,Pablo Díaz 1160,cliente1160@email.com,Madrid,2029-07-12,email,False
1161,Sara Vega 1161,cliente1161@email.com,Barcelona,2029-07-15,google,False
1162,Ana García 1162,cliente1162@email.com,Valencia,2029-07-18,facebook,True
1163,Luis Martín 1163,cliente1163@email.com,Sevilla,2029-07-21,organico,False
1164,Eva López 1164,cliente1164@email.com,Bilbao,2029-07-24,referido,False
1165,Carlos Ruiz 1165,cliente1165@email.com,Madrid,2029-07-27,email,False
1166,Marta Soto 1166,cliente1166@email.com,Barcelona,2029-07-30,google,False
1167,Pablo Díaz 1167,cliente1167@email.com,Valencia,2029-08-02,facebook,False
1168,Sara Vega 1168,cliente1168@email.com,Sevilla,2029-08-05,organico,False
1169,Ana García 1169,cliente1169@email.com,Bilbao,2029-08-08,referido,True
1170,Luis Martín 1170,cliente1170@email.com,Madrid,2029-08-11,email,False
1171,Eva López 1171,cliente1171@email.com,Barcelona,2029-08-14,google,False
1172,Carlos Ruiz 1172,cliente1172@email.com,Valencia,2029-08-17,facebook,False
1173,Marta Soto 1173,cliente1173@email.com,Sevilla,2029-08-20,organico,False
1174,Pablo Díaz 1174,cliente1174@email.com,Bilbao,2029-08-23,referido,False
1175,Sara Vega 1175,cliente1175@email.com,Madrid,2029-08-26,email,False
1176,Ana García 1176,cliente1176@email.com,Barcelona,2029-08-29,google,True
1177,Luis Martín 1177,cliente1177@email.com,Valencia,2029-09-01,facebook,False
1178,Eva López 1178,cliente1178@email.com,Sevilla,2029-09-04,organico,False
1179,Carlos Ruiz 1179,cliente1179@email.com,Bilbao,2029-09-07,referido,False
1180,Marta Soto 1180,cliente1180@email.com,Madrid,2029-09-10,email,False
1181,Pablo Díaz 1181,cliente1181@email.com,Barcelona,2029-09-13,google,False
1182,Sara Vega 1182,cliente1182@email.com,Valencia,2029-09-16,facebook,False
1183,Ana García 1183,cliente1183@email.com,Sevilla,2029-09-19,organico,True
1184,Luis Martín 1184,cliente1184@email.com,Bilbao,2029-09-22,referido,False
1185,Eva López 1185,cliente1185@email.com,Madrid,2029-09-25,email,False
1186,Carlos Ruiz 1186,cliente1186@email.com,Barcelona,2029-09-28,google,False
1187,Marta Soto 1187,cliente1187@email.com,Valencia,2029-10-01,facebook,False
1188,Pablo Díaz 1188,cliente1188@email.com,Sevilla,2029-10-04,organico,False
1189,Sara Vega 1189,cliente1189@email.com,Bilbao,2029-10-07,referido,False
1190,Ana García 1190,cliente1190@email.com,Madrid,2029-10-10,email,True
1191,Luis Martín 1191,cliente1191@email.com,Barcelona,2029-10-13,google,False
1192,Eva López 1192,cliente1192@email.com,Valencia,2029-10-16,facebook,False
1193,Carlos Ruiz 1193,cliente1193@email.com,Sevilla,2029-10-19,organico,False
1194,Marta Soto 1194,cliente1194@email.com,Bilbao,2029-10-22,referido,False
1195,Pablo Díaz 1195,cliente1195@email.com,Madrid,2029-10-25,email,False
1196,Sara Vega 1196,cliente1196@email.com,Barcelona,2029-10-28,google,False
1197,Ana García 1197,cliente1197@email.com,Valencia,2029-10-31,facebook,True
1198,Luis Martín 1198,cliente1198@email.com,Sevilla,2029-11-03,organico,False
1199,Eva López 1199,cliente1199@email.com,Bilbao,2029-11-06,referido,False
1200,Carlos Ruiz 1200,cliente1200@email.com,Madrid,2029-11-09,email,False
1201,Marta Soto 1201,cliente1201@email.com,Barcelona,2029-11-12,google,False
1202,Pablo Díaz 1202,cliente1202@email.com,Valencia,2029-11-15,facebook,False
1203,Sara Vega 1203,cliente1203@email.com,Sevilla,2029-11-18,organico,False
1204,Ana García 1204,cliente1204@email.com,Bilbao,2029-11-21,referido,True
1205,Luis Martín 1205,cliente1205@email.com,Madrid,2029-11-24,email,False
1206,Eva López 1206,cliente1206@email.com,Barcelona,2029-11-27,google,False
1207,Carlos Ruiz 1207,cliente1207@email.com,Valencia,2029-11-30,facebook,False
1208,Marta Soto 1208,cliente1208@email.com,Sevilla,2029-12-03,organico,False
1209,Pablo Díaz 1209,cliente1209@email.com,Bilbao,2029-12-06,referido,False
1210,Sara Vega 1210,cliente1210@email.com,Madrid,2029-12-09,email,False
1211,Ana García 1211,cliente1211@email.com,Barcelona,2029-12-12,google,True
1212,Luis Martín 1212,cliente1212@email.com,Valencia,2029-12-15,facebook,False
1213,Eva López 1213,cliente1213@email.com,Sevilla,2029-12-18,organico,False
1214,Carlos Ruiz 1214,cliente1214@email.com,Bilbao,2029-12-21,referido,False
1215,Marta Soto 1215,cliente1215@email.com,Madrid,2029-12-24,email,False
1216,Pablo Díaz 1216,cliente1216@email.com,Barcelona,2029-12-27,google,False
1217,Sara Vega 1217,cliente1217@email.com,Valencia,2029-12-30,facebook,False
1218,Ana García 1218,cliente1218@email.com,Sevilla,2030-01-02,organico,True
1219,Luis Martín 1219,cliente1219@email.com,Bilbao,2030-01-05,referido,False
1220,Eva López 1220,cliente1220@email.com,Madrid,2030-01-08,email,False
1221,Carlos Ruiz 1221,cliente1221@email.com,Barcelona,2030-01-11,google,False
1222,Marta Soto 1222,cliente1222@email.com,Valencia,2030-01-14,facebook,False
1223,Pablo Díaz 1223,cliente1223@email.com,Sevilla,2030-01-17,organico,False
1224,Sara Vega 1224,cliente1224@email.com,Bilbao,2030-01-20,referido,False
1225,Ana García 1225,cliente1225@email.com,Madrid,2030-01-23,email,True
1226,Luis Martín 1226,cliente1226@email.com,Barcelona,2030-01-26,google,False
1227,Eva López 1227,cliente1227@email.com,Valencia,2030-01-29,facebook,False
1228,Carlos Ruiz 1228,cliente1228@email.com,Sevilla,2030-02-01,organico,False
1229,Marta Soto 1229,cliente1229@email.com,Bilbao,2030-02-04,referido,False
1230,Pablo Díaz 1230,cliente1230@email.com,Madrid,2030-02-07,email,False
1231,Sara Vega 1231,cliente1231@email.com,Barcelona,2030-02-10,google,False
1232,Ana García 1232,cliente1232@email.com,Valencia,2030-02-13,facebook,True
1233,Luis Martín 1233,cliente1233@email.com,Sevilla,2030-02-16,organico,False
1234,Eva López 1234,cliente1234@email.com,Bilbao,2030-02-19,referido,False
1235,Carlos Ruiz 1235,cliente1235@email.com,Madrid,2030-02-22,email,False
1236,Marta Soto 1236,cliente1236@email.com,Barcelona,2030-02-25,google,False
1237,Pablo Díaz 1237,cliente1237@email.com,Valencia,2030-02-28,facebook,False
1238,Sara Vega 1238,cliente1238@email.com,Sevilla,2030-03-03,organico,False
1239,Ana García 1239,cliente1239@email.com,Bilbao,2030-03-06,referido,True
1240,Luis Martín 1240,cliente1240@email.com,Madrid,2030-03-09,email,False
1241,Eva López 1241,cliente1241@email.com,Barcelona,2030-03-12,google,False
1242,Carlos Ruiz 1242,cliente1242@email.com,Valencia,2030-03-15,facebook,False
1243,Marta Soto 1243,cliente1243@email.com,Sevilla,2030-03-18,organico,False
1244,Pablo Díaz 1244,cliente1244@email.com,Bilbao,2030-03-21,referido,False
1245,Sara Vega 1245,cliente1245@email.com,Madrid,2030-03-24,email,False
1246,Ana García 1246,cliente1246@email.com,Barcelona,2030-03-27,google,True
1247,Luis Martín 1247,cliente1247@email.com,Valencia,2030-03-30,facebook,False
1248,Eva López 1248,cliente1248@email.com,Sevilla,2030-04-02,organico,False
1249,Carlos Ruiz 1249,cliente1249@email.com,Bilbao,2030-04-05,referido,False
1250,Marta Soto 1250,cliente1250@email.com,Madrid,2030-04-08,email,False
1251,Pablo Díaz 1251,cliente1251@email.com,Barcelona,2030-04-11,google,False
1252,Sara Vega 1252,cliente1252@email.com,Valencia,2030-04-14,facebook,False
1253,Ana García 1253,cliente1253@email.com,Sevilla,2030-04-17,organico,True
1254,Luis Martín 1254,cliente1254@email.com,Bilbao,2030-04-20,referido,False
1255,Eva López 1255,cliente1255@email.com,Madrid,2030-04-23,email,False
1256,Carlos Ruiz 1256,cliente1256@email.com,Barcelona,2030-04-26,google,False
1257,Marta Soto 1257,cliente1257@email.com,Valencia,2030-04-29,facebook,False
1258,Pablo Díaz 1258,cliente1258@email.com,Sevilla,2030-05-02,organico,False
1259,Sara Vega 1259,cliente1259@email.com,Bilbao,2030-05-05,referido,False
1260,Ana García 1260,cliente1260@email.com,Madrid,2030-05-08,email,True
1261,Luis Martín 1261,cliente1261@email.com,Barcelona,2030-05-11,google,False
1262,Eva López 1262,cliente1262@email.com,Valencia,2030-05-14,facebook,False
1263,Carlos Ruiz 1263,cliente1263@email.com,Sevilla,2030-05-17,organico,False
1264,Marta Soto 1264,cliente1264@email.com,Bilbao,2030-05-20,referido,False
1265,Pablo Díaz 1265,cliente1265@email.com,Madrid,2030-05-23,email,False
1266,Sara Vega 1266,cliente1266@email.com,Barcelona,2030-05-26,google,False
1267,Ana García 1267,cliente1267@email.com,Valencia,2030-05-29,facebook,True
1268,Luis Martín 1268,cliente1268@email.com,Sevilla,2030-06-01,organico,False
1269,Eva López 1269,cliente1269@email.com,Bilbao,2030-06-04,referido,False
1270,Carlos Ruiz 1270,cliente1270@email.com,Madrid,2030-06-07,email,False
1271,Marta Soto 1271,cliente1271@email.com,Barcelona,2030-06-10,google,False
1272,Pablo Díaz 1272,cliente1272@email.com,Valencia,2030-06-13,facebook,False
1273,Sara Vega 1273,cliente1273@email.com,Sevilla,2030-06-16,organico,False
1274,Ana García 1274,cliente1274@email.com,Bilbao,2030-06-19,referido,True
1275,Luis Martín 1275,cliente1275@email.com,Madrid,2030-06-22,email,False
1276,Eva López 1276,cliente1276@email.com,Barcelona,2030-06-25,google,False
1277,Carlos Ruiz 1277,cliente1277@email.com,Valencia,2030-06-28,facebook,False
1278,Marta Soto 1278,cliente1278@email.com,Sevilla,2030-07-01,organico,False
1279,Pablo Díaz 1279,cliente1279@email.com,Bilbao,2030-07-04,referido,False
1280,Sara Vega 1280,cliente1280@email.com,Madrid,2030-07-07,email,False
1281,Ana García 1281,cliente1281@email.com,Barcelona,2030-07-10,google,True
1282,Luis Martín 1282,cliente1282@email.com,Valencia,2030-07-13,facebook,False
1283,Eva López 1283,cliente1283@email.com,Sevilla,2030-07-16,organico,False
1284,Carlos Ruiz 1284,cliente1284@email.com,Bilbao,2030-07-19,referido,False
1285,Marta Soto 1285,cliente1285@email.com,Madrid,2030-07-22,email,False
1286,Pablo Díaz 1286,cliente1286@email.com,Barcelona,2030-07-25,google,False
1287,Sara Vega 1287,cliente1287@email.com,Valencia,2030-07-28,facebook,False
1288,Ana García 1288,cliente1288@email.com,Sevilla,2030-07-31,organico,True
1289,Luis Martín 1289,cliente1289@email.com,Bilbao,2030-08-03,referido,False
1290,Eva López 1290,cliente1290@email.com,Madrid,2030-08-06,email,False
1291,Carlos Ruiz 1291,cliente1291@email.com,Barcelona,2030-08-09,google,False
1292,Marta Soto 1292,cliente1292@email.com,Valencia,2030-08-12,facebook,False
1293,Pablo Díaz 1293,cliente1293@email.com,Sevilla,2030-08-15,organico,False
1294,Sara Vega 1294,cliente1294@email.com,Bilbao,2030-08-18,referido,False
1295,Ana García 1295,cliente1295@email.com,Madrid,2030-08-21,email,True
1296,Luis Martín 1296,cliente1296@email.com,Barcelona,2030-08-24,google,False
1297,Eva López 1297,cliente1297@email.com,Valencia,2030-08-27,facebook,False
1298,Carlos Ruiz 1298,cliente1298@email.com,Sevilla,2030-08-30,organico,False
1299,Marta Soto 1299,cliente1299@email.com,Bilbao,2030-09-02,referido,False
1300,Pablo Díaz 1300,cliente1300@email.com,Madrid,2030-09-05,email,False
1301,Sara Vega 1301,cliente1301@email.com,Barcelona,2030-09-08,google,False
1302,Ana García 1302,cliente1302@email.com,Valencia,2030-09-11,facebook,True
1303,Luis Martín 1303,cliente1303@email.com,Sevilla,2030-09-14,organico,False
1304,Eva López 1304,cliente1304@email.com,Bilbao,2030-09-17,referido,False
1305,Carlos Ruiz 1305,cliente1305@email.com,Madrid,2030-09-20,email,False
1306,Marta Soto 1306,cliente1306@email.com,Barcelona,2030-09-23,google,False
1307,Pablo Díaz 1307,cliente1307@email.com,Valencia,2030-09-26,facebook,False
1308,Sara Vega 1308,cliente1308@email.com,Sevilla,2030-09-29,organico,False
1309,Ana García 1309,cliente1309@email.com,Bilbao,2030-10-02,referido,True
1310,Luis Martín 1310,cliente1310@email.com,Madrid,2030-10-05,email,False
1311,Eva López 1311,cliente1311@email.com,Barcelona,2030-10-08,google,False
1312,Carlos Ruiz 1312,cliente1312@email.com,Valencia,2030-10-11,facebook,False
1313,Marta Soto 1313,cliente1313@email.com,Sevilla,2030-10-14,organico,False
1314,Pablo Díaz 1314,cliente1314@email.com,Bilbao,2030-10-17,referido,False
1315,Sara Vega 1315,cliente1315@email.com,Madrid,2030-10-20,email,False
1316,Ana García 1316,cliente1316@email.com,Barcelona,2030-10-23,google,True
1317,Luis Martín 1317,cliente1317@email.com,Valencia,2030-10-26,facebook,False
1318,Eva López 1318,cliente1318@email.com,Sevilla,2030-10-29,organico,False
1319,Carlos Ruiz 1319,cliente1319@email.com,Bilbao,2030-11-01,referido,False
1320,Marta Soto 1320,cliente1320@email.com,Madrid,2030-11-04,email,False
1321,Pablo Díaz 1321,cliente1321@email.com,Barcelona,2030-11-07,google,False
1322,Sara Vega 1322,cliente1322@email.com,Valencia,2030-11-10,facebook,False
1323,Ana García 1323,cliente1323@email.com,Sevilla,2030-11-13,organico,True
1324,Luis Martín 1324,cliente1324@email.com,Bilbao,2030-11-16,referido,False
1325,Eva López 1325,cliente1325@email.com,Madrid,2030-11-19,email,False
1326,Carlos Ruiz 1326,cliente1326@email.com,Barcelona,2030-11-22,google,False
1327,Marta Soto 1327,cliente1327@email.com,Valencia,2030-11-25,facebook,False
1328,Pablo Díaz 1328,cliente1328@email.com,Sevilla,2030-11-28,organico,False
1329,Sara Vega 1329,cliente1329@email.com,Bilbao,2030-12-01,referido,False
1330,Ana García 1330,cliente1330@email.com,Madrid,2030-12-04,email,True
1331,Luis Martín 1331,cliente1331@email.com,Barcelona,2030-12-07,google,False
1332,Eva López 1332,cliente1332@email.com,Valencia,2030-12-10,facebook,False
1333,Carlos Ruiz 1333,cliente1333@email.com,Sevilla,2030-12-13,organico,False
1334,Marta Soto 1334,cliente1334@email.com,Bilbao,2030-12-16,referido,False
1335,Pablo Díaz 1335,cliente1335@email.com,Madrid,2030-12-19,email,False
1336,Sara Vega 1336,cliente1336@email.com,Barcelona,2030-12-22,google,False
1337,Ana García 1337,cliente1337@email.com,Valencia,2030-12-25,facebook,True
1338,Luis Martín 1338,cliente1338@email.com,Sevilla,2030-12-28,organico,False
1339,Eva López 1339,cliente1339@email.com,Bilbao,2030-12-31,referido,False
1340,Carlos Ruiz 1340,cliente1340@email.com,Madrid,2031-01-03,email,False
1341,Marta Soto 1341,cliente1341@email.com,Barcelona,2031-01-06,google,False
1342,Pablo Díaz 1342,cliente1342@email.com,Valencia,2031-01-09,facebook,False
1343,Sara Vega 1343,cliente1343@email.com,Sevilla,2031-01-12,organico,False
1344,Ana García 1344,cliente1344@email.com,Bilbao,2031-01-15,referido,True
1345,Luis Martín 1345,cliente1345@email.com,Madrid,2031-01-18,email,False
1346,Eva López 1346,cliente1346@email.com,Barcelona,2031-01-21,google,False
1347,Carlos Ruiz 1347,cliente1347@email.com,Valencia,2031-01-24,facebook,False
1348,Marta Soto 1348,cliente1348@email.com,Sevilla,2031-01-27,organico,False
1349,Pablo Díaz 1349,cliente1349@email.com,Bilbao,2031-01-30,referido,False
1350,Sara Vega 1350,cliente1350@email.com,Madrid,2031-02-02,email,False
1351,Ana García 1351,cliente1351@email.com,Barcelona,2031-02-05,google,True
1352,Luis Martín 1352,cliente1352@email.com,Valencia,2031-02-08,facebook,False
1353,Eva López 1353,cliente1353@email.com,Sevilla,2031-02-11,organico,False
1354,Carlos Ruiz 1354,cliente1354@email.com,Bilbao,2031-02-14,referido,False
1355,Marta Soto 1355,cliente1355@email.com,Madrid,2031-02-17,email,False
1356,Pablo Díaz 1356,cliente1356@email.com,Barcelona,2031-02-20,google,False
1357,Sara Vega 1357,cliente1357@email.com,Valencia,2031-02-23,facebook,False
1358,Ana García 1358,cliente1358@email.com,Sevilla,2031-02-26,organico,True
1359,Luis Martín 1359,cliente1359@email.com,Bilbao,2031-03-01,referido,False
1360,Eva López 1360,cliente1360@email.com,Madrid,2031-03-04,email,False
1361,Carlos Ruiz 1361,cliente1361@email.com,Barcelona,2031-03-07,google,False
1362,Marta Soto 1362,cliente1362@email.com,Valencia,2031-03-10,facebook,False
1363,Pablo Díaz 1363,cliente1363@email.com,Sevilla,2031-03-13,organico,False
1364,Sara Vega 1364,cliente1364@email.com,Bilbao,2031-03-16,referido,False
1365,Ana García 1365,cliente1365@email.com,Madrid,2031-03-19,email,True
1366,Luis Martín 1366,cliente1366@email.com,Barcelona,2031-03-22,google,False
1367,Eva López 1367,cliente1367@email.com,Valencia,2031-03-25,facebook,False
1368,Carlos Ruiz 1368,cliente1368@email.com,Sevilla,2031-03-28,organico,False
1369,Marta Soto 1369,cliente1369@email.com,Bilbao,2031-03-31,referido,False
1370,Pablo Díaz 1370,cliente1370@email.com,Madrid,2031-04-03,email,False
1371,Sara Vega 1371,cliente1371@email.com,Barcelona,2031-04-06,google,False
1372,Ana García 1372,cliente1372@email.com,Valencia,2031-04-09,facebook,True
1373,Luis Martín 1373,cliente1373@email.com,Sevilla,2031-04-12,organico,False
1374,Eva López 1374,cliente1374@email.com,Bilbao,2031-04-15,referido,False
1375,Carlos Ruiz 1375,cliente1375@email.com,Madrid,2031-04-18,email,False
1376,Marta Soto 1376,cliente1376@email.com,Barcelona,2031-04-21,google,False
1377,Pablo Díaz 1377,cliente1377@email.com,Valencia,2031-04-24,facebook,False
1378,Sara Vega 1378,cliente1378@email.com,Sevilla,2031-04-27,organico,False
1379,Ana García 1379,cliente1379@email.com,Bilbao,2031-04-30,referido,True
1380,Luis Martín 1380,cliente1380@email.com,Madrid,2031-05-03,email,False
1381,Eva López 1381,cliente1381@email.com,Barcelona,2031-05-06,google,False
1382,Carlos Ruiz 1382,cliente1382@email.com,Valencia,2031-05-09,facebook,False
1383,Marta Soto 1383,cliente1383@email.com,Sevilla,2031-05-12,organico,False
1384,Pablo Díaz 1384,cliente1384@email.com,Bilbao,2031-05-15,referido,False
1385,Sara Vega 1385,cliente1385@email.com,Madrid,2031-05-18,email,False
1386,Ana García 1386,cliente1386@email.com,Barcelona,2031-05-21,google,True
1387,Luis Martín 1387,cliente1387@email.com,Valencia,2031-05-24,facebook,False
1388,Eva López 1388,cliente1388@email.com,Sevilla,2031-05-27,organico,False
1389,Carlos Ruiz 1389,cliente1389@email.com,Bilbao,2031-05-30,referido,False
1390,Marta Soto 1390,cliente1390@email.com,Madrid,2031-06-02,email,False
1391,Pablo Díaz 1391,cliente1391@email.com,Barcelona,2031-06-05,google,False
1392,Sara Vega 1392,cliente1392@email.com,Valencia,2031-06-08,facebook,False
1393,Ana García 1393,cliente1393@email.com,Sevilla,2031-06-11,organico,True
1394,Luis Martín 1394,cliente1394@email.com,Bilbao,2031-06-14,referido,False
1395,Eva López 1395,cliente1395@email.com,Madrid,2031-06-17,email,False
1396,Carlos Ruiz 1396,cliente1396@email.com,Barcelona,2031-06-20,google,False
1397,Marta Soto 1397,cliente1397@email.com,Valencia,2031-06-23,facebook,False
1398,Pablo Díaz 1398,cliente1398@email.com,Sevilla,2031-06-26,organico,False
1399,Sara Vega 1399,cliente1399@email.com,Bilbao,2031-06-29,referido,False
1400,Ana García 1400,cliente1400@email.com,Madrid,2031-07-02,email,True
1401,Luis Martín 1401,cliente1401@email.com,Barcelona,2031-07-05,google,False
1402,Eva López 1402,cliente1402@email.com,Valencia,2031-07-08,facebook,False
1403,Carlos Ruiz 1403,cliente1403@email.com,Sevilla,2031-07-11,organico,False
1404,Marta Soto 1404,cliente1404@email.com,Bilbao,2031-07-14,referido,False
1405,Pablo Díaz 1405,cliente1405@email.com,Madrid,2031-07-17,email,False
1406,Sara Vega 1406,cliente1406@email.com,Barcelona,2031-07-20,google,False
1407,Ana García 1407,cliente1407@email.com,Valencia,2031-07-23,facebook,True
1408,Luis Martín 1408,cliente1408@email.com,Sevilla,2031-07-26,organico,False
1409,Eva López 1409,cliente1409@email.com,Bilbao,2031-07-29,referido,False
1410,Carlos Ruiz 1410,cliente1410@email.com,Madrid,2031-08-01,email,False
1411,Marta Soto 1411,cliente1411@email.com,Barcelona,2031-08-04,google,False
1412,Pablo Díaz 1412,cliente1412@email.com,Valencia,2031-08-07,facebook,False
1413,Sara Vega 1413,cliente1413@email.com,Sevilla,2031-08-10,organico,False
1414,Ana García 1414,cliente1414@email.com,Bilbao,2031-08-13,referido,True
1415,Luis Martín 1415,cliente1415@email.com,Madrid,2031-08-16,email,False
1416,Eva López 1416,cliente1416@email.com,Barcelona,2031-08-19,google,False
1417,Carlos Ruiz 1417,cliente1417@email.com,Valencia,2031-08-22,facebook,False
1418,Marta Soto 1418,cliente1418@email.com,Sevilla,2031-08-25,organico,False
1419,Pablo Díaz 1419,cliente1419@email.com,Bilbao,2031-08-28,referido,False
1420,Sara Vega 1420,cliente1420@email.com,Madrid,2031-08-31,email,False
1421,Ana García 1421,cliente1421@email.com,Barcelona,2031-09-03,google,True
1422,Luis Martín 1422,cliente1422@email.com,Valencia,2031-09-06,facebook,False
1423,Eva López 1423,cliente1423@email.com,Sevilla,2031-09-09,organico,False
1424,Carlos Ruiz 1424,cliente1424@email.com,Bilbao,2031-09-12,referido,False
1425,Marta Soto 1425,cliente1425@email.com,Madrid,2031-09-15,email,False
1426,Pablo Díaz 1426,cliente1426@email.com,Barcelona,2031-09-18,google,False
1427,Sara Vega 1427,cliente1427@email.com,Valencia,2031-09-21,facebook,False
1428,Ana García 1428,cliente1428@email.com,Sevilla,2031-09-24,organico,True
1429,Luis Martín 1429,cliente1429@email.com,Bilbao,2031-09-27,referido,False
1430,Eva López 1430,cliente1430@email.com,Madrid,2031-09-30,email,False
1431,Carlos Ruiz 1431,cliente1431@email.com,Barcelona,2031-10-03,google,False
1432,Marta Soto 1432,cliente1432@email.com,Valencia,2031-10-06,facebook,False
1433,Pablo Díaz 1433,cliente1433@email.com,Sevilla,2031-10-09,organico,False
1434,Sara Vega 1434,cliente1434@email.com,Bilbao,2031-10-12,referido,False
1435,Ana García 1435,cliente1435@email.com,Madrid,2031-10-15,email,True
1436,Luis Martín 1436,cliente1436@email.com,Barcelona,2031-10-18,google,False
1437,Eva López 1437,cliente1437@email.com,Valencia,2031-10-21,facebook,False
1438,Carlos Ruiz 1438,cliente1438@email.com,Sevilla,2031-10-24,organico,False
1439,Marta Soto 1439,cliente1439@email.com,Bilbao,2031-10-27,referido,False
1440,Pablo Díaz 1440,cliente1440@email.com,Madrid,2031-10-30,email,False
1441,Sara Vega 1441,cliente1441@email.com,Barcelona,2031-11-02,google,False
1442,Ana García 1442,cliente1442@email.com,Valencia,2031-11-05,facebook,True
1443,Luis Martín 1443,cliente1443@email.com,Sevilla,2031-11-08,organico,False
1444,Eva López 1444,cliente1444@email.com,Bilbao,2031-11-11,referido,False
1445,Carlos Ruiz 1445,cliente1445@email.com,Madrid,2031-11-14,email,False
1446,Marta Soto 1446,cliente1446@email.com,Barcelona,2031-11-17,google,False
1447,Pablo Díaz 1447,cliente1447@email.com,Valencia,2031-11-20,facebook,False
1448,Sara Vega 1448,cliente1448@email.com,Sevilla,2031-11-23,organico,False
1449,Ana García 1449,cliente1449@email.com,Bilbao,2031-11-26,referido,True
1450,Luis Martín 1450,cliente1450@email.com,Madrid,2031-11-29,email,False
1451,Eva López 1451,cliente1451@email.com,Barcelona,2031-12-02,google,False
1452,Carlos Ruiz 1452,cliente1452@email.com,Valencia,2031-12-05,facebook,False
1453,Marta Soto 1453,cliente1453@email.com,Sevilla,2031-12-08,organico,False
1454,Pablo Díaz 1454,cliente1454@email.com,Bilbao,2031-12-11,referido,False
1455,Sara Vega 1455,cliente1455@email.com,Madrid,2031-12-14,email,False
1456,Ana García 1456,cliente1456@email.com,Barcelona,2031-12-17,google,True
1457,Luis Martín 1457,cliente1457@email.com,Valencia,2031-12-20,facebook,False
1458,Eva López 1458,cliente1458@email.com,Sevilla,2031-12-23,organico,False
1459,Carlos Ruiz 1459,cliente1459@email.com,Bilbao,2031-12-26,referido,False
1460,Marta Soto 1460,cliente1460@email.com,Madrid,2031-12-29,email,False
1461,Pablo Díaz 1461,cliente1461@email.com,Barcelona,2032-01-01,google,False
1462,Sara Vega 1462,cliente1462@email.com,Valencia,2032-01-04,facebook,False
1463,Ana García 1463,cliente1463@email.com,Sevilla,2032-01-07,organico,True
1464,Luis Martín 1464,cliente1464@email.com,Bilbao,2032-01-10,referido,False
1465,Eva López 1465,cliente1465@email.com,Madrid,2032-01-13,email,False
1466,Carlos Ruiz 1466,cliente1466@email.com,Barcelona,2032-01-16,google,False
1467,Marta Soto 1467,cliente1467@email.com,Valencia,2032-01-19,facebook,False
1468,Pablo Díaz 1468,cliente1468@email.com,Sevilla,2032-01-22,organico,False
1469,Sara Vega 1469,cliente1469@email.com,Bilbao,2032-01-25,referido,False
1470,Ana García 1470,cliente1470@email.com,Madrid,2032-01-28,email,True
1471,Luis Martín 1471,cliente1471@email.com,Barcelona,2032-01-31,google,False
1472,Eva López 1472,cliente1472@email.com,Valencia,2032-02-03,facebook,False
1473,Carlos Ruiz 1473,cliente1473@email.com,Sevilla,2032-02-06,organico,False
1474,Marta Soto 1474,cliente1474@email.com,Bilbao,2032-02-09,referido,False
1475,Pablo Díaz 1475,cliente1475@email.com,Madrid,2032-02-12,email,False
1476,Sara Vega 1476,cliente1476@email.com,Barcelona,2032-02-15,google,False
1477,Ana García 1477,cliente1477@email.com,Valencia,2032-02-18,facebook,True
1478,Luis Martín 1478,cliente1478@email.com,Sevilla,2032-02-21,organico,False
1479,Eva López 1479,cliente1479@email.com,Bilbao,2032-02-24,referido,False
1480,Carlos Ruiz 1480,cliente1480@email.com,Madrid,2032-02-27,email,False
1481,Marta Soto 1481,cliente1481@email.com,Barcelona,2032-03-01,google,False
1482,Pablo Díaz 1482,cliente1482@email.com,Valencia,2032-03-04,facebook,False
1483,Sara Vega 1483,cliente1483@email.com,Sevilla,2032-03-07,organico,False
1484,Ana García 1484,cliente1484@email.com,Bilbao,2032-03-10,referido,True
1485,Luis Martín 1485,cliente1485@email.com,Madrid,2032-03-13,email,False
1486,Eva López 1486,cliente1486@email.com,Barcelona,2032-03-16,google,False
1487,Carlos Ruiz 1487,cliente1487@email.com,Valencia,2032-03-19,facebook,False
1488,Marta Soto 1488,cliente1488@email.com,Sevilla,2032-03-22,organico,False
1489,Pablo Díaz 1489,cliente1489@email.com,Bilbao,2032-03-25,referido,False
1490,Sara Vega 1490,cliente1490@email.com,Madrid,2032-03-28,email,False
1491,Ana García 1491,cliente1491@email.com,Barcelona,2032-03-31,google,True
1492,Luis Martín 1492,cliente1492@email.com,Valencia,2032-04-03,facebook,False
1493,Eva López 1493,cliente1493@email.com,Sevilla,2032-04-06,organico,False
1494,Carlos Ruiz 1494,cliente1494@email.com,Bilbao,2032-04-09,referido,False
1495,Marta Soto 1495,cliente1495@email.com,Madrid,2032-04-12,email,False
1496,Pablo Díaz 1496,cliente1496@email.com,Barcelona,2032-04-15,google,False
1497,Sara Vega 1497,cliente1497@email.com,Valencia,2032-04-18,facebook,False
1498,Ana García 1498,cliente1498@email.com,Sevilla,2032-04-21,organico,True
1499,Luis Martín 1499,cliente1499@email.com,Bilbao,2032-04-24,referido,False
1500,Eva López 1500,cliente1500@email.com,Madrid,2032-04-27,email,False
1501,Carlos Ruiz 1501,cliente1501@email.com,Barcelona,2032-04-30,google,False
1502,Marta Soto 1502,cliente1502@email.com,Valencia,2032-05-03,facebook,False
1503,Pablo Díaz 1503,cliente1503@email.com,Sevilla,2032-05-06,organico,False
1504,Sara Vega 1504,cliente1504@email.com,Bilbao,2032-05-09,referido,False
1505,Ana García 1505,cliente1505@email.com,Madrid,2032-05-12,email,True
1506,Luis Martín 1506,cliente1506@email.com,Barcelona,2032-05-15,google,False
1507,Eva López 1507,cliente1507@email.com,Valencia,2032-05-18,facebook,False
1508,Carlos Ruiz 1508,cliente1508@email.com,Sevilla,2032-05-21,organico,False
1509,Marta Soto 1509,cliente1509@email.com,Bilbao,2032-05-24,referido,False
1510,Pablo Díaz 1510,cliente1510@email.com,Madrid,2032-05-27,email,False
1511,Sara Vega 1511,cliente1511@email.com,Barcelona,2032-05-30,google,False
1512,Ana García 1512,cliente1512@email.com,Valencia,2032-06-02,facebook,True
1513,Luis Martín 1513,cliente1513@email.com,Sevilla,2032-06-05,organico,False
1514,Eva López 1514,cliente1514@email.com,Bilbao,2032-06-08,referido,False
1515,Carlos Ruiz 1515,cliente1515@email.com,Madrid,2032-06-11,email,False
1516,Marta Soto 1516,cliente1516@email.com,Barcelona,2032-06-14,google,False
1517,Pablo Díaz 1517,cliente1517@email.com,Valencia,2032-06-17,facebook,False
1518,Sara Vega 1518,cliente1518@email.com,Sevilla,2032-06-20,organico,False
1519,Ana García 1519,cliente1519@email.com,Bilbao,2032-06-23,referido,True
1520,Luis Martín 1520,cliente1520@email.com,Madrid,2032-06-26,email,False
1521,Eva López 1521,cliente1521@email.com,Barcelona,2032-06-29,google,False
1522,Carlos Ruiz 1522,cliente1522@email.com,Valencia,2032-07-02,facebook,False
1523,Marta Soto 1523,cliente1523@email.com,Sevilla,2032-07-05,organico,False
1524,Pablo Díaz 1524,cliente1524@email.com,Bilbao,2032-07-08,referido,False
1525,Sara Vega 1525,cliente1525@email.com,Madrid,2032-07-11,email,False
1526,Ana García 1526,cliente1526@email.com,Barcelona,2032-07-14,google,True
1527,Luis Martín 1527,cliente1527@email.com,Valencia,2032-07-17,facebook,False
1528,Eva López 1528,cliente1528@email.com,Sevilla,2032-07-20,organico,False
1529,Carlos Ruiz 1529,cliente1529@email.com,Bilbao,2032-07-23,referido,False
1530,Marta Soto 1530,cliente1530@email.com,Madrid,2032-07-26,email,False
1531,Pablo Díaz 1531,cliente1531@email.com,Barcelona,2032-07-29,google,False
1532,Sara Vega 1532,cliente1532@email.com,Valencia,2032-08-01,facebook,False
1533,Ana García 1533,cliente1533@email.com,Sevilla,2032-08-04,organico,True
1534,Luis Martín 1534,cliente1534@email.com,Bilbao,2032-08-07,referido,False
1535,Eva López 1535,cliente1535@email.com,Madrid,2032-08-10,email,False
1536,Carlos Ruiz 1536,cliente1536@email.com,Barcelona,2032-08-13,google,False
1537,Marta Soto 1537,cliente1537@email.com,Valencia,2032-08-16,facebook,False
1538,Pablo Díaz 1538,cliente1538@email.com,Sevilla,2032-08-19,organico,False
1539,Sara Vega 1539,cliente1539@email.com,Bilbao,2032-08-22,referido,False
1540,Ana García 1540,cliente1540@email.com,Madrid,2032-08-25,email,True
1541,Luis Martín 1541,cliente1541@email.com,Barcelona,2032-08-28,google,False
1542,Eva López 1542,cliente1542@email.com,Valencia,2032-08-31,facebook,False
1543,Carlos Ruiz 1543,cliente1543@email.com,Sevilla,2032-09-03,organico,False
1544,Marta Soto 1544,cliente1544@email.com,Bilbao,2032-09-06,referido,False
1545,Pablo Díaz 1545,cliente1545@email.com,Madrid,2032-09-09,email,False
1546,Sara Vega 1546,cliente1546@email.com,Barcelona,2032-09-12,google,False
1547,Ana García 1547,cliente1547@email.com,Valencia,2032-09-15,facebook,True
1548,Luis Martín 1548,cliente1548@email.com,Sevilla,2032-09-18,organico,False
1549,Eva López 1549,cliente1549@email.com,Bilbao,2032-09-21,referido,False
1550,Carlos Ruiz 1550,cliente1550@email.com,Madrid,2032-09-24,email,False
1551,Marta Soto 1551,cliente1551@email.com,Barcelona,2032-09-27,google,False
1552,Pablo Díaz 1552,cliente1552@email.com,Valencia,2032-09-30,facebook,False
1553,Sara Vega 1553,cliente1553@email.com,Sevilla,2032-10-03,organico,False
1554,Ana García 1554,cliente1554@email.com,Bilbao,2032-10-06,referido,True
1555,Luis Martín 1555,cliente1555@email.com,Madrid,2032-10-09,email,False
1556,Eva López 1556,cliente1556@email.com,Barcelona,2032-10-12,google,False
1557,Carlos Ruiz 1557,cliente1557@email.com,Valencia,2032-10-15,facebook,False
1558,Marta Soto 1558,cliente1558@email.com,Sevilla,2032-10-18,organico,False
1559,Pablo Díaz 1559,cliente1559@email.com,Bilbao,2032-10-21,referido,False
1560,Sara Vega 1560,cliente1560@email.com,Madrid,2032-10-24,email,False
1561,Ana García 1561,cliente1561@email.com,Barcelona,2032-10-27,google,True
1562,Luis Martín 1562,cliente1562@email.com,Valencia,2032-10-30,facebook,False
1563,Eva López 1563,cliente1563@email.com,Sevilla,2032-11-02,organico,False
1564,Carlos Ruiz 1564,cliente1564@email.com,Bilbao,2032-11-05,referido,False
1565,Marta Soto 1565,cliente1565@email.com,Madrid,2032-11-08,email,False
1566,Pablo Díaz 1566,cliente1566@email.com,Barcelona,2032-11-11,google,False
1567,Sara Vega 1567,cliente1567@email.com,Valencia,2032-11-14,facebook,False
1568,Ana García 1568,cliente1568@email.com,Sevilla,2032-11-17,organico,True
1569,Luis Martín 1569,cliente1569@email.com,Bilbao,2032-11-20,referido,False
1570,Eva López 1570,cliente1570@email.com,Madrid,2032-11-23,email,False
1571,Carlos Ruiz 1571,cliente1571@email.com,Barcelona,2032-11-26,google,False
1572,Marta Soto 1572,cliente1572@email.com,Valencia,2032-11-29,facebook,False
1573,Pablo Díaz 1573,cliente1573@email.com,Sevilla,2032-12-02,organico,False
1574,Sara Vega 1574,cliente1574@email.com,Bilbao,2032-12-05,referido,False
1575,Ana García 1575,cliente1575@email.com,Madrid,2032-12-08,email,True
1576,Luis Martín 1576,cliente1576@email.com,Barcelona,2032-12-11,google,False
1577,Eva López 1577,cliente1577@email.com,Valencia,2032-12-14,facebook,False
1578,Carlos Ruiz 1578,cliente1578@email.com,Sevilla,2032-12-17,organico,False
1579,Marta Soto 1579,cliente1579@email.com,Bilbao,2032-12-20,referido,False
1580,Pablo Díaz 1580,cliente1580@email.com,Madrid,2032-12-23,email,False
1581,Sara Vega 1581,cliente1581@email.com,Barcelona,2032-12-26,google,False
1582,Ana García 1582,cliente1582@email.com,Valencia,2032-12-29,facebook,True
1583,Luis Martín 1583,cliente1583@email.com,Sevilla,2033-01-01,organico,False
1584,Eva López 1584,cliente1584@email.com,Bilbao,2033-01-04,referido,False
1585,Carlos Ruiz 1585,cliente1585@email.com,Madrid,2033-01-07,email,False
1586,Marta Soto 1586,cliente1586@email.com,Barcelona,2033-01-10,google,False
1587,Pablo Díaz 1587,cliente1587@email.com,Valencia,2033-01-13,facebook,False
1588,Sara Vega 1588,cliente1588@email.com,Sevilla,2033-01-16,organico,False
1589,Ana García 1589,cliente1589@email.com,Bilbao,2033-01-19,referido,True
1590,Luis Martín 1590,cliente1590@email.com,Madrid,2033-01-22,email,False
1591,Eva López 1591,cliente1591@email.com,Barcelona,2033-01-25,google,False
1592,Carlos Ruiz 1592,cliente1592@email.com,Valencia,2033-01-28,facebook,False
1593,Marta Soto 1593,cliente1593@email.com,Sevilla,2033-01-31,organico,False
1594,Pablo Díaz 1594,cliente1594@email.com,Bilbao,2033-02-03,referido,False
1595,Sara Vega 1595,cliente1595@email.com,Madrid,2033-02-06,email,False
1596,Ana García 1596,cliente1596@email.com,Barcelona,2033-02-09,google,True
1597,Luis Martín 1597,cliente1597@email.com,Valencia,2033-02-12,facebook,False
1598,Eva López 1598,cliente1598@email.com,Sevilla,2033-02-15,organico,False
1599,Carlos Ruiz 1599,cliente1599@email.com,Bilbao,2033-02-18,referido,False
1600,Marta Soto 1600,cliente1600@email.com,Madrid,2033-02-21,email,False
1601,Pablo Díaz 1601,cliente1601@email.com,Barcelona,2033-02-24,google,False
1602,Sara Vega 1602,cliente1602@email.com,Valencia,2033-02-27,facebook,False
1603,Ana García 1603,cliente1603@email.com,Sevilla,2033-03-02,organico,True
1604,Luis Martín 1604,cliente1604@email.com,Bilbao,2033-03-05,referido,False
1605,Eva López 1605,cliente1605@email.com,Madrid,2033-03-08,email,False
1606,Carlos Ruiz 1606,cliente1606@email.com,Barcelona,2033-03-11,google,False
1607,Marta Soto 1607,cliente1607@email.com,Valencia,2033-03-14,facebook,False
1608,Pablo Díaz 1608,cliente1608@email.com,Sevilla,2033-03-17,organico,False
1609,Sara Vega 1609,cliente1609@email.com,Bilbao,2033-03-20,referido,False
1610,Ana García 1610,cliente1610@email.com,Madrid,2033-03-23,email,True
1611,Luis Martín 1611,cliente1611@email.com,Barcelona,2033-03-26,google,False
1612,Eva López 1612,cliente1612@email.com,Valencia,2033-03-29,facebook,False
1613,Carlos Ruiz 1613,cliente1613@email.com,Sevilla,2033-04-01,organico,False
1614,Marta Soto 1614,cliente1614@email.com,Bilbao,2033-04-04,referido,False
1615,Pablo Díaz 1615,cliente1615@email.com,Madrid,2033-04-07,email,False
1616,Sara Vega 1616,cliente1616@email.com,Barcelona,2033-04-10,google,False
1617,Ana García 1617,cliente1617@email.com,Valencia,2033-04-13,facebook,True
1618,Luis Martín 1618,cliente1618@email.com,Sevilla,2033-04-16,organico,False
1619,Eva López 1619,cliente1619@email.com,Bilbao,2033-04-19,referido,False
1620,Carlos Ruiz 1620,cliente1620@email.com,Madrid,2033-04-22,email,False
1621,Marta Soto 1621,cliente1621@email.com,Barcelona,2033-04-25,google,False
1622,Pablo Díaz 1622,cliente1622@email.com,Valencia,2033-04-28,facebook,False
1623,Sara Vega 1623,cliente1623@email.com,Sevilla,2033-05-01,organico,False
1624,Ana García 1624,cliente1624@email.com,Bilbao,2033-05-04,referido,True
1625,Luis Martín 1625,cliente1625@email.com,Madrid,2033-05-07,email,False
1626,Eva López 1626,cliente1626@email.com,Barcelona,2033-05-10,google,False
1627,Carlos Ruiz 1627,cliente1627@email.com,Valencia,2033-05-13,facebook,False
1628,Marta Soto 1628,cliente1628@email.com,Sevilla,2033-05-16,organico,False
1629,Pablo Díaz 1629,cliente1629@email.com,Bilbao,2033-05-19,referido,False
1630,Sara Vega 1630,cliente1630@email.com,Madrid,2033-05-22,email,False
1631,Ana García 1631,cliente1631@email.com,Barcelona,2033-05-25,google,True
1632,Luis Martín 1632,cliente1632@email.com,Valencia,2033-05-28,facebook,False
1633,Eva López 1633,cliente1633@email.com,Sevilla,2033-05-31,organico,False
1634,Carlos Ruiz 1634,cliente1634@email.com,Bilbao,2033-06-03,referido,False
1635,Marta Soto 1635,cliente1635@email.com,Madrid,2033-06-06,email,False
1636,Pablo Díaz 1636,cliente1636@email.com,Barcelona,2033-06-09,google,False
1637,Sara Vega 1637,cliente1637@email.com,Valencia,2033-06-12,facebook,False
1638,Ana García 1638,cliente1638@email.com,Sevilla,2033-06-15,organico,True
1639,Luis Martín 1639,cliente1639@email.com,Bilbao,2033-06-18,referido,False
1640,Eva López 1640,cliente1640@email.com,Madrid,2033-06-21,email,False
1641,Carlos Ruiz 1641,cliente1641@email.com,Barcelona,2033-06-24,google,False
1642,Marta Soto 1642,cliente1642@email.com,Valencia,2033-06-27,facebook,False
1643,Pablo Díaz 1643,cliente1643@email.com,Sevilla,2033-06-30,organico,False
1644,Sara Vega 1644,cliente1644@email.com,Bilbao,2033-07-03,referido,False
1645,Ana García 1645,cliente1645@email.com,Madrid,2033-07-06,email,True
1646,Luis Martín 1646,cliente1646@email.com,Barcelona,2033-07-09,google,False
1647,Eva López 1647,cliente1647@email.com,Valencia,2033-07-12,facebook,False
1648,Carlos Ruiz 1648,cliente1648@email.com,Sevilla,2033-07-15,organico,False
1649,Marta Soto 1649,cliente1649@email.com,Bilbao,2033-07-18,referido,False
1650,Pablo Díaz 1650,cliente1650@email.com,Madrid,2033-07-21,email,False
1651,Sara Vega 1651,cliente1651@email.com,Barcelona,2033-07-24,google,False
1652,Ana García 1652,cliente1652@email.com,Valencia,2033-07-27,facebook,True
1653,Luis Martín 1653,cliente1653@email.com,Sevilla,2033-07-30,organico,False
1654,Eva López 1654,cliente1654@email.com,Bilbao,2033-08-02,referido,False
1655,Carlos Ruiz 1655,cliente1655@email.com,Madrid,2033-08-05,email,False
1656,Marta Soto 1656,cliente1656@email.com,Barcelona,2033-08-08,google,False
1657,Pablo Díaz 1657,cliente1657@email.com,Valencia,2033-08-11,facebook,False
1658,Sara Vega 1658,cliente1658@email.com,Sevilla,2033-08-14,organico,False
1659,Ana García 1659,cliente1659@email.com,Bilbao,2033-08-17,referido,True
1660,Luis Martín 1660,cliente1660@email.com,Madrid,2033-08-20,email,False
1661,Eva López 1661,cliente1661@email.com,Barcelona,2033-08-23,google,False
1662,Carlos Ruiz 1662,cliente1662@email.com,Valencia,2033-08-26,facebook,False
1663,Marta Soto 1663,cliente1663@email.com,Sevilla,2033-08-29,organico,False
1664,Pablo Díaz 1664,cliente1664@email.com,Bilbao,2033-09-01,referido,False
1665,Sara Vega 1665,cliente1665@email.com,Madrid,2033-09-04,email,False
1666,Ana García 1666,cliente1666@email.com,Barcelona,2033-09-07,google,True
1667,Luis Martín 1667,cliente1667@email.com,Valencia,2033-09-10,facebook,False
1668,Eva López 1668,cliente1668@email.com,Sevilla,2033-09-13,organico,False
1669,Carlos Ruiz 1669,cliente1669@email.com,Bilbao,2033-09-16,referido,False
1670,Marta Soto 1670,cliente1670@email.com,Madrid,2033-09-19,email,False
1671,Pablo Díaz 1671,cliente1671@email.com,Barcelona,2033-09-22,google,False
1672,Sara Vega 1672,cliente1672@email.com,Valencia,2033-09-25,facebook,False
1673,Ana García 1673,cliente1673@email.com,Sevilla,2033-09-28,organico,True
1674,Luis Martín 1674,cliente1674@email.com,Bilbao,2033-10-01,referido,False
1675,Eva López 1675,cliente1675@email.com,Madrid,2033-10-04,email,False
1676,Carlos Ruiz 1676,cliente1676@email.com,Barcelona,2033-10-07,google,False
1677,Marta Soto 1677,cliente1677@email.com,Valencia,2033-10-10,facebook,False
1678,Pablo Díaz 1678,cliente1678@email.com,Sevilla,2033-10-13,organico,False
1679,Sara Vega 1679,cliente1679@email.com,Bilbao,2033-10-16,referido,False
1680,Ana García 1680,cliente1680@email.com,Madrid,2033-10-19,email,True
1681,Luis Martín 1681,cliente1681@email.com,Barcelona,2033-10-22,google,False
1682,Eva López 1682,cliente1682@email.com,Valencia,2033-10-25,facebook,False
1683,Carlos Ruiz 1683,cliente1683@email.com,Sevilla,2033-10-28,organico,False
1684,Marta Soto 1684,cliente1684@email.com,Bilbao,2033-10-31,referido,False
1685,Pablo Díaz 1685,cliente1685@email.com,Madrid,2033-11-03,email,False
1686,Sara Vega 1686,cliente1686@email.com,Barcelona,2033-11-06,google,False
1687,Ana García 1687,cliente1687@email.com,Valencia,2033-11-09,facebook,True
1688,Luis Martín 1688,cliente1688@email.com,Sevilla,2033-11-12,organico,False
1689,Eva López 1689,cliente1689@email.com,Bilbao,2033-11-15,referido,False
1690,Carlos Ruiz 1690,cliente1690@email.com,Madrid,2033-11-18,email,False
1691,Marta Soto 1691,cliente1691@email.com,Barcelona,2033-11-21,google,False
1692,Pablo Díaz 1692,cliente1692@email.com,Valencia,2033-11-24,facebook,False
1693,Sara Vega 1693,cliente1693@email.com,Sevilla,2033-11-27,organico,False
1694,Ana García 1694,cliente1694@email.com,Bilbao,2033-11-30,referido,True
1695,Luis Martín 1695,cliente1695@email.com,Madrid,2033-12-03,email,False
1696,Eva López 1696,cliente1696@email.com,Barcelona,2033-12-06,google,False
1697,Carlos Ruiz 1697,cliente1697@email.com,Valencia,2033-12-09,facebook,False
1698,Marta Soto 1698,cliente1698@email.com,Sevilla,2033-12-12,organico,False
1699,Pablo Díaz 1699,cliente1699@email.com,Bilbao,2033-12-15,referido,False
1700,Sara Vega 1700,cliente1700@email.com,Madrid,2033-12-18,email,False
1701,Ana García 1701,cliente1701@email.com,Barcelona,2033-12-21,google,True
1702,Luis Martín 1702,cliente1702@email.com,Valencia,2033-12-24,facebook,False
1703,Eva López 1703,cliente1703@email.com,Sevilla,2033-12-27,organico,False
1704,Carlos Ruiz 1704,cliente1704@email.com,Bilbao,2033-12-30,referido,False
1705,Marta Soto 1705,cliente1705@email.com,Madrid,2034-01-02,email,False
1706,Pablo Díaz 1706,cliente1706@email.com,Barcelona,2034-01-05,google,False
1707,Sara Vega 1707,cliente1707@email.com,Valencia,2034-01-08,facebook,False
1708,Ana García 1708,cliente1708@email.com,Sevilla,2034-01-11,organico,True
1709,Luis Martín 1709,cliente1709@email.com,Bilbao,2034-01-14,referido,False
1710,Eva López 1710,cliente1710@email.com,Madrid,2034-01-17,email,False
1711,Carlos Ruiz 1711,cliente1711@email.com,Barcelona,2034-01-20,google,False
1712,Marta Soto 1712,cliente1712@email.com,Valencia,2034-01-23,facebook,False
1713,Pablo Díaz 1713,cliente1713@email.com,Sevilla,2034-01-26,organico,False
1714,Sara Vega 1714,cliente1714@email.com,Bilbao,2034-01-29,referido,False
1715,Ana García 1715,cliente1715@email.com,Madrid,2034-02-01,email,True
1716,Luis Martín 1716,cliente1716@email.com,Barcelona,2034-02-04,google,False
1717,Eva López 1717,cliente1717@email.com,Valencia,2034-02-07,facebook,False
1718,Carlos Ruiz 1718,cliente1718@email.com,Sevilla,2034-02-10,organico,False
1719,Marta Soto 1719,cliente1719@email.com,Bilbao,2034-02-13,referido,False
1720,Pablo Díaz 1720,cliente1720@email.com,Madrid,2034-02-16,email,False
1721,Sara Vega 1721,cliente1721@email.com,Barcelona,2034-02-19,google,False
1722,Ana García 1722,cliente1722@email.com,Valencia,2034-02-22,facebook,True
1723,Luis Martín 1723,cliente1723@email.com,Sevilla,2034-02-25,organico,False
1724,Eva López 1724,cliente1724@email.com,Bilbao,2034-02-28,referido,False
1725,Carlos Ruiz 1725,cliente1725@email.com,Madrid,2034-03-03,email,False
1726,Marta Soto 1726,cliente1726@email.com,Barcelona,2034-03-06,google,False
1727,Pablo Díaz 1727,cliente1727@email.com,Valencia,2034-03-09,facebook,False
1728,Sara Vega 1728,cliente1728@email.com,Sevilla,2034-03-12,organico,False
1729,Ana García 1729,cliente1729@email.com,Bilbao,2034-03-15,referido,True
1730,Luis Martín 1730,cliente1730@email.com,Madrid,2034-03-18,email,False
1731,Eva López 1731,cliente1731@email.com,Barcelona,2034-03-21,google,False
1732,Carlos Ruiz 1732,cliente1732@email.com,Valencia,2034-03-24,facebook,False
1733,Marta Soto 1733,cliente1733@email.com,Sevilla,2034-03-27,organico,False
1734,Pablo Díaz 1734,cliente1734@email.com,Bilbao,2034-03-30,referido,False
1735,Sara Vega 1735,cliente1735@email.com,Madrid,2034-04-02,email,False
1736,Ana García 1736,cliente1736@email.com,Barcelona,2034-04-05,google,True
1737,Luis Martín 1737,cliente1737@email.com,Valencia,2034-04-08,facebook,False
1738,Eva López 1738,cliente1738@email.com,Sevilla,2034-04-11,organico,False
1739,Carlos Ruiz 1739,cliente1739@email.com,Bilbao,2034-04-14,referido,False
1740,Marta Soto 1740,cliente1740@email.com,Madrid,2034-04-17,email,False
1741,Pablo Díaz 1741,cliente1741@email.com,Barcelona,2034-04-20,google,False
1742,Sara Vega 1742,cliente1742@email.com,Valencia,2034-04-23,facebook,False
1743,Ana García 1743,cliente1743@email.com,Sevilla,2034-04-26,organico,True
1744,Luis Martín 1744,cliente1744@email.com,Bilbao,2034-04-29,referido,False
1745,Eva López 1745,cliente1745@email.com,Madrid,2034-05-02,email,False
1746,Carlos Ruiz 1746,cliente1746@email.com,Barcelona,2034-05-05,google,False
1747,Marta Soto 1747,cliente1747@email.com,Valencia,2034-05-08,facebook,False
1748,Pablo Díaz 1748,cliente1748@email.com,Sevilla,2034-05-11,organico,False
1749,Sara Vega 1749,cliente1749@email.com,Bilbao,2034-05-14,referido,False
1750,Ana García 1750,cliente1750@email.com,Madrid,2034-05-17,email,True
1751,Luis Martín 1751,cliente1751@email.com,Barcelona,2034-05-20,google,False
1752,Eva López 1752,cliente1752@email.com,Valencia,2034-05-23,facebook,False
1753,Carlos Ruiz 1753,cliente1753@email.com,Sevilla,2034-05-26,organico,False
1754,Marta Soto 1754,cliente1754@email.com,Bilbao,2034-05-29,referido,False
1755,Pablo Díaz 1755,cliente1755@email.com,Madrid,2034-06-01,email,False
1756,Sara Vega 1756,cliente1756@email.com,Barcelona,2034-06-04,google,False
1757,Ana García 1757,cliente1757@email.com,Valencia,2034-06-07,facebook,True
1758,Luis Martín 1758,cliente1758@email.com,Sevilla,2034-06-10,organico,False
1759,Eva López 1759,cliente1759@email.com,Bilbao,2034-06-13,referido,False
1760,Carlos Ruiz 1760,cliente1760@email.com,Madrid,2034-06-16,email,False
1761,Marta Soto 1761,cliente1761@email.com,Barcelona,2034-06-19,google,False
1762,Pablo Díaz 1762,cliente1762@email.com,Valencia,2034-06-22,facebook,False
1763,Sara Vega 1763,cliente1763@email.com,Sevilla,2034-06-25,organico,False
1764,Ana García 1764,cliente1764@email.com,Bilbao,2034-06-28,referido,True
1765,Luis Martín 1765,cliente1765@email.com,Madrid,2034-07-01,email,False
1766,Eva López 1766,cliente1766@email.com,Barcelona,2034-07-04,google,False
1767,Carlos Ruiz 1767,cliente1767@email.com,Valencia,2034-07-07,facebook,False
1768,Marta Soto 1768,cliente1768@email.com,Sevilla,2034-07-10,organico,False
1769,Pablo Díaz 1769,cliente1769@email.com,Bilbao,2034-07-13,referido,False
1770,Sara Vega 1770,cliente1770@email.com,Madrid,2034-07-16,email,False
1771,Ana García 1771,cliente1771@email.com,Barcelona,2034-07-19,google,True
1772,Luis Martín 1772,cliente1772@email.com,Valencia,2034-07-22,facebook,False
1773,Eva López 1773,cliente1773@email.com,Sevilla,2034-07-25,organico,False
1774,Carlos Ruiz 1774,cliente1774@email.com,Bilbao,2034-07-28,referido,False
1775,Marta Soto 1775,cliente1775@email.com,Madrid,2034-07-31,email,False
1776,Pablo Díaz 1776,cliente1776@email.com,Barcelona,2034-08-03,google,False
1777,Sara Vega 1777,cliente1777@email.com,Valencia,2034-08-06,facebook,False
1778,Ana García 1778,cliente1778@email.com,Sevilla,2034-08-09,organico,True
1779,Luis Martín 1779,cliente1779@email.com,Bilbao,2034-08-12,referido,False
1780,Eva López 1780,cliente1780@email.com,Madrid,2034-08-15,email,False
1781,Carlos Ruiz 1781,cliente1781@email.com,Barcelona,2034-08-18,google,False
1782,Marta Soto 1782,cliente1782@email.com,Valencia,2034-08-21,facebook,False
1783,Pablo Díaz 1783,cliente1783@email.com,Sevilla,2034-08-24,organico,False
1784,Sara Vega 1784,cliente1784@email.com,Bilbao,2034-08-27,referido,False
1785,Ana García 1785,cliente1785@email.com,Madrid,2034-08-30,email,True
1786,Luis Martín 1786,cliente1786@email.com,Barcelona,2034-09-02,google,False
1787,Eva López 1787,cliente1787@email.com,Valencia,2034-09-05,facebook,False
1788,Carlos Ruiz 1788,cliente1788@email.com,Sevilla,2034-09-08,organico,False
1789,Marta Soto 1789,cliente1789@email.com,Bilbao,2034-09-11,referido,False
1790,Pablo Díaz 1790,cliente1790@email.com,Madrid,2034-09-14,email,False
1791,Sara Vega 1791,cliente1791@email.com,Barcelona,2034-09-17,google,False
1792,Ana García 1792,cliente1792@email.com,Valencia,2034-09-20,facebook,True
1793,Luis Martín 1793,cliente1793@email.com,Sevilla,2034-09-23,organico,False
1794,Eva López 1794,cliente1794@email.com,Bilbao,2034-09-26,referido,False
1795,Carlos Ruiz 1795,cliente1795@email.com,Madrid,2034-09-29,email,False
1796,Marta Soto 1796,cliente1796@email.com,Barcelona,2034-10-02,google,False
1797,Pablo Díaz 1797,cliente1797@email.com,Valencia,2034-10-05,facebook,False
1798,Sara Vega 1798,cliente1798@email.com,Sevilla,2034-10-08,organico,False
1799,Ana García 1799,cliente1799@email.com,Bilbao,2034-10-11,referido,True
1800,Luis Martín 1800,cliente1800@email.com,Madrid,2034-10-14,email,False
1801,Eva López 1801,cliente1801@email.com,Barcelona,2034-10-17,google,False
1802,Carlos Ruiz 1802,cliente1802@email.com,Valencia,2034-10-20,facebook,False
1803,Marta Soto 1803,cliente1803@email.com,Sevilla,2034-10-23,organico,False
1804,Pablo Díaz 1804,cliente1804@email.com,Bilbao,2034-10-26,referido,False
1805,Sara Vega 1805,cliente1805@email.com,Madrid,2034-10-29,email,False
1806,Ana García 1806,cliente1806@email.com,Barcelona,2034-11-01,google,True
1807,Luis Martín 1807,cliente1807@email.com,Valencia,2034-11-04,facebook,False
1808,Eva López 1808,cliente1808@email.com,Sevilla,2034-11-07,organico,False
1809,Carlos Ruiz 1809,cliente1809@email.com,Bilbao,2034-11-10,referido,False
1810,Marta Soto 1810,cliente1810@email.com,Madrid,2034-11-13,email,False
1811,Pablo Díaz 1811,cliente1811@email.com,Barcelona,2034-11-16,google,False
1812,Sara Vega 1812,cliente1812@email.com,Valencia,2034-11-19,facebook,False
1813,Ana García 1813,cliente1813@email.com,Sevilla,2034-11-22,organico,True
1814,Luis Martín 1814,cliente1814@email.com,Bilbao,2034-11-25,referido,False
1815,Eva López 1815,cliente1815@email.com,Madrid,2034-11-28,email,False
1816,Carlos Ruiz 1816,cliente1816@email.com,Barcelona,2034-12-01,google,False
1817,Marta Soto 1817,cliente1817@email.com,Valencia,2034-12-04,facebook,False
1818,Pablo Díaz 1818,cliente1818@email.com,Sevilla,2034-12-07,organico,False
1819,Sara Vega 1819,cliente1819@email.com,Bilbao,2034-12-10,referido,False
1820,Ana García 1820,cliente1820@email.com,Madrid,2034-12-13,email,True
1821,Luis Martín 1821,cliente1821@email.com,Barcelona,2034-12-16,google,False
1822,Eva López 1822,cliente1822@email.com,Valencia,2034-12-19,facebook,False
1823,Carlos Ruiz 1823,cliente1823@email.com,Sevilla,2034-12-22,organico,False
1824,Marta Soto 1824,cliente1824@email.com,Bilbao,2034-12-25,referido,False
1825,Pablo Díaz 1825,cliente1825@email.com,Madrid,2034-12-28,email,False
1826,Sara Vega 1826,cliente1826@email.com,Barcelona,2034-12-31,google,False
1827,Ana García 1827,cliente1827@email.com,Valencia,2035-01-03,facebook,True
1828,Luis Martín 1828,cliente1828@email.com,Sevilla,2035-01-06,organico,False
1829,Eva López 1829,cliente1829@email.com,Bilbao,2035-01-09,referido,False
1830,Carlos Ruiz 1830,cliente1830@email.com,Madrid,2035-01-12,email,False
1831,Marta Soto 1831,cliente1831@email.com,Barcelona,2035-01-15,google,False
1832,Pablo Díaz 1832,cliente1832@email.com,Valencia,2035-01-18,facebook,False
1833,Sara Vega 1833,cliente1833@email.com,Sevilla,2035-01-21,organico,False
1834,Ana García 1834,cliente1834@email.com,Bilbao,2035-01-24,referido,True
1835,Luis Martín 1835,cliente1835@email.com,Madrid,2035-01-27,email,False
1836,Eva López 1836,cliente1836@email.com,Barcelona,2035-01-30,google,False
1837,Carlos Ruiz 1837,cliente1837@email.com,Valencia,2035-02-02,facebook,False
1838,Marta Soto 1838,cliente1838@email.com,Sevilla,2035-02-05,organico,False
1839,Pablo Díaz 1839,cliente1839@email.com,Bilbao,2035-02-08,referido,False
1840,Sara Vega 1840,cliente1840@email.com,Madrid,2035-02-11,email,False
1841,Ana García 1841,cliente1841@email.com,Barcelona,2035-02-14,google,True
1842,Luis Martín 1842,cliente1842@email.com,Valencia,2035-02-17,facebook,False
1843,Eva López 1843,cliente1843@email.com,Sevilla,2035-02-20,organico,False
1844,Carlos Ruiz 1844,cliente1844@email.com,Bilbao,2035-02-23,referido,False
1845,Marta Soto 1845,cliente1845@email.com,Madrid,2035-02-26,email,False
1846,Pablo Díaz 1846,cliente1846@email.com,Barcelona,2035-03-01,google,False
1847,Sara Vega 1847,cliente1847@email.com,Valencia,2035-03-04,facebook,False
1848,Ana García 1848,cliente1848@email.com,Sevilla,2035-03-07,organico,True
1849,Luis Martín 1849,cliente1849@email.com,Bilbao,2035-03-10,referido,False
1850,Eva López 1850,cliente1850@email.com,Madrid,2035-03-13,email,False
1851,Carlos Ruiz 1851,cliente1851@email.com,Barcelona,2035-03-16,google,False
1852,Marta Soto 1852,cliente1852@email.com,Valencia,2035-03-19,facebook,False
1853,Pablo Díaz 1853,cliente1853@email.com,Sevilla,2035-03-22,organico,False
1854,Sara Vega 1854,cliente1854@email.com,Bilbao,2035-03-25,referido,False
1855,Ana García 1855,cliente1855@email.com,Madrid,2035-03-28,email,True
1856,Luis Martín 1856,cliente1856@email.com,Barcelona,2035-03-31,google,False
1857,Eva López 1857,cliente1857@email.com,Valencia,2035-04-03,facebook,False
1858,Carlos Ruiz 1858,cliente1858@email.com,Sevilla,2035-04-06,organico,False
1859,Marta Soto 1859,cliente1859@email.com,Bilbao,2035-04-09,referido,False
1860,Pablo Díaz 1860,cliente1860@email.com,Madrid,2035-04-12,email,False
1861,Sara Vega 1861,cliente1861@email.com,Barcelona,2035-04-15,google,False
1862,Ana García 1862,cliente1862@email.com,Valencia,2035-04-18,facebook,True
1863,Luis Martín 1863,cliente1863@email.com,Sevilla,2035-04-21,organico,False
1864,Eva López 1864,cliente1864@email.com,Bilbao,2035-04-24,referido,False
1865,Carlos Ruiz 1865,cliente1865@email.com,Madrid,2035-04-27,email,False
1866,Marta Soto 1866,cliente1866@email.com,Barcelona,2035-04-30,google,False
1867,Pablo Díaz 1867,cliente1867@email.com,Valencia,2035-05-03,facebook,False
1868,Sara Vega 1868,cliente1868@email.com,Sevilla,2035-05-06,organico,False
1869,Ana García 1869,cliente1869@email.com,Bilbao,2035-05-09,referido,True
1870,Luis Martín 1870,cliente1870@email.com,Madrid,2035-05-12,email,False
1871,Eva López 1871,cliente1871@email.com,Barcelona,2035-05-15,google,False
1872,Carlos Ruiz 1872,cliente1872@email.com,Valencia,2035-05-18,facebook,False
1873,Marta Soto 1873,cliente1873@email.com,Sevilla,2035-05-21,organico,False
1874,Pablo Díaz 1874,cliente1874@email.com,Bilbao,2035-05-24,referido,False
1875,Sara Vega 1875,cliente1875@email.com,Madrid,2035-05-27,email,False
1876,Ana García 1876,cliente1876@email.com,Barcelona,2035-05-30,google,True
1877,Luis Martín 1877,cliente1877@email.com,Valencia,2035-06-02,facebook,False
1878,Eva López 1878,cliente1878@email.com,Sevilla,2035-06-05,organico,False
1879,Carlos Ruiz 1879,cliente1879@email.com,Bilbao,2035-06-08,referido,False
1880,Marta Soto 1880,cliente1880@email.com,Madrid,2035-06-11,email,False
1881,Pablo Díaz 1881,cliente1881@email.com,Barcelona,2035-06-14,google,False
1882,Sara Vega 1882,cliente1882@email.com,Valencia,2035-06-17,facebook,False
1883,Ana García 1883,cliente1883@email.com,Sevilla,2035-06-20,organico,True
1884,Luis Martín 1884,cliente1884@email.com,Bilbao,2035-06-23,referido,False
1885,Eva López 1885,cliente1885@email.com,Madrid,2035-06-26,email,False
1886,Carlos Ruiz 1886,cliente1886@email.com,Barcelona,2035-06-29,google,False
1887,Marta Soto 1887,cliente1887@email.com,Valencia,2035-07-02,facebook,False
1888,Pablo Díaz 1888,cliente1888@email.com,Sevilla,2035-07-05,organico,False
1889,Sara Vega 1889,cliente1889@email.com,Bilbao,2035-07-08,referido,False
1890,Ana García 1890,cliente1890@email.com,Madrid,2035-07-11,email,True
1891,Luis Martín 1891,cliente1891@email.com,Barcelona,2035-07-14,google,False
1892,Eva López 1892,cliente1892@email.com,Valencia,2035-07-17,facebook,False
1893,Carlos Ruiz 1893,cliente1893@email.com,Sevilla,2035-07-20,organico,False
1894,Marta Soto 1894,cliente1894@email.com,Bilbao,2035-07-23,referido,False
1895,Pablo Díaz 1895,cliente1895@email.com,Madrid,2035-07-26,email,False
1896,Sara Vega 1896,cliente1896@email.com,Barcelona,2035-07-29,google,False
1897,Ana García 1897,cliente1897@email.com,Valencia,2035-08-01,facebook,True
1898,Luis Martín 1898,cliente1898@email.com,Sevilla,2035-08-04,organico,False
1899,Eva López 1899,cliente1899@email.com,Bilbao,2035-08-07,referido,False
1900,Carlos Ruiz 1900,cliente1900@email.com,Madrid,2035-08-10,email,False
1901,Marta Soto 1901,cliente1901@email.com,Barcelona,2035-08-13,google,False
1902,Pablo Díaz 1902,cliente1902@email.com,Valencia,2035-08-16,facebook,False
1903,Sara Vega 1903,cliente1903@email.com,Sevilla,2035-08-19,organico,False
1904,Ana García 1904,cliente1904@email.com,Bilbao,2035-08-22,referido,True
1905,Luis Martín 1905,cliente1905@email.com,Madrid,2035-08-25,email,False
1906,Eva López 1906,cliente1906@email.com,Barcelona,2035-08-28,google,False
1907,Carlos Ruiz 1907,cliente1907@email.com,Valencia,2035-08-31,facebook,False
1908,Marta Soto 1908,cliente1908@email.com,Sevilla,2035-09-03,organico,False
1909,Pablo Díaz 1909,cliente1909@email.com,Bilbao,2035-09-06,referido,False
1910,Sara Vega 1910,cliente1910@email.com,Madrid,2035-09-09,email,False
1911,Ana García 1911,cliente1911@email.com,Barcelona,2035-09-12,google,True
1912,Luis Martín 1912,cliente1912@email.com,Valencia,2035-09-15,facebook,False
1913,Eva López 1913,cliente1913@email.com,Sevilla,2035-09-18,organico,False
1914,Carlos Ruiz 1914,cliente1914@email.com,Bilbao,2035-09-21,referido,False
1915,Marta Soto 1915,cliente1915@email.com,Madrid,2035-09-24,email,False
1916,Pablo Díaz 1916,cliente1916@email.com,Barcelona,2035-09-27,google,False
1917,Sara Vega 1917,cliente1917@email.com,Valencia,2035-09-30,facebook,False
1918,Ana García 1918,cliente1918@email.com,Sevilla,2035-10-03,organico,True
1919,Luis Martín 1919,cliente1919@email.com,Bilbao,2035-10-06,referido,False
1920,Eva López 1920,cliente1920@email.com,Madrid,2035-10-09,email,False
1921,Carlos Ruiz 1921,cliente1921@email.com,Barcelona,2035-10-12,google,False
1922,Marta Soto 1922,cliente1922@email.com,Valencia,2035-10-15,facebook,False
1923,Pablo Díaz 1923,cliente1923@email.com,Sevilla,2035-10-18,organico,False
1924,Sara Vega 1924,cliente1924@email.com,Bilbao,2035-10-21,referido,False
1925,Ana García 1925,cliente1925@email.com,Madrid,2035-10-24,email,True
1926,Luis Martín 1926,cliente1926@email.com,Barcelona,2035-10-27,google,False
1927,Eva López 1927,cliente1927@email.com,Valencia,2035-10-30,facebook,False
1928,Carlos Ruiz 1928,cliente1928@email.com,Sevilla,2035-11-02,organico,False
1929,Marta Soto 1929,cliente1929@email.com,Bilbao,2035-11-05,referido,False
1930,Pablo Díaz 1930,cliente1930@email.com,Madrid,2035-11-08,email,False
1931,Sara Vega 1931,cliente1931@email.com,Barcelona,2035-11-11,google,False
1932,Ana García 1932,cliente1932@email.com,Valencia,2035-11-14,facebook,True
1933,Luis Martín 1933,cliente1933@email.com,Sevilla,2035-11-17,organico,False
1934,Eva López 1934,cliente1934@email.com,Bilbao,2035-11-20,referido,False
1935,Carlos Ruiz 1935,cliente1935@email.com,Madrid,2035-11-23,email,False
1936,Marta Soto 1936,cliente1936@email.com,Barcelona,2035-11-26,google,False
1937,Pablo Díaz 1937,cliente1937@email.com,Valencia,2035-11-29,facebook,False
1938,Sara Vega 1938,cliente1938@email.com,Sevilla,2035-12-02,organico,False
1939,Ana García 1939,cliente1939@email.com,Bilbao,2035-12-05,referido,True
1940,Luis Martín 1940,cliente1940@email.com,Madrid,2035-12-08,email,False
1941,Eva López 1941,cliente1941@email.com,Barcelona,2035-12-11,google,False
1942,Carlos Ruiz 1942,cliente1942@email.com,Valencia,2035-12-14,facebook,False
1943,Marta Soto 1943,cliente1943@email.com,Sevilla,2035-12-17,organico,False
1944,Pablo Díaz 1944,cliente1944@email.com,Bilbao,2035-12-20,referido,False
1945,Sara Vega 1945,cliente1945@email.com,Madrid,2035-12-23,email,False
1946,Ana García 1946,cliente1946@email.com,Barcelona,2035-12-26,google,True
1947,Luis Martín 1947,cliente1947@email.com,Valencia,2035-12-29,facebook,False
1948,Eva López 1948,cliente1948@email.com,Sevilla,2036-01-01,organico,False
1949,Carlos Ruiz 1949,cliente1949@email.com,Bilbao,2036-01-04,referido,False
1950,Marta Soto 1950,cliente1950@email.com,Madrid,2036-01-07,email,False
1951,Pablo Díaz 1951,cliente1951@email.com,Barcelona,2036-01-10,google,False
1952,Sara Vega 1952,cliente1952@email.com,Valencia,2036-01-13,facebook,False
1953,Ana García 1953,cliente1953@email.com,Sevilla,2036-01-16,organico,True
1954,Luis Martín 1954,cliente1954@email.com,Bilbao,2036-01-19,referido,False
1955,Eva López 1955,cliente1955@email.com,Madrid,2036-01-22,email,False
1956,Carlos Ruiz 1956,cliente1956@email.com,Barcelona,2036-01-25,google,False
1957,Marta Soto 1957,cliente1957@email.com,Valencia,2036-01-28,facebook,False
1958,Pablo Díaz 1958,cliente1958@email.com,Sevilla,2036-01-31,organico,False
1959,Sara Vega 1959,cliente1959@email.com,Bilbao,2036-02-03,referido,False
1960,Ana García 1960,cliente1960@email.com,Madrid,2036-02-06,email,True
1961,Luis Martín 1961,cliente1961@email.com,Barcelona,2036-02-09,google,False
1962,Eva López 1962,cliente1962@email.com,Valencia,2036-02-12,facebook,False
1963,Carlos Ruiz 1963,cliente1963@email.com,Sevilla,2036-02-15,organico,False
1964,Marta Soto 1964,cliente1964@email.com,Bilbao,2036-02-18,referido,False
1965,Pablo Díaz 1965,cliente1965@email.com,Madrid,2036-02-21,email,False
1966,Sara Vega 1966,cliente1966@email.com,Barcelona,2036-02-24,google,False
1967,Ana García 1967,cliente1967@email.com,Valencia,2036-02-27,facebook,True
1968,Luis Martín 1968,cliente1968@email.com,Sevilla,2036-03-01,organico,False
1969,Eva López 1969,cliente1969@email.com,Bilbao,2036-03-04,referido,False
1970,Carlos Ruiz 1970,cliente1970@email.com,Madrid,2036-03-07,email,False
1971,Marta Soto 1971,cliente1971@email.com,Barcelona,2036-03-10,google,False
1972,Pablo Díaz 1972,cliente1972@email.com,Valencia,2036-03-13,facebook,False
1973,Sara Vega 1973,cliente1973@email.com,Sevilla,2036-03-16,organico,False
1974,Ana García 1974,cliente1974@email.com,Bilbao,2036-03-19,referido,True
1975,Luis Martín 1975,cliente1975@email.com,Madrid,2036-03-22,email,False
1976,Eva López 1976,cliente1976@email.com,Barcelona,2036-03-25,google,False
1977,Carlos Ruiz 1977,cliente1977@email.com,Valencia,2036-03-28,facebook,False
1978,Marta Soto 1978,cliente1978@email.com,Sevilla,2036-03-31,organico,False
1979,Pablo Díaz 1979,cliente1979@email.com,Bilbao,2036-04-03,referido,False
1980,Sara Vega 1980,cliente1980@email.com,Madrid,2036-04-06,email,False
1981,Ana García 1981,cliente1981@email.com,Barcelona,2036-04-09,google,True
1982,Luis Martín 1982,cliente1982@email.com,Valencia,2036-04-12,facebook,False
1983,Eva López 1983,cliente1983@email.com,Sevilla,2036-04-15,organico,False
1984,Carlos Ruiz 1984,cliente1984@email.com,Bilbao,2036-04-18,referido,False
1985,Marta Soto 1985,cliente1985@email.com,Madrid,2036-04-21,email,False
1986,Pablo Díaz 1986,cliente1986@email.com,Barcelona,2036-04-24,google,False
1987,Sara Vega 1987,cliente1987@email.com,Valencia,2036-04-27,facebook,False
1988,Ana García 1988,cliente1988@email.com,Sevilla,2036-04-30,organico,True
1989,Luis Martín 1989,cliente1989@email.com,Bilbao,2036-05-03,referido,False
1990,Eva López 1990,cliente1990@email.com,Madrid,2036-05-06,email,False
1991,Carlos Ruiz 1991,cliente1991@email.com,Barcelona,2036-05-09,google,False
1992,Marta Soto 1992,cliente1992@email.com,Valencia,2036-05-12,facebook,False
1993,Pablo Díaz 1993,cliente1993@email.com,Sevilla,2036-05-15,organico,False
1994,Sara Vega 1994,cliente1994@email.com,Bilbao,2036-05-18,referido,False
1995,Ana García 1995,cliente1995@email.com,Madrid,2036-05-21,email,True
1996,Luis Martín 1996,cliente1996@email.com,Barcelona,2036-05-24,google,False
1997,Eva López 1997,cliente1997@email.com,Valencia,2036-05-27,facebook,False
1998,Carlos Ruiz 1998,cliente1998@email.com,Sevilla,2036-05-30,organico,False
1999,Marta Soto 1999,cliente1999@email.com,Bilbao,2036-06-02,referido,False
2000,Pablo Díaz 2000,cliente2000@email.com,Madrid,2036-06-05,email,False
2001,Sara Vega 2001,cliente2001@email.com,Barcelona,2036-06-08,google,False
2002,Ana García 2002,cliente2002@email.com,Valencia,2036-06-11,facebook,True
2003,Luis Martín 2003,cliente2003@email.com,Sevilla,2036-06-14,organico,False
2004,Eva López 2004,cliente2004@email.com,Bilbao,2036-06-17,referido,False
2005,Carlos Ruiz 2005,cliente2005@email.com,Madrid,2036-06-20,email,False
2006,Marta Soto 2006,cliente2006@email.com,Barcelona,2036-06-23,google,False
2007,Pablo Díaz 2007,cliente2007@email.com,Valencia,2036-06-26,facebook,False
2008,Sara Vega 2008,cliente2008@email.com,Sevilla,2036-06-29,organico,False
2009,Ana García 2009,cliente2009@email.com,Bilbao,2036-07-02,referido,True
2010,Luis Martín 2010,cliente2010@email.com,Madrid,2036-07-05,email,False
2011,Eva López 2011,cliente2011@email.com,Barcelona,2036-07-08,google,False
2012,Carlos Ruiz 2012,cliente2012@email.com,Valencia,2036-07-11,facebook,False
2013,Marta Soto 2013,cliente2013@email.com,Sevilla,2036-07-14,organico,False
2014,Pablo Díaz 2014,cliente2014@email.com,Bilbao,2036-07-17,referido,False
2015,Sara Vega 2015,cliente2015@email.com,Madrid,2036-07-20,email,False
2016,Ana García 2016,cliente2016@email.com,Barcelona,2036-07-23,google,True
2017,Luis Martín 2017,cliente2017@email.com,Valencia,2036-07-26,facebook,False
2018,Eva López 2018,cliente2018@email.com,Sevilla,2036-07-29,organico,False
2019,Carlos Ruiz 2019,cliente2019@email.com,Bilbao,2036-08-01,referido,False
2020,Marta Soto 2020,cliente2020@email.com,Madrid,2036-08-04,email,False
2021,Pablo Díaz 2021,cliente2021@email.com,Barcelona,2036-08-07,google,False
2022,Sara Vega 2022,cliente2022@email.com,Valencia,2036-08-10,facebook,False
2023,Ana García 2023,cliente2023@email.com,Sevilla,2036-08-13,organico,True
2024,Luis Martín 2024,cliente2024@email.com,Bilbao,2036-08-16,referido,False
2025,Eva López 2025,cliente2025@email.com,Madrid,2036-08-19,email,False
2026,Carlos Ruiz 2026,cliente2026@email.com,Barcelona,2036-08-22,google,False
2027,Marta Soto 2027,cliente2027@email.com,Valencia,2036-08-25,facebook,False
2028,Pablo Díaz 2028,cliente2028@email.com,Sevilla,2036-08-28,organico,False
2029,Sara Vega 2029,cliente2029@email.com,Bilbao,2036-08-31,referido,False
2030,Ana García 2030,cliente2030@email.com,Madrid,2036-09-03,email,True
2031,Luis Martín 2031,cliente2031@email.com,Barcelona,2036-09-06,google,False
2032,Eva López 2032,cliente2032@email.com,Valencia,2036-09-09,facebook,False
2033,Carlos Ruiz 2033,cliente2033@email.com,Sevilla,2036-09-12,organico,False
2034,Marta Soto 2034,cliente2034@email.com,Bilbao,2036-09-15,referido,False
2035,Pablo Díaz 2035,cliente2035@email.com,Madrid,2036-09-18,email,False
2036,Sara Vega 2036,cliente2036@email.com,Barcelona,2036-09-21,google,False
2037,Ana García 2037,cliente2037@email.com,Valencia,2036-09-24,facebook,True
2038,Luis Martín 2038,cliente2038@email.com,Sevilla,2036-09-27,organico,False
2039,Eva López 2039,cliente2039@email.com,Bilbao,2036-09-30,referido,False
2040,Carlos Ruiz 2040,cliente2040@email.com,Madrid,2036-10-03,email,False
2041,Marta Soto 2041,cliente2041@email.com,Barcelona,2036-10-06,google,False
2042,Pablo Díaz 2042,cliente2042@email.com,Valencia,2036-10-09,facebook,False
2043,Sara Vega 2043,cliente2043@email.com,Sevilla,2036-10-12,organico,False
2044,Ana García 2044,cliente2044@email.com,Bilbao,2036-10-15,referido,True
2045,Luis Martín 2045,cliente2045@email.com,Madrid,2036-10-18,email,False
2046,Eva López 2046,cliente2046@email.com,Barcelona,2036-10-21,google,False
2047,Carlos Ruiz 2047,cliente2047@email.com,Valencia,2036-10-24,facebook,False
2048,Marta Soto 2048,cliente2048@email.com,Sevilla,2036-10-27,organico,False
2049,Pablo Díaz 2049,cliente2049@email.com,Bilbao,2036-10-30,referido,False
2050,Sara Vega 2050,cliente2050@email.com,Madrid,2036-11-02,email,False
2051,Ana García 2051,cliente2051@email.com,Barcelona,2036-11-05,google,True
2052,Luis Martín 2052,cliente2052@email.com,Valencia,2036-11-08,facebook,False
2053,Eva López 2053,cliente2053@email.com,Sevilla,2036-11-11,organico,False
2054,Carlos Ruiz 2054,cliente2054@email.com,Bilbao,2036-11-14,referido,False
2055,Marta Soto 2055,cliente2055@email.com,Madrid,2036-11-17,email,False
2056,Pablo Díaz 2056,cliente2056@email.com,Barcelona,2036-11-20,google,False
2057,Sara Vega 2057,cliente2057@email.com,Valencia,2036-11-23,facebook,False
2058,Ana García 2058,cliente2058@email.com,Sevilla,2036-11-26,organico,True
2059,Luis Martín 2059,cliente2059@email.com,Bilbao,2036-11-29,referido,False
2060,Eva López 2060,cliente2060@email.com,Madrid,2036-12-02,email,False
2061,Carlos Ruiz 2061,cliente2061@email.com,Barcelona,2036-12-05,google,False
2062,Marta Soto 2062,cliente2062@email.com,Valencia,2036-12-08,facebook,False
2063,Pablo Díaz 2063,cliente2063@email.com,Sevilla,2036-12-11,organico,False
2064,Sara Vega 2064,cliente2064@email.com,Bilbao,2036-12-14,referido,False
2065,Ana García 2065,cliente2065@email.com,Madrid,2036-12-17,email,True
2066,Luis Martín 2066,cliente2066@email.com,Barcelona,2036-12-20,google,False
2067,Eva López 2067,cliente2067@email.com,Valencia,2036-12-23,facebook,False
2068,Carlos Ruiz 2068,cliente2068@email.com,Sevilla,2036-12-26,organico,False
2069,Marta Soto 2069,cliente2069@email.com,Bilbao,2036-12-29,referido,False
2070,Pablo Díaz 2070,cliente2070@email.com,Madrid,2037-01-01,email,False
2071,Sara Vega 2071,cliente2071@email.com,Barcelona,2037-01-04,google,False
2072,Ana García 2072,cliente2072@email.com,Valencia,2037-01-07,facebook,True
2073,Luis Martín 2073,cliente2073@email.com,Sevilla,2037-01-10,organico,False
2074,Eva López 2074,cliente2074@email.com,Bilbao,2037-01-13,referido,False
2075,Carlos Ruiz 2075,cliente2075@email.com,Madrid,2037-01-16,email,False
2076,Marta Soto 2076,cliente2076@email.com,Barcelona,2037-01-19,google,False
2077,Pablo Díaz 2077,cliente2077@email.com,Valencia,2037-01-22,facebook,False
2078,Sara Vega 2078,cliente2078@email.com,Sevilla,2037-01-25,organico,False
2079,Ana García 2079,cliente2079@email.com,Bilbao,2037-01-28,referido,True
2080,Luis Martín 2080,cliente2080@email.com,Madrid,2037-01-31,email,False
2081,Eva López 2081,cliente2081@email.com,Barcelona,2037-02-03,google,False
2082,Carlos Ruiz 2082,cliente2082@email.com,Valencia,2037-02-06,facebook,False
2083,Marta Soto 2083,cliente2083@email.com,Sevilla,2037-02-09,organico,False
2084,Pablo Díaz 2084,cliente2084@email.com,Bilbao,2037-02-12,referido,False
2085,Sara Vega 2085,cliente2085@email.com,Madrid,2037-02-15,email,False
2086,Ana García 2086,cliente2086@email.com,Barcelona,2037-02-18,google,True
2087,Luis Martín 2087,cliente2087@email.com,Valencia,2037-02-21,facebook,False
2088,Eva López 2088,cliente2088@email.com,Sevilla,2037-02-24,organico,False
2089,Carlos Ruiz 2089,cliente2089@email.com,Bilbao,2037-02-27,referido,False
2090,Marta Soto 2090,cliente2090@email.com,Madrid,2037-03-02,email,False
2091,Pablo Díaz 2091,cliente2091@email.com,Barcelona,2037-03-05,google,False
2092,Sara Vega 2092,cliente2092@email.com,Valencia,2037-03-08,facebook,False
2093,Ana García 2093,cliente2093@email.com,Sevilla,2037-03-11,organico,True
2094,Luis Martín 2094,cliente2094@email.com,Bilbao,2037-03-14,referido,False
2095,Eva López 2095,cliente2095@email.com,Madrid,2037-03-17,email,False
2096,Carlos Ruiz 2096,cliente2096@email.com,Barcelona,2037-03-20,google,False
2097,Marta Soto 2097,cliente2097@email.com,Valencia,2037-03-23,facebook,False
2098,Pablo Díaz 2098,cliente2098@email.com,Sevilla,2037-03-26,organico,False
2099,Sara Vega 2099,cliente2099@email.com,Bilbao,2037-03-29,referido,False
2100,Ana García 2100,cliente2100@email.com,Madrid,2037-04-01,email,True
2101,Luis Martín 2101,cliente2101@email.com,Barcelona,2037-04-04,google,False
2102,Eva López 2102,cliente2102@email.com,Valencia,2037-04-07,facebook,False
2103,Carlos Ruiz 2103,cliente2103@email.com,Sevilla,2037-04-10,organico,False
2104,Marta Soto 2104,cliente2104@email.com,Bilbao,2037-04-13,referido,False
2105,Pablo Díaz 2105,cliente2105@email.com,Madrid,2037-04-16,email,False
2106,Sara Vega 2106,cliente2106@email.com,Barcelona,2037-04-19,google,False
2107,Ana García 2107,cliente2107@email.com,Valencia,2037-04-22,facebook,True
2108,Luis Martín 2108,cliente2108@email.com,Sevilla,2037-04-25,organico,False
2109,Eva López 2109,cliente2109@email.com,Bilbao,2037-04-28,referido,False
2110,Carlos Ruiz 2110,cliente2110@email.com,Madrid,2037-05-01,email,False
2111,Marta Soto 2111,cliente2111@email.com,Barcelona,2037-05-04,google,False
2112,Pablo Díaz 2112,cliente2112@email.com,Valencia,2037-05-07,facebook,False
2113,Sara Vega 2113,cliente2113@email.com,Sevilla,2037-05-10,organico,False
2114,Ana García 2114,cliente2114@email.com,Bilbao,2037-05-13,referido,True
2115,Luis Martín 2115,cliente2115@email.com,Madrid,2037-05-16,email,False
2116,Eva López 2116,cliente2116@email.com,Barcelona,2037-05-19,google,False
2117,Carlos Ruiz 2117,cliente2117@email.com,Valencia,2037-05-22,facebook,False
2118,Marta Soto 2118,cliente2118@email.com,Sevilla,2037-05-25,organico,False
2119,Pablo Díaz 2119,cliente2119@email.com,Bilbao,2037-05-28,referido,False
2120,Sara Vega 2120,cliente2120@email.com,Madrid,2037-05-31,email,False
2121,Ana García 2121,cliente2121@email.com,Barcelona,2037-06-03,google,True
2122,Luis Martín 2122,cliente2122@email.com,Valencia,2037-06-06,facebook,False
2123,Eva López 2123,cliente2123@email.com,Sevilla,2037-06-09,organico,False
2124,Carlos Ruiz 2124,cliente2124@email.com,Bilbao,2037-06-12,referido,False
2125,Marta Soto 2125,cliente2125@email.com,Madrid,2037-06-15,email,False
2126,Pablo Díaz 2126,cliente2126@email.com,Barcelona,2037-06-18,google,False
2127,Sara Vega 2127,cliente2127@email.com,Valencia,2037-06-21,facebook,False
2128,Ana García 2128,cliente2128@email.com,Sevilla,2037-06-24,organico,True
2129,Luis Martín 2129,cliente2129@email.com,Bilbao,2037-06-27,referido,False
2130,Eva López 2130,cliente2130@email.com,Madrid,2037-06-30,email,False
2131,Carlos Ruiz 2131,cliente2131@email.com,Barcelona,2037-07-03,google,False
2132,Marta Soto 2132,cliente2132@email.com,Valencia,2037-07-06,facebook,False
2133,Pablo Díaz 2133,cliente2133@email.com,Sevilla,2037-07-09,organico,False
2134,Sara Vega 2134,cliente2134@email.com,Bilbao,2037-07-12,referido,False
2135,Ana García 2135,cliente2135@email.com,Madrid,2037-07-15,email,True
2136,Luis Martín 2136,cliente2136@email.com,Barcelona,2037-07-18,google,False
2137,Eva López 2137,cliente2137@email.com,Valencia,2037-07-21,facebook,False
2138,Carlos Ruiz 2138,cliente2138@email.com,Sevilla,2037-07-24,organico,False
2139,Marta Soto 2139,cliente2139@email.com,Bilbao,2037-07-27,referido,False
2140,Pablo Díaz 2140,cliente2140@email.com,Madrid,2037-07-30,email,False
2141,Sara Vega 2141,cliente2141@email.com,Barcelona,2037-08-02,google,False
2142,Ana García 2142,cliente2142@email.com,Valencia,2037-08-05,facebook,True
2143,Luis Martín 2143,cliente2143@email.com,Sevilla,2037-08-08,organico,False
2144,Eva López 2144,cliente2144@email.com,Bilbao,2037-08-11,referido,False
2145,Carlos Ruiz 2145,cliente2145@email.com,Madrid,2037-08-14,email,False
2146,Marta Soto 2146,cliente2146@email.com,Barcelona,2037-08-17,google,False
2147,Pablo Díaz 2147,cliente2147@email.com,Valencia,2037-08-20,facebook,False
2148,Sara Vega 2148,cliente2148@email.com,Sevilla,2037-08-23,organico,False
2149,Ana García 2149,cliente2149@email.com,Bilbao,2037-08-26,referido,True
2150,Luis Martín 2150,cliente2150@email.com,Madrid,2037-08-29,email,False
2151,Eva López 2151,cliente2151@email.com,Barcelona,2037-09-01,google,False
2152,Carlos Ruiz 2152,cliente2152@email.com,Valencia,2037-09-04,facebook,False
2153,Marta Soto 2153,cliente2153@email.com,Sevilla,2037-09-07,organico,False
2154,Pablo Díaz 2154,cliente2154@email.com,Bilbao,2037-09-10,referido,False
2155,Sara Vega 2155,cliente2155@email.com,Madrid,2037-09-13,email,False
2156,Ana García 2156,cliente2156@email.com,Barcelona,2037-09-16,google,True
2157,Luis Martín 2157,cliente2157@email.com,Valencia,2037-09-19,facebook,False
2158,Eva López 2158,cliente2158@email.com,Sevilla,2037-09-22,organico,False
2159,Carlos Ruiz 2159,cliente2159@email.com,Bilbao,2037-09-25,referido,False
2160,Marta Soto 2160,cliente2160@email.com,Madrid,2037-09-28,email,False
2161,Pablo Díaz 2161,cliente2161@email.com,Barcelona,2037-10-01,google,False
2162,Sara Vega 2162,cliente2162@email.com,Valencia,2037-10-04,facebook,False
2163,Ana García 2163,cliente2163@email.com,Sevilla,2037-10-07,organico,True
2164,Luis Martín 2164,cliente2164@email.com,Bilbao,2037-10-10,referido,False
2165,Eva López 2165,cliente2165@email.com,Madrid,2037-10-13,email,False
2166,Carlos Ruiz 2166,cliente2166@email.com,Barcelona,2037-10-16,google,False
2167,Marta Soto 2167,cliente2167@email.com,Valencia,2037-10-19,facebook,False
2168,Pablo Díaz 2168,cliente2168@email.com,Sevilla,2037-10-22,organico,False
2169,Sara Vega 2169,cliente2169@email.com,Bilbao,2037-10-25,referido,False
2170,Ana García 2170,cliente2170@email.com,Madrid,2037-10-28,email,True
2171,Luis Martín 2171,cliente2171@email.com,Barcelona,2037-10-31,google,False
2172,Eva López 2172,cliente2172@email.com,Valencia,2037-11-03,facebook,False
2173,Carlos Ruiz 2173,cliente2173@email.com,Sevilla,2037-11-06,organico,False
2174,Marta Soto 2174,cliente2174@email.com,Bilbao,2037-11-09,referido,False
2175,Pablo Díaz 2175,cliente2175@email.com,Madrid,2037-11-12,email,False
2176,Sara Vega 2176,cliente2176@email.com,Barcelona,2037-11-15,google,False
2177,Ana García 2177,cliente2177@email.com,Valencia,2037-11-18,facebook,True
2178,Luis Martín 2178,cliente2178@email.com,Sevilla,2037-11-21,organico,False
2179,Eva López 2179,cliente2179@email.com,Bilbao,2037-11-24,referido,False
2180,Carlos Ruiz 2180,cliente2180@email.com,Madrid,2037-11-27,email,False
2181,Marta Soto 2181,cliente2181@email.com,Barcelona,2037-11-30,google,False
2182,Pablo Díaz 2182,cliente2182@email.com,Valencia,2037-12-03,facebook,False
2183,Sara Vega 2183,cliente2183@email.com,Sevilla,2037-12-06,organico,False
2184,Ana García 2184,cliente2184@email.com,Bilbao,2037-12-09,referido,True
2185,Luis Martín 2185,cliente2185@email.com,Madrid,2037-12-12,email,False
2186,Eva López 2186,cliente2186@email.com,Barcelona,2037-12-15,google,False
2187,Carlos Ruiz 2187,cliente2187@email.com,Valencia,2037-12-18,facebook,False
2188,Marta Soto 2188,cliente2188@email.com,Sevilla,2037-12-21,organico,False
2189,Pablo Díaz 2189,cliente2189@email.com,Bilbao,2037-12-24,referido,False
2190,Sara Vega 2190,cliente2190@email.com,Madrid,2037-12-27,email,False
2191,Ana García 2191,cliente2191@email.com,Barcelona,2037-12-30,google,True
2192,Luis Martín 2192,cliente2192@email.com,Valencia,2038-01-02,facebook,False
2193,Eva López 2193,cliente2193@email.com,Sevilla,2038-01-05,organico,False
2194,Carlos Ruiz 2194,cliente2194@email.com,Bilbao,2038-01-08,referido,False
2195,Marta Soto 2195,cliente2195@email.com,Madrid,2038-01-11,email,False
2196,Pablo Díaz 2196,cliente2196@email.com,Barcelona,2038-01-14,google,False
2197,Sara Vega 2197,cliente2197@email.com,Valencia,2038-01-17,facebook,False
2198,Ana García 2198,cliente2198@email.com,Sevilla,2038-01-20,organico,True
2199,Luis Martín 2199,cliente2199@email.com,Bilbao,2038-01-23,referido,False
2200,Eva López 2200,cliente2200@email.com,Madrid,2038-01-26,email,False
2201,Carlos Ruiz 2201,cliente2201@email.com,Barcelona,2038-01-29,google,False
2202,Marta Soto 2202,cliente2202@email.com,Valencia,2038-02-01,facebook,False
2203,Pablo Díaz 2203,cliente2203@email.com,Sevilla,2038-02-04,organico,False
2204,Sara Vega 2204,cliente2204@email.com,Bilbao,2038-02-07,referido,False
2205,Ana García 2205,cliente2205@email.com,Madrid,2038-02-10,email,True
2206,Luis Martín 2206,cliente2206@email.com,Barcelona,2038-02-13,google,False
2207,Eva López 2207,cliente2207@email.com,Valencia,2038-02-16,facebook,False
2208,Carlos Ruiz 2208,cliente2208@email.com,Sevilla,2038-02-19,organico,False
2209,Marta Soto 2209,cliente2209@email.com,Bilbao,2038-02-22,referido,False
2210,Pablo Díaz 2210,cliente2210@email.com,Madrid,2038-02-25,email,False
2211,Sara Vega 2211,cliente2211@email.com,Barcelona,2038-02-28,google,False
2212,Ana García 2212,cliente2212@email.com,Valencia,2038-03-03,facebook,True
2213,Luis Martín 2213,cliente2213@email.com,Sevilla,2038-03-06,organico,False
2214,Eva López 2214,cliente2214@email.com,Bilbao,2038-03-09,referido,False
2215,Carlos Ruiz 2215,cliente2215@email.com,Madrid,2038-03-12,email,False
2216,Marta Soto 2216,cliente2216@email.com,Barcelona,2038-03-15,google,False
2217,Pablo Díaz 2217,cliente2217@email.com,Valencia,2038-03-18,facebook,False
2218,Sara Vega 2218,cliente2218@email.com,Sevilla,2038-03-21,organico,False
2219,Ana García 2219,cliente2219@email.com,Bilbao,2038-03-24,referido,True
2220,Luis Martín 2220,cliente2220@email.com,Madrid,2038-03-27,email,False
2221,Eva López 2221,cliente2221@email.com,Barcelona,2038-03-30,google,False
2222,Carlos Ruiz 2222,cliente2222@email.com,Valencia,2038-04-02,facebook,False
2223,Marta Soto 2223,cliente2223@email.com,Sevilla,2038-04-05,organico,False
2224,Pablo Díaz 2224,cliente2224@email.com,Bilbao,2038-04-08,referido,False
2225,Sara Vega 2225,cliente2225@email.com,Madrid,2038-04-11,email,False
2226,Ana García 2226,cliente2226@email.com,Barcelona,2038-04-14,google,True
2227,Luis Martín 2227,cliente2227@email.com,Valencia,2038-04-17,facebook,False
2228,Eva López 2228,cliente2228@email.com,Sevilla,2038-04-20,organico,False
2229,Carlos Ruiz 2229,cliente2229@email.com,Bilbao,2038-04-23,referido,False
2230,Marta Soto 2230,cliente2230@email.com,Madrid,2038-04-26,email,False
2231,Pablo Díaz 2231,cliente2231@email.com,Barcelona,2038-04-29,google,False
2232,Sara Vega 2232,cliente2232@email.com,Valencia,2038-05-02,facebook,False
2233,Ana García 2233,cliente2233@email.com,Sevilla,2038-05-05,organico,True
2234,Luis Martín 2234,cliente2234@email.com,Bilbao,2038-05-08,referido,False
2235,Eva López 2235,cliente2235@email.com,Madrid,2038-05-11,email,False
2236,Carlos Ruiz 2236,cliente2236@email.com,Barcelona,2038-05-14,google,False
2237,Marta Soto 2237,cliente2237@email.com,Valencia,2038-05-17,facebook,False
2238,Pablo Díaz 2238,cliente2238@email.com,Sevilla,2038-05-20,organico,False
2239,Sara Vega 2239,cliente2239@email.com,Bilbao,2038-05-23,referido,False
2240,Ana García 2240,cliente2240@email.com,Madrid,2038-05-26,email,True
2241,Luis Martín 2241,cliente2241@email.com,Barcelona,2038-05-29,google,False
2242,Eva López 2242,cliente2242@email.com,Valencia,2038-06-01,facebook,False
2243,Carlos Ruiz 2243,cliente2243@email.com,Sevilla,2038-06-04,organico,False
2244,Marta Soto 2244,cliente2244@email.com,Bilbao,2038-06-07,referido,False
2245,Pablo Díaz 2245,cliente2245@email.com,Madrid,2038-06-10,email,False
2246,Sara Vega 2246,cliente2246@email.com,Barcelona,2038-06-13,google,False
2247,Ana García 2247,cliente2247@email.com,Valencia,2038-06-16,facebook,True
2248,Luis Martín 2248,cliente2248@email.com,Sevilla,2038-06-19,organico,False
2249,Eva López 2249,cliente2249@email.com,Bilbao,2038-06-22,referido,False
2250,Carlos Ruiz 2250,cliente2250@email.com,Madrid,2038-06-25,email,False
2251,Marta Soto 2251,cliente2251@email.com,Barcelona,2038-06-28,google,False
2252,Pablo Díaz 2252,cliente2252@email.com,Valencia,2038-07-01,facebook,False
2253,Sara Vega 2253,cliente2253@email.com,Sevilla,2038-07-04,organico,False
2254,Ana García 2254,cliente2254@email.com,Bilbao,2038-07-07,referido,True
2255,Luis Martín 2255,cliente2255@email.com,Madrid,2038-07-10,email,False
2256,Eva López 2256,cliente2256@email.com,Barcelona,2038-07-13,google,False
2257,Carlos Ruiz 2257,cliente2257@email.com,Valencia,2038-07-16,facebook,False
2258,Marta Soto 2258,cliente2258@email.com,Sevilla,2038-07-19,organico,False
2259,Pablo Díaz 2259,cliente2259@email.com,Bilbao,2038-07-22,referido,False
2260,Sara Vega 2260,cliente2260@email.com,Madrid,2038-07-25,email,False
2261,Ana García 2261,cliente2261@email.com,Barcelona,2038-07-28,google,True
2262,Luis Martín 2262,cliente2262@email.com,Valencia,2038-07-31,facebook,False
2263,Eva López 2263,cliente2263@email.com,Sevilla,2038-08-03,organico,False
2264,Carlos Ruiz 2264,cliente2264@email.com,Bilbao,2038-08-06,referido,False
2265,Marta Soto 2265,cliente2265@email.com,Madrid,2038-08-09,email,False
2266,Pablo Díaz 2266,cliente2266@email.com,Barcelona,2038-08-12,google,False
2267,Sara Vega 2267,cliente2267@email.com,Valencia,2038-08-15,facebook,False
2268,Ana García 2268,cliente2268@email.com,Sevilla,2038-08-18,organico,True
2269,Luis Martín 2269,cliente2269@email.com,Bilbao,2038-08-21,referido,False
2270,Eva López 2270,cliente2270@email.com,Madrid,2038-08-24,email,False
2271,Carlos Ruiz 2271,cliente2271@email.com,Barcelona,2038-08-27,google,False
2272,Marta Soto 2272,cliente2272@email.com,Valencia,2038-08-30,facebook,False
2273,Pablo Díaz 2273,cliente2273@email.com,Sevilla,2038-09-02,organico,False
2274,Sara Vega 2274,cliente2274@email.com,Bilbao,2038-09-05,referido,False
2275,Ana García 2275,cliente2275@email.com,Madrid,2038-09-08,email,True
2276,Luis Martín 2276,cliente2276@email.com,Barcelona,2038-09-11,google,False
2277,Eva López 2277,cliente2277@email.com,Valencia,2038-09-14,facebook,False
2278,Carlos Ruiz 2278,cliente2278@email.com,Sevilla,2038-09-17,organico,False
2279,Marta Soto 2279,cliente2279@email.com,Bilbao,2038-09-20,referido,False
2280,Pablo Díaz 2280,cliente2280@email.com,Madrid,2038-09-23,email,False
2281,Sara Vega 2281,cliente2281@email.com,Barcelona,2038-09-26,google,False
2282,Ana García 2282,cliente2282@email.com,Valencia,2038-09-29,facebook,True
2283,Luis Martín 2283,cliente2283@email.com,Sevilla,2038-10-02,organico,False
2284,Eva López 2284,cliente2284@email.com,Bilbao,2038-10-05,referido,False
2285,Carlos Ruiz 2285,cliente2285@email.com,Madrid,2038-10-08,email,False
2286,Marta Soto 2286,cliente2286@email.com,Barcelona,2038-10-11,google,False
2287,Pablo Díaz 2287,cliente2287@email.com,Valencia,2038-10-14,facebook,False
2288,Sara Vega 2288,cliente2288@email.com,Sevilla,2038-10-17,organico,False
2289,Ana García 2289,cliente2289@email.com,Bilbao,2038-10-20,referido,True
2290,Luis Martín 2290,cliente2290@email.com,Madrid,2038-10-23,email,False
2291,Eva López 2291,cliente2291@email.com,Barcelona,2038-10-26,google,False
2292,Carlos Ruiz 2292,cliente2292@email.com,Valencia,2038-10-29,facebook,False
2293,Marta Soto 2293,cliente2293@email.com,Sevilla,2038-11-01,organico,False
2294,Pablo Díaz 2294,cliente2294@email.com,Bilbao,2038-11-04,referido,False
2295,Sara Vega 2295,cliente2295@email.com,Madrid,2038-11-07,email,False
2296,Ana García 2296,cliente2296@email.com,Barcelona,2038-11-10,google,True
2297,Luis Martín 2297,cliente2297@email.com,Valencia,2038-11-13,facebook,False
2298,Eva López 2298,cliente2298@email.com,Sevilla,2038-11-16,organico,False
2299,Carlos Ruiz 2299,cliente2299@email.com,Bilbao,2038-11-19,referido,False
2300,Marta Soto 2300,cliente2300@email.com,Madrid,2038-11-22,email,False
2301,Pablo Díaz 2301,cliente2301@email.com,Barcelona,2038-11-25,google,False
2302,Sara Vega 2302,cliente2302@email.com,Valencia,2038-11-28,facebook,False
2303,Ana García 2303,cliente2303@email.com,Sevilla,2038-12-01,organico,True
2304,Luis Martín 2304,cliente2304@email.com,Bilbao,2038-12-04,referido,False
2305,Eva López 2305,cliente2305@email.com,Madrid,2038-12-07,email,False
2306,Carlos Ruiz 2306,cliente2306@email.com,Barcelona,2038-12-10,google,False
2307,Marta Soto 2307,cliente2307@email.com,Valencia,2038-12-13,facebook,False
2308,Pablo Díaz 2308,cliente2308@email.com,Sevilla,2038-12-16,organico,False
2309,Sara Vega 2309,cliente2309@email.com,Bilbao,2038-12-19,referido,False
2310,Ana García 2310,cliente2310@email.com,Madrid,2038-12-22,email,True
2311,Luis Martín 2311,cliente2311@email.com,Barcelona,2038-12-25,google,False
2312,Eva López 2312,cliente2312@email.com,Valencia,2038-12-28,facebook,False
2313,Carlos Ruiz 2313,cliente2313@email.com,Sevilla,2038-12-31,organico,False
2314,Marta Soto 2314,cliente2314@email.com,Bilbao,2039-01-03,referido,False
2315,Pablo Díaz 2315,cliente2315@email.com,Madrid,2039-01-06,email,False
2316,Sara Vega 2316,cliente2316@email.com,Barcelona,2039-01-09,google,False
2317,Ana García 2317,cliente2317@email.com,Valencia,2039-01-12,facebook,True
2318,Luis Martín 2318,cliente2318@email.com,Sevilla,2039-01-15,organico,False
2319,Eva López 2319,cliente2319@email.com,Bilbao,2039-01-18,referido,False
2320,Carlos Ruiz 2320,cliente2320@email.com,Madrid,2039-01-21,email,False
2321,Marta Soto 2321,cliente2321@email.com,Barcelona,2039-01-24,google,False
2322,Pablo Díaz 2322,cliente2322@email.com,Valencia,2039-01-27,facebook,False
2323,Sara Vega 2323,cliente2323@email.com,Sevilla,2039-01-30,organico,False
2324,Ana García 2324,cliente2324@email.com,Bilbao,2039-02-02,referido,True
2325,Luis Martín 2325,cliente2325@email.com,Madrid,2039-02-05,email,False
2326,Eva López 2326,cliente2326@email.com,Barcelona,2039-02-08,google,False
2327,Carlos Ruiz 2327,cliente2327@email.com,Valencia,2039-02-11,facebook,False
2328,Marta Soto 2328,cliente2328@email.com,Sevilla,2039-02-14,organico,False
2329,Pablo Díaz 2329,cliente2329@email.com,Bilbao,2039-02-17,referido,False
2330,Sara Vega 2330,cliente2330@email.com,Madrid,2039-02-20,email,False
2331,Ana García 2331,cliente2331@email.com,Barcelona,2039-02-23,google,True
2332,Luis Martín 2332,cliente2332@email.com,Valencia,2039-02-26,facebook,False
2333,Eva López 2333,cliente2333@email.com,Sevilla,2039-03-01,organico,False
2334,Carlos Ruiz 2334,cliente2334@email.com,Bilbao,2039-03-04,referido,False
2335,Marta Soto 2335,cliente2335@email.com,Madrid,2039-03-07,email,False
2336,Pablo Díaz 2336,cliente2336@email.com,Barcelona,2039-03-10,google,False
2337,Sara Vega 2337,cliente2337@email.com,Valencia,2039-03-13,facebook,False
2338,Ana García 2338,cliente2338@email.com,Sevilla,2039-03-16,organico,True
2339,Luis Martín 2339,cliente2339@email.com,Bilbao,2039-03-19,referido,False
2340,Eva López 2340,cliente2340@email.com,Madrid,2039-03-22,email,False
2341,Carlos Ruiz 2341,cliente2341@email.com,Barcelona,2039-03-25,google,False
2342,Marta Soto 2342,cliente2342@email.com,Valencia,2039-03-28,facebook,False
2343,Pablo Díaz 2343,cliente2343@email.com,Sevilla,2039-03-31,organico,False
2344,Sara Vega 2344,cliente2344@email.com,Bilbao,2039-04-03,referido,False
2345,Ana García 2345,cliente2345@email.com,Madrid,2039-04-06,email,True
2346,Luis Martín 2346,cliente2346@email.com,Barcelona,2039-04-09,google,False
2347,Eva López 2347,cliente2347@email.com,Valencia,2039-04-12,facebook,False
2348,Carlos Ruiz 2348,cliente2348@email.com,Sevilla,2039-04-15,organico,False
2349,Marta Soto 2349,cliente2349@email.com,Bilbao,2039-04-18,referido,False
2350,Pablo Díaz 2350,cliente2350@email.com,Madrid,2039-04-21,email,False
2351,Sara Vega 2351,cliente2351@email.com,Barcelona,2039-04-24,google,False
2352,Ana García 2352,cliente2352@email.com,Valencia,2039-04-27,facebook,True
2353,Luis Martín 2353,cliente2353@email.com,Sevilla,2039-04-30,organico,False
2354,Eva López 2354,cliente2354@email.com,Bilbao,2039-05-03,referido,False
2355,Carlos Ruiz 2355,cliente2355@email.com,Madrid,2039-05-06,email,False
2356,Marta Soto 2356,cliente2356@email.com,Barcelona,2039-05-09,google,False
2357,Pablo Díaz 2357,cliente2357@email.com,Valencia,2039-05-12,facebook,False
2358,Sara Vega 2358,cliente2358@email.com,Sevilla,2039-05-15,organico,False
2359,Ana García 2359,cliente2359@email.com,Bilbao,2039-05-18,referido,True
2360,Luis Martín 2360,cliente2360@email.com,Madrid,2039-05-21,email,False
2361,Eva López 2361,cliente2361@email.com,Barcelona,2039-05-24,google,False
2362,Carlos Ruiz 2362,cliente2362@email.com,Valencia,2039-05-27,facebook,False
2363,Marta Soto 2363,cliente2363@email.com,Sevilla,2039-05-30,organico,False
2364,Pablo Díaz 2364,cliente2364@email.com,Bilbao,2039-06-02,referido,False
2365,Sara Vega 2365,cliente2365@email.com,Madrid,2039-06-05,email,False
2366,Ana García 2366,cliente2366@email.com,Barcelona,2039-06-08,google,True
2367,Luis Martín 2367,cliente2367@email.com,Valencia,2039-06-11,facebook,False
2368,Eva López 2368,cliente2368@email.com,Sevilla,2039-06-14,organico,False
2369,Carlos Ruiz 2369,cliente2369@email.com,Bilbao,2039-06-17,referido,False
2370,Marta Soto 2370,cliente2370@email.com,Madrid,2039-06-20,email,False
2371,Pablo Díaz 2371,cliente2371@email.com,Barcelona,2039-06-23,google,False
2372,Sara Vega 2372,cliente2372@email.com,Valencia,2039-06-26,facebook,False
2373,Ana García 2373,cliente2373@email.com,Sevilla,2039-06-29,organico,True
2374,Luis Martín 2374,cliente2374@email.com,Bilbao,2039-07-02,referido,False
2375,Eva López 2375,cliente2375@email.com,Madrid,2039-07-05,email,False
2376,Carlos Ruiz 2376,cliente2376@email.com,Barcelona,2039-07-08,google,False
2377,Marta Soto 2377,cliente2377@email.com,Valencia,2039-07-11,facebook,False
2378,Pablo Díaz 2378,cliente2378@email.com,Sevilla,2039-07-14,organico,False
2379,Sara Vega 2379,cliente2379@email.com,Bilbao,2039-07-17,referido,False
2380,Ana García 2380,cliente2380@email.com,Madrid,2039-07-20,email,True
2381,Luis Martín 2381,cliente2381@email.com,Barcelona,2039-07-23,google,False
2382,Eva López 2382,cliente2382@email.com,Valencia,2039-07-26,facebook,False
2383,Carlos Ruiz 2383,cliente2383@email.com,Sevilla,2039-07-29,organico,False
2384,Marta Soto 2384,cliente2384@email.com,Bilbao,2039-08-01,referido,False
2385,Pablo Díaz 2385,cliente2385@email.com,Madrid,2039-08-04,email,False
2386,Sara Vega 2386,cliente2386@email.com,Barcelona,2039-08-07,google,False
2387,Ana García 2387,cliente2387@email.com,Valencia,2039-08-10,facebook,True
2388,Luis Martín 2388,cliente2388@email.com,Sevilla,2039-08-13,organico,False
2389,Eva López 2389,cliente2389@email.com,Bilbao,2039-08-16,referido,False
2390,Carlos Ruiz 2390,cliente2390@email.com,Madrid,2039-08-19,email,False
2391,Marta Soto 2391,cliente2391@email.com,Barcelona,2039-08-22,google,False
2392,Pablo Díaz 2392,cliente2392@email.com,Valencia,2039-08-25,facebook,False
2393,Sara Vega 2393,cliente2393@email.com,Sevilla,2039-08-28,organico,False
2394,Ana García 2394,cliente2394@email.com,Bilbao,2039-08-31,referido,True
2395,Luis Martín 2395,cliente2395@email.com,Madrid,2039-09-03,email,False
2396,Eva López 2396,cliente2396@email.com,Barcelona,2039-09-06,google,False
2397,Carlos Ruiz 2397,cliente2397@email.com,Valencia,2039-09-09,facebook,False
2398,Marta Soto 2398,cliente2398@email.com,Sevilla,2039-09-12,organico,False
2399,Pablo Díaz 2399,cliente2399@email.com,Bilbao,2039-09-15,referido,False
2400,Sara Vega 2400,cliente2400@email.com,Madrid,2039-09-18,email,False
2401,Ana García 2401,cliente2401@email.com,Barcelona,2039-09-21,google,True
2402,Luis Martín 2402,cliente2402@email.com,Valencia,2039-09-24,facebook,False
2403,Eva López 2403,cliente2403@email.com,Sevilla,2039-09-27,organico,False
2404,Carlos Ruiz 2404,cliente2404@email.com,Bilbao,2039-09-30,referido,False
2405,Marta Soto 2405,cliente2405@email.com,Madrid,2039-10-03,email,False
2406,Pablo Díaz 2406,cliente2406@email.com,Barcelona,2039-10-06,google,False
2407,Sara Vega 2407,cliente2407@email.com,Valencia,2039-10-09,facebook,False
2408,Ana García 2408,cliente2408@email.com,Sevilla,2039-10-12,organico,True
2409,Luis Martín 2409,cliente2409@email.com,Bilbao,2039-10-15,referido,False
2410,Eva López 2410,cliente2410@email.com,Madrid,2039-10-18,email,False
2411,Carlos Ruiz 2411,cliente2411@email.com,Barcelona,2039-10-21,google,False
2412,Marta Soto 2412,cliente2412@email.com,Valencia,2039-10-24,facebook,False
2413,Pablo Díaz 2413,cliente2413@email.com,Sevilla,2039-10-27,organico,False
2414,Sara Vega 2414,cliente2414@email.com,Bilbao,2039-10-30,referido,False
2415,Ana García 2415,cliente2415@email.com,Madrid,2039-11-02,email,True
2416,Luis Martín 2416,cliente2416@email.com,Barcelona,2039-11-05,google,False
2417,Eva López 2417,cliente2417@email.com,Valencia,2039-11-08,facebook,False
2418,Carlos Ruiz 2418,cliente2418@email.com,Sevilla,2039-11-11,organico,False
2419,Marta Soto 2419,cliente2419@email.com,Bilbao,2039-11-14,referido,False
2420,Pablo Díaz 2420,cliente2420@email.com,Madrid,2039-11-17,email,False
2421,Sara Vega 2421,cliente2421@email.com,Barcelona,2039-11-20,google,False
2422,Ana García 2422,cliente2422@email.com,Valencia,2039-11-23,facebook,True
2423,Luis Martín 2423,cliente2423@email.com,Sevilla,2039-11-26,organico,False
2424,Eva López 2424,cliente2424@email.com,Bilbao,2039-11-29,referido,False
2425,Carlos Ruiz 2425,cliente2425@email.com,Madrid,2039-12-02,email,False
2426,Marta Soto 2426,cliente2426@email.com,Barcelona,2039-12-05,google,False
2427,Pablo Díaz 2427,cliente2427@email.com,Valencia,2039-12-08,facebook,False
2428,Sara Vega 2428,cliente2428@email.com,Sevilla,2039-12-11,organico,False
2429,Ana García 2429,cliente2429@email.com,Bilbao,2039-12-14,referido,True
2430,Luis Martín 2430,cliente2430@email.com,Madrid,2039-12-17,email,False
2431,Eva López 2431,cliente2431@email.com,Barcelona,2039-12-20,google,False
2432,Carlos Ruiz 2432,cliente2432@email.com,Valencia,2039-12-23,facebook,False
2433,Marta Soto 2433,cliente2433@email.com,Sevilla,2039-12-26,organico,False
2434,Pablo Díaz 2434,cliente2434@email.com,Bilbao,2039-12-29,referido,False
2435,Sara Vega 2435,cliente2435@email.com,Madrid,2040-01-01,email,False
2436,Ana García 2436,cliente2436@email.com,Barcelona,2040-01-04,google,True
2437,Luis Martín 2437,cliente2437@email.com,Valencia,2040-01-07,facebook,False
2438,Eva López 2438,cliente2438@email.com,Sevilla,2040-01-10,organico,False
2439,Carlos Ruiz 2439,cliente2439@email.com,Bilbao,2040-01-13,referido,False
2440,Marta Soto 2440,cliente2440@email.com,Madrid,2040-01-16,email,False
2441,Pablo Díaz 2441,cliente2441@email.com,Barcelona,2040-01-19,google,False
2442,Sara Vega 2442,cliente2442@email.com,Valencia,2040-01-22,facebook,False
2443,Ana García 2443,cliente2443@email.com,Sevilla,2040-01-25,organico,True
2444,Luis Martín 2444,cliente2444@email.com,Bilbao,2040-01-28,referido,False
2445,Eva López 2445,cliente2445@email.com,Madrid,2040-01-31,email,False
2446,Carlos Ruiz 2446,cliente2446@email.com,Barcelona,2040-02-03,google,False
2447,Marta Soto 2447,cliente2447@email.com,Valencia,2040-02-06,facebook,False
2448,Pablo Díaz 2448,cliente2448@email.com,Sevilla,2040-02-09,organico,False
2449,Sara Vega 2449,cliente2449@email.com,Bilbao,2040-02-12,referido,False
2450,Ana García 2450,cliente2450@email.com,Madrid,2040-02-15,email,True
2451,Luis Martín 2451,cliente2451@email.com,Barcelona,2040-02-18,google,False
2452,Eva López 2452,cliente2452@email.com,Valencia,2040-02-21,facebook,False
2453,Carlos Ruiz 2453,cliente2453@email.com,Sevilla,2040-02-24,organico,False
2454,Marta Soto 2454,cliente2454@email.com,Bilbao,2040-02-27,referido,False
2455,Pablo Díaz 2455,cliente2455@email.com,Madrid,2040-03-01,email,False
2456,Sara Vega 2456,cliente2456@email.com,Barcelona,2040-03-04,google,False
2457,Ana García 2457,cliente2457@email.com,Valencia,2040-03-07,facebook,True
2458,Luis Martín 2458,cliente2458@email.com,Sevilla,2040-03-10,organico,False
2459,Eva López 2459,cliente2459@email.com,Bilbao,2040-03-13,referido,False
2460,Carlos Ruiz 2460,cliente2460@email.com,Madrid,2040-03-16,email,False
2461,Marta Soto 2461,cliente2461@email.com,Barcelona,2040-03-19,google,False
2462,Pablo Díaz 2462,cliente2462@email.com,Valencia,2040-03-22,facebook,False
2463,Sara Vega 2463,cliente2463@email.com,Sevilla,2040-03-25,organico,False
2464,Ana García 2464,cliente2464@email.com,Bilbao,2040-03-28,referido,True
2465,Luis Martín 2465,cliente2465@email.com,Madrid,2040-03-31,email,False
2466,Eva López 2466,cliente2466@email.com,Barcelona,2040-04-03,google,False
2467,Carlos Ruiz 2467,cliente2467@email.com,Valencia,2040-04-06,facebook,False
2468,Marta Soto 2468,cliente2468@email.com,Sevilla,2040-04-09,organico,False
2469,Pablo Díaz 2469,cliente2469@email.com,Bilbao,2040-04-12,referido,False
2470,Sara Vega 2470,cliente2470@email.com,Madrid,2040-04-15,email,False
2471,Ana García 2471,cliente2471@email.com,Barcelona,2040-04-18,google,True
2472,Luis Martín 2472,cliente2472@email.com,Valencia,2040-04-21,facebook,False
2473,Eva López 2473,cliente2473@email.com,Sevilla,2040-04-24,organico,False
2474,Carlos Ruiz 2474,cliente2474@email.com,Bilbao,2040-04-27,referido,False
2475,Marta Soto 2475,cliente2475@email.com,Madrid,2040-04-30,email,False
2476,Pablo Díaz 2476,cliente2476@email.com,Barcelona,2040-05-03,google,False
2477,Sara Vega 2477,cliente2477@email.com,Valencia,2040-05-06,facebook,False
2478,Ana García 2478,cliente2478@email.com,Sevilla,2040-05-09,organico,True
2479,Luis Martín 2479,cliente2479@email.com,Bilbao,2040-05-12,referido,False
2480,Eva López 2480,cliente2480@email.com,Madrid,2040-05-15,email,False
2481,Carlos Ruiz 2481,cliente2481@email.com,Barcelona,2040-05-18,google,False
2482,Marta Soto 2482,cliente2482@email.com,Valencia,2040-05-21,facebook,False
2483,Pablo Díaz 2483,cliente2483@email.com,Sevilla,2040-05-24,organico,False
2484,Sara Vega 2484,cliente2484@email.com,Bilbao,2040-05-27,referido,False
2485,Ana García 2485,cliente2485@email.com,Madrid,2040-05-30,email,True
2486,Luis Martín 2486,cliente2486@email.com,Barcelona,2040-06-02,google,False
2487,Eva López 2487,cliente2487@email.com,Valencia,2040-06-05,facebook,False
2488,Carlos Ruiz 2488,cliente2488@email.com,Sevilla,2040-06-08,organico,False
2489,Marta Soto 2489,cliente2489@email.com,Bilbao,2040-06-11,referido,False
2490,Pablo Díaz 2490,cliente2490@email.com,Madrid,2040-06-14,email,False
2491,Sara Vega 2491,cliente2491@email.com,Barcelona,2040-06-17,google,False
2492,Ana García 2492,cliente2492@email.com,Valencia,2040-06-20,facebook,True
2493,Luis Martín 2493,cliente2493@email.com,Sevilla,2040-06-23,organico,False
2494,Eva López 2494,cliente2494@email.com,Bilbao,2040-06-26,referido,False
2495,Carlos Ruiz 2495,cliente2495@email.com,Madrid,2040-06-29,email,False
2496,Marta Soto 2496,cliente2496@email.com,Barcelona,2040-07-02,google,False
2497,Pablo Díaz 2497,cliente2497@email.com,Valencia,2040-07-05,facebook,False
2498,Sara Vega 2498,cliente2498@email.com,Sevilla,2040-07-08,organico,False
2499,Ana García 2499,cliente2499@email.com,Bilbao,2040-07-11,referido,True
2500,Luis Martín 2500,cliente2500@email.com,Madrid,2040-07-14,email,False
2501,Eva López 2501,cliente2501@email.com,Barcelona,2040-07-17,google,False
2502,Carlos Ruiz 2502,cliente2502@email.com,Valencia,2040-07-20,facebook,False
2503,Marta Soto 2503,cliente2503@email.com,Sevilla,2040-07-23,organico,False
2504,Pablo Díaz 2504,cliente2504@email.com,Bilbao,2040-07-26,referido,False
2505,Sara Vega 2505,cliente2505@email.com,Madrid,2040-07-29,email,False
2506,Ana García 2506,cliente2506@email.com,Barcelona,2040-08-01,google,True
2507,Luis Martín 2507,cliente2507@email.com,Valencia,2040-08-04,facebook,False
2508,Eva López 2508,cliente2508@email.com,Sevilla,2040-08-07,organico,False
2509,Carlos Ruiz 2509,cliente2509@email.com,Bilbao,2040-08-10,referido,False
2510,Marta Soto 2510,cliente2510@email.com,Madrid,2040-08-13,email,False
2511,Pablo Díaz 2511,cliente2511@email.com,Barcelona,2040-08-16,google,False
2512,Sara Vega 2512,cliente2512@email.com,Valencia,2040-08-19,facebook,False
2513,Ana García 2513,cliente2513@email.com,Sevilla,2040-08-22,organico,True
2514,Luis Martín 2514,cliente2514@email.com,Bilbao,2040-08-25,referido,False
2515,Eva López 2515,cliente2515@email.com,Madrid,2040-08-28,email,False
2516,Carlos Ruiz 2516,cliente2516@email.com,Barcelona,2040-08-31,google,False
2517,Marta Soto 2517,cliente2517@email.com,Valencia,2040-09-03,facebook,False
2518,Pablo Díaz 2518,cliente2518@email.com,Sevilla,2040-09-06,organico,False
2519,Sara Vega 2519,cliente2519@email.com,Bilbao,2040-09-09,referido,False
2520,Ana García 2520,cliente2520@email.com,Madrid,2040-09-12,email,True
2521,Luis Martín 2521,cliente2521@email.com,Barcelona,2040-09-15,google,False
2522,Eva López 2522,cliente2522@email.com,Valencia,2040-09-18,facebook,False
2523,Carlos Ruiz 2523,cliente2523@email.com,Sevilla,2040-09-21,organico,False
2524,Marta Soto 2524,cliente2524@email.com,Bilbao,2040-09-24,referido,False
2525,Pablo Díaz 2525,cliente2525@email.com,Madrid,2040-09-27,email,False
2526,Sara Vega 2526,cliente2526@email.com,Barcelona,2040-09-30,google,False
2527,Ana García 2527,cliente2527@email.com,Valencia,2040-10-03,facebook,True
2528,Luis Martín 2528,cliente2528@email.com,Sevilla,2040-10-06,organico,False
2529,Eva López 2529,cliente2529@email.com,Bilbao,2040-10-09,referido,False
2530,Carlos Ruiz 2530,cliente2530@email.com,Madrid,2040-10-12,email,False
2531,Marta Soto 2531,cliente2531@email.com,Barcelona,2040-10-15,google,False
2532,Pablo Díaz 2532,cliente2532@email.com,Valencia,2040-10-18,facebook,False
2533,Sara Vega 2533,cliente2533@email.com,Sevilla,2040-10-21,organico,False
2534,Ana García 2534,cliente2534@email.com,Bilbao,2040-10-24,referido,True
2535,Luis Martín 2535,cliente2535@email.com,Madrid,2040-10-27,email,False
2536,Eva López 2536,cliente2536@email.com,Barcelona,2040-10-30,google,False
2537,Carlos Ruiz 2537,cliente2537@email.com,Valencia,2040-11-02,facebook,False
2538,Marta Soto 2538,cliente2538@email.com,Sevilla,2040-11-05,organico,False
2539,Pablo Díaz 2539,cliente2539@email.com,Bilbao,2040-11-08,referido,False
2540,Sara Vega 2540,cliente2540@email.com,Madrid,2040-11-11,email,False
2541,Ana García 2541,cliente2541@email.com,Barcelona,2040-11-14,google,True
2542,Luis Martín 2542,cliente2542@email.com,Valencia,2040-11-17,facebook,False
2543,Eva López 2543,cliente2543@email.com,Sevilla,2040-11-20,organico,False
2544,Carlos Ruiz 2544,cliente2544@email.com,Bilbao,2040-11-23,referido,False
2545,Marta Soto 2545,cliente2545@email.com,Madrid,2040-11-26,email,False
2546,Pablo Díaz 2546,cliente2546@email.com,Barcelona,2040-11-29,google,False
2547,Sara Vega 2547,cliente2547@email.com,Valencia,2040-12-02,facebook,False
2548,Ana García 2548,cliente2548@email.com,Sevilla,2040-12-05,organico,True
2549,Luis Martín 2549,cliente2549@email.com,Bilbao,2040-12-08,referido,False
2550,Eva López 2550,cliente2550@email.com,Madrid,2040-12-11,email,False
2551,Carlos Ruiz 2551,cliente2551@email.com,Barcelona,2040-12-14,google,False
2552,Marta Soto 2552,cliente2552@email.com,Valencia,2040-12-17,facebook,False
2553,Pablo Díaz 2553,cliente2553@email.com,Sevilla,2040-12-20,organico,False
2554,Sara Vega 2554,cliente2554@email.com,Bilbao,2040-12-23,referido,False
2555,Ana García 2555,cliente2555@email.com,Madrid,2040-12-26,email,True
2556,Luis Martín 2556,cliente2556@email.com,Barcelona,2040-12-29,google,False
2557,Eva López 2557,cliente2557@email.com,Valencia,2041-01-01,facebook,False
2558,Carlos Ruiz 2558,cliente2558@email.com,Sevilla,2041-01-04,organico,False
2559,Marta Soto 2559,cliente2559@email.com,Bilbao,2041-01-07,referido,False
2560,Pablo Díaz 2560,cliente2560@email.com,Madrid,2041-01-10,email,False
2561,Sara Vega 2561,cliente2561@email.com,Barcelona,2041-01-13,google,False
2562,Ana García 2562,cliente2562@email.com,Valencia,2041-01-16,facebook,True
2563,Luis Martín 2563,cliente2563@email.com,Sevilla,2041-01-19,organico,False
2564,Eva López 2564,cliente2564@email.com,Bilbao,2041-01-22,referido,False
2565,Carlos Ruiz 2565,cliente2565@email.com,Madrid,2041-01-25,email,False
2566,Marta Soto 2566,cliente2566@email.com,Barcelona,2041-01-28,google,False
2567,Pablo Díaz 2567,cliente2567@email.com,Valencia,2041-01-31,facebook,False
2568,Sara Vega 2568,cliente2568@email.com,Sevilla,2041-02-03,organico,False
2569,Ana García 2569,cliente2569@email.com,Bilbao,2041-02-06,referido,True
2570,Luis Martín 2570,cliente2570@email.com,Madrid,2041-02-09,email,False
2571,Eva López 2571,cliente2571@email.com,Barcelona,2041-02-12,google,False
2572,Carlos Ruiz 2572,cliente2572@email.com,Valencia,2041-02-15,facebook,False
2573,Marta Soto 2573,cliente2573@email.com,Sevilla,2041-02-18,organico,False
2574,Pablo Díaz 2574,cliente2574@email.com,Bilbao,2041-02-21,referido,False
2575,Sara Vega 2575,cliente2575@email.com,Madrid,2041-02-24,email,False
2576,Ana García 2576,cliente2576@email.com,Barcelona,2041-02-27,google,True
2577,Luis Martín 2577,cliente2577@email.com,Valencia,2041-03-02,facebook,False
2578,Eva López 2578,cliente2578@email.com,Sevilla,2041-03-05,organico,False
2579,Carlos Ruiz 2579,cliente2579@email.com,Bilbao,2041-03-08,referido,False
2580,Marta Soto 2580,cliente2580@email.com,Madrid,2041-03-11,email,False
2581,Pablo Díaz 2581,cliente2581@email.com,Barcelona,2041-03-14,google,False
2582,Sara Vega 2582,cliente2582@email.com,Valencia,2041-03-17,facebook,False
2583,Ana García 2583,cliente2583@email.com,Sevilla,2041-03-20,organico,True
2584,Luis Martín 2584,cliente2584@email.com,Bilbao,2041-03-23,referido,False
2585,Eva López 2585,cliente2585@email.com,Madrid,2041-03-26,email,False
2586,Carlos Ruiz 2586,cliente2586@email.com,Barcelona,2041-03-29,google,False
2587,Marta Soto 2587,cliente2587@email.com,Valencia,2041-04-01,facebook,False
2588,Pablo Díaz 2588,cliente2588@email.com,Sevilla,2041-04-04,organico,False
2589,Sara Vega 2589,cliente2589@email.com,Bilbao,2041-04-07,referido,False
2590,Ana García 2590,cliente2590@email.com,Madrid,2041-04-10,email,True
2591,Luis Martín 2591,cliente2591@email.com,Barcelona,2041-04-13,google,False
2592,Eva López 2592,cliente2592@email.com,Valencia,2041-04-16,facebook,False
2593,Carlos Ruiz 2593,cliente2593@email.com,Sevilla,2041-04-19,organico,False
2594,Marta Soto 2594,cliente2594@email.com,Bilbao,2041-04-22,referido,False
2595,Pablo Díaz 2595,cliente2595@email.com,Madrid,2041-04-25,email,False
2596,Sara Vega 2596,cliente2596@email.com,Barcelona,2041-04-28,google,False
2597,Ana García 2597,cliente2597@email.com,Valencia,2041-05-01,facebook,True
2598,Luis Martín 2598,cliente2598@email.com,Sevilla,2041-05-04,organico,False
2599,Eva López 2599,cliente2599@email.com,Bilbao,2041-05-07,referido,False
2600,Carlos Ruiz 2600,cliente2600@email.com,Madrid,2041-05-10,email,False
2601,Marta Soto 2601,cliente2601@email.com,Barcelona,2041-05-13,google,False
2602,Pablo Díaz 2602,cliente2602@email.com,Valencia,2041-05-16,facebook,False
2603,Sara Vega 2603,cliente2603@email.com,Sevilla,2041-05-19,organico,False
2604,Ana García 2604,cliente2604@email.com,Bilbao,2041-05-22,referido,True
2605,Luis Martín 2605,cliente2605@email.com,Madrid,2041-05-25,email,False
2606,Eva López 2606,cliente2606@email.com,Barcelona,2041-05-28,google,False
2607,Carlos Ruiz 2607,cliente2607@email.com,Valencia,2041-05-31,facebook,False
2608,Marta Soto 2608,cliente2608@email.com,Sevilla,2041-06-03,organico,False
2609,Pablo Díaz 2609,cliente2609@email.com,Bilbao,2041-06-06,referido,False
2610,Sara Vega 2610,cliente2610@email.com,Madrid,2041-06-09,email,False
2611,Ana García 2611,cliente2611@email.com,Barcelona,2041-06-12,google,True
2612,Luis Martín 2612,cliente2612@email.com,Valencia,2041-06-15,facebook,False
2613,Eva López 2613,cliente2613@email.com,Sevilla,2041-06-18,organico,False
2614,Carlos Ruiz 2614,cliente2614@email.com,Bilbao,2041-06-21,referido,False
2615,Marta Soto 2615,cliente2615@email.com,Madrid,2041-06-24,email,False
2616,Pablo Díaz 2616,cliente2616@email.com,Barcelona,2041-06-27,google,False
2617,Sara Vega 2617,cliente2617@email.com,Valencia,2041-06-30,facebook,False
2618,Ana García 2618,cliente2618@email.com,Sevilla,2041-07-03,organico,True
2619,Luis Martín 2619,cliente2619@email.com,Bilbao,2041-07-06,referido,False
2620,Eva López 2620,cliente2620@email.com,Madrid,2041-07-09,email,False
2621,Carlos Ruiz 2621,cliente2621@email.com,Barcelona,2041-07-12,google,False
2622,Marta Soto 2622,cliente2622@email.com,Valencia,2041-07-15,facebook,False
2623,Pablo Díaz 2623,cliente2623@email.com,Sevilla,2041-07-18,organico,False
2624,Sara Vega 2624,cliente2624@email.com,Bilbao,2041-07-21,referido,False
2625,Ana García 2625,cliente2625@email.com,Madrid,2041-07-24,email,True
2626,Luis Martín 2626,cliente2626@email.com,Barcelona,2041-07-27,google,False
2627,Eva López 2627,cliente2627@email.com,Valencia,2041-07-30,facebook,False
2628,Carlos Ruiz 2628,cliente2628@email.com,Sevilla,2041-08-02,organico,False
2629,Marta Soto 2629,cliente2629@email.com,Bilbao,2041-08-05,referido,False
2630,Pablo Díaz 2630,cliente2630@email.com,Madrid,2041-08-08,email,False
2631,Sara Vega 2631,cliente2631@email.com,Barcelona,2041-08-11,google,False
2632,Ana García 2632,cliente2632@email.com,Valencia,2041-08-14,facebook,True
2633,Luis Martín 2633,cliente2633@email.com,Sevilla,2041-08-17,organico,False
2634,Eva López 2634,cliente2634@email.com,Bilbao,2041-08-20,referido,False
2635,Carlos Ruiz 2635,cliente2635@email.com,Madrid,2041-08-23,email,False
2636,Marta Soto 2636,cliente2636@email.com,Barcelona,2041-08-26,google,False
2637,Pablo Díaz 2637,cliente2637@email.com,Valencia,2041-08-29,facebook,False
2638,Sara Vega 2638,cliente2638@email.com,Sevilla,2041-09-01,organico,False
2639,Ana García 2639,cliente2639@email.com,Bilbao,2041-09-04,referido,True
2640,Luis Martín 2640,cliente2640@email.com,Madrid,2041-09-07,email,False
2641,Eva López 2641,cliente2641@email.com,Barcelona,2041-09-10,google,False
2642,Carlos Ruiz 2642,cliente2642@email.com,Valencia,2041-09-13,facebook,False
2643,Marta Soto 2643,cliente2643@email.com,Sevilla,2041-09-16,organico,False
2644,Pablo Díaz 2644,cliente2644@email.com,Bilbao,2041-09-19,referido,False
2645,Sara Vega 2645,cliente2645@email.com,Madrid,2041-09-22,email,False
2646,Ana García 2646,cliente2646@email.com,Barcelona,2041-09-25,google,True
2647,Luis Martín 2647,cliente2647@email.com,Valencia,2041-09-28,facebook,False
2648,Eva López 2648,cliente2648@email.com,Sevilla,2041-10-01,organico,False
2649,Carlos Ruiz 2649,cliente2649@email.com,Bilbao,2041-10-04,referido,False
2650,Marta Soto 2650,cliente2650@email.com,Madrid,2041-10-07,email,False
2651,Pablo Díaz 2651,cliente2651@email.com,Barcelona,2041-10-10,google,False
2652,Sara Vega 2652,cliente2652@email.com,Valencia,2041-10-13,facebook,False
2653,Ana García 2653,cliente2653@email.com,Sevilla,2041-10-16,organico,True
2654,Luis Martín 2654,cliente2654@email.com,Bilbao,2041-10-19,referido,False
2655,Eva López 2655,cliente2655@email.com,Madrid,2041-10-22,email,False
2656,Carlos Ruiz 2656,cliente2656@email.com,Barcelona,2041-10-25,google,False
2657,Marta Soto 2657,cliente2657@email.com,Valencia,2041-10-28,facebook,False
2658,Pablo Díaz 2658,cliente2658@email.com,Sevilla,2041-10-31,organico,False
2659,Sara Vega 2659,cliente2659@email.com,Bilbao,2041-11-03,referido,False
2660,Ana García 2660,cliente2660@email.com,Madrid,2041-11-06,email,True
2661,Luis Martín 2661,cliente2661@email.com,Barcelona,2041-11-09,google,False
2662,Eva López 2662,cliente2662@email.com,Valencia,2041-11-12,facebook,False
2663,Carlos Ruiz 2663,cliente2663@email.com,Sevilla,2041-11-15,organico,False
2664,Marta Soto 2664,cliente2664@email.com,Bilbao,2041-11-18,referido,False
2665,Pablo Díaz 2665,cliente2665@email.com,Madrid,2041-11-21,email,False
2666,Sara Vega 2666,cliente2666@email.com,Barcelona,2041-11-24,google,False
2667,Ana García 2667,cliente2667@email.com,Valencia,2041-11-27,facebook,True
2668,Luis Martín 2668,cliente2668@email.com,Sevilla,2041-11-30,organico,False
2669,Eva López 2669,cliente2669@email.com,Bilbao,2041-12-03,referido,False
2670,Carlos Ruiz 2670,cliente2670@email.com,Madrid,2041-12-06,email,False
2671,Marta Soto 2671,cliente2671@email.com,Barcelona,2041-12-09,google,False
2672,Pablo Díaz 2672,cliente2672@email.com,Valencia,2041-12-12,facebook,False
2673,Sara Vega 2673,cliente2673@email.com,Sevilla,2041-12-15,organico,False
2674,Ana García 2674,cliente2674@email.com,Bilbao,2041-12-18,referido,True
2675,Luis Martín 2675,cliente2675@email.com,Madrid,2041-12-21,email,False
2676,Eva López 2676,cliente2676@email.com,Barcelona,2041-12-24,google,False
2677,Carlos Ruiz 2677,cliente2677@email.com,Valencia,2041-12-27,facebook,False
2678,Marta Soto 2678,cliente2678@email.com,Sevilla,2041-12-30,organico,False
2679,Pablo Díaz 2679,cliente2679@email.com,Bilbao,2042-01-02,referido,False
2680,Sara Vega 2680,cliente2680@email.com,Madrid,2042-01-05,email,False
2681,Ana García 2681,cliente2681@email.com,Barcelona,2042-01-08,google,True
2682,Luis Martín 2682,cliente2682@email.com,Valencia,2042-01-11,facebook,False
2683,Eva López 2683,cliente2683@email.com,Sevilla,2042-01-14,organico,False
2684,Carlos Ruiz 2684,cliente2684@email.com,Bilbao,2042-01-17,referido,False
2685,Marta Soto 2685,cliente2685@email.com,Madrid,2042-01-20,email,False
2686,Pablo Díaz 2686,cliente2686@email.com,Barcelona,2042-01-23,google,False
2687,Sara Vega 2687,cliente2687@email.com,Valencia,2042-01-26,facebook,False
2688,Ana García 2688,cliente2688@email.com,Sevilla,2042-01-29,organico,True
2689,Luis Martín 2689,cliente2689@email.com,Bilbao,2042-02-01,referido,False
2690,Eva López 2690,cliente2690@email.com,Madrid,2042-02-04,email,False
2691,Carlos Ruiz 2691,cliente2691@email.com,Barcelona,2042-02-07,google,False
2692,Marta Soto 2692,cliente2692@email.com,Valencia,2042-02-10,facebook,False
2693,Pablo Díaz 2693,cliente2693@email.com,Sevilla,2042-02-13,organico,False
2694,Sara Vega 2694,cliente2694@email.com,Bilbao,2042-02-16,referido,False
2695,Ana García 2695,cliente2695@email.com,Madrid,2042-02-19,email,True
2696,Luis Martín 2696,cliente2696@email.com,Barcelona,2042-02-22,google,False
2697,Eva López 2697,cliente2697@email.com,Valencia,2042-02-25,facebook,False
2698,Carlos Ruiz 2698,cliente2698@email.com,Sevilla,2042-02-28,organico,False
2699,Marta Soto 2699,cliente2699@email.com,Bilbao,2042-03-03,referido,False
2700,Pablo Díaz 2700,cliente2700@email.com,Madrid,2042-03-06,email,False
2701,Sara Vega 2701,cliente2701@email.com,Barcelona,2042-03-09,google,False
2702,Ana García 2702,cliente2702@email.com,Valencia,2042-03-12,facebook,True
2703,Luis Martín 2703,cliente2703@email.com,Sevilla,2042-03-15,organico,False
2704,Eva López 2704,cliente2704@email.com,Bilbao,2042-03-18,referido,False
2705,Carlos Ruiz 2705,cliente2705@email.com,Madrid,2042-03-21,email,False
2706,Marta Soto 2706,cliente2706@email.com,Barcelona,2042-03-24,google,False
2707,Pablo Díaz 2707,cliente2707@email.com,Valencia,2042-03-27,facebook,False
2708,Sara Vega 2708,cliente2708@email.com,Sevilla,2042-03-30,organico,False
2709,Ana García 2709,cliente2709@email.com,Bilbao,2042-04-02,referido,True
2710,Luis Martín 2710,cliente2710@email.com,Madrid,2042-04-05,email,False
2711,Eva López 2711,cliente2711@email.com,Barcelona,2042-04-08,google,False
2712,Carlos Ruiz 2712,cliente2712@email.com,Valencia,2042-04-11,facebook,False
2713,Marta Soto 2713,cliente2713@email.com,Sevilla,2042-04-14,organico,False
2714,Pablo Díaz 2714,cliente2714@email.com,Bilbao,2042-04-17,referido,False
2715,Sara Vega 2715,cliente2715@email.com,Madrid,2042-04-20,email,False
2716,Ana García 2716,cliente2716@email.com,Barcelona,2042-04-23,google,True
2717,Luis Martín 2717,cliente2717@email.com,Valencia,2042-04-26,facebook,False
2718,Eva López 2718,cliente2718@email.com,Sevilla,2042-04-29,organico,False
2719,Carlos Ruiz 2719,cliente2719@email.com,Bilbao,2042-05-02,referido,False
2720,Marta Soto 2720,cliente2720@email.com,Madrid,2042-05-05,email,False
2721,Pablo Díaz 2721,cliente2721@email.com,Barcelona,2042-05-08,google,False
2722,Sara Vega 2722,cliente2722@email.com,Valencia,2042-05-11,facebook,False
2723,Ana García 2723,cliente2723@email.com,Sevilla,2042-05-14,organico,True
2724,Luis Martín 2724,cliente2724@email.com,Bilbao,2042-05-17,referido,False
2725,Eva López 2725,cliente2725@email.com,Madrid,2042-05-20,email,False
2726,Carlos Ruiz 2726,cliente2726@email.com,Barcelona,2042-05-23,google,False
2727,Marta Soto 2727,cliente2727@email.com,Valencia,2042-05-26,facebook,False
2728,Pablo Díaz 2728,cliente2728@email.com,Sevilla,2042-05-29,organico,False
2729,Sara Vega 2729,cliente2729@email.com,Bilbao,2042-06-01,referido,False
2730,Ana García 2730,cliente2730@email.com,Madrid,2042-06-04,email,True
2731,Luis Martín 2731,cliente2731@email.com,Barcelona,2042-06-07,google,False
2732,Eva López 2732,cliente2732@email.com,Valencia,2042-06-10,facebook,False
2733,Carlos Ruiz 2733,cliente2733@email.com,Sevilla,2042-06-13,organico,False
2734,Marta Soto 2734,cliente2734@email.com,Bilbao,2042-06-16,referido,False
2735,Pablo Díaz 2735,cliente2735@email.com,Madrid,2042-06-19,email,False
2736,Sara Vega 2736,cliente2736@email.com,Barcelona,2042-06-22,google,False
2737,Ana García 2737,cliente2737@email.com,Valencia,2042-06-25,facebook,True
2738,Luis Martín 2738,cliente2738@email.com,Sevilla,2042-06-28,organico,False
2739,Eva López 2739,cliente2739@email.com,Bilbao,2042-07-01,referido,False
2740,Carlos Ruiz 2740,cliente2740@email.com,Madrid,2042-07-04,email,False
2741,Marta Soto 2741,cliente2741@email.com,Barcelona,2042-07-07,google,False
2742,Pablo Díaz 2742,cliente2742@email.com,Valencia,2042-07-10,facebook,False
2743,Sara Vega 2743,cliente2743@email.com,Sevilla,2042-07-13,organico,False
2744,Ana García 2744,cliente2744@email.com,Bilbao,2042-07-16,referido,True
2745,Luis Martín 2745,cliente2745@email.com,Madrid,2042-07-19,email,False
2746,Eva López 2746,cliente2746@email.com,Barcelona,2042-07-22,google,False
2747,Carlos Ruiz 2747,cliente2747@email.com,Valencia,2042-07-25,facebook,False
2748,Marta Soto 2748,cliente2748@email.com,Sevilla,2042-07-28,organico,False
2749,Pablo Díaz 2749,cliente2749@email.com,Bilbao,2042-07-31,referido,False
2750,Sara Vega 2750,cliente2750@email.com,Madrid,2042-08-03,email,False
2751,Ana García 2751,cliente2751@email.com,Barcelona,2042-08-06,google,True
2752,Luis Martín 2752,cliente2752@email.com,Valencia,2042-08-09,facebook,False
2753,Eva López 2753,cliente2753@email.com,Sevilla,2042-08-12,organico,False
2754,Carlos Ruiz 2754,cliente2754@email.com,Bilbao,2042-08-15,referido,False
2755,Marta Soto 2755,cliente2755@email.com,Madrid,2042-08-18,email,False
2756,Pablo Díaz 2756,cliente2756@email.com,Barcelona,2042-08-21,google,False
2757,Sara Vega 2757,cliente2757@email.com,Valencia,2042-08-24,facebook,False
2758,Ana García 2758,cliente2758@email.com,Sevilla,2042-08-27,organico,True
2759,Luis Martín 2759,cliente2759@email.com,Bilbao,2042-08-30,referido,False
2760,Eva López 2760,cliente2760@email.com,Madrid,2042-09-02,email,False
2761,Carlos Ruiz 2761,cliente2761@email.com,Barcelona,2042-09-05,google,False
2762,Marta Soto 2762,cliente2762@email.com,Valencia,2042-09-08,facebook,False
2763,Pablo Díaz 2763,cliente2763@email.com,Sevilla,2042-09-11,organico,False
2764,Sara Vega 2764,cliente2764@email.com,Bilbao,2042-09-14,referido,False
2765,Ana García 2765,cliente2765@email.com,Madrid,2042-09-17,email,True
2766,Luis Martín 2766,cliente2766@email.com,Barcelona,2042-09-20,google,False
2767,Eva López 2767,cliente2767@email.com,Valencia,2042-09-23,facebook,False
2768,Carlos Ruiz 2768,cliente2768@email.com,Sevilla,2042-09-26,organico,False
2769,Marta Soto 2769,cliente2769@email.com,Bilbao,2042-09-29,referido,False
2770,Pablo Díaz 2770,cliente2770@email.com,Madrid,2042-10-02,email,False
2771,Sara Vega 2771,cliente2771@email.com,Barcelona,2042-10-05,google,False
2772,Ana García 2772,cliente2772@email.com,Valencia,2042-10-08,facebook,True
2773,Luis Martín 2773,cliente2773@email.com,Sevilla,2042-10-11,organico,False
2774,Eva López 2774,cliente2774@email.com,Bilbao,2042-10-14,referido,False
2775,Carlos Ruiz 2775,cliente2775@email.com,Madrid,2042-10-17,email,False
2776,Marta Soto 2776,cliente2776@email.com,Barcelona,2042-10-20,google,False
2777,Pablo Díaz 2777,cliente2777@email.com,Valencia,2042-10-23,facebook,False
2778,Sara Vega 2778,cliente2778@email.com,Sevilla,2042-10-26,organico,False
2779,Ana García 2779,cliente2779@email.com,Bilbao,2042-10-29,referido,True
2780,Luis Martín 2780,cliente2780@email.com,Madrid,2042-11-01,email,False
2781,Eva López 2781,cliente2781@email.com,Barcelona,2042-11-04,google,False
2782,Carlos Ruiz 2782,cliente2782@email.com,Valencia,2042-11-07,facebook,False
2783,Marta Soto 2783,cliente2783@email.com,Sevilla,2042-11-10,organico,False
2784,Pablo Díaz 2784,cliente2784@email.com,Bilbao,2042-11-13,referido,False
2785,Sara Vega 2785,cliente2785@email.com,Madrid,2042-11-16,email,False
2786,Ana García 2786,cliente2786@email.com,Barcelona,2042-11-19,google,True
2787,Luis Martín 2787,cliente2787@email.com,Valencia,2042-11-22,facebook,False
2788,Eva López 2788,cliente2788@email.com,Sevilla,2042-11-25,organico,False
2789,Carlos Ruiz 2789,cliente2789@email.com,Bilbao,2042-11-28,referido,False
2790,Marta Soto 2790,cliente2790@email.com,Madrid,2042-12-01,email,False
2791,Pablo Díaz 2791,cliente2791@email.com,Barcelona,2042-12-04,google,False
2792,Sara Vega 2792,cliente2792@email.com,Valencia,2042-12-07,facebook,False
2793,Ana García 2793,cliente2793@email.com,Sevilla,2042-12-10,organico,True
2794,Luis Martín 2794,cliente2794@email.com,Bilbao,2042-12-13,referido,False
2795,Eva López 2795,cliente2795@email.com,Madrid,2042-12-16,email,False
2796,Carlos Ruiz 2796,cliente2796@email.com,Barcelona,2042-12-19,google,False
2797,Marta Soto 2797,cliente2797@email.com,Valencia,2042-12-22,facebook,False
2798,Pablo Díaz 2798,cliente2798@email.com,Sevilla,2042-12-25,organico,False
2799,Sara Vega 2799,cliente2799@email.com,Bilbao,2042-12-28,referido,False
2800,Ana García 2800,cliente2800@email.com,Madrid,2042-12-31,email,True
2801,Luis Martín 2801,cliente2801@email.com,Barcelona,2043-01-03,google,False
2802,Eva López 2802,cliente2802@email.com,Valencia,2043-01-06,facebook,False
2803,Carlos Ruiz 2803,cliente2803@email.com,Sevilla,2043-01-09,organico,False
2804,Marta Soto 2804,cliente2804@email.com,Bilbao,2043-01-12,referido,False
2805,Pablo Díaz 2805,cliente2805@email.com,Madrid,2043-01-15,email,False
2806,Sara Vega 2806,cliente2806@email.com,Barcelona,2043-01-18,google,False
2807,Ana García 2807,cliente2807@email.com,Valencia,2043-01-21,facebook,True
2808,Luis Martín 2808,cliente2808@email.com,Sevilla,2043-01-24,organico,False
2809,Eva López 2809,cliente2809@email.com,Bilbao,2043-01-27,referido,False
2810,Carlos Ruiz 2810,cliente2810@email.com,Madrid,2043-01-30,email,False
2811,Marta Soto 2811,cliente2811@email.com,Barcelona,2043-02-02,google,False
2812,Pablo Díaz 2812,cliente2812@email.com,Valencia,2043-02-05,facebook,False
2813,Sara Vega 2813,cliente2813@email.com,Sevilla,2043-02-08,organico,False
2814,Ana García 2814,cliente2814@email.com,Bilbao,2043-02-11,referido,True
2815,Luis Martín 2815,cliente2815@email.com,Madrid,2043-02-14,email,False
2816,Eva López 2816,cliente2816@email.com,Barcelona,2043-02-17,google,False
2817,Carlos Ruiz 2817,cliente2817@email.com,Valencia,2043-02-20,facebook,False
2818,Marta Soto 2818,cliente2818@email.com,Sevilla,2043-02-23,organico,False
2819,Pablo Díaz 2819,cliente2819@email.com,Bilbao,2043-02-26,referido,False
2820,Sara Vega 2820,cliente2820@email.com,Madrid,2043-03-01,email,False
2821,Ana García 2821,cliente2821@email.com,Barcelona,2043-03-04,google,True
2822,Luis Martín 2822,cliente2822@email.com,Valencia,2043-03-07,facebook,False
2823,Eva López 2823,cliente2823@email.com,Sevilla,2043-03-10,organico,False
2824,Carlos Ruiz 2824,cliente2824@email.com,Bilbao,2043-03-13,referido,False
2825,Marta Soto 2825,cliente2825@email.com,Madrid,2043-03-16,email,False
2826,Pablo Díaz 2826,cliente2826@email.com,Barcelona,2043-03-19,google,False
2827,Sara Vega 2827,cliente2827@email.com,Valencia,2043-03-22,facebook,False
2828,Ana García 2828,cliente2828@email.com,Sevilla,2043-03-25,organico,True
2829,Luis Martín 2829,cliente2829@email.com,Bilbao,2043-03-28,referido,False
2830,Eva López 2830,cliente2830@email.com,Madrid,2043-03-31,email,False
2831,Carlos Ruiz 2831,cliente2831@email.com,Barcelona,2043-04-03,google,False
2832,Marta Soto 2832,cliente2832@email.com,Valencia,2043-04-06,facebook,False
2833,Pablo Díaz 2833,cliente2833@email.com,Sevilla,2043-04-09,organico,False
2834,Sara Vega 2834,cliente2834@email.com,Bilbao,2043-04-12,referido,False
2835,Ana García 2835,cliente2835@email.com,Madrid,2043-04-15,email,True
2836,Luis Martín 2836,cliente2836@email.com,Barcelona,2043-04-18,google,False
2837,Eva López 2837,cliente2837@email.com,Valencia,2043-04-21,facebook,False
2838,Carlos Ruiz 2838,cliente2838@email.com,Sevilla,2043-04-24,organico,False
2839,Marta Soto 2839,cliente2839@email.com,Bilbao,2043-04-27,referido,False
2840,Pablo Díaz 2840,cliente2840@email.com,Madrid,2043-04-30,email,False
2841,Sara Vega 2841,cliente2841@email.com,Barcelona,2043-05-03,google,False
2842,Ana García 2842,cliente2842@email.com,Valencia,2043-05-06,facebook,True
2843,Luis Martín 2843,cliente2843@email.com,Sevilla,2043-05-09,organico,False
2844,Eva López 2844,cliente2844@email.com,Bilbao,2043-05-12,referido,False
2845,Carlos Ruiz 2845,cliente2845@email.com,Madrid,2043-05-15,email,False
2846,Marta Soto 2846,cliente2846@email.com,Barcelona,2043-05-18,google,False
2847,Pablo Díaz 2847,cliente2847@email.com,Valencia,2043-05-21,facebook,False
2848,Sara Vega 2848,cliente2848@email.com,Sevilla,2043-05-24,organico,False
2849,Ana García 2849,cliente2849@email.com,Bilbao,2043-05-27,referido,True
2850,Luis Martín 2850,cliente2850@email.com,Madrid,2043-05-30,email,False
2851,Eva López 2851,cliente2851@email.com,Barcelona,2043-06-02,google,False
2852,Carlos Ruiz 2852,cliente2852@email.com,Valencia,2043-06-05,facebook,False
2853,Marta Soto 2853,cliente2853@email.com,Sevilla,2043-06-08,organico,False
2854,Pablo Díaz 2854,cliente2854@email.com,Bilbao,2043-06-11,referido,False
2855,Sara Vega 2855,cliente2855@email.com,Madrid,2043-06-14,email,False
2856,Ana García 2856,cliente2856@email.com,Barcelona,2043-06-17,google,True
2857,Luis Martín 2857,cliente2857@email.com,Valencia,2043-06-20,facebook,False
2858,Eva López 2858,cliente2858@email.com,Sevilla,2043-06-23,organico,False
2859,Carlos Ruiz 2859,cliente2859@email.com,Bilbao,2043-06-26,referido,False
2860,Marta Soto 2860,cliente2860@email.com,Madrid,2043-06-29,email,False
2861,Pablo Díaz 2861,cliente2861@email.com,Barcelona,2043-07-02,google,False
2862,Sara Vega 2862,cliente2862@email.com,Valencia,2043-07-05,facebook,False
2863,Ana García 2863,cliente2863@email.com,Sevilla,2043-07-08,organico,True
2864,Luis Martín 2864,cliente2864@email.com,Bilbao,2043-07-11,referido,False
2865,Eva López 2865,cliente2865@email.com,Madrid,2043-07-14,email,False
2866,Carlos Ruiz 2866,cliente2866@email.com,Barcelona,2043-07-17,google,False
2867,Marta Soto 2867,cliente2867@email.com,Valencia,2043-07-20,facebook,False
2868,Pablo Díaz 2868,cliente2868@email.com,Sevilla,2043-07-23,organico,False
2869,Sara Vega 2869,cliente2869@email.com,Bilbao,2043-07-26,referido,False
2870,Ana García 2870,cliente2870@email.com,Madrid,2043-07-29,email,True
2871,Luis Martín 2871,cliente2871@email.com,Barcelona,2043-08-01,google,False
2872,Eva López 2872,cliente2872@email.com,Valencia,2043-08-04,facebook,False
2873,Carlos Ruiz 2873,cliente2873@email.com,Sevilla,2043-08-07,organico,False
2874,Marta Soto 2874,cliente2874@email.com,Bilbao,2043-08-10,referido,False
2875,Pablo Díaz 2875,cliente2875@email.com,Madrid,2043-08-13,email,False
2876,Sara Vega 2876,cliente2876@email.com,Barcelona,2043-08-16,google,False
2877,Ana García 2877,cliente2877@email.com,Valencia,2043-08-19,facebook,True
2878,Luis Martín 2878,cliente2878@email.com,Sevilla,2043-08-22,organico,False
2879,Eva López 2879,cliente2879@email.com,Bilbao,2043-08-25,referido,False
2880,Carlos Ruiz 2880,cliente2880@email.com,Madrid,2043-08-28,email,False
2881,Marta Soto 2881,cliente2881@email.com,Barcelona,2043-08-31,google,False
2882,Pablo Díaz 2882,cliente2882@email.com,Valencia,2043-09-03,facebook,False
2883,Sara Vega 2883,cliente2883@email.com,Sevilla,2043-09-06,organico,False
2884,Ana García 2884,cliente2884@email.com,Bilbao,2043-09-09,referido,True
2885,Luis Martín 2885,cliente2885@email.com,Madrid,2043-09-12,email,False
2886,Eva López 2886,cliente2886@email.com,Barcelona,2043-09-15,google,False
2887,Carlos Ruiz 2887,cliente2887@email.com,Valencia,2043-09-18,facebook,False
2888,Marta Soto 2888,cliente2888@email.com,Sevilla,2043-09-21,organico,False
2889,Pablo Díaz 2889,cliente2889@email.com,Bilbao,2043-09-24,referido,False
2890,Sara Vega 2890,cliente2890@email.com,Madrid,2043-09-27,email,False
2891,Ana García 2891,cliente2891@email.com,Barcelona,2043-09-30,google,True
2892,Luis Martín 2892,cliente2892@email.com,Valencia,2043-10-03,facebook,False
2893,Eva López 2893,cliente2893@email.com,Sevilla,2043-10-06,organico,False
2894,Carlos Ruiz 2894,cliente2894@email.com,Bilbao,2043-10-09,referido,False
2895,Marta Soto 2895,cliente2895@email.com,Madrid,2043-10-12,email,False
2896,Pablo Díaz 2896,cliente2896@email.com,Barcelona,2043-10-15,google,False
2897,Sara Vega 2897,cliente2897@email.com,Valencia,2043-10-18,facebook,False
2898,Ana García 2898,cliente2898@email.com,Sevilla,2043-10-21,organico,True
2899,Luis Martín 2899,cliente2899@email.com,Bilbao,2043-10-24,referido,False
2900,Eva López 2900,cliente2900@email.com,Madrid,2043-10-27,email,False
2901,Carlos Ruiz 2901,cliente2901@email.com,Barcelona,2043-10-30,google,False
2902,Marta Soto 2902,cliente2902@email.com,Valencia,2043-11-02,facebook,False
2903,Pablo Díaz 2903,cliente2903@email.com,Sevilla,2043-11-05,organico,False
2904,Sara Vega 2904,cliente2904@email.com,Bilbao,2043-11-08,referido,False
2905,Ana García 2905,cliente2905@email.com,Madrid,2043-11-11,email,True
2906,Luis Martín 2906,cliente2906@email.com,Barcelona,2043-11-14,google,False
2907,Eva López 2907,cliente2907@email.com,Valencia,2043-11-17,facebook,False
2908,Carlos Ruiz 2908,cliente2908@email.com,Sevilla,2043-11-20,organico,False
2909,Marta Soto 2909,cliente2909@email.com,Bilbao,2043-11-23,referido,False
2910,Pablo Díaz 2910,cliente2910@email.com,Madrid,2043-11-26,email,False
2911,Sara Vega 2911,cliente2911@email.com,Barcelona,2043-11-29,google,False
2912,Ana García 2912,cliente2912@email.com,Valencia,2043-12-02,facebook,True
2913,Luis Martín 2913,cliente2913@email.com,Sevilla,2043-12-05,organico,False
2914,Eva López 2914,cliente2914@email.com,Bilbao,2043-12-08,referido,False
2915,Carlos Ruiz 2915,cliente2915@email.com,Madrid,2043-12-11,email,False
2916,Marta Soto 2916,cliente2916@email.com,Barcelona,2043-12-14,google,False
2917,Pablo Díaz 2917,cliente2917@email.com,Valencia,2043-12-17,facebook,False
2918,Sara Vega 2918,cliente2918@email.com,Sevilla,2043-12-20,organico,False
2919,Ana García 2919,cliente2919@email.com,Bilbao,2043-12-23,referido,True
2920,Luis Martín 2920,cliente2920@email.com,Madrid,2043-12-26,email,False
2921,Eva López 2921,cliente2921@email.com,Barcelona,2043-12-29,google,False
2922,Carlos Ruiz 2922,cliente2922@email.com,Valencia,2044-01-01,facebook,False
2923,Marta Soto 2923,cliente2923@email.com,Sevilla,2044-01-04,organico,False
2924,Pablo Díaz 2924,cliente2924@email.com,Bilbao,2044-01-07,referido,False
2925,Sara Vega 2925,cliente2925@email.com,Madrid,2044-01-10,email,False
2926,Ana García 2926,cliente2926@email.com,Barcelona,2044-01-13,google,True
2927,Luis Martín 2927,cliente2927@email.com,Valencia,2044-01-16,facebook,False
2928,Eva López 2928,cliente2928@email.com,Sevilla,2044-01-19,organico,False
2929,Carlos Ruiz 2929,cliente2929@email.com,Bilbao,2044-01-22,referido,False
2930,Marta Soto 2930,cliente2930@email.com,Madrid,2044-01-25,email,False
2931,Pablo Díaz 2931,cliente2931@email.com,Barcelona,2044-01-28,google,False
2932,Sara Vega 2932,cliente2932@email.com,Valencia,2044-01-31,facebook,False
2933,Ana García 2933,cliente2933@email.com,Sevilla,2044-02-03,organico,True
2934,Luis Martín 2934,cliente2934@email.com,Bilbao,2044-02-06,referido,False
2935,Eva López 2935,cliente2935@email.com,Madrid,2044-02-09,email,False
2936,Carlos Ruiz 2936,cliente2936@email.com,Barcelona,2044-02-12,google,False
2937,Marta Soto 2937,cliente2937@email.com,Valencia,2044-02-15,facebook,False
2938,Pablo Díaz 2938,cliente2938@email.com,Sevilla,2044-02-18,organico,False
2939,Sara Vega 2939,cliente2939@email.com,Bilbao,2044-02-21,referido,False
2940,Ana García 2940,cliente2940@email.com,Madrid,2044-02-24,email,True
2941,Luis Martín 2941,cliente2941@email.com,Barcelona,2044-02-27,google,False
2942,Eva López 2942,cliente2942@email.com,Valencia,2044-03-01,facebook,False
2943,Carlos Ruiz 2943,cliente2943@email.com,Sevilla,2044-03-04,organico,False
2944,Marta Soto 2944,cliente2944@email.com,Bilbao,2044-03-07,referido,False
2945,Pablo Díaz 2945,cliente2945@email.com,Madrid,2044-03-10,email,False
2946,Sara Vega 2946,cliente2946@email.com,Barcelona,2044-03-13,google,False
2947,Ana García 2947,cliente2947@email.com,Valencia,2044-03-16,facebook,True
2948,Luis Martín 2948,cliente2948@email.com,Sevilla,2044-03-19,organico,False
2949,Eva López 2949,cliente2949@email.com,Bilbao,2044-03-22,referido,False
2950,Carlos Ruiz 2950,cliente2950@email.com,Madrid,2044-03-25,email,False
2951,Marta Soto 2951,cliente2951@email.com,Barcelona,2044-03-28,google,False
2952,Pablo Díaz 2952,cliente2952@email.com,Valencia,2044-03-31,facebook,False
2953,Sara Vega 2953,cliente2953@email.com,Sevilla,2044-04-03,organico,False
2954,Ana García 2954,cliente2954@email.com,Bilbao,2044-04-06,referido,True
2955,Luis Martín 2955,cliente2955@email.com,Madrid,2044-04-09,email,False
2956,Eva López 2956,cliente2956@email.com,Barcelona,2044-04-12,google,False
2957,Carlos Ruiz 2957,cliente2957@email.com,Valencia,2044-04-15,facebook,False
2958,Marta Soto 2958,cliente2958@email.com,Sevilla,2044-04-18,organico,False
2959,Pablo Díaz 2959,cliente2959@email.com,Bilbao,2044-04-21,referido,False
2960,Sara Vega 2960,cliente2960@email.com,Madrid,2044-04-24,email,False
2961,Ana García 2961,cliente2961@email.com,Barcelona,2044-04-27,google,True
2962,Luis Martín 2962,cliente2962@email.com,Valencia,2044-04-30,facebook,False
2963,Eva López 2963,cliente2963@email.com,Sevilla,2044-05-03,organico,False
2964,Carlos Ruiz 2964,cliente2964@email.com,Bilbao,2044-05-06,referido,False
2965,Marta Soto 2965,cliente2965@email.com,Madrid,2044-05-09,email,False
2966,Pablo Díaz 2966,cliente2966@email.com,Barcelona,2044-05-12,google,False
2967,Sara Vega 2967,cliente2967@email.com,Valencia,2044-05-15,facebook,False
2968,Ana García 2968,cliente2968@email.com,Sevilla,2044-05-18,organico,True
2969,Luis Martín 2969,cliente2969@email.com,Bilbao,2044-05-21,referido,False
2970,Eva López 2970,cliente2970@email.com,Madrid,2044-05-24,email,False
2971,Carlos Ruiz 2971,cliente2971@email.com,Barcelona,2044-05-27,google,False
2972,Marta Soto 2972,cliente2972@email.com,Valencia,2044-05-30,facebook,False
2973,Pablo Díaz 2973,cliente2973@email.com,Sevilla,2044-06-02,organico,False
2974,Sara Vega 2974,cliente2974@email.com,Bilbao,2044-06-05,referido,False
2975,Ana García 2975,cliente2975@email.com,Madrid,2044-06-08,email,True
2976,Luis Martín 2976,cliente2976@email.com,Barcelona,2044-06-11,google,False
2977,Eva López 2977,cliente2977@email.com,Valencia,2044-06-14,facebook,False
2978,Carlos Ruiz 2978,cliente2978@email.com,Sevilla,2044-06-17,organico,False
2979,Marta Soto 2979,cliente2979@email.com,Bilbao,2044-06-20,referido,False
2980,Pablo Díaz 2980,cliente2980@email.com,Madrid,2044-06-23,email,False
2981,Sara Vega 2981,cliente2981@email.com,Barcelona,2044-06-26,google,False
2982,Ana García 2982,cliente2982@email.com,Valencia,2044-06-29,facebook,True
2983,Luis Martín 2983,cliente2983@email.com,Sevilla,2044-07-02,organico,False
2984,Eva López 2984,cliente2984@email.com,Bilbao,2044-07-05,referido,False
2985,Carlos Ruiz 2985,cliente2985@email.com,Madrid,2044-07-08,email,False
2986,Marta Soto 2986,cliente2986@email.com,Barcelona,2044-07-11,google,False
2987,Pablo Díaz 2987,cliente2987@email.com,Valencia,2044-07-14,facebook,False
2988,Sara Vega 2988,cliente2988@email.com,Sevilla,2044-07-17,organico,False
2989,Ana García 2989,cliente2989@email.com,Bilbao,2044-07-20,referido,True
2990,Luis Martín 2990,cliente2990@email.com,Madrid,2044-07-23,email,False
2991,Eva López 2991,cliente2991@email.com,Barcelona,2044-07-26,google,False
2992,Carlos Ruiz 2992,cliente2992@email.com,Valencia,2044-07-29,facebook,False
2993,Marta Soto 2993,cliente2993@email.com,Sevilla,2044-08-01,organico,False
2994,Pablo Díaz 2994,cliente2994@email.com,Bilbao,2044-08-04,referido,False
2995,Sara Vega 2995,cliente2995@email.com,Madrid,2044-08-07,email,False
2996,Ana García 2996,cliente2996@email.com,Barcelona,2044-08-10,google,True
2997,Luis Martín 2997,cliente2997@email.com,Valencia,2044-08-13,facebook,False
2998,Eva López 2998,cliente2998@email.com,Sevilla,2044-08-16,organico,False
2999,Carlos Ruiz 2999,cliente2999@email.com,Bilbao,2044-08-19,referido,False
3000,Marta Soto 3000,cliente3000@email.com,Madrid,2044-08-22,email,False
3001,Pablo Díaz 3001,cliente3001@email.com,Barcelona,2044-08-25,google,False
3002,Sara Vega 3002,cliente3002@email.com,Valencia,2044-08-28,facebook,False
3003,Ana García 3003,cliente3003@email.com,Sevilla,2044-08-31,organico,True
3004,Luis Martín 3004,cliente3004@email.com,Bilbao,2044-09-03,referido,False
3005,Eva López 3005,cliente3005@email.com,Madrid,2044-09-06,email,False
3006,Carlos Ruiz 3006,cliente3006@email.com,Barcelona,2044-09-09,google,False
3007,Marta Soto 3007,cliente3007@email.com,Valencia,2044-09-12,facebook,False
3008,Pablo Díaz 3008,cliente3008@email.com,Sevilla,2044-09-15,organico,False
3009,Sara Vega 3009,cliente3009@email.com,Bilbao,2044-09-18,referido,False
3010,Ana García 3010,cliente3010@email.com,Madrid,2044-09-21,email,True
3011,Luis Martín 3011,cliente3011@email.com,Barcelona,2044-09-24,google,False
3012,Eva López 3012,cliente3012@email.com,Valencia,2044-09-27,facebook,False
3013,Carlos Ruiz 3013,cliente3013@email.com,Sevilla,2044-09-30,organico,False
3014,Marta Soto 3014,cliente3014@email.com,Bilbao,2044-10-03,referido,False
3015,Pablo Díaz 3015,cliente3015@email.com,Madrid,2044-10-06,email,False
3016,Sara Vega 3016,cliente3016@email.com,Barcelona,2044-10-09,google,False
3017,Ana García 3017,cliente3017@email.com,Valencia,2044-10-12,facebook,True
3018,Luis Martín 3018,cliente3018@email.com,Sevilla,2044-10-15,organico,False
3019,Eva López 3019,cliente3019@email.com,Bilbao,2044-10-18,referido,False
3020,Carlos Ruiz 3020,cliente3020@email.com,Madrid,2044-10-21,email,False
3021,Marta Soto 3021,cliente3021@email.com,Barcelona,2044-10-24,google,False
3022,Pablo Díaz 3022,cliente3022@email.com,Valencia,2044-10-27,facebook,False
3023,Sara Vega 3023,cliente3023@email.com,Sevilla,2044-10-30,organico,False
3024,Ana García 3024,cliente3024@email.com,Bilbao,2044-11-02,referido,True
3025,Luis Martín 3025,cliente3025@email.com,Madrid,2044-11-05,email,False
3026,Eva López 3026,cliente3026@email.com,Barcelona,2044-11-08,google,False
3027,Carlos Ruiz 3027,cliente3027@email.com,Valencia,2044-11-11,facebook,False
3028,Marta Soto 3028,cliente3028@email.com,Sevilla,2044-11-14,organico,False
3029,Pablo Díaz 3029,cliente3029@email.com,Bilbao,2044-11-17,referido,False
3030,Sara Vega 3030,cliente3030@email.com,Madrid,2044-11-20,email,False
3031,Ana García 3031,cliente3031@email.com,Barcelona,2044-11-23,google,True
3032,Luis Martín 3032,cliente3032@email.com,Valencia,2044-11-26,facebook,False
3033,Eva López 3033,cliente3033@email.com,Sevilla,2044-11-29,organico,False
3034,Carlos Ruiz 3034,cliente3034@email.com,Bilbao,2044-12-02,referido,False
3035,Marta Soto 3035,cliente3035@email.com,Madrid,2044-12-05,email,False
3036,Pablo Díaz 3036,cliente3036@email.com,Barcelona,2044-12-08,google,False
3037,Sara Vega 3037,cliente3037@email.com,Valencia,2044-12-11,facebook,False
3038,Ana García 3038,cliente3038@email.com,Sevilla,2044-12-14,organico,True
3039,Luis Martín 3039,cliente3039@email.com,Bilbao,2044-12-17,referido,False
3040,Eva López 3040,cliente3040@email.com,Madrid,2044-12-20,email,False
3041,Carlos Ruiz 3041,cliente3041@email.com,Barcelona,2044-12-23,google,False
3042,Marta Soto 3042,cliente3042@email.com,Valencia,2044-12-26,facebook,False
3043,Pablo Díaz 3043,cliente3043@email.com,Sevilla,2044-12-29,organico,False
3044,Sara Vega 3044,cliente3044@email.com,Bilbao,2045-01-01,referido,False
3045,Ana García 3045,cliente3045@email.com,Madrid,2045-01-04,email,True
3046,Luis Martín 3046,cliente3046@email.com,Barcelona,2045-01-07,google,False
3047,Eva López 3047,cliente3047@email.com,Valencia,2045-01-10,facebook,False
3048,Carlos Ruiz 3048,cliente3048@email.com,Sevilla,2045-01-13,organico,False
3049,Marta Soto 3049,cliente3049@email.com,Bilbao,2045-01-16,referido,False
3050,Pablo Díaz 3050,cliente3050@email.com,Madrid,2045-01-19,email,False
3051,Sara Vega 3051,cliente3051@email.com,Barcelona,2045-01-22,google,False
3052,Ana García 3052,cliente3052@email.com,Valencia,2045-01-25,facebook,True
3053,Luis Martín 3053,cliente3053@email.com,Sevilla,2045-01-28,organico,False
3054,Eva López 3054,cliente3054@email.com,Bilbao,2045-01-31,referido,False
3055,Carlos Ruiz 3055,cliente3055@email.com,Madrid,2045-02-03,email,False
3056,Marta Soto 3056,cliente3056@email.com,Barcelona,2045-02-06,google,False
3057,Pablo Díaz 3057,cliente3057@email.com,Valencia,2045-02-09,facebook,False
3058,Sara Vega 3058,cliente3058@email.com,Sevilla,2045-02-12,organico,False
3059,Ana García 3059,cliente3059@email.com,Bilbao,2045-02-15,referido,True
3060,Luis Martín 3060,cliente3060@email.com,Madrid,2045-02-18,email,False
3061,Eva López 3061,cliente3061@email.com,Barcelona,2045-02-21,google,False
3062,Carlos Ruiz 3062,cliente3062@email.com,Valencia,2045-02-24,facebook,False
3063,Marta Soto 3063,cliente3063@email.com,Sevilla,2045-02-27,organico,False
3064,Pablo Díaz 3064,cliente3064@email.com,Bilbao,2045-03-02,referido,False
3065,Sara Vega 3065,cliente3065@email.com,Madrid,2045-03-05,email,False
3066,Ana García 3066,cliente3066@email.com,Barcelona,2045-03-08,google,True
3067,Luis Martín 3067,cliente3067@email.com,Valencia,2045-03-11,facebook,False
3068,Eva López 3068,cliente3068@email.com,Sevilla,2045-03-14,organico,False
3069,Carlos Ruiz 3069,cliente3069@email.com,Bilbao,2045-03-17,referido,False
3070,Marta Soto 3070,cliente3070@email.com,Madrid,2045-03-20,email,False
3071,Pablo Díaz 3071,cliente3071@email.com,Barcelona,2045-03-23,google,False
3072,Sara Vega 3072,cliente3072@email.com,Valencia,2045-03-26,facebook,False
3073,Ana García 3073,cliente3073@email.com,Sevilla,2045-03-29,organico,True
3074,Luis Martín 3074,cliente3074@email.com,Bilbao,2045-04-01,referido,False
3075,Eva López 3075,cliente3075@email.com,Madrid,2045-04-04,email,False
3076,Carlos Ruiz 3076,cliente3076@email.com,Barcelona,2045-04-07,google,False
3077,Marta Soto 3077,cliente3077@email.com,Valencia,2045-04-10,facebook,False
3078,Pablo Díaz 3078,cliente3078@email.com,Sevilla,2045-04-13,organico,False
3079,Sara Vega 3079,cliente3079@email.com,Bilbao,2045-04-16,referido,False
3080,Ana García 3080,cliente3080@email.com,Madrid,2045-04-19,email,True
3081,Luis Martín 3081,cliente3081@email.com,Barcelona,2045-04-22,google,False
3082,Eva López 3082,cliente3082@email.com,Valencia,2045-04-25,facebook,False
3083,Carlos Ruiz 3083,cliente3083@email.com,Sevilla,2045-04-28,organico,False
3084,Marta Soto 3084,cliente3084@email.com,Bilbao,2045-05-01,referido,False
3085,Pablo Díaz 3085,cliente3085@email.com,Madrid,2045-05-04,email,False
3086,Sara Vega 3086,cliente3086@email.com,Barcelona,2045-05-07,google,False
3087,Ana García 3087,cliente3087@email.com,Valencia,2045-05-10,facebook,True
3088,Luis Martín 3088,cliente3088@email.com,Sevilla,2045-05-13,organico,False
3089,Eva López 3089,cliente3089@email.com,Bilbao,2045-05-16,referido,False
3090,Carlos Ruiz 3090,cliente3090@email.com,Madrid,2045-05-19,email,False
3091,Marta Soto 3091,cliente3091@email.com,Barcelona,2045-05-22,google,False
3092,Pablo Díaz 3092,cliente3092@email.com,Valencia,2045-05-25,facebook,False
3093,Sara Vega 3093,cliente3093@email.com,Sevilla,2045-05-28,organico,False
3094,Ana García 3094,cliente3094@email.com,Bilbao,2045-05-31,referido,True
3095,Luis Martín 3095,cliente3095@email.com,Madrid,2045-06-03,email,False
3096,Eva López 3096,cliente3096@email.com,Barcelona,2045-06-06,google,False
3097,Carlos Ruiz 3097,cliente3097@email.com,Valencia,2045-06-09,facebook,False
3098,Marta Soto 3098,cliente3098@email.com,Sevilla,2045-06-12,organico,False
3099,Pablo Díaz 3099,cliente3099@email.com,Bilbao,2045-06-15,referido,False
3100,Sara Vega 3100,cliente3100@email.com,Madrid,2045-06-18,email,False
3101,Ana García 3101,cliente3101@email.com,Barcelona,2045-06-21,google,True
3102,Luis Martín 3102,cliente3102@email.com,Valencia,2045-06-24,facebook,False
3103,Eva López 3103,cliente3103@email.com,Sevilla,2045-06-27,organico,False
3104,Carlos Ruiz 3104,cliente3104@email.com,Bilbao,2045-06-30,referido,False
3105,Marta Soto 3105,cliente3105@email.com,Madrid,2045-07-03,email,False
3106,Pablo Díaz 3106,cliente3106@email.com,Barcelona,2045-07-06,google,False
3107,Sara Vega 3107,cliente3107@email.com,Valencia,2045-07-09,facebook,False
3108,Ana García 3108,cliente3108@email.com,Sevilla,2045-07-12,organico,True
3109,Luis Martín 3109,cliente3109@email.com,Bilbao,2045-07-15,referido,False
3110,Eva López 3110,cliente3110@email.com,Madrid,2045-07-18,email,False
3111,Carlos Ruiz 3111,cliente3111@email.com,Barcelona,2045-07-21,google,False
3112,Marta Soto 3112,cliente3112@email.com,Valencia,2045-07-24,facebook,False
3113,Pablo Díaz 3113,cliente3113@email.com,Sevilla,2045-07-27,organico,False
3114,Sara Vega 3114,cliente3114@email.com,Bilbao,2045-07-30,referido,False
3115,Ana García 3115,cliente3115@email.com,Madrid,2045-08-02,email,True
3116,Luis Martín 3116,cliente3116@email.com,Barcelona,2045-08-05,google,False
3117,Eva López 3117,cliente3117@email.com,Valencia,2045-08-08,facebook,False
3118,Carlos Ruiz 3118,cliente3118@email.com,Sevilla,2045-08-11,organico,False
3119,Marta Soto 3119,cliente3119@email.com,Bilbao,2045-08-14,referido,False
3120,Pablo Díaz 3120,cliente3120@email.com,Madrid,2045-08-17,email,False
3121,Sara Vega 3121,cliente3121@email.com,Barcelona,2045-08-20,google,False
3122,Ana García 3122,cliente3122@email.com,Valencia,2045-08-23,facebook,True
3123,Luis Martín 3123,cliente3123@email.com,Sevilla,2045-08-26,organico,False
3124,Eva López 3124,cliente3124@email.com,Bilbao,2045-08-29,referido,False
3125,Carlos Ruiz 3125,cliente3125@email.com,Madrid,2045-09-01,email,False
3126,Marta Soto 3126,cliente3126@email.com,Barcelona,2045-09-04,google,False
3127,Pablo Díaz 3127,cliente3127@email.com,Valencia,2045-09-07,facebook,False
3128,Sara Vega 3128,cliente3128@email.com,Sevilla,2045-09-10,organico,False
3129,Ana García 3129,cliente3129@email.com,Bilbao,2045-09-13,referido,True
3130,Luis Martín 3130,cliente3130@email.com,Madrid,2045-09-16,email,False
3131,Eva López 3131,cliente3131@email.com,Barcelona,2045-09-19,google,False
3132,Carlos Ruiz 3132,cliente3132@email.com,Valencia,2045-09-22,facebook,False
3133,Marta Soto 3133,cliente3133@email.com,Sevilla,2045-09-25,organico,False
3134,Pablo Díaz 3134,cliente3134@email.com,Bilbao,2045-09-28,referido,False
3135,Sara Vega 3135,cliente3135@email.com,Madrid,2045-10-01,email,False
3136,Ana García 3136,cliente3136@email.com,Barcelona,2045-10-04,google,True
3137,Luis Martín 3137,cliente3137@email.com,Valencia,2045-10-07,facebook,False
3138,Eva López 3138,cliente3138@email.com,Sevilla,2045-10-10,organico,False
3139,Carlos Ruiz 3139,cliente3139@email.com,Bilbao,2045-10-13,referido,False
3140,Marta Soto 3140,cliente3140@email.com,Madrid,2045-10-16,email,False
3141,Pablo Díaz 3141,cliente3141@email.com,Barcelona,2045-10-19,google,False
3142,Sara Vega 3142,cliente3142@email.com,Valencia,2045-10-22,facebook,False
3143,Ana García 3143,cliente3143@email.com,Sevilla,2045-10-25,organico,True
3144,Luis Martín 3144,cliente3144@email.com,Bilbao,2045-10-28,referido,False
3145,Eva López 3145,cliente3145@email.com,Madrid,2045-10-31,email,False
3146,Carlos Ruiz 3146,cliente3146@email.com,Barcelona,2045-11-03,google,False
3147,Marta Soto 3147,cliente3147@email.com,Valencia,2045-11-06,facebook,False
3148,Pablo Díaz 3148,cliente3148@email.com,Sevilla,2045-11-09,organico,False
3149,Sara Vega 3149,cliente3149@email.com,Bilbao,2045-11-12,referido,False
3150,Ana García 3150,cliente3150@email.com,Madrid,2045-11-15,email,True
3151,Luis Martín 3151,cliente3151@email.com,Barcelona,2045-11-18,google,False
3152,Eva López 3152,cliente3152@email.com,Valencia,2045-11-21,facebook,False
3153,Carlos Ruiz 3153,cliente3153@email.com,Sevilla,2045-11-24,organico,False
3154,Marta Soto 3154,cliente3154@email.com,Bilbao,2045-11-27,referido,False
3155,Pablo Díaz 3155,cliente3155@email.com,Madrid,2045-11-30,email,False
3156,Sara Vega 3156,cliente3156@email.com,Barcelona,2045-12-03,google,False
3157,Ana García 3157,cliente3157@email.com,Valencia,2045-12-06,facebook,True
3158,Luis Martín 3158,cliente3158@email.com,Sevilla,2045-12-09,organico,False
3159,Eva López 3159,cliente3159@email.com,Bilbao,2045-12-12,referido,False
3160,Carlos Ruiz 3160,cliente3160@email.com,Madrid,2045-12-15,email,False
3161,Marta Soto 3161,cliente3161@email.com,Barcelona,2045-12-18,google,False
3162,Pablo Díaz 3162,cliente3162@email.com,Valencia,2045-12-21,facebook,False
3163,Sara Vega 3163,cliente3163@email.com,Sevilla,2045-12-24,organico,False
3164,Ana García 3164,cliente3164@email.com,Bilbao,2045-12-27,referido,True
3165,Luis Martín 3165,cliente3165@email.com,Madrid,2045-12-30,email,False
3166,Eva López 3166,cliente3166@email.com,Barcelona,2046-01-02,google,False
3167,Carlos Ruiz 3167,cliente3167@email.com,Valencia,2046-01-05,facebook,False
3168,Marta Soto 3168,cliente3168@email.com,Sevilla,2046-01-08,organico,False
3169,Pablo Díaz 3169,cliente3169@email.com,Bilbao,2046-01-11,referido,False
3170,Sara Vega 3170,cliente3170@email.com,Madrid,2046-01-14,email,False
3171,Ana García 3171,cliente3171@email.com,Barcelona,2046-01-17,google,True
3172,Luis Martín 3172,cliente3172@email.com,Valencia,2046-01-20,facebook,False
3173,Eva López 3173,cliente3173@email.com,Sevilla,2046-01-23,organico,False
3174,Carlos Ruiz 3174,cliente3174@email.com,Bilbao,2046-01-26,referido,False
3175,Marta Soto 3175,cliente3175@email.com,Madrid,2046-01-29,email,False
3176,Pablo Díaz 3176,cliente3176@email.com,Barcelona,2046-02-01,google,False
3177,Sara Vega 3177,cliente3177@email.com,Valencia,2046-02-04,facebook,False
3178,Ana García 3178,cliente3178@email.com,Sevilla,2046-02-07,organico,True
3179,Luis Martín 3179,cliente3179@email.com,Bilbao,2046-02-10,referido,False
3180,Eva López 3180,cliente3180@email.com,Madrid,2046-02-13,email,False
3181,Carlos Ruiz 3181,cliente3181@email.com,Barcelona,2046-02-16,google,False
3182,Marta Soto 3182,cliente3182@email.com,Valencia,2046-02-19,facebook,False
3183,Pablo Díaz 3183,cliente3183@email.com,Sevilla,2046-02-22,organico,False
3184,Sara Vega 3184,cliente3184@email.com,Bilbao,2046-02-25,referido,False
3185,Ana García 3185,cliente3185@email.com,Madrid,2046-02-28,email,True
3186,Luis Martín 3186,cliente3186@email.com,Barcelona,2046-03-03,google,False
3187,Eva López 3187,cliente3187@email.com,Valencia,2046-03-06,facebook,False
3188,Carlos Ruiz 3188,cliente3188@email.com,Sevilla,2046-03-09,organico,False
3189,Marta Soto 3189,cliente3189@email.com,Bilbao,2046-03-12,referido,False
3190,Pablo Díaz 3190,cliente3190@email.com,Madrid,2046-03-15,email,False
3191,Sara Vega 3191,cliente3191@email.com,Barcelona,2046-03-18,google,False
3192,Ana García 3192,cliente3192@email.com,Valencia,2046-03-21,facebook,True
3193,Luis Martín 3193,cliente3193@email.com,Sevilla,2046-03-24,organico,False
3194,Eva López 3194,cliente3194@email.com,Bilbao,2046-03-27,referido,False
3195,Carlos Ruiz 3195,cliente3195@email.com,Madrid,2046-03-30,email,False
3196,Marta Soto 3196,cliente3196@email.com,Barcelona,2046-04-02,google,False
3197,Pablo Díaz 3197,cliente3197@email.com,Valencia,2046-04-05,facebook,False
3198,Sara Vega 3198,cliente3198@email.com,Sevilla,2046-04-08,organico,False
3199,Ana García 3199,cliente3199@email.com,Bilbao,2046-04-11,referido,True
3200,Luis Martín 3200,cliente3200@email.com,Madrid,2046-04-14,email,False
3201,Eva López 3201,cliente3201@email.com,Barcelona,2046-04-17,google,False
3202,Carlos Ruiz 3202,cliente3202@email.com,Valencia,2046-04-20,facebook,False
3203,Marta Soto 3203,cliente3203@email.com,Sevilla,2046-04-23,organico,False
3204,Pablo Díaz 3204,cliente3204@email.com,Bilbao,2046-04-26,referido,False
3205,Sara Vega 3205,cliente3205@email.com,Madrid,2046-04-29,email,False
3206,Ana García 3206,cliente3206@email.com,Barcelona,2046-05-02,google,True
3207,Luis Martín 3207,cliente3207@email.com,Valencia,2046-05-05,facebook,False
3208,Eva López 3208,cliente3208@email.com,Sevilla,2046-05-08,organico,False
3209,Carlos Ruiz 3209,cliente3209@email.com,Bilbao,2046-05-11,referido,False
3210,Marta Soto 3210,cliente3210@email.com,Madrid,2046-05-14,email,False
3211,Pablo Díaz 3211,cliente3211@email.com,Barcelona,2046-05-17,google,False
3212,Sara Vega 3212,cliente3212@email.com,Valencia,2046-05-20,facebook,False
3213,Ana García 3213,cliente3213@email.com,Sevilla,2046-05-23,organico,True
3214,Luis Martín 3214,cliente3214@email.com,Bilbao,2046-05-26,referido,False
3215,Eva López 3215,cliente3215@email.com,Madrid,2046-05-29,email,False
3216,Carlos Ruiz 3216,cliente3216@email.com,Barcelona,2046-06-01,google,False
3217,Marta Soto 3217,cliente3217@email.com,Valencia,2046-06-04,facebook,False
3218,Pablo Díaz 3218,cliente3218@email.com,Sevilla,2046-06-07,organico,False
3219,Sara Vega 3219,cliente3219@email.com,Bilbao,2046-06-10,referido,False
3220,Ana García 3220,cliente3220@email.com,Madrid,2046-06-13,email,True
3221,Luis Martín 3221,cliente3221@email.com,Barcelona,2046-06-16,google,False
3222,Eva López 3222,cliente3222@email.com,Valencia,2046-06-19,facebook,False
3223,Carlos Ruiz 3223,cliente3223@email.com,Sevilla,2046-06-22,organico,False
3224,Marta Soto 3224,cliente3224@email.com,Bilbao,2046-06-25,referido,False
3225,Pablo Díaz 3225,cliente3225@email.com,Madrid,2046-06-28,email,False
3226,Sara Vega 3226,cliente3226@email.com,Barcelona,2046-07-01,google,False
3227,Ana García 3227,cliente3227@email.com,Valencia,2046-07-04,facebook,True
3228,Luis Martín 3228,cliente3228@email.com,Sevilla,2046-07-07,organico,False
3229,Eva López 3229,cliente3229@email.com,Bilbao,2046-07-10,referido,False
3230,Carlos Ruiz 3230,cliente3230@email.com,Madrid,2046-07-13,email,False
3231,Marta Soto 3231,cliente3231@email.com,Barcelona,2046-07-16,google,False
3232,Pablo Díaz 3232,cliente3232@email.com,Valencia,2046-07-19,facebook,False
3233,Sara Vega 3233,cliente3233@email.com,Sevilla,2046-07-22,organico,False
3234,Ana García 3234,cliente3234@email.com,Bilbao,2046-07-25,referido,True
3235,Luis Martín 3235,cliente3235@email.com,Madrid,2046-07-28,email,False
3236,Eva López 3236,cliente3236@email.com,Barcelona,2046-07-31,google,False
3237,Carlos Ruiz 3237,cliente3237@email.com,Valencia,2046-08-03,facebook,False
3238,Marta Soto 3238,cliente3238@email.com,Sevilla,2046-08-06,organico,False
3239,Pablo Díaz 3239,cliente3239@email.com,Bilbao,2046-08-09,referido,False
3240,Sara Vega 3240,cliente3240@email.com,Madrid,2046-08-12,email,False
3241,Ana García 3241,cliente3241@email.com,Barcelona,2046-08-15,google,True
3242,Luis Martín 3242,cliente3242@email.com,Valencia,2046-08-18,facebook,False
3243,Eva López 3243,cliente3243@email.com,Sevilla,2046-08-21,organico,False
3244,Carlos Ruiz 3244,cliente3244@email.com,Bilbao,2046-08-24,referido,False
3245,Marta Soto 3245,cliente3245@email.com,Madrid,2046-08-27,email,False
3246,Pablo Díaz 3246,cliente3246@email.com,Barcelona,2046-08-30,google,False
3247,Sara Vega 3247,cliente3247@email.com,Valencia,2046-09-02,facebook,False
3248,Ana García 3248,cliente3248@email.com,Sevilla,2046-09-05,organico,True
3249,Luis Martín 3249,cliente3249@email.com,Bilbao,2046-09-08,referido,False
3250,Eva López 3250,cliente3250@email.com,Madrid,2046-09-11,email,False
3251,Carlos Ruiz 3251,cliente3251@email.com,Barcelona,2046-09-14,google,False
3252,Marta Soto 3252,cliente3252@email.com,Valencia,2046-09-17,facebook,False
3253,Pablo Díaz 3253,cliente3253@email.com,Sevilla,2046-09-20,organico,False
3254,Sara Vega 3254,cliente3254@email.com,Bilbao,2046-09-23,referido,False
3255,Ana García 3255,cliente3255@email.com,Madrid,2046-09-26,email,True
3256,Luis Martín 3256,cliente3256@email.com,Barcelona,2046-09-29,google,False
3257,Eva López 3257,cliente3257@email.com,Valencia,2046-10-02,facebook,False
3258,Carlos Ruiz 3258,cliente3258@email.com,Sevilla,2046-10-05,organico,False
3259,Marta Soto 3259,cliente3259@email.com,Bilbao,2046-10-08,referido,False
3260,Pablo Díaz 3260,cliente3260@email.com,Madrid,2046-10-11,email,False
3261,Sara Vega 3261,cliente3261@email.com,Barcelona,2046-10-14,google,False
3262,Ana García 3262,cliente3262@email.com,Valencia,2046-10-17,facebook,True
3263,Luis Martín 3263,cliente3263@email.com,Sevilla,2046-10-20,organico,False
3264,Eva López 3264,cliente3264@email.com,Bilbao,2046-10-23,referido,False
3265,Carlos Ruiz 3265,cliente3265@email.com,Madrid,2046-10-26,email,False
3266,Marta Soto 3266,cliente3266@email.com,Barcelona,2046-10-29,google,False
3267,Pablo Díaz 3267,cliente3267@email.com,Valencia,2046-11-01,facebook,False
3268,Sara Vega 3268,cliente3268@email.com,Sevilla,2046-11-04,organico,False
3269,Ana García 3269,cliente3269@email.com,Bilbao,2046-11-07,referido,True
3270,Luis Martín 3270,cliente3270@email.com,Madrid,2046-11-10,email,False
3271,Eva López 3271,cliente3271@email.com,Barcelona,2046-11-13,google,False
3272,Carlos Ruiz 3272,cliente3272@email.com,Valencia,2046-11-16,facebook,False
3273,Marta Soto 3273,cliente3273@email.com,Sevilla,2046-11-19,organico,False
3274,Pablo Díaz 3274,cliente3274@email.com,Bilbao,2046-11-22,referido,False
3275,Sara Vega 3275,cliente3275@email.com,Madrid,2046-11-25,email,False
3276,Ana García 3276,cliente3276@email.com,Barcelona,2046-11-28,google,True
3277,Luis Martín 3277,cliente3277@email.com,Valencia,2046-12-01,facebook,False
3278,Eva López 3278,cliente3278@email.com,Sevilla,2046-12-04,organico,False
3279,Carlos Ruiz 3279,cliente3279@email.com,Bilbao,2046-12-07,referido,False
3280,Marta Soto 3280,cliente3280@email.com,Madrid,2046-12-10,email,False
3281,Pablo Díaz 3281,cliente3281@email.com,Barcelona,2046-12-13,google,False
3282,Sara Vega 3282,cliente3282@email.com,Valencia,2046-12-16,facebook,False
3283,Ana García 3283,cliente3283@email.com,Sevilla,2046-12-19,organico,True
3284,Luis Martín 3284,cliente3284@email.com,Bilbao,2046-12-22,referido,False
3285,Eva López 3285,cliente3285@email.com,Madrid,2046-12-25,email,False
3286,Carlos Ruiz 3286,cliente3286@email.com,Barcelona,2046-12-28,google,False
3287,Marta Soto 3287,cliente3287@email.com,Valencia,2046-12-31,facebook,False
3288,Pablo Díaz 3288,cliente3288@email.com,Sevilla,2047-01-03,organico,False
3289,Sara Vega 3289,cliente3289@email.com,Bilbao,2047-01-06,referido,False
3290,Ana García 3290,cliente3290@email.com,Madrid,2047-01-09,email,True
3291,Luis Martín 3291,cliente3291@email.com,Barcelona,2047-01-12,google,False
3292,Eva López 3292,cliente3292@email.com,Valencia,2047-01-15,facebook,False
3293,Carlos Ruiz 3293,cliente3293@email.com,Sevilla,2047-01-18,organico,False
3294,Marta Soto 3294,cliente3294@email.com,Bilbao,2047-01-21,referido,False
3295,Pablo Díaz 3295,cliente3295@email.com,Madrid,2047-01-24,email,False
3296,Sara Vega 3296,cliente3296@email.com,Barcelona,2047-01-27,google,False
3297,Ana García 3297,cliente3297@email.com,Valencia,2047-01-30,facebook,True
3298,Luis Martín 3298,cliente3298@email.com,Sevilla,2047-02-02,organico,False
3299,Eva López 3299,cliente3299@email.com,Bilbao,2047-02-05,referido,False
3300,Carlos Ruiz 3300,cliente3300@email.com,Madrid,2047-02-08,email,False
3301,Marta Soto 3301,cliente3301@email.com,Barcelona,2047-02-11,google,False
3302,Pablo Díaz 3302,cliente3302@email.com,Valencia,2047-02-14,facebook,False
3303,Sara Vega 3303,cliente3303@email.com,Sevilla,2047-02-17,organico,False
3304,Ana García 3304,cliente3304@email.com,Bilbao,2047-02-20,referido,True
3305,Luis Martín 3305,cliente3305@email.com,Madrid,2047-02-23,email,False
3306,Eva López 3306,cliente3306@email.com,Barcelona,2047-02-26,google,False
3307,Carlos Ruiz 3307,cliente3307@email.com,Valencia,2047-03-01,facebook,False
3308,Marta Soto 3308,cliente3308@email.com,Sevilla,2047-03-04,organico,False
3309,Pablo Díaz 3309,cliente3309@email.com,Bilbao,2047-03-07,referido,False
3310,Sara Vega 3310,cliente3310@email.com,Madrid,2047-03-10,email,False
3311,Ana García 3311,cliente3311@email.com,Barcelona,2047-03-13,google,True
3312,Luis Martín 3312,cliente3312@email.com,Valencia,2047-03-16,facebook,False
3313,Eva López 3313,cliente3313@email.com,Sevilla,2047-03-19,organico,False
3314,Carlos Ruiz 3314,cliente3314@email.com,Bilbao,2047-03-22,referido,False
3315,Marta Soto 3315,cliente3315@email.com,Madrid,2047-03-25,email,False
3316,Pablo Díaz 3316,cliente3316@email.com,Barcelona,2047-03-28,google,False
3317,Sara Vega 3317,cliente3317@email.com,Valencia,2047-03-31,facebook,False
3318,Ana García 3318,cliente3318@email.com,Sevilla,2047-04-03,organico,True
3319,Luis Martín 3319,cliente3319@email.com,Bilbao,2047-04-06,referido,False
3320,Eva López 3320,cliente3320@email.com,Madrid,2047-04-09,email,False
3321,Carlos Ruiz 3321,cliente3321@email.com,Barcelona,2047-04-12,google,False
3322,Marta Soto 3322,cliente3322@email.com,Valencia,2047-04-15,facebook,False
3323,Pablo Díaz 3323,cliente3323@email.com,Sevilla,2047-04-18,organico,False
3324,Sara Vega 3324,cliente3324@email.com,Bilbao,2047-04-21,referido,False
3325,Ana García 3325,cliente3325@email.com,Madrid,2047-04-24,email,True
3326,Luis Martín 3326,cliente3326@email.com,Barcelona,2047-04-27,google,False
3327,Eva López 3327,cliente3327@email.com,Valencia,2047-04-30,facebook,False
3328,Carlos Ruiz 3328,cliente3328@email.com,Sevilla,2047-05-03,organico,False
3329,Marta Soto 3329,cliente3329@email.com,Bilbao,2047-05-06,referido,False
3330,Pablo Díaz 3330,cliente3330@email.com,Madrid,2047-05-09,email,False
3331,Sara Vega 3331,cliente3331@email.com,Barcelona,2047-05-12,google,False
3332,Ana García 3332,cliente3332@email.com,Valencia,2047-05-15,facebook,True
3333,Luis Martín 3333,cliente3333@email.com,Sevilla,2047-05-18,organico,False
3334,Eva López 3334,cliente3334@email.com,Bilbao,2047-05-21,referido,False
3335,Carlos Ruiz 3335,cliente3335@email.com,Madrid,2047-05-24,email,False
3336,Marta Soto 3336,cliente3336@email.com,Barcelona,2047-05-27,google,False
3337,Pablo Díaz 3337,cliente3337@email.com,Valencia,2047-05-30,facebook,False
3338,Sara Vega 3338,cliente3338@email.com,Sevilla,2047-06-02,organico,False
3339,Ana García 3339,cliente3339@email.com,Bilbao,2047-06-05,referido,True
3340,Luis Martín 3340,cliente3340@email.com,Madrid,2047-06-08,email,False
3341,Eva López 3341,cliente3341@email.com,Barcelona,2047-06-11,google,False
3342,Carlos Ruiz 3342,cliente3342@email.com,Valencia,2047-06-14,facebook,False
3343,Marta Soto 3343,cliente3343@email.com,Sevilla,2047-06-17,organico,False
3344,Pablo Díaz 3344,cliente3344@email.com,Bilbao,2047-06-20,referido,False
3345,Sara Vega 3345,cliente3345@email.com,Madrid,2047-06-23,email,False
3346,Ana García 3346,cliente3346@email.com,Barcelona,2047-06-26,google,True
3347,Luis Martín 3347,cliente3347@email.com,Valencia,2047-06-29,facebook,False
3348,Eva López 3348,cliente3348@email.com,Sevilla,2047-07-02,organico,False
3349,Carlos Ruiz 3349,cliente3349@email.com,Bilbao,2047-07-05,referido,False
3350,Marta Soto 3350,cliente3350@email.com,Madrid,2047-07-08,email,False
3351,Pablo Díaz 3351,cliente3351@email.com,Barcelona,2047-07-11,google,False
3352,Sara Vega 3352,cliente3352@email.com,Valencia,2047-07-14,facebook,False
3353,Ana García 3353,cliente3353@email.com,Sevilla,2047-07-17,organico,True
3354,Luis Martín 3354,cliente3354@email.com,Bilbao,2047-07-20,referido,False
3355,Eva López 3355,cliente3355@email.com,Madrid,2047-07-23,email,False
3356,Carlos Ruiz 3356,cliente3356@email.com,Barcelona,2047-07-26,google,False
3357,Marta Soto 3357,cliente3357@email.com,Valencia,2047-07-29,facebook,False
3358,Pablo Díaz 3358,cliente3358@email.com,Sevilla,2047-08-01,organico,False
3359,Sara Vega 3359,cliente3359@email.com,Bilbao,2047-08-04,referido,False
3360,Ana García 3360,cliente3360@email.com,Madrid,2047-08-07,email,True
3361,Luis Martín 3361,cliente3361@email.com,Barcelona,2047-08-10,google,False
3362,Eva López 3362,cliente3362@email.com,Valencia,2047-08-13,facebook,False
3363,Carlos Ruiz 3363,cliente3363@email.com,Sevilla,2047-08-16,organico,False
3364,Marta Soto 3364,cliente3364@email.com,Bilbao,2047-08-19,referido,False
3365,Pablo Díaz 3365,cliente3365@email.com,Madrid,2047-08-22,email,False
3366,Sara Vega 3366,cliente3366@email.com,Barcelona,2047-08-25,google,False
3367,Ana García 3367,cliente3367@email.com,Valencia,2047-08-28,facebook,True
3368,Luis Martín 3368,cliente3368@email.com,Sevilla,2047-08-31,organico,False
3369,Eva López 3369,cliente3369@email.com,Bilbao,2047-09-03,referido,False
3370,Carlos Ruiz 3370,cliente3370@email.com,Madrid,2047-09-06,email,False
3371,Marta Soto 3371,cliente3371@email.com,Barcelona,2047-09-09,google,False
3372,Pablo Díaz 3372,cliente3372@email.com,Valencia,2047-09-12,facebook,False
3373,Sara Vega 3373,cliente3373@email.com,Sevilla,2047-09-15,organico,False
3374,Ana García 3374,cliente3374@email.com,Bilbao,2047-09-18,referido,True
3375,Luis Martín 3375,cliente3375@email.com,Madrid,2047-09-21,email,False
3376,Eva López 3376,cliente3376@email.com,Barcelona,2047-09-24,google,False
3377,Carlos Ruiz 3377,cliente3377@email.com,Valencia,2047-09-27,facebook,False
3378,Marta Soto 3378,cliente3378@email.com,Sevilla,2047-09-30,organico,False
3379,Pablo Díaz 3379,cliente3379@email.com,Bilbao,2047-10-03,referido,False
3380,Sara Vega 3380,cliente3380@email.com,Madrid,2047-10-06,email,False
3381,Ana García 3381,cliente3381@email.com,Barcelona,2047-10-09,google,True
3382,Luis Martín 3382,cliente3382@email.com,Valencia,2047-10-12,facebook,False
3383,Eva López 3383,cliente3383@email.com,Sevilla,2047-10-15,organico,False
3384,Carlos Ruiz 3384,cliente3384@email.com,Bilbao,2047-10-18,referido,False
3385,Marta Soto 3385,cliente3385@email.com,Madrid,2047-10-21,email,False
3386,Pablo Díaz 3386,cliente3386@email.com,Barcelona,2047-10-24,google,False
3387,Sara Vega 3387,cliente3387@email.com,Valencia,2047-10-27,facebook,False
3388,Ana García 3388,cliente3388@email.com,Sevilla,2047-10-30,organico,True
3389,Luis Martín 3389,cliente3389@email.com,Bilbao,2047-11-02,referido,False
3390,Eva López 3390,cliente3390@email.com,Madrid,2047-11-05,email,False
3391,Carlos Ruiz 3391,cliente3391@email.com,Barcelona,2047-11-08,google,False
3392,Marta Soto 3392,cliente3392@email.com,Valencia,2047-11-11,facebook,False
3393,Pablo Díaz 3393,cliente3393@email.com,Sevilla,2047-11-14,organico,False
3394,Sara Vega 3394,cliente3394@email.com,Bilbao,2047-11-17,referido,False
3395,Ana García 3395,cliente3395@email.com,Madrid,2047-11-20,email,True
3396,Luis Martín 3396,cliente3396@email.com,Barcelona,2047-11-23,google,False
3397,Eva López 3397,cliente3397@email.com,Valencia,2047-11-26,facebook,False
3398,Carlos Ruiz 3398,cliente3398@email.com,Sevilla,2047-11-29,organico,False
3399,Marta Soto 3399,cliente3399@email.com,Bilbao,2047-12-02,referido,False
3400,Pablo Díaz 3400,cliente3400@email.com,Madrid,2047-12-05,email,False
3401,Sara Vega 3401,cliente3401@email.com,Barcelona,2047-12-08,google,False
3402,Ana García 3402,cliente3402@email.com,Valencia,2047-12-11,facebook,True
3403,Luis Martín 3403,cliente3403@email.com,Sevilla,2047-12-14,organico,False
3404,Eva López 3404,cliente3404@email.com,Bilbao,2047-12-17,referido,False
3405,Carlos Ruiz 3405,cliente3405@email.com,Madrid,2047-12-20,email,False
3406,Marta Soto 3406,cliente3406@email.com,Barcelona,2047-12-23,google,False
3407,Pablo Díaz 3407,cliente3407@email.com,Valencia,2047-12-26,facebook,False
3408,Sara Vega 3408,cliente3408@email.com,Sevilla,2047-12-29,organico,False
3409,Ana García 3409,cliente3409@email.com,Bilbao,2048-01-01,referido,True
3410,Luis Martín 3410,cliente3410@email.com,Madrid,2048-01-04,email,False
3411,Eva López 3411,cliente3411@email.com,Barcelona,2048-01-07,google,False
3412,Carlos Ruiz 3412,cliente3412@email.com,Valencia,2048-01-10,facebook,False
3413,Marta Soto 3413,cliente3413@email.com,Sevilla,2048-01-13,organico,False
3414,Pablo Díaz 3414,cliente3414@email.com,Bilbao,2048-01-16,referido,False
3415,Sara Vega 3415,cliente3415@email.com,Madrid,2048-01-19,email,False
3416,Ana García 3416,cliente3416@email.com,Barcelona,2048-01-22,google,True
3417,Luis Martín 3417,cliente3417@email.com,Valencia,2048-01-25,facebook,False
3418,Eva López 3418,cliente3418@email.com,Sevilla,2048-01-28,organico,False
3419,Carlos Ruiz 3419,cliente3419@email.com,Bilbao,2048-01-31,referido,False
3420,Marta Soto 3420,cliente3420@email.com,Madrid,2048-02-03,email,False
3421,Pablo Díaz 3421,cliente3421@email.com,Barcelona,2048-02-06,google,False
3422,Sara Vega 3422,cliente3422@email.com,Valencia,2048-02-09,facebook,False
3423,Ana García 3423,cliente3423@email.com,Sevilla,2048-02-12,organico,True
3424,Luis Martín 3424,cliente3424@email.com,Bilbao,2048-02-15,referido,False
3425,Eva López 3425,cliente3425@email.com,Madrid,2048-02-18,email,False
3426,Carlos Ruiz 3426,cliente3426@email.com,Barcelona,2048-02-21,google,False
3427,Marta Soto 3427,cliente3427@email.com,Valencia,2048-02-24,facebook,False
3428,Pablo Díaz 3428,cliente3428@email.com,Sevilla,2048-02-27,organico,False
3429,Sara Vega 3429,cliente3429@email.com,Bilbao,2048-03-01,referido,False
3430,Ana García 3430,cliente3430@email.com,Madrid,2048-03-04,email,True
3431,Luis Martín 3431,cliente3431@email.com,Barcelona,2048-03-07,google,False
3432,Eva López 3432,cliente3432@email.com,Valencia,2048-03-10,facebook,False
3433,Carlos Ruiz 3433,cliente3433@email.com,Sevilla,2048-03-13,organico,False
3434,Marta Soto 3434,cliente3434@email.com,Bilbao,2048-03-16,referido,False
3435,Pablo Díaz 3435,cliente3435@email.com,Madrid,2048-03-19,email,False
3436,Sara Vega 3436,cliente3436@email.com,Barcelona,2048-03-22,google,False
3437,Ana García 3437,cliente3437@email.com,Valencia,2048-03-25,facebook,True
3438,Luis Martín 3438,cliente3438@email.com,Sevilla,2048-03-28,organico,False
3439,Eva López 3439,cliente3439@email.com,Bilbao,2048-03-31,referido,False
3440,Carlos Ruiz 3440,cliente3440@email.com,Madrid,2048-04-03,email,False
3441,Marta Soto 3441,cliente3441@email.com,Barcelona,2048-04-06,google,False
3442,Pablo Díaz 3442,cliente3442@email.com,Valencia,2048-04-09,facebook,False
3443,Sara Vega 3443,cliente3443@email.com,Sevilla,2048-04-12,organico,False
3444,Ana García 3444,cliente3444@email.com,Bilbao,2048-04-15,referido,True
3445,Luis Martín 3445,cliente3445@email.com,Madrid,2048-04-18,email,False
3446,Eva López 3446,cliente3446@email.com,Barcelona,2048-04-21,google,False
3447,Carlos Ruiz 3447,cliente3447@email.com,Valencia,2048-04-24,facebook,False
3448,Marta Soto 3448,cliente3448@email.com,Sevilla,2048-04-27,organico,False
3449,Pablo Díaz 3449,cliente3449@email.com,Bilbao,2048-04-30,referido,False
3450,Sara Vega 3450,cliente3450@email.com,Madrid,2048-05-03,email,False
3451,Ana García 3451,cliente3451@email.com,Barcelona,2048-05-06,google,True
3452,Luis Martín 3452,cliente3452@email.com,Valencia,2048-05-09,facebook,False
3453,Eva López 3453,cliente3453@email.com,Sevilla,2048-05-12,organico,False
3454,Carlos Ruiz 3454,cliente3454@email.com,Bilbao,2048-05-15,referido,False
3455,Marta Soto 3455,cliente3455@email.com,Madrid,2048-05-18,email,False
3456,Pablo Díaz 3456,cliente3456@email.com,Barcelona,2048-05-21,google,False
3457,Sara Vega 3457,cliente3457@email.com,Valencia,2048-05-24,facebook,False
3458,Ana García 3458,cliente3458@email.com,Sevilla,2048-05-27,organico,True
3459,Luis Martín 3459,cliente3459@email.com,Bilbao,2048-05-30,referido,False
3460,Eva López 3460,cliente3460@email.com,Madrid,2048-06-02,email,False
3461,Carlos Ruiz 3461,cliente3461@email.com,Barcelona,2048-06-05,google,False
3462,Marta Soto 3462,cliente3462@email.com,Valencia,2048-06-08,facebook,False
3463,Pablo Díaz 3463,cliente3463@email.com,Sevilla,2048-06-11,organico,False
3464,Sara Vega 3464,cliente3464@email.com,Bilbao,2048-06-14,referido,False
3465,Ana García 3465,cliente3465@email.com,Madrid,2048-06-17,email,True
3466,Luis Martín 3466,cliente3466@email.com,Barcelona,2048-06-20,google,False
3467,Eva López 3467,cliente3467@email.com,Valencia,2048-06-23,facebook,False
3468,Carlos Ruiz 3468,cliente3468@email.com,Sevilla,2048-06-26,organico,False
3469,Marta Soto 3469,cliente3469@email.com,Bilbao,2048-06-29,referido,False
3470,Pablo Díaz 3470,cliente3470@email.com,Madrid,2048-07-02,email,False
3471,Sara Vega 3471,cliente3471@email.com,Barcelona,2048-07-05,google,False
3472,Ana García 3472,cliente3472@email.com,Valencia,2048-07-08,facebook,True
3473,Luis Martín 3473,cliente3473@email.com,Sevilla,2048-07-11,organico,False
3474,Eva López 3474,cliente3474@email.com,Bilbao,2048-07-14,referido,False
3475,Carlos Ruiz 3475,cliente3475@email.com,Madrid,2048-07-17,email,False
3476,Marta Soto 3476,cliente3476@email.com,Barcelona,2048-07-20,google,False
3477,Pablo Díaz 3477,cliente3477@email.com,Valencia,2048-07-23,facebook,False
3478,Sara Vega 3478,cliente3478@email.com,Sevilla,2048-07-26,organico,False
3479,Ana García 3479,cliente3479@email.com,Bilbao,2048-07-29,referido,True
3480,Luis Martín 3480,cliente3480@email.com,Madrid,2048-08-01,email,False
3481,Eva López 3481,cliente3481@email.com,Barcelona,2048-08-04,google,False
3482,Carlos Ruiz 3482,cliente3482@email.com,Valencia,2048-08-07,facebook,False
3483,Marta Soto 3483,cliente3483@email.com,Sevilla,2048-08-10,organico,False
3484,Pablo Díaz 3484,cliente3484@email.com,Bilbao,2048-08-13,referido,False
3485,Sara Vega 3485,cliente3485@email.com,Madrid,2048-08-16,email,False
3486,Ana García 3486,cliente3486@email.com,Barcelona,2048-08-19,google,True
3487,Luis Martín 3487,cliente3487@email.com,Valencia,2048-08-22,facebook,False
3488,Eva López 3488,cliente3488@email.com,Sevilla,2048-08-25,organico,False
3489,Carlos Ruiz 3489,cliente3489@email.com,Bilbao,2048-08-28,referido,False
3490,Marta Soto 3490,cliente3490@email.com,Madrid,2048-08-31,email,False
3491,Pablo Díaz 3491,cliente3491@email.com,Barcelona,2048-09-03,google,False
3492,Sara Vega 3492,cliente3492@email.com,Valencia,2048-09-06,facebook,False
3493,Ana García 3493,cliente3493@email.com,Sevilla,2048-09-09,organico,True
3494,Luis Martín 3494,cliente3494@email.com,Bilbao,2048-09-12,referido,False
3495,Eva López 3495,cliente3495@email.com,Madrid,2048-09-15,email,False
3496,Carlos Ruiz 3496,cliente3496@email.com,Barcelona,2048-09-18,google,False
3497,Marta Soto 3497,cliente3497@email.com,Valencia,2048-09-21,facebook,False
3498,Pablo Díaz 3498,cliente3498@email.com,Sevilla,2048-09-24,organico,False
3499,Sara Vega 3499,cliente3499@email.com,Bilbao,2048-09-27,referido,False
3500,Ana García 3500,cliente3500@email.com,Madrid,2048-09-30,email,True
3501,Luis Martín 3501,cliente3501@email.com,Barcelona,2048-10-03,google,False
3502,Eva López 3502,cliente3502@email.com,Valencia,2048-10-06,facebook,False
3503,Carlos Ruiz 3503,cliente3503@email.com,Sevilla,2048-10-09,organico,False
3504,Marta Soto 3504,cliente3504@email.com,Bilbao,2048-10-12,referido,False
3505,Pablo Díaz 3505,cliente3505@email.com,Madrid,2048-10-15,email,False
3506,Sara Vega 3506,cliente3506@email.com,Barcelona,2048-10-18,google,False
3507,Ana García 3507,cliente3507@email.com,Valencia,2048-10-21,facebook,True
3508,Luis Martín 3508,cliente3508@email.com,Sevilla,2048-10-24,organico,False
3509,Eva López 3509,cliente3509@email.com,Bilbao,2048-10-27,referido,False
3510,Carlos Ruiz 3510,cliente3510@email.com,Madrid,2048-10-30,email,False
3511,Marta Soto 3511,cliente3511@email.com,Barcelona,2048-11-02,google,False
3512,Pablo Díaz 3512,cliente3512@email.com,Valencia,2048-11-05,facebook,False
3513,Sara Vega 3513,cliente3513@email.com,Sevilla,2048-11-08,organico,False
3514,Ana García 3514,cliente3514@email.com,Bilbao,2048-11-11,referido,True
3515,Luis Martín 3515,cliente3515@email.com,Madrid,2048-11-14,email,False
3516,Eva López 3516,cliente3516@email.com,Barcelona,2048-11-17,google,False
3517,Carlos Ruiz 3517,cliente3517@email.com,Valencia,2048-11-20,facebook,False
3518,Marta Soto 3518,cliente3518@email.com,Sevilla,2048-11-23,organico,False
3519,Pablo Díaz 3519,cliente3519@email.com,Bilbao,2048-11-26,referido,False
3520,Sara Vega 3520,cliente3520@email.com,Madrid,2048-11-29,email,False
3521,Ana García 3521,cliente3521@email.com,Barcelona,2048-12-02,google,True
3522,Luis Martín 3522,cliente3522@email.com,Valencia,2048-12-05,facebook,False
3523,Eva López 3523,cliente3523@email.com,Sevilla,2048-12-08,organico,False
3524,Carlos Ruiz 3524,cliente3524@email.com,Bilbao,2048-12-11,referido,False
3525,Marta Soto 3525,cliente3525@email.com,Madrid,2048-12-14,email,False
3526,Pablo Díaz 3526,cliente3526@email.com,Barcelona,2048-12-17,google,False
3527,Sara Vega 3527,cliente3527@email.com,Valencia,2048-12-20,facebook,False
3528,Ana García 3528,cliente3528@email.com,Sevilla,2048-12-23,organico,True
3529,Luis Martín 3529,cliente3529@email.com,Bilbao,2048-12-26,referido,False
3530,Eva López 3530,cliente3530@email.com,Madrid,2048-12-29,email,False
3531,Carlos Ruiz 3531,cliente3531@email.com,Barcelona,2049-01-01,google,False
3532,Marta Soto 3532,cliente3532@email.com,Valencia,2049-01-04,facebook,False
3533,Pablo Díaz 3533,cliente3533@email.com,Sevilla,2049-01-07,organico,False
3534,Sara Vega 3534,cliente3534@email.com,Bilbao,2049-01-10,referido,False
3535,Ana García 3535,cliente3535@email.com,Madrid,2049-01-13,email,True
3536,Luis Martín 3536,cliente3536@email.com,Barcelona,2049-01-16,google,False
3537,Eva López 3537,cliente3537@email.com,Valencia,2049-01-19,facebook,False
3538,Carlos Ruiz 3538,cliente3538@email.com,Sevilla,2049-01-22,organico,False
3539,Marta Soto 3539,cliente3539@email.com,Bilbao,2049-01-25,referido,False
3540,Pablo Díaz 3540,cliente3540@email.com,Madrid,2049-01-28,email,False
3541,Sara Vega 3541,cliente3541@email.com,Barcelona,2049-01-31,google,False
3542,Ana García 3542,cliente3542@email.com,Valencia,2049-02-03,facebook,True
3543,Luis Martín 3543,cliente3543@email.com,Sevilla,2049-02-06,organico,False
3544,Eva López 3544,cliente3544@email.com,Bilbao,2049-02-09,referido,False
3545,Carlos Ruiz 3545,cliente3545@email.com,Madrid,2049-02-12,email,False
3546,Marta Soto 3546,cliente3546@email.com,Barcelona,2049-02-15,google,False
3547,Pablo Díaz 3547,cliente3547@email.com,Valencia,2049-02-18,facebook,False
3548,Sara Vega 3548,cliente3548@email.com,Sevilla,2049-02-21,organico,False
3549,Ana García 3549,cliente3549@email.com,Bilbao,2049-02-24,referido,True
3550,Luis Martín 3550,cliente3550@email.com,Madrid,2049-02-27,email,False
3551,Eva López 3551,cliente3551@email.com,Barcelona,2049-03-02,google,False
3552,Carlos Ruiz 3552,cliente3552@email.com,Valencia,2049-03-05,facebook,False
3553,Marta Soto 3553,cliente3553@email.com,Sevilla,2049-03-08,organico,False
3554,Pablo Díaz 3554,cliente3554@email.com,Bilbao,2049-03-11,referido,False
3555,Sara Vega 3555,cliente3555@email.com,Madrid,2049-03-14,email,False
3556,Ana García 3556,cliente3556@email.com,Barcelona,2049-03-17,google,True
3557,Luis Martín 3557,cliente3557@email.com,Valencia,2049-03-20,facebook,False
3558,Eva López 3558,cliente3558@email.com,Sevilla,2049-03-23,organico,False
3559,Carlos Ruiz 3559,cliente3559@email.com,Bilbao,2049-03-26,referido,False
3560,Marta Soto 3560,cliente3560@email.com,Madrid,2049-03-29,email,False
3561,Pablo Díaz 3561,cliente3561@email.com,Barcelona,2049-04-01,google,False
3562,Sara Vega 3562,cliente3562@email.com,Valencia,2049-04-04,facebook,False
3563,Ana García 3563,cliente3563@email.com,Sevilla,2049-04-07,organico,True
3564,Luis Martín 3564,cliente3564@email.com,Bilbao,2049-04-10,referido,False
3565,Eva López 3565,cliente3565@email.com,Madrid,2049-04-13,email,False
3566,Carlos Ruiz 3566,cliente3566@email.com,Barcelona,2049-04-16,google,False
3567,Marta Soto 3567,cliente3567@email.com,Valencia,2049-04-19,facebook,False
3568,Pablo Díaz 3568,cliente3568@email.com,Sevilla,2049-04-22,organico,False
3569,Sara Vega 3569,cliente3569@email.com,Bilbao,2049-04-25,referido,False
3570,Ana García 3570,cliente3570@email.com,Madrid,2049-04-28,email,True
3571,Luis Martín 3571,cliente3571@email.com,Barcelona,2049-05-01,google,False
3572,Eva López 3572,cliente3572@email.com,Valencia,2049-05-04,facebook,False
3573,Carlos Ruiz 3573,cliente3573@email.com,Sevilla,2049-05-07,organico,False
3574,Marta Soto 3574,cliente3574@email.com,Bilbao,2049-05-10,referido,False
3575,Pablo Díaz 3575,cliente3575@email.com,Madrid,2049-05-13,email,False
3576,Sara Vega 3576,cliente3576@email.com,Barcelona,2049-05-16,google,False
3577,Ana García 3577,cliente3577@email.com,Valencia,2049-05-19,facebook,True
3578,Luis Martín 3578,cliente3578@email.com,Sevilla,2049-05-22,organico,False
3579,Eva López 3579,cliente3579@email.com,Bilbao,2049-05-25,referido,False
3580,Carlos Ruiz 3580,cliente3580@email.com,Madrid,2049-05-28,email,False
3581,Marta Soto 3581,cliente3581@email.com,Barcelona,2049-05-31,google,False
3582,Pablo Díaz 3582,cliente3582@email.com,Valencia,2049-06-03,facebook,False
3583,Sara Vega 3583,cliente3583@email.com,Sevilla,2049-06-06,organico,False
3584,Ana García 3584,cliente3584@email.com,Bilbao,2049-06-09,referido,True
3585,Luis Martín 3585,cliente3585@email.com,Madrid,2049-06-12,email,False
3586,Eva López 3586,cliente3586@email.com,Barcelona,2049-06-15,google,False
3587,Carlos Ruiz 3587,cliente3587@email.com,Valencia,2049-06-18,facebook,False
3588,Marta Soto 3588,cliente3588@email.com,Sevilla,2049-06-21,organico,False
3589,Pablo Díaz 3589,cliente3589@email.com,Bilbao,2049-06-24,referido,False
3590,Sara Vega 3590,cliente3590@email.com,Madrid,2049-06-27,email,False
3591,Ana García 3591,cliente3591@email.com,Barcelona,2049-06-30,google,True
3592,Luis Martín 3592,cliente3592@email.com,Valencia,2049-07-03,facebook,False
3593,Eva López 3593,cliente3593@email.com,Sevilla,2049-07-06,organico,False
3594,Carlos Ruiz 3594,cliente3594@email.com,Bilbao,2049-07-09,referido,False
3595,Marta Soto 3595,cliente3595@email.com,Madrid,2049-07-12,email,False
3596,Pablo Díaz 3596,cliente3596@email.com,Barcelona,2049-07-15,google,False
3597,Sara Vega 3597,cliente3597@email.com,Valencia,2049-07-18,facebook,False
3598,Ana García 3598,cliente3598@email.com,Sevilla,2049-07-21,organico,True
3599,Luis Martín 3599,cliente3599@email.com,Bilbao,2049-07-24,referido,False
3600,Eva López 3600,cliente3600@email.com,Madrid,2049-07-27,email,False
3601,Carlos Ruiz 3601,cliente3601@email.com,Barcelona,2049-07-30,google,False
3602,Marta Soto 3602,cliente3602@email.com,Valencia,2049-08-02,facebook,False
3603,Pablo Díaz 3603,cliente3603@email.com,Sevilla,2049-08-05,organico,False
3604,Sara Vega 3604,cliente3604@email.com,Bilbao,2049-08-08,referido,False
3605,Ana García 3605,cliente3605@email.com,Madrid,2049-08-11,email,True
3606,Luis Martín 3606,cliente3606@email.com,Barcelona,2049-08-14,google,False
3607,Eva López 3607,cliente3607@email.com,Valencia,2049-08-17,facebook,False
3608,Carlos Ruiz 3608,cliente3608@email.com,Sevilla,2049-08-20,organico,False
3609,Marta Soto 3609,cliente3609@email.com,Bilbao,2049-08-23,referido,False
3610,Pablo Díaz 3610,cliente3610@email.com,Madrid,2049-08-26,email,False
3611,Sara Vega 3611,cliente3611@email.com,Barcelona,2049-08-29,google,False
3612,Ana García 3612,cliente3612@email.com,Valencia,2049-09-01,facebook,True
3613,Luis Martín 3613,cliente3613@email.com,Sevilla,2049-09-04,organico,False
3614,Eva López 3614,cliente3614@email.com,Bilbao,2049-09-07,referido,False
3615,Carlos Ruiz 3615,cliente3615@email.com,Madrid,2049-09-10,email,False
3616,Marta Soto 3616,cliente3616@email.com,Barcelona,2049-09-13,google,False
3617,Pablo Díaz 3617,cliente3617@email.com,Valencia,2049-09-16,facebook,False
3618,Sara Vega 3618,cliente3618@email.com,Sevilla,2049-09-19,organico,False
3619,Ana García 3619,cliente3619@email.com,Bilbao,2049-09-22,referido,True
3620,Luis Martín 3620,cliente3620@email.com,Madrid,2049-09-25,email,False
3621,Eva López 3621,cliente3621@email.com,Barcelona,2049-09-28,google,False
3622,Carlos Ruiz 3622,cliente3622@email.com,Valencia,2049-10-01,facebook,False
3623,Marta Soto 3623,cliente3623@email.com,Sevilla,2049-10-04,organico,False
3624,Pablo Díaz 3624,cliente3624@email.com,Bilbao,2049-10-07,referido,False
3625,Sara Vega 3625,cliente3625@email.com,Madrid,2049-10-10,email,False
3626,Ana García 3626,cliente3626@email.com,Barcelona,2049-10-13,google,True
3627,Luis Martín 3627,cliente3627@email.com,Valencia,2049-10-16,facebook,False
3628,Eva López 3628,cliente3628@email.com,Sevilla,2049-10-19,organico,False
3629,Carlos Ruiz 3629,cliente3629@email.com,Bilbao,2049-10-22,referido,False
3630,Marta Soto 3630,cliente3630@email.com,Madrid,2049-10-25,email,False
3631,Pablo Díaz 3631,cliente3631@email.com,Barcelona,2049-10-28,google,False
3632,Sara Vega 3632,cliente3632@email.com,Valencia,2049-10-31,facebook,False
3633,Ana García 3633,cliente3633@email.com,Sevilla,2049-11-03,organico,True
3634,Luis Martín 3634,cliente3634@email.com,Bilbao,2049-11-06,referido,False
3635,Eva López 3635,cliente3635@email.com,Madrid,2049-11-09,email,False
3636,Carlos Ruiz 3636,cliente3636@email.com,Barcelona,2049-11-12,google,False
3637,Marta Soto 3637,cliente3637@email.com,Valencia,2049-11-15,facebook,False
3638,Pablo Díaz 3638,cliente3638@email.com,Sevilla,2049-11-18,organico,False
3639,Sara Vega 3639,cliente3639@email.com,Bilbao,2049-11-21,referido,False
3640,Ana García 3640,cliente3640@email.com,Madrid,2049-11-24,email,True
3641,Luis Martín 3641,cliente3641@email.com,Barcelona,2049-11-27,google,False
3642,Eva López 3642,cliente3642@email.com,Valencia,2049-11-30,facebook,False
3643,Carlos Ruiz 3643,cliente3643@email.com,Sevilla,2049-12-03,organico,False
3644,Marta Soto 3644,cliente3644@email.com,Bilbao,2049-12-06,referido,False
3645,Pablo Díaz 3645,cliente3645@email.com,Madrid,2049-12-09,email,False
3646,Sara Vega 3646,cliente3646@email.com,Barcelona,2049-12-12,google,False
3647,Ana García 3647,cliente3647@email.com,Valencia,2049-12-15,facebook,True
3648,Luis Martín 3648,cliente3648@email.com,Sevilla,2049-12-18,organico,False
3649,Eva López 3649,cliente3649@email.com,Bilbao,2049-12-21,referido,False
3650,Carlos Ruiz 3650,cliente3650@email.com,Madrid,2049-12-24,email,False
3651,Marta Soto 3651,cliente3651@email.com,Barcelona,2049-12-27,google,False
3652,Pablo Díaz 3652,cliente3652@email.com,Valencia,2049-12-30,facebook,False
3653,Sara Vega 3653,cliente3653@email.com,Sevilla,2050-01-02,organico,False
3654,Ana García 3654,cliente3654@email.com,Bilbao,2050-01-05,referido,True
3655,Luis Martín 3655,cliente3655@email.com,Madrid,2050-01-08,email,False
3656,Eva López 3656,cliente3656@email.com,Barcelona,2050-01-11,google,False
3657,Carlos Ruiz 3657,cliente3657@email.com,Valencia,2050-01-14,facebook,False
3658,Marta Soto 3658,cliente3658@email.com,Sevilla,2050-01-17,organico,False
3659,Pablo Díaz 3659,cliente3659@email.com,Bilbao,2050-01-20,referido,False
3660,Sara Vega 3660,cliente3660@email.com,Madrid,2050-01-23,email,False
3661,Ana García 3661,cliente3661@email.com,Barcelona,2050-01-26,google,True
3662,Luis Martín 3662,cliente3662@email.com,Valencia,2050-01-29,facebook,False
3663,Eva López 3663,cliente3663@email.com,Sevilla,2050-02-01,organico,False
3664,Carlos Ruiz 3664,cliente3664@email.com,Bilbao,2050-02-04,referido,False
3665,Marta Soto 3665,cliente3665@email.com,Madrid,2050-02-07,email,False
3666,Pablo Díaz 3666,cliente3666@email.com,Barcelona,2050-02-10,google,False
3667,Sara Vega 3667,cliente3667@email.com,Valencia,2050-02-13,facebook,False
3668,Ana García 3668,cliente3668@email.com,Sevilla,2050-02-16,organico,True
3669,Luis Martín 3669,cliente3669@email.com,Bilbao,2050-02-19,referido,False
3670,Eva López 3670,cliente3670@email.com,Madrid,2050-02-22,email,False
3671,Carlos Ruiz 3671,cliente3671@email.com,Barcelona,2050-02-25,google,False
3672,Marta Soto 3672,cliente3672@email.com,Valencia,2050-02-28,facebook,False
3673,Pablo Díaz 3673,cliente3673@email.com,Sevilla,2050-03-03,organico,False
3674,Sara Vega 3674,cliente3674@email.com,Bilbao,2050-03-06,referido,False
3675,Ana García 3675,cliente3675@email.com,Madrid,2050-03-09,email,True
3676,Luis Martín 3676,cliente3676@email.com,Barcelona,2050-03-12,google,False
3677,Eva López 3677,cliente3677@email.com,Valencia,2050-03-15,facebook,False
3678,Carlos Ruiz 3678,cliente3678@email.com,Sevilla,2050-03-18,organico,False
3679,Marta Soto 3679,cliente3679@email.com,Bilbao,2050-03-21,referido,False
3680,Pablo Díaz 3680,cliente3680@email.com,Madrid,2050-03-24,email,False
3681,Sara Vega 3681,cliente3681@email.com,Barcelona,2050-03-27,google,False
3682,Ana García 3682,cliente3682@email.com,Valencia,2050-03-30,facebook,True
3683,Luis Martín 3683,cliente3683@email.com,Sevilla,2050-04-02,organico,False
3684,Eva López 3684,cliente3684@email.com,Bilbao,2050-04-05,referido,False
3685,Carlos Ruiz 3685,cliente3685@email.com,Madrid,2050-04-08,email,False
3686,Marta Soto 3686,cliente3686@email.com,Barcelona,2050-04-11,google,False
3687,Pablo Díaz 3687,cliente3687@email.com,Valencia,2050-04-14,facebook,False
3688,Sara Vega 3688,cliente3688@email.com,Sevilla,2050-04-17,organico,False
3689,Ana García 3689,cliente3689@email.com,Bilbao,2050-04-20,referido,True
3690,Luis Martín 3690,cliente3690@email.com,Madrid,2050-04-23,email,False
3691,Eva López 3691,cliente3691@email.com,Barcelona,2050-04-26,google,False
3692,Carlos Ruiz 3692,cliente3692@email.com,Valencia,2050-04-29,facebook,False
3693,Marta Soto 3693,cliente3693@email.com,Sevilla,2050-05-02,organico,False
3694,Pablo Díaz 3694,cliente3694@email.com,Bilbao,2050-05-05,referido,False
3695,Sara Vega 3695,cliente3695@email.com,Madrid,2050-05-08,email,False
3696,Ana García 3696,cliente3696@email.com,Barcelona,2050-05-11,google,True
3697,Luis Martín 3697,cliente3697@email.com,Valencia,2050-05-14,facebook,False
3698,Eva López 3698,cliente3698@email.com,Sevilla,2050-05-17,organico,False
3699,Carlos Ruiz 3699,cliente3699@email.com,Bilbao,2050-05-20,referido,False
3700,Marta Soto 3700,cliente3700@email.com,Madrid,2050-05-23,email,False
3701,Pablo Díaz 3701,cliente3701@email.com,Barcelona,2050-05-26,google,False
3702,Sara Vega 3702,cliente3702@email.com,Valencia,2050-05-29,facebook,False
3703,Ana García 3703,cliente3703@email.com,Sevilla,2050-06-01,organico,True
3704,Luis Martín 3704,cliente3704@email.com,Bilbao,2050-06-04,referido,False
3705,Eva López 3705,cliente3705@email.com,Madrid,2050-06-07,email,False
3706,Carlos Ruiz 3706,cliente3706@email.com,Barcelona,2050-06-10,google,False
3707,Marta Soto 3707,cliente3707@email.com,Valencia,2050-06-13,facebook,False
3708,Pablo Díaz 3708,cliente3708@email.com,Sevilla,2050-06-16,organico,False
3709,Sara Vega 3709,cliente3709@email.com,Bilbao,2050-06-19,referido,False
3710,Ana García 3710,cliente3710@email.com,Madrid,2050-06-22,email,True
3711,Luis Martín 3711,cliente3711@email.com,Barcelona,2050-06-25,google,False
3712,Eva López 3712,cliente3712@email.com,Valencia,2050-06-28,facebook,False
3713,Carlos Ruiz 3713,cliente3713@email.com,Sevilla,2050-07-01,organico,False
3714,Marta Soto 3714,cliente3714@email.com,Bilbao,2050-07-04,referido,False
3715,Pablo Díaz 3715,cliente3715@email.com,Madrid,2050-07-07,email,False
3716,Sara Vega 3716,cliente3716@email.com,Barcelona,2050-07-10,google,False
3717,Ana García 3717,cliente3717@email.com,Valencia,2050-07-13,facebook,True
3718,Luis Martín 3718,cliente3718@email.com,Sevilla,2050-07-16,organico,False
3719,Eva López 3719,cliente3719@email.com,Bilbao,2050-07-19,referido,False
3720,Carlos Ruiz 3720,cliente3720@email.com,Madrid,2050-07-22,email,False
3721,Marta Soto 3721,cliente3721@email.com,Barcelona,2050-07-25,google,False
3722,Pablo Díaz 3722,cliente3722@email.com,Valencia,2050-07-28,facebook,False
3723,Sara Vega 3723,cliente3723@email.com,Sevilla,2050-07-31,organico,False
3724,Ana García 3724,cliente3724@email.com,Bilbao,2050-08-03,referido,True
3725,Luis Martín 3725,cliente3725@email.com,Madrid,2050-08-06,email,False
3726,Eva López 3726,cliente3726@email.com,Barcelona,2050-08-09,google,False
3727,Carlos Ruiz 3727,cliente3727@email.com,Valencia,2050-08-12,facebook,False
3728,Marta Soto 3728,cliente3728@email.com,Sevilla,2050-08-15,organico,False
3729,Pablo Díaz 3729,cliente3729@email.com,Bilbao,2050-08-18,referido,False
3730,Sara Vega 3730,cliente3730@email.com,Madrid,2050-08-21,email,False
3731,Ana García 3731,cliente3731@email.com,Barcelona,2050-08-24,google,True
3732,Luis Martín 3732,cliente3732@email.com,Valencia,2050-08-27,facebook,False
3733,Eva López 3733,cliente3733@email.com,Sevilla,2050-08-30,organico,False
3734,Carlos Ruiz 3734,cliente3734@email.com,Bilbao,2050-09-02,referido,False
3735,Marta Soto 3735,cliente3735@email.com,Madrid,2050-09-05,email,False
3736,Pablo Díaz 3736,cliente3736@email.com,Barcelona,2050-09-08,google,False
3737,Sara Vega 3737,cliente3737@email.com,Valencia,2050-09-11,facebook,False
3738,Ana García 3738,cliente3738@email.com,Sevilla,2050-09-14,organico,True
3739,Luis Martín 3739,cliente3739@email.com,Bilbao,2050-09-17,referido,False
3740,Eva López 3740,cliente3740@email.com,Madrid,2050-09-20,email,False
3741,Carlos Ruiz 3741,cliente3741@email.com,Barcelona,2050-09-23,google,False
3742,Marta Soto 3742,cliente3742@email.com,Valencia,2050-09-26,facebook,False
3743,Pablo Díaz 3743,cliente3743@email.com,Sevilla,2050-09-29,organico,False
3744,Sara Vega 3744,cliente3744@email.com,Bilbao,2050-10-02,referido,False
3745,Ana García 3745,cliente3745@email.com,Madrid,2050-10-05,email,True
3746,Luis Martín 3746,cliente3746@email.com,Barcelona,2050-10-08,google,False
3747,Eva López 3747,cliente3747@email.com,Valencia,2050-10-11,facebook,False
3748,Carlos Ruiz 3748,cliente3748@email.com,Sevilla,2050-10-14,organico,False
3749,Marta Soto 3749,cliente3749@email.com,Bilbao,2050-10-17,referido,False
3750,Pablo Díaz 3750,cliente3750@email.com,Madrid,2050-10-20,email,False
3751,Sara Vega 3751,cliente3751@email.com,Barcelona,2050-10-23,google,False
3752,Ana García 3752,cliente3752@email.com,Valencia,2050-10-26,facebook,True
3753,Luis Martín 3753,cliente3753@email.com,Sevilla,2050-10-29,organico,False
3754,Eva López 3754,cliente3754@email.com,Bilbao,2050-11-01,referido,False
3755,Carlos Ruiz 3755,cliente3755@email.com,Madrid,2050-11-04,email,False
3756,Marta Soto 3756,cliente3756@email.com,Barcelona,2050-11-07,google,False
3757,Pablo Díaz 3757,cliente3757@email.com,Valencia,2050-11-10,facebook,False
3758,Sara Vega 3758,cliente3758@email.com,Sevilla,2050-11-13,organico,False
3759,Ana García 3759,cliente3759@email.com,Bilbao,2050-11-16,referido,True
3760,Luis Martín 3760,cliente3760@email.com,Madrid,2050-11-19,email,False
3761,Eva López 3761,cliente3761@email.com,Barcelona,2050-11-22,google,False
3762,Carlos Ruiz 3762,cliente3762@email.com,Valencia,2050-11-25,facebook,False
3763,Marta Soto 3763,cliente3763@email.com,Sevilla,2050-11-28,organico,False
3764,Pablo Díaz 3764,cliente3764@email.com,Bilbao,2050-12-01,referido,False
3765,Sara Vega 3765,cliente3765@email.com,Madrid,2050-12-04,email,False
3766,Ana García 3766,cliente3766@email.com,Barcelona,2050-12-07,google,True
3767,Luis Martín 3767,cliente3767@email.com,Valencia,2050-12-10,facebook,False
3768,Eva López 3768,cliente3768@email.com,Sevilla,2050-12-13,organico,False
3769,Carlos Ruiz 3769,cliente3769@email.com,Bilbao,2050-12-16,referido,False
3770,Marta Soto 3770,cliente3770@email.com,Madrid,2050-12-19,email,False
3771,Pablo Díaz 3771,cliente3771@email.com,Barcelona,2050-12-22,google,False
3772,Sara Vega 3772,cliente3772@email.com,Valencia,2050-12-25,facebook,False
3773,Ana García 3773,cliente3773@email.com,Sevilla,2050-12-28,organico,True
3774,Luis Martín 3774,cliente3774@email.com,Bilbao,2050-12-31,referido,False
3775,Eva López 3775,cliente3775@email.com,Madrid,2051-01-03,email,False
3776,Carlos Ruiz 3776,cliente3776@email.com,Barcelona,2051-01-06,google,False
3777,Marta Soto 3777,cliente3777@email.com,Valencia,2051-01-09,facebook,False
3778,Pablo Díaz 3778,cliente3778@email.com,Sevilla,2051-01-12,organico,False
3779,Sara Vega 3779,cliente3779@email.com,Bilbao,2051-01-15,referido,False
3780,Ana García 3780,cliente3780@email.com,Madrid,2051-01-18,email,True
3781,Luis Martín 3781,cliente3781@email.com,Barcelona,2051-01-21,google,False
3782,Eva López 3782,cliente3782@email.com,Valencia,2051-01-24,facebook,False
3783,Carlos Ruiz 3783,cliente3783@email.com,Sevilla,2051-01-27,organico,False
3784,Marta Soto 3784,cliente3784@email.com,Bilbao,2051-01-30,referido,False
3785,Pablo Díaz 3785,cliente3785@email.com,Madrid,2051-02-02,email,False
3786,Sara Vega 3786,cliente3786@email.com,Barcelona,2051-02-05,google,False
3787,Ana García 3787,cliente3787@email.com,Valencia,2051-02-08,facebook,True
3788,Luis Martín 3788,cliente3788@email.com,Sevilla,2051-02-11,organico,False
3789,Eva López 3789,cliente3789@email.com,Bilbao,2051-02-14,referido,False
3790,Carlos Ruiz 3790,cliente3790@email.com,Madrid,2051-02-17,email,False
3791,Marta Soto 3791,cliente3791@email.com,Barcelona,2051-02-20,google,False
3792,Pablo Díaz 3792,cliente3792@email.com,Valencia,2051-02-23,facebook,False
3793,Sara Vega 3793,cliente3793@email.com,Sevilla,2051-02-26,organico,False
3794,Ana García 3794,cliente3794@email.com,Bilbao,2051-03-01,referido,True
3795,Luis Martín 3795,cliente3795@email.com,Madrid,2051-03-04,email,False
3796,Eva López 3796,cliente3796@email.com,Barcelona,2051-03-07,google,False
3797,Carlos Ruiz 3797,cliente3797@email.com,Valencia,2051-03-10,facebook,False
3798,Marta Soto 3798,cliente3798@email.com,Sevilla,2051-03-13,organico,False
3799,Pablo Díaz 3799,cliente3799@email.com,Bilbao,2051-03-16,referido,False
3800,Sara Vega 3800,cliente3800@email.com,Madrid,2051-03-19,email,False
3801,Ana García 3801,cliente3801@email.com,Barcelona,2051-03-22,google,True
3802,Luis Martín 3802,cliente3802@email.com,Valencia,2051-03-25,facebook,False
3803,Eva López 3803,cliente3803@email.com,Sevilla,2051-03-28,organico,False
3804,Carlos Ruiz 3804,cliente3804@email.com,Bilbao,2051-03-31,referido,False
3805,Marta Soto 3805,cliente3805@email.com,Madrid,2051-04-03,email,False
3806,Pablo Díaz 3806,cliente3806@email.com,Barcelona,2051-04-06,google,False
3807,Sara Vega 3807,cliente3807@email.com,Valencia,2051-04-09,facebook,False
3808,Ana García 3808,cliente3808@email.com,Sevilla,2051-04-12,organico,True
3809,Luis Martín 3809,cliente3809@email.com,Bilbao,2051-04-15,referido,False
3810,Eva López 3810,cliente3810@email.com,Madrid,2051-04-18,email,False
3811,Carlos Ruiz 3811,cliente3811@email.com,Barcelona,2051-04-21,google,False
3812,Marta Soto 3812,cliente3812@email.com,Valencia,2051-04-24,facebook,False
3813,Pablo Díaz 3813,cliente3813@email.com,Sevilla,2051-04-27,organico,False
3814,Sara Vega 3814,cliente3814@email.com,Bilbao,2051-04-30,referido,False
3815,Ana García 3815,cliente3815@email.com,Madrid,2051-05-03,email,True
3816,Luis Martín 3816,cliente3816@email.com,Barcelona,2051-05-06,google,False
3817,Eva López 3817,cliente3817@email.com,Valencia,2051-05-09,facebook,False
3818,Carlos Ruiz 3818,cliente3818@email.com,Sevilla,2051-05-12,organico,False
3819,Marta Soto 3819,cliente3819@email.com,Bilbao,2051-05-15,referido,False
3820,Pablo Díaz 3820,cliente3820@email.com,Madrid,2051-05-18,email,False
3821,Sara Vega 3821,cliente3821@email.com,Barcelona,2051-05-21,google,False
3822,Ana García 3822,cliente3822@email.com,Valencia,2051-05-24,facebook,True
3823,Luis Martín 3823,cliente3823@email.com,Sevilla,2051-05-27,organico,False
3824,Eva López 3824,cliente3824@email.com,Bilbao,2051-05-30,referido,False
3825,Carlos Ruiz 3825,cliente3825@email.com,Madrid,2051-06-02,email,False
3826,Marta Soto 3826,cliente3826@email.com,Barcelona,2051-06-05,google,False
3827,Pablo Díaz 3827,cliente3827@email.com,Valencia,2051-06-08,facebook,False
3828,Sara Vega 3828,cliente3828@email.com,Sevilla,2051-06-11,organico,False
3829,Ana García 3829,cliente3829@email.com,Bilbao,2051-06-14,referido,True
3830,Luis Martín 3830,cliente3830@email.com,Madrid,2051-06-17,email,False
3831,Eva López 3831,cliente3831@email.com,Barcelona,2051-06-20,google,False
3832,Carlos Ruiz 3832,cliente3832@email.com,Valencia,2051-06-23,facebook,False
3833,Marta Soto 3833,cliente3833@email.com,Sevilla,2051-06-26,organico,False
3834,Pablo Díaz 3834,cliente3834@email.com,Bilbao,2051-06-29,referido,False
3835,Sara Vega 3835,cliente3835@email.com,Madrid,2051-07-02,email,False
3836,Ana García 3836,cliente3836@email.com,Barcelona,2051-07-05,google,True
3837,Luis Martín 3837,cliente3837@email.com,Valencia,2051-07-08,facebook,False
3838,Eva López 3838,cliente3838@email.com,Sevilla,2051-07-11,organico,False
3839,Carlos Ruiz 3839,cliente3839@email.com,Bilbao,2051-07-14,referido,False
3840,Marta Soto 3840,cliente3840@email.com,Madrid,2051-07-17,email,False
3841,Pablo Díaz 3841,cliente3841@email.com,Barcelona,2051-07-20,google,False
3842,Sara Vega 3842,cliente3842@email.com,Valencia,2051-07-23,facebook,False
3843,Ana García 3843,cliente3843@email.com,Sevilla,2051-07-26,organico,True
3844,Luis Martín 3844,cliente3844@email.com,Bilbao,2051-07-29,referido,False
3845,Eva López 3845,cliente3845@email.com,Madrid,2051-08-01,email,False
3846,Carlos Ruiz 3846,cliente3846@email.com,Barcelona,2051-08-04,google,False
3847,Marta Soto 3847,cliente3847@email.com,Valencia,2051-08-07,facebook,False
3848,Pablo Díaz 3848,cliente3848@email.com,Sevilla,2051-08-10,organico,False
3849,Sara Vega 3849,cliente3849@email.com,Bilbao,2051-08-13,referido,False
3850,Ana García 3850,cliente3850@email.com,Madrid,2051-08-16,email,True
3851,Luis Martín 3851,cliente3851@email.com,Barcelona,2051-08-19,google,False
3852,Eva López 3852,cliente3852@email.com,Valencia,2051-08-22,facebook,False
3853,Carlos Ruiz 3853,cliente3853@email.com,Sevilla,2051-08-25,organico,False
3854,Marta Soto 3854,cliente3854@email.com,Bilbao,2051-08-28,referido,False
3855,Pablo Díaz 3855,cliente3855@email.com,Madrid,2051-08-31,email,False
3856,Sara Vega 3856,cliente3856@email.com,Barcelona,2051-09-03,google,False
3857,Ana García 3857,cliente3857@email.com,Valencia,2051-09-06,facebook,True
3858,Luis Martín 3858,cliente3858@email.com,Sevilla,2051-09-09,organico,False
3859,Eva López 3859,cliente3859@email.com,Bilbao,2051-09-12,referido,False
3860,Carlos Ruiz 3860,cliente3860@email.com,Madrid,2051-09-15,email,False
3861,Marta Soto 3861,cliente3861@email.com,Barcelona,2051-09-18,google,False
3862,Pablo Díaz 3862,cliente3862@email.com,Valencia,2051-09-21,facebook,False
3863,Sara Vega 3863,cliente3863@email.com,Sevilla,2051-09-24,organico,False
3864,Ana García 3864,cliente3864@email.com,Bilbao,2051-09-27,referido,True
3865,Luis Martín 3865,cliente3865@email.com,Madrid,2051-09-30,email,False
3866,Eva López 3866,cliente3866@email.com,Barcelona,2051-10-03,google,False
3867,Carlos Ruiz 3867,cliente3867@email.com,Valencia,2051-10-06,facebook,False
3868,Marta Soto 3868,cliente3868@email.com,Sevilla,2051-10-09,organico,False
3869,Pablo Díaz 3869,cliente3869@email.com,Bilbao,2051-10-12,referido,False
3870,Sara Vega 3870,cliente3870@email.com,Madrid,2051-10-15,email,False
3871,Ana García 3871,cliente3871@email.com,Barcelona,2051-10-18,google,True
3872,Luis Martín 3872,cliente3872@email.com,Valencia,2051-10-21,facebook,False
3873,Eva López 3873,cliente3873@email.com,Sevilla,2051-10-24,organico,False
3874,Carlos Ruiz 3874,cliente3874@email.com,Bilbao,2051-10-27,referido,False
3875,Marta Soto 3875,cliente3875@email.com,Madrid,2051-10-30,email,False
3876,Pablo Díaz 3876,cliente3876@email.com,Barcelona,2051-11-02,google,False
3877,Sara Vega 3877,cliente3877@email.com,Valencia,2051-11-05,facebook,False
3878,Ana García 3878,cliente3878@email.com,Sevilla,2051-11-08,organico,True
3879,Luis Martín 3879,cliente3879@email.com,Bilbao,2051-11-11,referido,False
3880,Eva López 3880,cliente3880@email.com,Madrid,2051-11-14,email,False
3881,Carlos Ruiz 3881,cliente3881@email.com,Barcelona,2051-11-17,google,False
3882,Marta Soto 3882,cliente3882@email.com,Valencia,2051-11-20,facebook,False
3883,Pablo Díaz 3883,cliente3883@email.com,Sevilla,2051-11-23,organico,False
3884,Sara Vega 3884,cliente3884@email.com,Bilbao,2051-11-26,referido,False
3885,Ana García 3885,cliente3885@email.com,Madrid,2051-11-29,email,True
3886,Luis Martín 3886,cliente3886@email.com,Barcelona,2051-12-02,google,False
3887,Eva López 3887,cliente3887@email.com,Valencia,2051-12-05,facebook,False
3888,Carlos Ruiz 3888,cliente3888@email.com,Sevilla,2051-12-08,organico,False
3889,Marta Soto 3889,cliente3889@email.com,Bilbao,2051-12-11,referido,False
3890,Pablo Díaz 3890,cliente3890@email.com,Madrid,2051-12-14,email,False
3891,Sara Vega 3891,cliente3891@email.com,Barcelona,2051-12-17,google,False
3892,Ana García 3892,cliente3892@email.com,Valencia,2051-12-20,facebook,True
3893,Luis Martín 3893,cliente3893@email.com,Sevilla,2051-12-23,organico,False
3894,Eva López 3894,cliente3894@email.com,Bilbao,2051-12-26,referido,False
3895,Carlos Ruiz 3895,cliente3895@email.com,Madrid,2051-12-29,email,False
3896,Marta Soto 3896,cliente3896@email.com,Barcelona,2052-01-01,google,False
3897,Pablo Díaz 3897,cliente3897@email.com,Valencia,2052-01-04,facebook,False
3898,Sara Vega 3898,cliente3898@email.com,Sevilla,2052-01-07,organico,False
3899,Ana García 3899,cliente3899@email.com,Bilbao,2052-01-10,referido,True
3900,Luis Martín 3900,cliente3900@email.com,Madrid,2052-01-13,email,False
3901,Eva López 3901,cliente3901@email.com,Barcelona,2052-01-16,google,False
3902,Carlos Ruiz 3902,cliente3902@email.com,Valencia,2052-01-19,facebook,False
3903,Marta Soto 3903,cliente3903@email.com,Sevilla,2052-01-22,organico,False
3904,Pablo Díaz 3904,cliente3904@email.com,Bilbao,2052-01-25,referido,False
3905,Sara Vega 3905,cliente3905@email.com,Madrid,2052-01-28,email,False
3906,Ana García 3906,cliente3906@email.com,Barcelona,2052-01-31,google,True
3907,Luis Martín 3907,cliente3907@email.com,Valencia,2052-02-03,facebook,False
3908,Eva López 3908,cliente3908@email.com,Sevilla,2052-02-06,organico,False
3909,Carlos Ruiz 3909,cliente3909@email.com,Bilbao,2052-02-09,referido,False
3910,Marta Soto 3910,cliente3910@email.com,Madrid,2052-02-12,email,False
3911,Pablo Díaz 3911,cliente3911@email.com,Barcelona,2052-02-15,google,False
3912,Sara Vega 3912,cliente3912@email.com,Valencia,2052-02-18,facebook,False
3913,Ana García 3913,cliente3913@email.com,Sevilla,2052-02-21,organico,True
3914,Luis Martín 3914,cliente3914@email.com,Bilbao,2052-02-24,referido,False
3915,Eva López 3915,cliente3915@email.com,Madrid,2052-02-27,email,False
3916,Carlos Ruiz 3916,cliente3916@email.com,Barcelona,2052-03-01,google,False
3917,Marta Soto 3917,cliente3917@email.com,Valencia,2052-03-04,facebook,False
3918,Pablo Díaz 3918,cliente3918@email.com,Sevilla,2052-03-07,organico,False
3919,Sara Vega 3919,cliente3919@email.com,Bilbao,2052-03-10,referido,False
3920,Ana García 3920,cliente3920@email.com,Madrid,2052-03-13,email,True
3921,Luis Martín 3921,cliente3921@email.com,Barcelona,2052-03-16,google,False
3922,Eva López 3922,cliente3922@email.com,Valencia,2052-03-19,facebook,False
3923,Carlos Ruiz 3923,cliente3923@email.com,Sevilla,2052-03-22,organico,False
3924,Marta Soto 3924,cliente3924@email.com,Bilbao,2052-03-25,referido,False
3925,Pablo Díaz 3925,cliente3925@email.com,Madrid,2052-03-28,email,False
3926,Sara Vega 3926,cliente3926@email.com,Barcelona,2052-03-31,google,False
3927,Ana García 3927,cliente3927@email.com,Valencia,2052-04-03,facebook,True
3928,Luis Martín 3928,cliente3928@email.com,Sevilla,2052-04-06,organico,False
3929,Eva López 3929,cliente3929@email.com,Bilbao,2052-04-09,referido,False
3930,Carlos Ruiz 3930,cliente3930@email.com,Madrid,2052-04-12,email,False
3931,Marta Soto 3931,cliente3931@email.com,Barcelona,2052-04-15,google,False
3932,Pablo Díaz 3932,cliente3932@email.com,Valencia,2052-04-18,facebook,False
3933,Sara Vega 3933,cliente3933@email.com,Sevilla,2052-04-21,organico,False
3934,Ana García 3934,cliente3934@email.com,Bilbao,2052-04-24,referido,True
3935,Luis Martín 3935,cliente3935@email.com,Madrid,2052-04-27,email,False
3936,Eva López 3936,cliente3936@email.com,Barcelona,2052-04-30,google,False
3937,Carlos Ruiz 3937,cliente3937@email.com,Valencia,2052-05-03,facebook,False
3938,Marta Soto 3938,cliente3938@email.com,Sevilla,2052-05-06,organico,False
3939,Pablo Díaz 3939,cliente3939@email.com,Bilbao,2052-05-09,referido,False
3940,Sara Vega 3940,cliente3940@email.com,Madrid,2052-05-12,email,False
3941,Ana García 3941,cliente3941@email.com,Barcelona,2052-05-15,google,True
3942,Luis Martín 3942,cliente3942@email.com,Valencia,2052-05-18,facebook,False
3943,Eva López 3943,cliente3943@email.com,Sevilla,2052-05-21,organico,False
3944,Carlos Ruiz 3944,cliente3944@email.com,Bilbao,2052-05-24,referido,False
3945,Marta Soto 3945,cliente3945@email.com,Madrid,2052-05-27,email,False
3946,Pablo Díaz 3946,cliente3946@email.com,Barcelona,2052-05-30,google,False
3947,Sara Vega 3947,cliente3947@email.com,Valencia,2052-06-02,facebook,False
3948,Ana García 3948,cliente3948@email.com,Sevilla,2052-06-05,organico,True
3949,Luis Martín 3949,cliente3949@email.com,Bilbao,2052-06-08,referido,False
3950,Eva López 3950,cliente3950@email.com,Madrid,2052-06-11,email,False
3951,Carlos Ruiz 3951,cliente3951@email.com,Barcelona,2052-06-14,google,False
3952,Marta Soto 3952,cliente3952@email.com,Valencia,2052-06-17,facebook,False
3953,Pablo Díaz 3953,cliente3953@email.com,Sevilla,2052-06-20,organico,False
3954,Sara Vega 3954,cliente3954@email.com,Bilbao,2052-06-23,referido,False
3955,Ana García 3955,cliente3955@email.com,Madrid,2052-06-26,email,True
3956,Luis Martín 3956,cliente3956@email.com,Barcelona,2052-06-29,google,False
3957,Eva López 3957,cliente3957@email.com,Valencia,2052-07-02,facebook,False
3958,Carlos Ruiz 3958,cliente3958@email.com,Sevilla,2052-07-05,organico,False
3959,Marta Soto 3959,cliente3959@email.com,Bilbao,2052-07-08,referido,False
3960,Pablo Díaz 3960,cliente3960@email.com,Madrid,2052-07-11,email,False
3961,Sara Vega 3961,cliente3961@email.com,Barcelona,2052-07-14,google,False
3962,Ana García 3962,cliente3962@email.com,Valencia,2052-07-17,facebook,True
3963,Luis Martín 3963,cliente3963@email.com,Sevilla,2052-07-20,organico,False
3964,Eva López 3964,cliente3964@email.com,Bilbao,2052-07-23,referido,False
3965,Carlos Ruiz 3965,cliente3965@email.com,Madrid,2052-07-26,email,False
3966,Marta Soto 3966,cliente3966@email.com,Barcelona,2052-07-29,google,False
3967,Pablo Díaz 3967,cliente3967@email.com,Valencia,2052-08-01,facebook,False
3968,Sara Vega 3968,cliente3968@email.com,Sevilla,2052-08-04,organico,False
3969,Ana García 3969,cliente3969@email.com,Bilbao,2052-08-07,referido,True
3970,Luis Martín 3970,cliente3970@email.com,Madrid,2052-08-10,email,False
3971,Eva López 3971,cliente3971@email.com,Barcelona,2052-08-13,google,False
3972,Carlos Ruiz 3972,cliente3972@email.com,Valencia,2052-08-16,facebook,False
3973,Marta Soto 3973,cliente3973@email.com,Sevilla,2052-08-19,organico,False
3974,Pablo Díaz 3974,cliente3974@email.com,Bilbao,2052-08-22,referido,False
3975,Sara Vega 3975,cliente3975@email.com,Madrid,2052-08-25,email,False
3976,Ana García 3976,cliente3976@email.com,Barcelona,2052-08-28,google,True
3977,Luis Martín 3977,cliente3977@email.com,Valencia,2052-08-31,facebook,False
3978,Eva López 3978,cliente3978@email.com,Sevilla,2052-09-03,organico,False
3979,Carlos Ruiz 3979,cliente3979@email.com,Bilbao,2052-09-06,referido,False
3980,Marta Soto 3980,cliente3980@email.com,Madrid,2052-09-09,email,False
3981,Pablo Díaz 3981,cliente3981@email.com,Barcelona,2052-09-12,google,False
3982,Sara Vega 3982,cliente3982@email.com,Valencia,2052-09-15,facebook,False
3983,Ana García 3983,cliente3983@email.com,Sevilla,2052-09-18,organico,True
3984,Luis Martín 3984,cliente3984@email.com,Bilbao,2052-09-21,referido,False
3985,Eva López 3985,cliente3985@email.com,Madrid,2052-09-24,email,False
3986,Carlos Ruiz 3986,cliente3986@email.com,Barcelona,2052-09-27,google,False
3987,Marta Soto 3987,cliente3987@email.com,Valencia,2052-09-30,facebook,False
3988,Pablo Díaz 3988,cliente3988@email.com,Sevilla,2052-10-03,organico,False
3989,Sara Vega 3989,cliente3989@email.com,Bilbao,2052-10-06,referido,False
3990,Ana García 3990,cliente3990@email.com,Madrid,2052-10-09,email,True
3991,Luis Martín 3991,cliente3991@email.com,Barcelona,2052-10-12,google,False
3992,Eva López 3992,cliente3992@email.com,Valencia,2052-10-15,facebook,False
3993,Carlos Ruiz 3993,cliente3993@email.com,Sevilla,2052-10-18,organico,False
3994,Marta Soto 3994,cliente3994@email.com,Bilbao,2052-10-21,referido,False
3995,Pablo Díaz 3995,cliente3995@email.com,Madrid,2052-10-24,email,False
3996,Sara Vega 3996,cliente3996@email.com,Barcelona,2052-10-27,google,False
3997,Ana García 3997,cliente3997@email.com,Valencia,2052-10-30,facebook,True
3998,Luis Martín 3998,cliente3998@email.com,Sevilla,2052-11-02,organico,False
3999,Eva López 3999,cliente3999@email.com,Bilbao,2052-11-05,referido,False
4000,Carlos Ruiz 4000,cliente4000@email.com,Madrid,2052-11-08,email,False
4001,Marta Soto 4001,cliente4001@email.com,Barcelona,2052-11-11,google,False
4002,Pablo Díaz 4002,cliente4002@email.com,Valencia,2052-11-14,facebook,False
4003,Sara Vega 4003,cliente4003@email.com,Sevilla,2052-11-17,organico,False
4004,Ana García 4004,cliente4004@email.com,Bilbao,2052-11-20,referido,True
4005,Luis Martín 4005,cliente4005@email.com,Madrid,2052-11-23,email,False
4006,Eva López 4006,cliente4006@email.com,Barcelona,2052-11-26,google,False
4007,Carlos Ruiz 4007,cliente4007@email.com,Valencia,2052-11-29,facebook,False
4008,Marta Soto 4008,cliente4008@email.com,Sevilla,2052-12-02,organico,False
4009,Pablo Díaz 4009,cliente4009@email.com,Bilbao,2052-12-05,referido,False
4010,Sara Vega 4010,cliente4010@email.com,Madrid,2052-12-08,email,False
4011,Ana García 4011,cliente4011@email.com,Barcelona,2052-12-11,google,True
4012,Luis Martín 4012,cliente4012@email.com,Valencia,2052-12-14,facebook,False
4013,Eva López 4013,cliente4013@email.com,Sevilla,2052-12-17,organico,False
4014,Carlos Ruiz 4014,cliente4014@email.com,Bilbao,2052-12-20,referido,False
4015,Marta Soto 4015,cliente4015@email.com,Madrid,2052-12-23,email,False
4016,Pablo Díaz 4016,cliente4016@email.com,Barcelona,2052-12-26,google,False
4017,Sara Vega 4017,cliente4017@email.com,Valencia,2052-12-29,facebook,False
4018,Ana García 4018,cliente4018@email.com,Sevilla,2053-01-01,organico,True
4019,Luis Martín 4019,cliente4019@email.com,Bilbao,2053-01-04,referido,False
4020,Eva López 4020,cliente4020@email.com,Madrid,2053-01-07,email,False
4021,Carlos Ruiz 4021,cliente4021@email.com,Barcelona,2053-01-10,google,False
4022,Marta Soto 4022,cliente4022@email.com,Valencia,2053-01-13,facebook,False
4023,Pablo Díaz 4023,cliente4023@email.com,Sevilla,2053-01-16,organico,False
4024,Sara Vega 4024,cliente4024@email.com,Bilbao,2053-01-19,referido,False
4025,Ana García 4025,cliente4025@email.com,Madrid,2053-01-22,email,True
4026,Luis Martín 4026,cliente4026@email.com,Barcelona,2053-01-25,google,False
4027,Eva López 4027,cliente4027@email.com,Valencia,2053-01-28,facebook,False
4028,Carlos Ruiz 4028,cliente4028@email.com,Sevilla,2053-01-31,organico,False
4029,Marta Soto 4029,cliente4029@email.com,Bilbao,2053-02-03,referido,False
4030,Pablo Díaz 4030,cliente4030@email.com,Madrid,2053-02-06,email,False
4031,Sara Vega 4031,cliente4031@email.com,Barcelona,2053-02-09,google,False
4032,Ana García 4032,cliente4032@email.com,Valencia,2053-02-12,facebook,True
4033,Luis Martín 4033,cliente4033@email.com,Sevilla,2053-02-15,organico,False
4034,Eva López 4034,cliente4034@email.com,Bilbao,2053-02-18,referido,False
4035,Carlos Ruiz 4035,cliente4035@email.com,Madrid,2053-02-21,email,False
4036,Marta Soto 4036,cliente4036@email.com,Barcelona,2053-02-24,google,False
4037,Pablo Díaz 4037,cliente4037@email.com,Valencia,2053-02-27,facebook,False
4038,Sara Vega 4038,cliente4038@email.com,Sevilla,2053-03-02,organico,False
4039,Ana García 4039,cliente4039@email.com,Bilbao,2053-03-05,referido,True
4040,Luis Martín 4040,cliente4040@email.com,Madrid,2053-03-08,email,False
4041,Eva López 4041,cliente4041@email.com,Barcelona,2053-03-11,google,False
4042,Carlos Ruiz 4042,cliente4042@email.com,Valencia,2053-03-14,facebook,False
4043,Marta Soto 4043,cliente4043@email.com,Sevilla,2053-03-17,organico,False
4044,Pablo Díaz 4044,cliente4044@email.com,Bilbao,2053-03-20,referido,False
4045,Sara Vega 4045,cliente4045@email.com,Madrid,2053-03-23,email,False
4046,Ana García 4046,cliente4046@email.com,Barcelona,2053-03-26,google,True
4047,Luis Martín 4047,cliente4047@email.com,Valencia,2053-03-29,facebook,False
4048,Eva López 4048,cliente4048@email.com,Sevilla,2053-04-01,organico,False
4049,Carlos Ruiz 4049,cliente4049@email.com,Bilbao,2053-04-04,referido,False
4050,Marta Soto 4050,cliente4050@email.com,Madrid,2053-04-07,email,False
4051,Pablo Díaz 4051,cliente4051@email.com,Barcelona,2053-04-10,google,False
4052,Sara Vega 4052,cliente4052@email.com,Valencia,2053-04-13,facebook,False
4053,Ana García 4053,cliente4053@email.com,Sevilla,2053-04-16,organico,True
4054,Luis Martín 4054,cliente4054@email.com,Bilbao,2053-04-19,referido,False
4055,Eva López 4055,cliente4055@email.com,Madrid,2053-04-22,email,False
4056,Carlos Ruiz 4056,cliente4056@email.com,Barcelona,2053-04-25,google,False
4057,Marta Soto 4057,cliente4057@email.com,Valencia,2053-04-28,facebook,False
4058,Pablo Díaz 4058,cliente4058@email.com,Sevilla,2053-05-01,organico,False
4059,Sara Vega 4059,cliente4059@email.com,Bilbao,2053-05-04,referido,False
4060,Ana García 4060,cliente4060@email.com,Madrid,2053-05-07,email,True
4061,Luis Martín 4061,cliente4061@email.com,Barcelona,2053-05-10,google,False
4062,Eva López 4062,cliente4062@email.com,Valencia,2053-05-13,facebook,False
4063,Carlos Ruiz 4063,cliente4063@email.com,Sevilla,2053-05-16,organico,False
4064,Marta Soto 4064,cliente4064@email.com,Bilbao,2053-05-19,referido,False
4065,Pablo Díaz 4065,cliente4065@email.com,Madrid,2053-05-22,email,False
4066,Sara Vega 4066,cliente4066@email.com,Barcelona,2053-05-25,google,False
4067,Ana García 4067,cliente4067@email.com,Valencia,2053-05-28,facebook,True
4068,Luis Martín 4068,cliente4068@email.com,Sevilla,2053-05-31,organico,False
4069,Eva López 4069,cliente4069@email.com,Bilbao,2053-06-03,referido,False
4070,Carlos Ruiz 4070,cliente4070@email.com,Madrid,2053-06-06,email,False
4071,Marta Soto 4071,cliente4071@email.com,Barcelona,2053-06-09,google,False
4072,Pablo Díaz 4072,cliente4072@email.com,Valencia,2053-06-12,facebook,False
4073,Sara Vega 4073,cliente4073@email.com,Sevilla,2053-06-15,organico,False
4074,Ana García 4074,cliente4074@email.com,Bilbao,2053-06-18,referido,True
4075,Luis Martín 4075,cliente4075@email.com,Madrid,2053-06-21,email,False
4076,Eva López 4076,cliente4076@email.com,Barcelona,2053-06-24,google,False
4077,Carlos Ruiz 4077,cliente4077@email.com,Valencia,2053-06-27,facebook,False
4078,Marta Soto 4078,cliente4078@email.com,Sevilla,2053-06-30,organico,False
4079,Pablo Díaz 4079,cliente4079@email.com,Bilbao,2053-07-03,referido,False
4080,Sara Vega 4080,cliente4080@email.com,Madrid,2053-07-06,email,False
4081,Ana García 4081,cliente4081@email.com,Barcelona,2053-07-09,google,True
4082,Luis Martín 4082,cliente4082@email.com,Valencia,2053-07-12,facebook,False
4083,Eva López 4083,cliente4083@email.com,Sevilla,2053-07-15,organico,False
4084,Carlos Ruiz 4084,cliente4084@email.com,Bilbao,2053-07-18,referido,False
4085,Marta Soto 4085,cliente4085@email.com,Madrid,2053-07-21,email,False
4086,Pablo Díaz 4086,cliente4086@email.com,Barcelona,2053-07-24,google,False
4087,Sara Vega 4087,cliente4087@email.com,Valencia,2053-07-27,facebook,False
4088,Ana García 4088,cliente4088@email.com,Sevilla,2053-07-30,organico,True
4089,Luis Martín 4089,cliente4089@email.com,Bilbao,2053-08-02,referido,False
4090,Eva López 4090,cliente4090@email.com,Madrid,2053-08-05,email,False
4091,Carlos Ruiz 4091,cliente4091@email.com,Barcelona,2053-08-08,google,False
4092,Marta Soto 4092,cliente4092@email.com,Valencia,2053-08-11,facebook,False
4093,Pablo Díaz 4093,cliente4093@email.com,Sevilla,2053-08-14,organico,False
4094,Sara Vega 4094,cliente4094@email.com,Bilbao,2053-08-17,referido,False
4095,Ana García 4095,cliente4095@email.com,Madrid,2053-08-20,email,True
4096,Luis Martín 4096,cliente4096@email.com,Barcelona,2053-08-23,google,False
4097,Eva López 4097,cliente4097@email.com,Valencia,2053-08-26,facebook,False
4098,Carlos Ruiz 4098,cliente4098@email.com,Sevilla,2053-08-29,organico,False
4099,Marta Soto 4099,cliente4099@email.com,Bilbao,2053-09-01,referido,False
4100,Pablo Díaz 4100,cliente4100@email.com,Madrid,2053-09-04,email,False
4101,Sara Vega 4101,cliente4101@email.com,Barcelona,2053-09-07,google,False
4102,Ana García 4102,cliente4102@email.com,Valencia,2053-09-10,facebook,True
4103,Luis Martín 4103,cliente4103@email.com,Sevilla,2053-09-13,organico,False
4104,Eva López 4104,cliente4104@email.com,Bilbao,2053-09-16,referido,False
4105,Carlos Ruiz 4105,cliente4105@email.com,Madrid,2053-09-19,email,False
4106,Marta Soto 4106,cliente4106@email.com,Barcelona,2053-09-22,google,False
4107,Pablo Díaz 4107,cliente4107@email.com,Valencia,2053-09-25,facebook,False
4108,Sara Vega 4108,cliente4108@email.com,Sevilla,2053-09-28,organico,False
4109,Ana García 4109,cliente4109@email.com,Bilbao,2053-10-01,referido,True
4110,Luis Martín 4110,cliente4110@email.com,Madrid,2053-10-04,email,False
4111,Eva López 4111,cliente4111@email.com,Barcelona,2053-10-07,google,False
4112,Carlos Ruiz 4112,cliente4112@email.com,Valencia,2053-10-10,facebook,False
4113,Marta Soto 4113,cliente4113@email.com,Sevilla,2053-10-13,organico,False
4114,Pablo Díaz 4114,cliente4114@email.com,Bilbao,2053-10-16,referido,False
4115,Sara Vega 4115,cliente4115@email.com,Madrid,2053-10-19,email,False
4116,Ana García 4116,cliente4116@email.com,Barcelona,2053-10-22,google,True
4117,Luis Martín 4117,cliente4117@email.com,Valencia,2053-10-25,facebook,False
4118,Eva López 4118,cliente4118@email.com,Sevilla,2053-10-28,organico,False
4119,Carlos Ruiz 4119,cliente4119@email.com,Bilbao,2053-10-31,referido,False
4120,Marta Soto 4120,cliente4120@email.com,Madrid,2053-11-03,email,False
4121,Pablo Díaz 4121,cliente4121@email.com,Barcelona,2053-11-06,google,False
4122,Sara Vega 4122,cliente4122@email.com,Valencia,2053-11-09,facebook,False
4123,Ana García 4123,cliente4123@email.com,Sevilla,2053-11-12,organico,True
4124,Luis Martín 4124,cliente4124@email.com,Bilbao,2053-11-15,referido,False
4125,Eva López 4125,cliente4125@email.com,Madrid,2053-11-18,email,False
4126,Carlos Ruiz 4126,cliente4126@email.com,Barcelona,2053-11-21,google,False
4127,Marta Soto 4127,cliente4127@email.com,Valencia,2053-11-24,facebook,False
4128,Pablo Díaz 4128,cliente4128@email.com,Sevilla,2053-11-27,organico,False
4129,Sara Vega 4129,cliente4129@email.com,Bilbao,2053-11-30,referido,False
4130,Ana García 4130,cliente4130@email.com,Madrid,2053-12-03,email,True
4131,Luis Martín 4131,cliente4131@email.com,Barcelona,2053-12-06,google,False
4132,Eva López 4132,cliente4132@email.com,Valencia,2053-12-09,facebook,False
4133,Carlos Ruiz 4133,cliente4133@email.com,Sevilla,2053-12-12,organico,False
4134,Marta Soto 4134,cliente4134@email.com,Bilbao,2053-12-15,referido,False
4135,Pablo Díaz 4135,cliente4135@email.com,Madrid,2053-12-18,email,False
4136,Sara Vega 4136,cliente4136@email.com,Barcelona,2053-12-21,google,False
4137,Ana García 4137,cliente4137@email.com,Valencia,2053-12-24,facebook,True
4138,Luis Martín 4138,cliente4138@email.com,Sevilla,2053-12-27,organico,False
4139,Eva López 4139,cliente4139@email.com,Bilbao,2053-12-30,referido,False
4140,Carlos Ruiz 4140,cliente4140@email.com,Madrid,2054-01-02,email,False
4141,Marta Soto 4141,cliente4141@email.com,Barcelona,2054-01-05,google,False
4142,Pablo Díaz 4142,cliente4142@email.com,Valencia,2054-01-08,facebook,False
4143,Sara Vega 4143,cliente4143@email.com,Sevilla,2054-01-11,organico,False
4144,Ana García 4144,cliente4144@email.com,Bilbao,2054-01-14,referido,True
4145,Luis Martín 4145,cliente4145@email.com,Madrid,2054-01-17,email,False
4146,Eva López 4146,cliente4146@email.com,Barcelona,2054-01-20,google,False
4147,Carlos Ruiz 4147,cliente4147@email.com,Valencia,2054-01-23,facebook,False
4148,Marta Soto 4148,cliente4148@email.com,Sevilla,2054-01-26,organico,False
4149,Pablo Díaz 4149,cliente4149@email.com,Bilbao,2054-01-29,referido,False
4150,Sara Vega 4150,cliente4150@email.com,Madrid,2054-02-01,email,False
4151,Ana García 4151,cliente4151@email.com,Barcelona,2054-02-04,google,True
4152,Luis Martín 4152,cliente4152@email.com,Valencia,2054-02-07,facebook,False
4153,Eva López 4153,cliente4153@email.com,Sevilla,2054-02-10,organico,False
4154,Carlos Ruiz 4154,cliente4154@email.com,Bilbao,2054-02-13,referido,False
4155,Marta Soto 4155,cliente4155@email.com,Madrid,2054-02-16,email,False
4156,Pablo Díaz 4156,cliente4156@email.com,Barcelona,2054-02-19,google,False
4157,Sara Vega 4157,cliente4157@email.com,Valencia,2054-02-22,facebook,False
4158,Ana García 4158,cliente4158@email.com,Sevilla,2054-02-25,organico,True
4159,Luis Martín 4159,cliente4159@email.com,Bilbao,2054-02-28,referido,False
4160,Eva López 4160,cliente4160@email.com,Madrid,2054-03-03,email,False
4161,Carlos Ruiz 4161,cliente4161@email.com,Barcelona,2054-03-06,google,False
4162,Marta Soto 4162,cliente4162@email.com,Valencia,2054-03-09,facebook,False
4163,Pablo Díaz 4163,cliente4163@email.com,Sevilla,2054-03-12,organico,False
4164,Sara Vega 4164,cliente4164@email.com,Bilbao,2054-03-15,referido,False
4165,Ana García 4165,cliente4165@email.com,Madrid,2054-03-18,email,True
4166,Luis Martín 4166,cliente4166@email.com,Barcelona,2054-03-21,google,False
4167,Eva López 4167,cliente4167@email.com,Valencia,2054-03-24,facebook,False
4168,Carlos Ruiz 4168,cliente4168@email.com,Sevilla,2054-03-27,organico,False
4169,Marta Soto 4169,cliente4169@email.com,Bilbao,2054-03-30,referido,False
4170,Pablo Díaz 4170,cliente4170@email.com,Madrid,2054-04-02,email,False
4171,Sara Vega 4171,cliente4171@email.com,Barcelona,2054-04-05,google,False
4172,Ana García 4172,cliente4172@email.com,Valencia,2054-04-08,facebook,True
4173,Luis Martín 4173,cliente4173@email.com,Sevilla,2054-04-11,organico,False
4174,Eva López 4174,cliente4174@email.com,Bilbao,2054-04-14,referido,False
4175,Carlos Ruiz 4175,cliente4175@email.com,Madrid,2054-04-17,email,False
4176,Marta Soto 4176,cliente4176@email.com,Barcelona,2054-04-20,google,False
4177,Pablo Díaz 4177,cliente4177@email.com,Valencia,2054-04-23,facebook,False
4178,Sara Vega 4178,cliente4178@email.com,Sevilla,2054-04-26,organico,False
4179,Ana García 4179,cliente4179@email.com,Bilbao,2054-04-29,referido,True
4180,Luis Martín 4180,cliente4180@email.com,Madrid,2054-05-02,email,False
4181,Eva López 4181,cliente4181@email.com,Barcelona,2054-05-05,google,False
4182,Carlos Ruiz 4182,cliente4182@email.com,Valencia,2054-05-08,facebook,False
4183,Marta Soto 4183,cliente4183@email.com,Sevilla,2054-05-11,organico,False
4184,Pablo Díaz 4184,cliente4184@email.com,Bilbao,2054-05-14,referido,False
4185,Sara Vega 4185,cliente4185@email.com,Madrid,2054-05-17,email,False
4186,Ana García 4186,cliente4186@email.com,Barcelona,2054-05-20,google,True
4187,Luis Martín 4187,cliente4187@email.com,Valencia,2054-05-23,facebook,False
4188,Eva López 4188,cliente4188@email.com,Sevilla,2054-05-26,organico,False
4189,Carlos Ruiz 4189,cliente4189@email.com,Bilbao,2054-05-29,referido,False
4190,Marta Soto 4190,cliente4190@email.com,Madrid,2054-06-01,email,False
4191,Pablo Díaz 4191,cliente4191@email.com,Barcelona,2054-06-04,google,False
4192,Sara Vega 4192,cliente4192@email.com,Valencia,2054-06-07,facebook,False
4193,Ana García 4193,cliente4193@email.com,Sevilla,2054-06-10,organico,True
4194,Luis Martín 4194,cliente4194@email.com,Bilbao,2054-06-13,referido,False
4195,Eva López 4195,cliente4195@email.com,Madrid,2054-06-16,email,False
4196,Carlos Ruiz 4196,cliente4196@email.com,Barcelona,2054-06-19,google,False
4197,Marta Soto 4197,cliente4197@email.com,Valencia,2054-06-22,facebook,False
4198,Pablo Díaz 4198,cliente4198@email.com,Sevilla,2054-06-25,organico,False
4199,Sara Vega 4199,cliente4199@email.com,Bilbao,2054-06-28,referido,False
4200,Ana García 4200,cliente4200@email.com,Madrid,2054-07-01,email,True
4201,Luis Martín 4201,cliente4201@email.com,Barcelona,2054-07-04,google,False
4202,Eva López 4202,cliente4202@email.com,Valencia,2054-07-07,facebook,False
4203,Carlos Ruiz 4203,cliente4203@email.com,Sevilla,2054-07-10,organico,False
4204,Marta Soto 4204,cliente4204@email.com,Bilbao,2054-07-13,referido,False
4205,Pablo Díaz 4205,cliente4205@email.com,Madrid,2054-07-16,email,False
4206,Sara Vega 4206,cliente4206@email.com,Barcelona,2054-07-19,google,False
4207,Ana García 4207,cliente4207@email.com,Valencia,2054-07-22,facebook,True
4208,Luis Martín 4208,cliente4208@email.com,Sevilla,2054-07-25,organico,False
4209,Eva López 4209,cliente4209@email.com,Bilbao,2054-07-28,referido,False
4210,Carlos Ruiz 4210,cliente4210@email.com,Madrid,2054-07-31,email,False
4211,Marta Soto 4211,cliente4211@email.com,Barcelona,2054-08-03,google,False
4212,Pablo Díaz 4212,cliente4212@email.com,Valencia,2054-08-06,facebook,False
4213,Sara Vega 4213,cliente4213@email.com,Sevilla,2054-08-09,organico,False
4214,Ana García 4214,cliente4214@email.com,Bilbao,2054-08-12,referido,True
4215,Luis Martín 4215,cliente4215@email.com,Madrid,2054-08-15,email,False
4216,Eva López 4216,cliente4216@email.com,Barcelona,2054-08-18,google,False
4217,Carlos Ruiz 4217,cliente4217@email.com,Valencia,2054-08-21,facebook,False
4218,Marta Soto 4218,cliente4218@email.com,Sevilla,2054-08-24,organico,False
4219,Pablo Díaz 4219,cliente4219@email.com,Bilbao,2054-08-27,referido,False
4220,Sara Vega 4220,cliente4220@email.com,Madrid,2054-08-30,email,False
4221,Ana García 4221,cliente4221@email.com,Barcelona,2054-09-02,google,True
4222,Luis Martín 4222,cliente4222@email.com,Valencia,2054-09-05,facebook,False
4223,Eva López 4223,cliente4223@email.com,Sevilla,2054-09-08,organico,False
4224,Carlos Ruiz 4224,cliente4224@email.com,Bilbao,2054-09-11,referido,False
4225,Marta Soto 4225,cliente4225@email.com,Madrid,2054-09-14,email,False
4226,Pablo Díaz 4226,cliente4226@email.com,Barcelona,2054-09-17,google,False
4227,Sara Vega 4227,cliente4227@email.com,Valencia,2054-09-20,facebook,False
4228,Ana García 4228,cliente4228@email.com,Sevilla,2054-09-23,organico,True
4229,Luis Martín 4229,cliente4229@email.com,Bilbao,2054-09-26,referido,False
4230,Eva López 4230,cliente4230@email.com,Madrid,2054-09-29,email,False
4231,Carlos Ruiz 4231,cliente4231@email.com,Barcelona,2054-10-02,google,False
4232,Marta Soto 4232,cliente4232@email.com,Valencia,2054-10-05,facebook,False
4233,Pablo Díaz 4233,cliente4233@email.com,Sevilla,2054-10-08,organico,False
4234,Sara Vega 4234,cliente4234@email.com,Bilbao,2054-10-11,referido,False
4235,Ana García 4235,cliente4235@email.com,Madrid,2054-10-14,email,True
4236,Luis Martín 4236,cliente4236@email.com,Barcelona,2054-10-17,google,False
4237,Eva López 4237,cliente4237@email.com,Valencia,2054-10-20,facebook,False
4238,Carlos Ruiz 4238,cliente4238@email.com,Sevilla,2054-10-23,organico,False
4239,Marta Soto 4239,cliente4239@email.com,Bilbao,2054-10-26,referido,False
4240,Pablo Díaz 4240,cliente4240@email.com,Madrid,2054-10-29,email,False
4241,Sara Vega 4241,cliente4241@email.com,Barcelona,2054-11-01,google,False
4242,Ana García 4242,cliente4242@email.com,Valencia,2054-11-04,facebook,True
4243,Luis Martín 4243,cliente4243@email.com,Sevilla,2054-11-07,organico,False
4244,Eva López 4244,cliente4244@email.com,Bilbao,2054-11-10,referido,False
4245,Carlos Ruiz 4245,cliente4245@email.com,Madrid,2054-11-13,email,False
4246,Marta Soto 4246,cliente4246@email.com,Barcelona,2054-11-16,google,False
4247,Pablo Díaz 4247,cliente4247@email.com,Valencia,2054-11-19,facebook,False
4248,Sara Vega 4248,cliente4248@email.com,Sevilla,2054-11-22,organico,False
4249,Ana García 4249,cliente4249@email.com,Bilbao,2054-11-25,referido,True
4250,Luis Martín 4250,cliente4250@email.com,Madrid,2054-11-28,email,False
4251,Eva López 4251,cliente4251@email.com,Barcelona,2054-12-01,google,False
4252,Carlos Ruiz 4252,cliente4252@email.com,Valencia,2054-12-04,facebook,False
4253,Marta Soto 4253,cliente4253@email.com,Sevilla,2054-12-07,organico,False
4254,Pablo Díaz 4254,cliente4254@email.com,Bilbao,2054-12-10,referido,False
4255,Sara Vega 4255,cliente4255@email.com,Madrid,2054-12-13,email,False
4256,Ana García 4256,cliente4256@email.com,Barcelona,2054-12-16,google,True
4257,Luis Martín 4257,cliente4257@email.com,Valencia,2054-12-19,facebook,False
4258,Eva López 4258,cliente4258@email.com,Sevilla,2054-12-22,organico,False
4259,Carlos Ruiz 4259,cliente4259@email.com,Bilbao,2054-12-25,referido,False
4260,Marta Soto 4260,cliente4260@email.com,Madrid,2054-12-28,email,False
4261,Pablo Díaz 4261,cliente4261@email.com,Barcelona,2054-12-31,google,False
4262,Sara Vega 4262,cliente4262@email.com,Valencia,2055-01-03,facebook,False
4263,Ana García 4263,cliente4263@email.com,Sevilla,2055-01-06,organico,True
4264,Luis Martín 4264,cliente4264@email.com,Bilbao,2055-01-09,referido,False
4265,Eva López 4265,cliente4265@email.com,Madrid,2055-01-12,email,False
4266,Carlos Ruiz 4266,cliente4266@email.com,Barcelona,2055-01-15,google,False
4267,Marta Soto 4267,cliente4267@email.com,Valencia,2055-01-18,facebook,False
4268,Pablo Díaz 4268,cliente4268@email.com,Sevilla,2055-01-21,organico,False
4269,Sara Vega 4269,cliente4269@email.com,Bilbao,2055-01-24,referido,False
4270,Ana García 4270,cliente4270@email.com,Madrid,2055-01-27,email,True
4271,Luis Martín 4271,cliente4271@email.com,Barcelona,2055-01-30,google,False
4272,Eva López 4272,cliente4272@email.com,Valencia,2055-02-02,facebook,False
4273,Carlos Ruiz 4273,cliente4273@email.com,Sevilla,2055-02-05,organico,False
4274,Marta Soto 4274,cliente4274@email.com,Bilbao,2055-02-08,referido,False
4275,Pablo Díaz 4275,cliente4275@email.com,Madrid,2055-02-11,email,False
4276,Sara Vega 4276,cliente4276@email.com,Barcelona,2055-02-14,google,False
4277,Ana García 4277,cliente4277@email.com,Valencia,2055-02-17,facebook,True
4278,Luis Martín 4278,cliente4278@email.com,Sevilla,2055-02-20,organico,False
4279,Eva López 4279,cliente4279@email.com,Bilbao,2055-02-23,referido,False
4280,Carlos Ruiz 4280,cliente4280@email.com,Madrid,2055-02-26,email,False
4281,Marta Soto 4281,cliente4281@email.com,Barcelona,2055-03-01,google,False
4282,Pablo Díaz 4282,cliente4282@email.com,Valencia,2055-03-04,facebook,False
4283,Sara Vega 4283,cliente4283@email.com,Sevilla,2055-03-07,organico,False
4284,Ana García 4284,cliente4284@email.com,Bilbao,2055-03-10,referido,True
4285,Luis Martín 4285,cliente4285@email.com,Madrid,2055-03-13,email,False
4286,Eva López 4286,cliente4286@email.com,Barcelona,2055-03-16,google,False
4287,Carlos Ruiz 4287,cliente4287@email.com,Valencia,2055-03-19,facebook,False
4288,Marta Soto 4288,cliente4288@email.com,Sevilla,2055-03-22,organico,False
4289,Pablo Díaz 4289,cliente4289@email.com,Bilbao,2055-03-25,referido,False
4290,Sara Vega 4290,cliente4290@email.com,Madrid,2055-03-28,email,False
4291,Ana García 4291,cliente4291@email.com,Barcelona,2055-03-31,google,True
4292,Luis Martín 4292,cliente4292@email.com,Valencia,2055-04-03,facebook,False
4293,Eva López 4293,cliente4293@email.com,Sevilla,2055-04-06,organico,False
4294,Carlos Ruiz 4294,cliente4294@email.com,Bilbao,2055-04-09,referido,False
4295,Marta Soto 4295,cliente4295@email.com,Madrid,2055-04-12,email,False
4296,Pablo Díaz 4296,cliente4296@email.com,Barcelona,2055-04-15,google,False
4297,Sara Vega 4297,cliente4297@email.com,Valencia,2055-04-18,facebook,False
4298,Ana García 4298,cliente4298@email.com,Sevilla,2055-04-21,organico,True
4299,Luis Martín 4299,cliente4299@email.com,Bilbao,2055-04-24,referido,False
4300,Eva López 4300,cliente4300@email.com,Madrid,2055-04-27,email,False
4301,Carlos Ruiz 4301,cliente4301@email.com,Barcelona,2055-04-30,google,False
4302,Marta Soto 4302,cliente4302@email.com,Valencia,2055-05-03,facebook,False
4303,Pablo Díaz 4303,cliente4303@email.com,Sevilla,2055-05-06,organico,False
4304,Sara Vega 4304,cliente4304@email.com,Bilbao,2055-05-09,referido,False
4305,Ana García 4305,cliente4305@email.com,Madrid,2055-05-12,email,True
4306,Luis Martín 4306,cliente4306@email.com,Barcelona,2055-05-15,google,False
4307,Eva López 4307,cliente4307@email.com,Valencia,2055-05-18,facebook,False
4308,Carlos Ruiz 4308,cliente4308@email.com,Sevilla,2055-05-21,organico,False
4309,Marta Soto 4309,cliente4309@email.com,Bilbao,2055-05-24,referido,False
4310,Pablo Díaz 4310,cliente4310@email.com,Madrid,2055-05-27,email,False
4311,Sara Vega 4311,cliente4311@email.com,Barcelona,2055-05-30,google,False
4312,Ana García 4312,cliente4312@email.com,Valencia,2055-06-02,facebook,True
4313,Luis Martín 4313,cliente4313@email.com,Sevilla,2055-06-05,organico,False
4314,Eva López 4314,cliente4314@email.com,Bilbao,2055-06-08,referido,False
4315,Carlos Ruiz 4315,cliente4315@email.com,Madrid,2055-06-11,email,False
4316,Marta Soto 4316,cliente4316@email.com,Barcelona,2055-06-14,google,False
4317,Pablo Díaz 4317,cliente4317@email.com,Valencia,2055-06-17,facebook,False
4318,Sara Vega 4318,cliente4318@email.com,Sevilla,2055-06-20,organico,False
4319,Ana García 4319,cliente4319@email.com,Bilbao,2055-06-23,referido,True
4320,Luis Martín 4320,cliente4320@email.com,Madrid,2055-06-26,email,False
4321,Eva López 4321,cliente4321@email.com,Barcelona,2055-06-29,google,False
4322,Carlos Ruiz 4322,cliente4322@email.com,Valencia,2055-07-02,facebook,False
4323,Marta Soto 4323,cliente4323@email.com,Sevilla,2055-07-05,organico,False
4324,Pablo Díaz 4324,cliente4324@email.com,Bilbao,2055-07-08,referido,False
4325,Sara Vega 4325,cliente4325@email.com,Madrid,2055-07-11,email,False
4326,Ana García 4326,cliente4326@email.com,Barcelona,2055-07-14,google,True
4327,Luis Martín 4327,cliente4327@email.com,Valencia,2055-07-17,facebook,False
4328,Eva López 4328,cliente4328@email.com,Sevilla,2055-07-20,organico,False
4329,Carlos Ruiz 4329,cliente4329@email.com,Bilbao,2055-07-23,referido,False
4330,Marta Soto 4330,cliente4330@email.com,Madrid,2055-07-26,email,False
4331,Pablo Díaz 4331,cliente4331@email.com,Barcelona,2055-07-29,google,False
4332,Sara Vega 4332,cliente4332@email.com,Valencia,2055-08-01,facebook,False
4333,Ana García 4333,cliente4333@email.com,Sevilla,2055-08-04,organico,True
4334,Luis Martín 4334,cliente4334@email.com,Bilbao,2055-08-07,referido,False
4335,Eva López 4335,cliente4335@email.com,Madrid,2055-08-10,email,False
4336,Carlos Ruiz 4336,cliente4336@email.com,Barcelona,2055-08-13,google,False
4337,Marta Soto 4337,cliente4337@email.com,Valencia,2055-08-16,facebook,False
4338,Pablo Díaz 4338,cliente4338@email.com,Sevilla,2055-08-19,organico,False
4339,Sara Vega 4339,cliente4339@email.com,Bilbao,2055-08-22,referido,False
4340,Ana García 4340,cliente4340@email.com,Madrid,2055-08-25,email,True
4341,Luis Martín 4341,cliente4341@email.com,Barcelona,2055-08-28,google,False
4342,Eva López 4342,cliente4342@email.com,Valencia,2055-08-31,facebook,False
4343,Carlos Ruiz 4343,cliente4343@email.com,Sevilla,2055-09-03,organico,False
4344,Marta Soto 4344,cliente4344@email.com,Bilbao,2055-09-06,referido,False
4345,Pablo Díaz 4345,cliente4345@email.com,Madrid,2055-09-09,email,False
4346,Sara Vega 4346,cliente4346@email.com,Barcelona,2055-09-12,google,False
4347,Ana García 4347,cliente4347@email.com,Valencia,2055-09-15,facebook,True
4348,Luis Martín 4348,cliente4348@email.com,Sevilla,2055-09-18,organico,False
4349,Eva López 4349,cliente4349@email.com,Bilbao,2055-09-21,referido,False
4350,Carlos Ruiz 4350,cliente4350@email.com,Madrid,2055-09-24,email,False
4351,Marta Soto 4351,cliente4351@email.com,Barcelona,2055-09-27,google,False
4352,Pablo Díaz 4352,cliente4352@email.com,Valencia,2055-09-30,facebook,False
4353,Sara Vega 4353,cliente4353@email.com,Sevilla,2055-10-03,organico,False
4354,Ana García 4354,cliente4354@email.com,Bilbao,2055-10-06,referido,True
4355,Luis Martín 4355,cliente4355@email.com,Madrid,2055-10-09,email,False
4356,Eva López 4356,cliente4356@email.com,Barcelona,2055-10-12,google,False
4357,Carlos Ruiz 4357,cliente4357@email.com,Valencia,2055-10-15,facebook,False
4358,Marta Soto 4358,cliente4358@email.com,Sevilla,2055-10-18,organico,False
4359,Pablo Díaz 4359,cliente4359@email.com,Bilbao,2055-10-21,referido,False
4360,Sara Vega 4360,cliente4360@email.com,Madrid,2055-10-24,email,False
4361,Ana García 4361,cliente4361@email.com,Barcelona,2055-10-27,google,True
4362,Luis Martín 4362,cliente4362@email.com,Valencia,2055-10-30,facebook,False
4363,Eva López 4363,cliente4363@email.com,Sevilla,2055-11-02,organico,False
4364,Carlos Ruiz 4364,cliente4364@email.com,Bilbao,2055-11-05,referido,False
4365,Marta Soto 4365,cliente4365@email.com,Madrid,2055-11-08,email,False
4366,Pablo Díaz 4366,cliente4366@email.com,Barcelona,2055-11-11,google,False
4367,Sara Vega 4367,cliente4367@email.com,Valencia,2055-11-14,facebook,False
4368,Ana García 4368,cliente4368@email.com,Sevilla,2055-11-17,organico,True
4369,Luis Martín 4369,cliente4369@email.com,Bilbao,2055-11-20,referido,False
4370,Eva López 4370,cliente4370@email.com,Madrid,2055-11-23,email,False
4371,Carlos Ruiz 4371,cliente4371@email.com,Barcelona,2055-11-26,google,False
4372,Marta Soto 4372,cliente4372@email.com,Valencia,2055-11-29,facebook,False
4373,Pablo Díaz 4373,cliente4373@email.com,Sevilla,2055-12-02,organico,False
4374,Sara Vega 4374,cliente4374@email.com,Bilbao,2055-12-05,referido,False
4375,Ana García 4375,cliente4375@email.com,Madrid,2055-12-08,email,True
4376,Luis Martín 4376,cliente4376@email.com,Barcelona,2055-12-11,google,False
4377,Eva López 4377,cliente4377@email.com,Valencia,2055-12-14,facebook,False
4378,Carlos Ruiz 4378,cliente4378@email.com,Sevilla,2055-12-17,organico,False
4379,Marta Soto 4379,cliente4379@email.com,Bilbao,2055-12-20,referido,False
4380,Pablo Díaz 4380,cliente4380@email.com,Madrid,2055-12-23,email,False
4381,Sara Vega 4381,cliente4381@email.com,Barcelona,2055-12-26,google,False
4382,Ana García 4382,cliente4382@email.com,Valencia,2055-12-29,facebook,True
4383,Luis Martín 4383,cliente4383@email.com,Sevilla,2056-01-01,organico,False
4384,Eva López 4384,cliente4384@email.com,Bilbao,2056-01-04,referido,False
4385,Carlos Ruiz 4385,cliente4385@email.com,Madrid,2056-01-07,email,False
4386,Marta Soto 4386,cliente4386@email.com,Barcelona,2056-01-10,google,False
4387,Pablo Díaz 4387,cliente4387@email.com,Valencia,2056-01-13,facebook,False
4388,Sara Vega 4388,cliente4388@email.com,Sevilla,2056-01-16,organico,False
4389,Ana García 4389,cliente4389@email.com,Bilbao,2056-01-19,referido,True
4390,Luis Martín 4390,cliente4390@email.com,Madrid,2056-01-22,email,False
4391,Eva López 4391,cliente4391@email.com,Barcelona,2056-01-25,google,False
4392,Carlos Ruiz 4392,cliente4392@email.com,Valencia,2056-01-28,facebook,False
4393,Marta Soto 4393,cliente4393@email.com,Sevilla,2056-01-31,organico,False
4394,Pablo Díaz 4394,cliente4394@email.com,Bilbao,2056-02-03,referido,False
4395,Sara Vega 4395,cliente4395@email.com,Madrid,2056-02-06,email,False
4396,Ana García 4396,cliente4396@email.com,Barcelona,2056-02-09,google,True
4397,Luis Martín 4397,cliente4397@email.com,Valencia,2056-02-12,facebook,False
4398,Eva López 4398,cliente4398@email.com,Sevilla,2056-02-15,organico,False
4399,Carlos Ruiz 4399,cliente4399@email.com,Bilbao,2056-02-18,referido,False
4400,Marta Soto 4400,cliente4400@email.com,Madrid,2056-02-21,email,False
4401,Pablo Díaz 4401,cliente4401@email.com,Barcelona,2056-02-24,google,False
4402,Sara Vega 4402,cliente4402@email.com,Valencia,2056-02-27,facebook,False
4403,Ana García 4403,cliente4403@email.com,Sevilla,2056-03-01,organico,True
4404,Luis Martín 4404,cliente4404@email.com,Bilbao,2056-03-04,referido,False
4405,Eva López 4405,cliente4405@email.com,Madrid,2056-03-07,email,False
4406,Carlos Ruiz 4406,cliente4406@email.com,Barcelona,2056-03-10,google,False
4407,Marta Soto 4407,cliente4407@email.com,Valencia,2056-03-13,facebook,False
4408,Pablo Díaz 4408,cliente4408@email.com,Sevilla,2056-03-16,organico,False
4409,Sara Vega 4409,cliente4409@email.com,Bilbao,2056-03-19,referido,False
4410,Ana García 4410,cliente4410@email.com,Madrid,2056-03-22,email,True
4411,Luis Martín 4411,cliente4411@email.com,Barcelona,2056-03-25,google,False
4412,Eva López 4412,cliente4412@email.com,Valencia,2056-03-28,facebook,False
4413,Carlos Ruiz 4413,cliente4413@email.com,Sevilla,2056-03-31,organico,False
4414,Marta Soto 4414,cliente4414@email.com,Bilbao,2056-04-03,referido,False
4415,Pablo Díaz 4415,cliente4415@email.com,Madrid,2056-04-06,email,False
4416,Sara Vega 4416,cliente4416@email.com,Barcelona,2056-04-09,google,False
4417,Ana García 4417,cliente4417@email.com,Valencia,2056-04-12,facebook,True
4418,Luis Martín 4418,cliente4418@email.com,Sevilla,2056-04-15,organico,False
4419,Eva López 4419,cliente4419@email.com,Bilbao,2056-04-18,referido,False
4420,Carlos Ruiz 4420,cliente4420@email.com,Madrid,2056-04-21,email,False
4421,Marta Soto 4421,cliente4421@email.com,Barcelona,2056-04-24,google,False
4422,Pablo Díaz 4422,cliente4422@email.com,Valencia,2056-04-27,facebook,False
4423,Sara Vega 4423,cliente4423@email.com,Sevilla,2056-04-30,organico,False
4424,Ana García 4424,cliente4424@email.com,Bilbao,2056-05-03,referido,True
4425,Luis Martín 4425,cliente4425@email.com,Madrid,2056-05-06,email,False
4426,Eva López 4426,cliente4426@email.com,Barcelona,2056-05-09,google,False
4427,Carlos Ruiz 4427,cliente4427@email.com,Valencia,2056-05-12,facebook,False
4428,Marta Soto 4428,cliente4428@email.com,Sevilla,2056-05-15,organico,False
4429,Pablo Díaz 4429,cliente4429@email.com,Bilbao,2056-05-18,referido,False
4430,Sara Vega 4430,cliente4430@email.com,Madrid,2056-05-21,email,False
4431,Ana García 4431,cliente4431@email.com,Barcelona,2056-05-24,google,True
4432,Luis Martín 4432,cliente4432@email.com,Valencia,2056-05-27,facebook,False
4433,Eva López 4433,cliente4433@email.com,Sevilla,2056-05-30,organico,False
4434,Carlos Ruiz 4434,cliente4434@email.com,Bilbao,2056-06-02,referido,False
4435,Marta Soto 4435,cliente4435@email.com,Madrid,2056-06-05,email,False
4436,Pablo Díaz 4436,cliente4436@email.com,Barcelona,2056-06-08,google,False
4437,Sara Vega 4437,cliente4437@email.com,Valencia,2056-06-11,facebook,False
4438,Ana García 4438,cliente4438@email.com,Sevilla,2056-06-14,organico,True
4439,Luis Martín 4439,cliente4439@email.com,Bilbao,2056-06-17,referido,False
4440,Eva López 4440,cliente4440@email.com,Madrid,2056-06-20,email,False
4441,Carlos Ruiz 4441,cliente4441@email.com,Barcelona,2056-06-23,google,False
4442,Marta Soto 4442,cliente4442@email.com,Valencia,2056-06-26,facebook,False
4443,Pablo Díaz 4443,cliente4443@email.com,Sevilla,2056-06-29,organico,False
4444,Sara Vega 4444,cliente4444@email.com,Bilbao,2056-07-02,referido,False
4445,Ana García 4445,cliente4445@email.com,Madrid,2056-07-05,email,True
4446,Luis Martín 4446,cliente4446@email.com,Barcelona,2056-07-08,google,False
4447,Eva López 4447,cliente4447@email.com,Valencia,2056-07-11,facebook,False
4448,Carlos Ruiz 4448,cliente4448@email.com,Sevilla,2056-07-14,organico,False
4449,Marta Soto 4449,cliente4449@email.com,Bilbao,2056-07-17,referido,False
4450,Pablo Díaz 4450,cliente4450@email.com,Madrid,2056-07-20,email,False
4451,Sara Vega 4451,cliente4451@email.com,Barcelona,2056-07-23,google,False
4452,Ana García 4452,cliente4452@email.com,Valencia,2056-07-26,facebook,True
4453,Luis Martín 4453,cliente4453@email.com,Sevilla,2056-07-29,organico,False
4454,Eva López 4454,cliente4454@email.com,Bilbao,2056-08-01,referido,False
4455,Carlos Ruiz 4455,cliente4455@email.com,Madrid,2056-08-04,email,False
4456,Marta Soto 4456,cliente4456@email.com,Barcelona,2056-08-07,google,False
4457,Pablo Díaz 4457,cliente4457@email.com,Valencia,2056-08-10,facebook,False
4458,Sara Vega 4458,cliente4458@email.com,Sevilla,2056-08-13,organico,False
4459,Ana García 4459,cliente4459@email.com,Bilbao,2056-08-16,referido,True
4460,Luis Martín 4460,cliente4460@email.com,Madrid,2056-08-19,email,False
4461,Eva López 4461,cliente4461@email.com,Barcelona,2056-08-22,google,False
4462,Carlos Ruiz 4462,cliente4462@email.com,Valencia,2056-08-25,facebook,False
4463,Marta Soto 4463,cliente4463@email.com,Sevilla,2056-08-28,organico,False
4464,Pablo Díaz 4464,cliente4464@email.com,Bilbao,2056-08-31,referido,False
4465,Sara Vega 4465,cliente4465@email.com,Madrid,2056-09-03,email,False
4466,Ana García 4466,cliente4466@email.com,Barcelona,2056-09-06,google,True
4467,Luis Martín 4467,cliente4467@email.com,Valencia,2056-09-09,facebook,False
4468,Eva López 4468,cliente4468@email.com,Sevilla,2056-09-12,organico,False
4469,Carlos Ruiz 4469,cliente4469@email.com,Bilbao,2056-09-15,referido,False
4470,Marta Soto 4470,cliente4470@email.com,Madrid,2056-09-18,email,False
4471,Pablo Díaz 4471,cliente4471@email.com,Barcelona,2056-09-21,google,False
4472,Sara Vega 4472,cliente4472@email.com,Valencia,2056-09-24,facebook,False
4473,Ana García 4473,cliente4473@email.com,Sevilla,2056-09-27,organico,True
4474,Luis Martín 4474,cliente4474@email.com,Bilbao,2056-09-30,referido,False
4475,Eva López 4475,cliente4475@email.com,Madrid,2056-10-03,email,False
4476,Carlos Ruiz 4476,cliente4476@email.com,Barcelona,2056-10-06,google,False
4477,Marta Soto 4477,cliente4477@email.com,Valencia,2056-10-09,facebook,False
4478,Pablo Díaz 4478,cliente4478@email.com,Sevilla,2056-10-12,organico,False
4479,Sara Vega 4479,cliente4479@email.com,Bilbao,2056-10-15,referido,False
4480,Ana García 4480,cliente4480@email.com,Madrid,2056-10-18,email,True
4481,Luis Martín 4481,cliente4481@email.com,Barcelona,2056-10-21,google,False
4482,Eva López 4482,cliente4482@email.com,Valencia,2056-10-24,facebook,False
4483,Carlos Ruiz 4483,cliente4483@email.com,Sevilla,2056-10-27,organico,False
4484,Marta Soto 4484,cliente4484@email.com,Bilbao,2056-10-30,referido,False
4485,Pablo Díaz 4485,cliente4485@email.com,Madrid,2056-11-02,email,False
4486,Sara Vega 4486,cliente4486@email.com,Barcelona,2056-11-05,google,False
4487,Ana García 4487,cliente4487@email.com,Valencia,2056-11-08,facebook,True
4488,Luis Martín 4488,cliente4488@email.com,Sevilla,2056-11-11,organico,False
4489,Eva López 4489,cliente4489@email.com,Bilbao,2056-11-14,referido,False
4490,Carlos Ruiz 4490,cliente4490@email.com,Madrid,2056-11-17,email,False
4491,Marta Soto 4491,cliente4491@email.com,Barcelona,2056-11-20,google,False
4492,Pablo Díaz 4492,cliente4492@email.com,Valencia,2056-11-23,facebook,False
4493,Sara Vega 4493,cliente4493@email.com,Sevilla,2056-11-26,organico,False
4494,Ana García 4494,cliente4494@email.com,Bilbao,2056-11-29,referido,True
4495,Luis Martín 4495,cliente4495@email.com,Madrid,2056-12-02,email,False
4496,Eva López 4496,cliente4496@email.com,Barcelona,2056-12-05,google,False
4497,Carlos Ruiz 4497,cliente4497@email.com,Valencia,2056-12-08,facebook,False
4498,Marta Soto 4498,cliente4498@email.com,Sevilla,2056-12-11,organico,False
4499,Pablo Díaz 4499,cliente4499@email.com,Bilbao,2056-12-14,referido,False
4500,Sara Vega 4500,cliente4500@email.com,Madrid,2056-12-17,email,False
4501,Ana García 4501,cliente4501@email.com,Barcelona,2056-12-20,google,True
4502,Luis Martín 4502,cliente4502@email.com,Valencia,2056-12-23,facebook,False
4503,Eva López 4503,cliente4503@email.com,Sevilla,2056-12-26,organico,False
4504,Carlos Ruiz 4504,cliente4504@email.com,Bilbao,2056-12-29,referido,False
4505,Marta Soto 4505,cliente4505@email.com,Madrid,2057-01-01,email,False
4506,Pablo Díaz 4506,cliente4506@email.com,Barcelona,2057-01-04,google,False
4507,Sara Vega 4507,cliente4507@email.com,Valencia,2057-01-07,facebook,False
4508,Ana García 4508,cliente4508@email.com,Sevilla,2057-01-10,organico,True
4509,Luis Martín 4509,cliente4509@email.com,Bilbao,2057-01-13,referido,False
4510,Eva López 4510,cliente4510@email.com,Madrid,2057-01-16,email,False
4511,Carlos Ruiz 4511,cliente4511@email.com,Barcelona,2057-01-19,google,False
4512,Marta Soto 4512,cliente4512@email.com,Valencia,2057-01-22,facebook,False
4513,Pablo Díaz 4513,cliente4513@email.com,Sevilla,2057-01-25,organico,False
4514,Sara Vega 4514,cliente4514@email.com,Bilbao,2057-01-28,referido,False
4515,Ana García 4515,cliente4515@email.com,Madrid,2057-01-31,email,True
4516,Luis Martín 4516,cliente4516@email.com,Barcelona,2057-02-03,google,False
4517,Eva López 4517,cliente4517@email.com,Valencia,2057-02-06,facebook,False
4518,Carlos Ruiz 4518,cliente4518@email.com,Sevilla,2057-02-09,organico,False
4519,Marta Soto 4519,cliente4519@email.com,Bilbao,2057-02-12,referido,False
4520,Pablo Díaz 4520,cliente4520@email.com,Madrid,2057-02-15,email,False
4521,Sara Vega 4521,cliente4521@email.com,Barcelona,2057-02-18,google,False
4522,Ana García 4522,cliente4522@email.com,Valencia,2057-02-21,facebook,True
4523,Luis Martín 4523,cliente4523@email.com,Sevilla,2057-02-24,organico,False
4524,Eva López 4524,cliente4524@email.com,Bilbao,2057-02-27,referido,False
4525,Carlos Ruiz 4525,cliente4525@email.com,Madrid,2057-03-02,email,False
4526,Marta Soto 4526,cliente4526@email.com,Barcelona,2057-03-05,google,False
4527,Pablo Díaz 4527,cliente4527@email.com,Valencia,2057-03-08,facebook,False
4528,Sara Vega 4528,cliente4528@email.com,Sevilla,2057-03-11,organico,False
4529,Ana García 4529,cliente4529@email.com,Bilbao,2057-03-14,referido,True
4530,Luis Martín 4530,cliente4530@email.com,Madrid,2057-03-17,email,False
4531,Eva López 4531,cliente4531@email.com,Barcelona,2057-03-20,google,False
4532,Carlos Ruiz 4532,cliente4532@email.com,Valencia,2057-03-23,facebook,False
4533,Marta Soto 4533,cliente4533@email.com,Sevilla,2057-03-26,organico,False
4534,Pablo Díaz 4534,cliente4534@email.com,Bilbao,2057-03-29,referido,False
4535,Sara Vega 4535,cliente4535@email.com,Madrid,2057-04-01,email,False
4536,Ana García 4536,cliente4536@email.com,Barcelona,2057-04-04,google,True
4537,Luis Martín 4537,cliente4537@email.com,Valencia,2057-04-07,facebook,False
4538,Eva López 4538,cliente4538@email.com,Sevilla,2057-04-10,organico,False
4539,Carlos Ruiz 4539,cliente4539@email.com,Bilbao,2057-04-13,referido,False
4540,Marta Soto 4540,cliente4540@email.com,Madrid,2057-04-16,email,False
4541,Pablo Díaz 4541,cliente4541@email.com,Barcelona,2057-04-19,google,False
4542,Sara Vega 4542,cliente4542@email.com,Valencia,2057-04-22,facebook,False
4543,Ana García 4543,cliente4543@email.com,Sevilla,2057-04-25,organico,True
4544,Luis Martín 4544,cliente4544@email.com,Bilbao,2057-04-28,referido,False
4545,Eva López 4545,cliente4545@email.com,Madrid,2057-05-01,email,False
4546,Carlos Ruiz 4546,cliente4546@email.com,Barcelona,2057-05-04,google,False
4547,Marta Soto 4547,cliente4547@email.com,Valencia,2057-05-07,facebook,False
4548,Pablo Díaz 4548,cliente4548@email.com,Sevilla,2057-05-10,organico,False
4549,Sara Vega 4549,cliente4549@email.com,Bilbao,2057-05-13,referido,False
4550,Ana García 4550,cliente4550@email.com,Madrid,2057-05-16,email,True
4551,Luis Martín 4551,cliente4551@email.com,Barcelona,2057-05-19,google,False
4552,Eva López 4552,cliente4552@email.com,Valencia,2057-05-22,facebook,False
4553,Carlos Ruiz 4553,cliente4553@email.com,Sevilla,2057-05-25,organico,False
4554,Marta Soto 4554,cliente4554@email.com,Bilbao,2057-05-28,referido,False
4555,Pablo Díaz 4555,cliente4555@email.com,Madrid,2057-05-31,email,False
4556,Sara Vega 4556,cliente4556@email.com,Barcelona,2057-06-03,google,False
4557,Ana García 4557,cliente4557@email.com,Valencia,2057-06-06,facebook,True
4558,Luis Martín 4558,cliente4558@email.com,Sevilla,2057-06-09,organico,False
4559,Eva López 4559,cliente4559@email.com,Bilbao,2057-06-12,referido,False
4560,Carlos Ruiz 4560,cliente4560@email.com,Madrid,2057-06-15,email,False
4561,Marta Soto 4561,cliente4561@email.com,Barcelona,2057-06-18,google,False
4562,Pablo Díaz 4562,cliente4562@email.com,Valencia,2057-06-21,facebook,False
4563,Sara Vega 4563,cliente4563@email.com,Sevilla,2057-06-24,organico,False
4564,Ana García 4564,cliente4564@email.com,Bilbao,2057-06-27,referido,True
4565,Luis Martín 4565,cliente4565@email.com,Madrid,2057-06-30,email,False
4566,Eva López 4566,cliente4566@email.com,Barcelona,2057-07-03,google,False
4567,Carlos Ruiz 4567,cliente4567@email.com,Valencia,2057-07-06,facebook,False
4568,Marta Soto 4568,cliente4568@email.com,Sevilla,2057-07-09,organico,False
4569,Pablo Díaz 4569,cliente4569@email.com,Bilbao,2057-07-12,referido,False
4570,Sara Vega 4570,cliente4570@email.com,Madrid,2057-07-15,email,False
4571,Ana García 4571,cliente4571@email.com,Barcelona,2057-07-18,google,True
4572,Luis Martín 4572,cliente4572@email.com,Valencia,2057-07-21,facebook,False
4573,Eva López 4573,cliente4573@email.com,Sevilla,2057-07-24,organico,False
4574,Carlos Ruiz 4574,cliente4574@email.com,Bilbao,2057-07-27,referido,False
4575,Marta Soto 4575,cliente4575@email.com,Madrid,2057-07-30,email,False
4576,Pablo Díaz 4576,cliente4576@email.com,Barcelona,2057-08-02,google,False
4577,Sara Vega 4577,cliente4577@email.com,Valencia,2057-08-05,facebook,False
4578,Ana García 4578,cliente4578@email.com,Sevilla,2057-08-08,organico,True
4579,Luis Martín 4579,cliente4579@email.com,Bilbao,2057-08-11,referido,False
4580,Eva López 4580,cliente4580@email.com,Madrid,2057-08-14,email,False
4581,Carlos Ruiz 4581,cliente4581@email.com,Barcelona,2057-08-17,google,False
4582,Marta Soto 4582,cliente4582@email.com,Valencia,2057-08-20,facebook,False
4583,Pablo Díaz 4583,cliente4583@email.com,Sevilla,2057-08-23,organico,False
4584,Sara Vega 4584,cliente4584@email.com,Bilbao,2057-08-26,referido,False
4585,Ana García 4585,cliente4585@email.com,Madrid,2057-08-29,email,True
4586,Luis Martín 4586,cliente4586@email.com,Barcelona,2057-09-01,google,False
4587,Eva López 4587,cliente4587@email.com,Valencia,2057-09-04,facebook,False
4588,Carlos Ruiz 4588,cliente4588@email.com,Sevilla,2057-09-07,organico,False
4589,Marta Soto 4589,cliente4589@email.com,Bilbao,2057-09-10,referido,False
4590,Pablo Díaz 4590,cliente4590@email.com,Madrid,2057-09-13,email,False
4591,Sara Vega 4591,cliente4591@email.com,Barcelona,2057-09-16,google,False
4592,Ana García 4592,cliente4592@email.com,Valencia,2057-09-19,facebook,True
4593,Luis Martín 4593,cliente4593@email.com,Sevilla,2057-09-22,organico,False
4594,Eva López 4594,cliente4594@email.com,Bilbao,2057-09-25,referido,False
4595,Carlos Ruiz 4595,cliente4595@email.com,Madrid,2057-09-28,email,False
4596,Marta Soto 4596,cliente4596@email.com,Barcelona,2057-10-01,google,False
4597,Pablo Díaz 4597,cliente4597@email.com,Valencia,2057-10-04,facebook,False
4598,Sara Vega 4598,cliente4598@email.com,Sevilla,2057-10-07,organico,False
4599,Ana García 4599,cliente4599@email.com,Bilbao,2057-10-10,referido,True
4600,Luis Martín 4600,cliente4600@email.com,Madrid,2057-10-13,email,False
4601,Eva López 4601,cliente4601@email.com,Barcelona,2057-10-16,google,False
4602,Carlos Ruiz 4602,cliente4602@email.com,Valencia,2057-10-19,facebook,False
4603,Marta Soto 4603,cliente4603@email.com,Sevilla,2057-10-22,organico,False
4604,Pablo Díaz 4604,cliente4604@email.com,Bilbao,2057-10-25,referido,False
4605,Sara Vega 4605,cliente4605@email.com,Madrid,2057-10-28,email,False
4606,Ana García 4606,cliente4606@email.com,Barcelona,2057-10-31,google,True
4607,Luis Martín 4607,cliente4607@email.com,Valencia,2057-11-03,facebook,False
4608,Eva López 4608,cliente4608@email.com,Sevilla,2057-11-06,organico,False
4609,Carlos Ruiz 4609,cliente4609@email.com,Bilbao,2057-11-09,referido,False
4610,Marta Soto 4610,cliente4610@email.com,Madrid,2057-11-12,email,False
4611,Pablo Díaz 4611,cliente4611@email.com,Barcelona,2057-11-15,google,False
4612,Sara Vega 4612,cliente4612@email.com,Valencia,2057-11-18,facebook,False
4613,Ana García 4613,cliente4613@email.com,Sevilla,2057-11-21,organico,True
4614,Luis Martín 4614,cliente4614@email.com,Bilbao,2057-11-24,referido,False
4615,Eva López 4615,cliente4615@email.com,Madrid,2057-11-27,email,False
4616,Carlos Ruiz 4616,cliente4616@email.com,Barcelona,2057-11-30,google,False
4617,Marta Soto 4617,cliente4617@email.com,Valencia,2057-12-03,facebook,False
4618,Pablo Díaz 4618,cliente4618@email.com,Sevilla,2057-12-06,organico,False
4619,Sara Vega 4619,cliente4619@email.com,Bilbao,2057-12-09,referido,False
4620,Ana García 4620,cliente4620@email.com,Madrid,2057-12-12,email,True
4621,Luis Martín 4621,cliente4621@email.com,Barcelona,2057-12-15,google,False
4622,Eva López 4622,cliente4622@email.com,Valencia,2057-12-18,facebook,False
4623,Carlos Ruiz 4623,cliente4623@email.com,Sevilla,2057-12-21,organico,False
4624,Marta Soto 4624,cliente4624@email.com,Bilbao,2057-12-24,referido,False
4625,Pablo Díaz 4625,cliente4625@email.com,Madrid,2057-12-27,email,False
4626,Sara Vega 4626,cliente4626@email.com,Barcelona,2057-12-30,google,False
4627,Ana García 4627,cliente4627@email.com,Valencia,2058-01-02,facebook,True
4628,Luis Martín 4628,cliente4628@email.com,Sevilla,2058-01-05,organico,False
4629,Eva López 4629,cliente4629@email.com,Bilbao,2058-01-08,referido,False
4630,Carlos Ruiz 4630,cliente4630@email.com,Madrid,2058-01-11,email,False
4631,Marta Soto 4631,cliente4631@email.com,Barcelona,2058-01-14,google,False
4632,Pablo Díaz 4632,cliente4632@email.com,Valencia,2058-01-17,facebook,False
4633,Sara Vega 4633,cliente4633@email.com,Sevilla,2058-01-20,organico,False
4634,Ana García 4634,cliente4634@email.com,Bilbao,2058-01-23,referido,True
4635,Luis Martín 4635,cliente4635@email.com,Madrid,2058-01-26,email,False
4636,Eva López 4636,cliente4636@email.com,Barcelona,2058-01-29,google,False
4637,Carlos Ruiz 4637,cliente4637@email.com,Valencia,2058-02-01,facebook,False
4638,Marta Soto 4638,cliente4638@email.com,Sevilla,2058-02-04,organico,False
4639,Pablo Díaz 4639,cliente4639@email.com,Bilbao,2058-02-07,referido,False
4640,Sara Vega 4640,cliente4640@email.com,Madrid,2058-02-10,email,False
4641,Ana García 4641,cliente4641@email.com,Barcelona,2058-02-13,google,True
4642,Luis Martín 4642,cliente4642@email.com,Valencia,2058-02-16,facebook,False
4643,Eva López 4643,cliente4643@email.com,Sevilla,2058-02-19,organico,False
4644,Carlos Ruiz 4644,cliente4644@email.com,Bilbao,2058-02-22,referido,False
4645,Marta Soto 4645,cliente4645@email.com,Madrid,2058-02-25,email,False
4646,Pablo Díaz 4646,cliente4646@email.com,Barcelona,2058-02-28,google,False
4647,Sara Vega 4647,cliente4647@email.com,Valencia,2058-03-03,facebook,False
4648,Ana García 4648,cliente4648@email.com,Sevilla,2058-03-06,organico,True
4649,Luis Martín 4649,cliente4649@email.com,Bilbao,2058-03-09,referido,False
4650,Eva López 4650,cliente4650@email.com,Madrid,2058-03-12,email,False
4651,Carlos Ruiz 4651,cliente4651@email.com,Barcelona,2058-03-15,google,False
4652,Marta Soto 4652,cliente4652@email.com,Valencia,2058-03-18,facebook,False
4653,Pablo Díaz 4653,cliente4653@email.com,Sevilla,2058-03-21,organico,False
4654,Sara Vega 4654,cliente4654@email.com,Bilbao,2058-03-24,referido,False
4655,Ana García 4655,cliente4655@email.com,Madrid,2058-03-27,email,True
4656,Luis Martín 4656,cliente4656@email.com,Barcelona,2058-03-30,google,False
4657,Eva López 4657,cliente4657@email.com,Valencia,2058-04-02,facebook,False
4658,Carlos Ruiz 4658,cliente4658@email.com,Sevilla,2058-04-05,organico,False
4659,Marta Soto 4659,cliente4659@email.com,Bilbao,2058-04-08,referido,False
4660,Pablo Díaz 4660,cliente4660@email.com,Madrid,2058-04-11,email,False
4661,Sara Vega 4661,cliente4661@email.com,Barcelona,2058-04-14,google,False
4662,Ana García 4662,cliente4662@email.com,Valencia,2058-04-17,facebook,True
4663,Luis Martín 4663,cliente4663@email.com,Sevilla,2058-04-20,organico,False
4664,Eva López 4664,cliente4664@email.com,Bilbao,2058-04-23,referido,False
4665,Carlos Ruiz 4665,cliente4665@email.com,Madrid,2058-04-26,email,False
4666,Marta Soto 4666,cliente4666@email.com,Barcelona,2058-04-29,google,False
4667,Pablo Díaz 4667,cliente4667@email.com,Valencia,2058-05-02,facebook,False
4668,Sara Vega 4668,cliente4668@email.com,Sevilla,2058-05-05,organico,False
4669,Ana García 4669,cliente4669@email.com,Bilbao,2058-05-08,referido,True
4670,Luis Martín 4670,cliente4670@email.com,Madrid,2058-05-11,email,False
4671,Eva López 4671,cliente4671@email.com,Barcelona,2058-05-14,google,False
4672,Carlos Ruiz 4672,cliente4672@email.com,Valencia,2058-05-17,facebook,False
4673,Marta Soto 4673,cliente4673@email.com,Sevilla,2058-05-20,organico,False
4674,Pablo Díaz 4674,cliente4674@email.com,Bilbao,2058-05-23,referido,False
4675,Sara Vega 4675,cliente4675@email.com,Madrid,2058-05-26,email,False
4676,Ana García 4676,cliente4676@email.com,Barcelona,2058-05-29,google,True
4677,Luis Martín 4677,cliente4677@email.com,Valencia,2058-06-01,facebook,False
4678,Eva López 4678,cliente4678@email.com,Sevilla,2058-06-04,organico,False
4679,Carlos Ruiz 4679,cliente4679@email.com,Bilbao,2058-06-07,referido,False
4680,Marta Soto 4680,cliente4680@email.com,Madrid,2058-06-10,email,False
4681,Pablo Díaz 4681,cliente4681@email.com,Barcelona,2058-06-13,google,False
4682,Sara Vega 4682,cliente4682@email.com,Valencia,2058-06-16,facebook,False
4683,Ana García 4683,cliente4683@email.com,Sevilla,2058-06-19,organico,True
4684,Luis Martín 4684,cliente4684@email.com,Bilbao,2058-06-22,referido,False
4685,Eva López 4685,cliente4685@email.com,Madrid,2058-06-25,email,False
4686,Carlos Ruiz 4686,cliente4686@email.com,Barcelona,2058-06-28,google,False
4687,Marta Soto 4687,cliente4687@email.com,Valencia,2058-07-01,facebook,False
4688,Pablo Díaz 4688,cliente4688@email.com,Sevilla,2058-07-04,organico,False
4689,Sara Vega 4689,cliente4689@email.com,Bilbao,2058-07-07,referido,False
4690,Ana García 4690,cliente4690@email.com,Madrid,2058-07-10,email,True
4691,Luis Martín 4691,cliente4691@email.com,Barcelona,2058-07-13,google,False
4692,Eva López 4692,cliente4692@email.com,Valencia,2058-07-16,facebook,False
4693,Carlos Ruiz 4693,cliente4693@email.com,Sevilla,2058-07-19,organico,False
4694,Marta Soto 4694,cliente4694@email.com,Bilbao,2058-07-22,referido,False
4695,Pablo Díaz 4695,cliente4695@email.com,Madrid,2058-07-25,email,False
4696,Sara Vega 4696,cliente4696@email.com,Barcelona,2058-07-28,google,False
4697,Ana García 4697,cliente4697@email.com,Valencia,2058-07-31,facebook,True
4698,Luis Martín 4698,cliente4698@email.com,Sevilla,2058-08-03,organico,False
4699,Eva López 4699,cliente4699@email.com,Bilbao,2058-08-06,referido,False
4700,Carlos Ruiz 4700,cliente4700@email.com,Madrid,2058-08-09,email,False
4701,Marta Soto 4701,cliente4701@email.com,Barcelona,2058-08-12,google,False
4702,Pablo Díaz 4702,cliente4702@email.com,Valencia,2058-08-15,facebook,False
4703,Sara Vega 4703,cliente4703@email.com,Sevilla,2058-08-18,organico,False
4704,Ana García 4704,cliente4704@email.com,Bilbao,2058-08-21,referido,True
4705,Luis Martín 4705,cliente4705@email.com,Madrid,2058-08-24,email,False
4706,Eva López 4706,cliente4706@email.com,Barcelona,2058-08-27,google,False
4707,Carlos Ruiz 4707,cliente4707@email.com,Valencia,2058-08-30,facebook,False
4708,Marta Soto 4708,cliente4708@email.com,Sevilla,2058-09-02,organico,False
4709,Pablo Díaz 4709,cliente4709@email.com,Bilbao,2058-09-05,referido,False
4710,Sara Vega 4710,cliente4710@email.com,Madrid,2058-09-08,email,False
4711,Ana García 4711,cliente4711@email.com,Barcelona,2058-09-11,google,True
4712,Luis Martín 4712,cliente4712@email.com,Valencia,2058-09-14,facebook,False
4713,Eva López 4713,cliente4713@email.com,Sevilla,2058-09-17,organico,False
4714,Carlos Ruiz 4714,cliente4714@email.com,Bilbao,2058-09-20,referido,False
4715,Marta Soto 4715,cliente4715@email.com,Madrid,2058-09-23,email,False
4716,Pablo Díaz 4716,cliente4716@email.com,Barcelona,2058-09-26,google,False
4717,Sara Vega 4717,cliente4717@email.com,Valencia,2058-09-29,facebook,False
4718,Ana García 4718,cliente4718@email.com,Sevilla,2058-10-02,organico,True
4719,Luis Martín 4719,cliente4719@email.com,Bilbao,2058-10-05,referido,False
4720,Eva López 4720,cliente4720@email.com,Madrid,2058-10-08,email,False
4721,Carlos Ruiz 4721,cliente4721@email.com,Barcelona,2058-10-11,google,False
4722,Marta Soto 4722,cliente4722@email.com,Valencia,2058-10-14,facebook,False
4723,Pablo Díaz 4723,cliente4723@email.com,Sevilla,2058-10-17,organico,False
4724,Sara Vega 4724,cliente4724@email.com,Bilbao,2058-10-20,referido,False
4725,Ana García 4725,cliente4725@email.com,Madrid,2058-10-23,email,True
4726,Luis Martín 4726,cliente4726@email.com,Barcelona,2058-10-26,google,False
4727,Eva López 4727,cliente4727@email.com,Valencia,2058-10-29,facebook,False
4728,Carlos Ruiz 4728,cliente4728@email.com,Sevilla,2058-11-01,organico,False
4729,Marta Soto 4729,cliente4729@email.com,Bilbao,2058-11-04,referido,False
4730,Pablo Díaz 4730,cliente4730@email.com,Madrid,2058-11-07,email,False
4731,Sara Vega 4731,cliente4731@email.com,Barcelona,2058-11-10,google,False
4732,Ana García 4732,cliente4732@email.com,Valencia,2058-11-13,facebook,True
4733,Luis Martín 4733,cliente4733@email.com,Sevilla,2058-11-16,organico,False
4734,Eva López 4734,cliente4734@email.com,Bilbao,2058-11-19,referido,False
4735,Carlos Ruiz 4735,cliente4735@email.com,Madrid,2058-11-22,email,False
4736,Marta Soto 4736,cliente4736@email.com,Barcelona,2058-11-25,google,False
4737,Pablo Díaz 4737,cliente4737@email.com,Valencia,2058-11-28,facebook,False
4738,Sara Vega 4738,cliente4738@email.com,Sevilla,2058-12-01,organico,False
4739,Ana García 4739,cliente4739@email.com,Bilbao,2058-12-04,referido,True
4740,Luis Martín 4740,cliente4740@email.com,Madrid,2058-12-07,email,False
4741,Eva López 4741,cliente4741@email.com,Barcelona,2058-12-10,google,False
4742,Carlos Ruiz 4742,cliente4742@email.com,Valencia,2058-12-13,facebook,False
4743,Marta Soto 4743,cliente4743@email.com,Sevilla,2058-12-16,organico,False
4744,Pablo Díaz 4744,cliente4744@email.com,Bilbao,2058-12-19,referido,False
4745,Sara Vega 4745,cliente4745@email.com,Madrid,2058-12-22,email,False
4746,Ana García 4746,cliente4746@email.com,Barcelona,2058-12-25,google,True
4747,Luis Martín 4747,cliente4747@email.com,Valencia,2058-12-28,facebook,False
4748,Eva López 4748,cliente4748@email.com,Sevilla,2058-12-31,organico,False
4749,Carlos Ruiz 4749,cliente4749@email.com,Bilbao,2059-01-03,referido,False
4750,Marta Soto 4750,cliente4750@email.com,Madrid,2059-01-06,email,False
4751,Pablo Díaz 4751,cliente4751@email.com,Barcelona,2059-01-09,google,False
4752,Sara Vega 4752,cliente4752@email.com,Valencia,2059-01-12,facebook,False
4753,Ana García 4753,cliente4753@email.com,Sevilla,2059-01-15,organico,True
4754,Luis Martín 4754,cliente4754@email.com,Bilbao,2059-01-18,referido,False
4755,Eva López 4755,cliente4755@email.com,Madrid,2059-01-21,email,False
4756,Carlos Ruiz 4756,cliente4756@email.com,Barcelona,2059-01-24,google,False
4757,Marta Soto 4757,cliente4757@email.com,Valencia,2059-01-27,facebook,False
4758,Pablo Díaz 4758,cliente4758@email.com,Sevilla,2059-01-30,organico,False
4759,Sara Vega 4759,cliente4759@email.com,Bilbao,2059-02-02,referido,False
4760,Ana García 4760,cliente4760@email.com,Madrid,2059-02-05,email,True
4761,Luis Martín 4761,cliente4761@email.com,Barcelona,2059-02-08,google,False
4762,Eva López 4762,cliente4762@email.com,Valencia,2059-02-11,facebook,False
4763,Carlos Ruiz 4763,cliente4763@email.com,Sevilla,2059-02-14,organico,False
4764,Marta Soto 4764,cliente4764@email.com,Bilbao,2059-02-17,referido,False
4765,Pablo Díaz 4765,cliente4765@email.com,Madrid,2059-02-20,email,False
4766,Sara Vega 4766,cliente4766@email.com,Barcelona,2059-02-23,google,False
4767,Ana García 4767,cliente4767@email.com,Valencia,2059-02-26,facebook,True
4768,Luis Martín 4768,cliente4768@email.com,Sevilla,2059-03-01,organico,False
4769,Eva López 4769,cliente4769@email.com,Bilbao,2059-03-04,referido,False
4770,Carlos Ruiz 4770,cliente4770@email.com,Madrid,2059-03-07,email,False
4771,Marta Soto 4771,cliente4771@email.com,Barcelona,2059-03-10,google,False
4772,Pablo Díaz 4772,cliente4772@email.com,Valencia,2059-03-13,facebook,False
4773,Sara Vega 4773,cliente4773@email.com,Sevilla,2059-03-16,organico,False
4774,Ana García 4774,cliente4774@email.com,Bilbao,2059-03-19,referido,True
4775,Luis Martín 4775,cliente4775@email.com,Madrid,2059-03-22,email,False
4776,Eva López 4776,cliente4776@email.com,Barcelona,2059-03-25,google,False
4777,Carlos Ruiz 4777,cliente4777@email.com,Valencia,2059-03-28,facebook,False
4778,Marta Soto 4778,cliente4778@email.com,Sevilla,2059-03-31,organico,False
4779,Pablo Díaz 4779,cliente4779@email.com,Bilbao,2059-04-03,referido,False
4780,Sara Vega 4780,cliente4780@email.com,Madrid,2059-04-06,email,False
4781,Ana García 4781,cliente4781@email.com,Barcelona,2059-04-09,google,True
4782,Luis Martín 4782,cliente4782@email.com,Valencia,2059-04-12,facebook,False
4783,Eva López 4783,cliente4783@email.com,Sevilla,2059-04-15,organico,False
4784,Carlos Ruiz 4784,cliente4784@email.com,Bilbao,2059-04-18,referido,False
4785,Marta Soto 4785,cliente4785@email.com,Madrid,2059-04-21,email,False
4786,Pablo Díaz 4786,cliente4786@email.com,Barcelona,2059-04-24,google,False
4787,Sara Vega 4787,cliente4787@email.com,Valencia,2059-04-27,facebook,False
4788,Ana García 4788,cliente4788@email.com,Sevilla,2059-04-30,organico,True
4789,Luis Martín 4789,cliente4789@email.com,Bilbao,2059-05-03,referido,False
4790,Eva López 4790,cliente4790@email.com,Madrid,2059-05-06,email,False
4791,Carlos Ruiz 4791,cliente4791@email.com,Barcelona,2059-05-09,google,False
4792,Marta Soto 4792,cliente4792@email.com,Valencia,2059-05-12,facebook,False
4793,Pablo Díaz 4793,cliente4793@email.com,Sevilla,2059-05-15,organico,False
4794,Sara Vega 4794,cliente4794@email.com,Bilbao,2059-05-18,referido,False
4795,Ana García 4795,cliente4795@email.com,Madrid,2059-05-21,email,True
4796,Luis Martín 4796,cliente4796@email.com,Barcelona,2059-05-24,google,False
4797,Eva López 4797,cliente4797@email.com,Valencia,2059-05-27,facebook,False
4798,Carlos Ruiz 4798,cliente4798@email.com,Sevilla,2059-05-30,organico,False
4799,Marta Soto 4799,cliente4799@email.com,Bilbao,2059-06-02,referido,False
4800,Pablo Díaz 4800,cliente4800@email.com,Madrid,2059-06-05,email,False
4801,Sara Vega 4801,cliente4801@email.com,Barcelona,2059-06-08,google,False
4802,Ana García 4802,cliente4802@email.com,Valencia,2059-06-11,facebook,True
4803,Luis Martín 4803,cliente4803@email.com,Sevilla,2059-06-14,organico,False
4804,Eva López 4804,cliente4804@email.com,Bilbao,2059-06-17,referido,False
4805,Carlos Ruiz 4805,cliente4805@email.com,Madrid,2059-06-20,email,False
4806,Marta Soto 4806,cliente4806@email.com,Barcelona,2059-06-23,google,False
4807,Pablo Díaz 4807,cliente4807@email.com,Valencia,2059-06-26,facebook,False
4808,Sara Vega 4808,cliente4808@email.com,Sevilla,2059-06-29,organico,False
4809,Ana García 4809,cliente4809@email.com,Bilbao,2059-07-02,referido,True
4810,Luis Martín 4810,cliente4810@email.com,Madrid,2059-07-05,email,False
4811,Eva López 4811,cliente4811@email.com,Barcelona,2059-07-08,google,False
4812,Carlos Ruiz 4812,cliente4812@email.com,Valencia,2059-07-11,facebook,False
4813,Marta Soto 4813,cliente4813@email.com,Sevilla,2059-07-14,organico,False
4814,Pablo Díaz 4814,cliente4814@email.com,Bilbao,2059-07-17,referido,False
4815,Sara Vega 4815,cliente4815@email.com,Madrid,2059-07-20,email,False
4816,Ana García 4816,cliente4816@email.com,Barcelona,2059-07-23,google,True
4817,Luis Martín 4817,cliente4817@email.com,Valencia,2059-07-26,facebook,False
4818,Eva López 4818,cliente4818@email.com,Sevilla,2059-07-29,organico,False
4819,Carlos Ruiz 4819,cliente4819@email.com,Bilbao,2059-08-01,referido,False
4820,Marta Soto 4820,cliente4820@email.com,Madrid,2059-08-04,email,False
4821,Pablo Díaz 4821,cliente4821@email.com,Barcelona,2059-08-07,google,False
4822,Sara Vega 4822,cliente4822@email.com,Valencia,2059-08-10,facebook,False
4823,Ana García 4823,cliente4823@email.com,Sevilla,2059-08-13,organico,True
4824,Luis Martín 4824,cliente4824@email.com,Bilbao,2059-08-16,referido,False
4825,Eva López 4825,cliente4825@email.com,Madrid,2059-08-19,email,False
4826,Carlos Ruiz 4826,cliente4826@email.com,Barcelona,2059-08-22,google,False
4827,Marta Soto 4827,cliente4827@email.com,Valencia,2059-08-25,facebook,False
4828,Pablo Díaz 4828,cliente4828@email.com,Sevilla,2059-08-28,organico,False
4829,Sara Vega 4829,cliente4829@email.com,Bilbao,2059-08-31,referido,False
4830,Ana García 4830,cliente4830@email.com,Madrid,2059-09-03,email,True
4831,Luis Martín 4831,cliente4831@email.com,Barcelona,2059-09-06,google,False
4832,Eva López 4832,cliente4832@email.com,Valencia,2059-09-09,facebook,False
4833,Carlos Ruiz 4833,cliente4833@email.com,Sevilla,2059-09-12,organico,False
4834,Marta Soto 4834,cliente4834@email.com,Bilbao,2059-09-15,referido,False
4835,Pablo Díaz 4835,cliente4835@email.com,Madrid,2059-09-18,email,False
4836,Sara Vega 4836,cliente4836@email.com,Barcelona,2059-09-21,google,False
4837,Ana García 4837,cliente4837@email.com,Valencia,2059-09-24,facebook,True
4838,Luis Martín 4838,cliente4838@email.com,Sevilla,2059-09-27,organico,False
4839,Eva López 4839,cliente4839@email.com,Bilbao,2059-09-30,referido,False
4840,Carlos Ruiz 4840,cliente4840@email.com,Madrid,2059-10-03,email,False
4841,Marta Soto 4841,cliente4841@email.com,Barcelona,2059-10-06,google,False
4842,Pablo Díaz 4842,cliente4842@email.com,Valencia,2059-10-09,facebook,False
4843,Sara Vega 4843,cliente4843@email.com,Sevilla,2059-10-12,organico,False
4844,Ana García 4844,cliente4844@email.com,Bilbao,2059-10-15,referido,True
4845,Luis Martín 4845,cliente4845@email.com,Madrid,2059-10-18,email,False
4846,Eva López 4846,cliente4846@email.com,Barcelona,2059-10-21,google,False
4847,Carlos Ruiz 4847,cliente4847@email.com,Valencia,2059-10-24,facebook,False
4848,Marta Soto 4848,cliente4848@email.com,Sevilla,2059-10-27,organico,False
4849,Pablo Díaz 4849,cliente4849@email.com,Bilbao,2059-10-30,referido,False
4850,Sara Vega 4850,cliente4850@email.com,Madrid,2059-11-02,email,False
4851,Ana García 4851,cliente4851@email.com,Barcelona,2059-11-05,google,True
4852,Luis Martín 4852,cliente4852@email.com,Valencia,2059-11-08,facebook,False
4853,Eva López 4853,cliente4853@email.com,Sevilla,2059-11-11,organico,False
4854,Carlos Ruiz 4854,cliente4854@email.com,Bilbao,2059-11-14,referido,False
4855,Marta Soto 4855,cliente4855@email.com,Madrid,2059-11-17,email,False
4856,Pablo Díaz 4856,cliente4856@email.com,Barcelona,2059-11-20,google,False
4857,Sara Vega 4857,cliente4857@email.com,Valencia,2059-11-23,facebook,False
4858,Ana García 4858,cliente4858@email.com,Sevilla,2059-11-26,organico,True
4859,Luis Martín 4859,cliente4859@email.com,Bilbao,2059-11-29,referido,False
4860,Eva López 4860,cliente4860@email.com,Madrid,2059-12-02,email,False
4861,Carlos Ruiz 4861,cliente4861@email.com,Barcelona,2059-12-05,google,False
4862,Marta Soto 4862,cliente4862@email.com,Valencia,2059-12-08,facebook,False
4863,Pablo Díaz 4863,cliente4863@email.com,Sevilla,2059-12-11,organico,False
4864,Sara Vega 4864,cliente4864@email.com,Bilbao,2059-12-14,referido,False
4865,Ana García 4865,cliente4865@email.com,Madrid,2059-12-17,email,True
4866,Luis Martín 4866,cliente4866@email.com,Barcelona,2059-12-20,google,False
4867,Eva López 4867,cliente4867@email.com,Valencia,2059-12-23,facebook,False
4868,Carlos Ruiz 4868,cliente4868@email.com,Sevilla,2059-12-26,organico,False
4869,Marta Soto 4869,cliente4869@email.com,Bilbao,2059-12-29,referido,False
4870,Pablo Díaz 4870,cliente4870@email.com,Madrid,2060-01-01,email,False
4871,Sara Vega 4871,cliente4871@email.com,Barcelona,2060-01-04,google,False
4872,Ana García 4872,cliente4872@email.com,Valencia,2060-01-07,facebook,True
4873,Luis Martín 4873,cliente4873@email.com,Sevilla,2060-01-10,organico,False
4874,Eva López 4874,cliente4874@email.com,Bilbao,2060-01-13,referido,False
4875,Carlos Ruiz 4875,cliente4875@email.com,Madrid,2060-01-16,email,False
4876,Marta Soto 4876,cliente4876@email.com,Barcelona,2060-01-19,google,False
4877,Pablo Díaz 4877,cliente4877@email.com,Valencia,2060-01-22,facebook,False
4878,Sara Vega 4878,cliente4878@email.com,Sevilla,2060-01-25,organico,False
4879,Ana García 4879,cliente4879@email.com,Bilbao,2060-01-28,referido,True
4880,Luis Martín 4880,cliente4880@email.com,Madrid,2060-01-31,email,False
4881,Eva López 4881,cliente4881@email.com,Barcelona,2060-02-03,google,False
4882,Carlos Ruiz 4882,cliente4882@email.com,Valencia,2060-02-06,facebook,False
4883,Marta Soto 4883,cliente4883@email.com,Sevilla,2060-02-09,organico,False
4884,Pablo Díaz 4884,cliente4884@email.com,Bilbao,2060-02-12,referido,False
4885,Sara Vega 4885,cliente4885@email.com,Madrid,2060-02-15,email,False
4886,Ana García 4886,cliente4886@email.com,Barcelona,2060-02-18,google,True
4887,Luis Martín 4887,cliente4887@email.com,Valencia,2060-02-21,facebook,False
4888,Eva López 4888,cliente4888@email.com,Sevilla,2060-02-24,organico,False
4889,Carlos Ruiz 4889,cliente4889@email.com,Bilbao,2060-02-27,referido,False
4890,Marta Soto 4890,cliente4890@email.com,Madrid,2060-03-01,email,False
4891,Pablo Díaz 4891,cliente4891@email.com,Barcelona,2060-03-04,google,False
4892,Sara Vega 4892,cliente4892@email.com,Valencia,2060-03-07,facebook,False
4893,Ana García 4893,cliente4893@email.com,Sevilla,2060-03-10,organico,True
4894,Luis Martín 4894,cliente4894@email.com,Bilbao,2060-03-13,referido,False
4895,Eva López 4895,cliente4895@email.com,Madrid,2060-03-16,email,False
4896,Carlos Ruiz 4896,cliente4896@email.com,Barcelona,2060-03-19,google,False
4897,Marta Soto 4897,cliente4897@email.com,Valencia,2060-03-22,facebook,False
4898,Pablo Díaz 4898,cliente4898@email.com,Sevilla,2060-03-25,organico,False
4899,Sara Vega 4899,cliente4899@email.com,Bilbao,2060-03-28,referido,False
4900,Ana García 4900,cliente4900@email.com,Madrid,2060-03-31,email,True
4901,Luis Martín 4901,cliente4901@email.com,Barcelona,2060-04-03,google,False
4902,Eva López 4902,cliente4902@email.com,Valencia,2060-04-06,facebook,False
4903,Carlos Ruiz 4903,cliente4903@email.com,Sevilla,2060-04-09,organico,False
4904,Marta Soto 4904,cliente4904@email.com,Bilbao,2060-04-12,referido,False
4905,Pablo Díaz 4905,cliente4905@email.com,Madrid,2060-04-15,email,False
4906,Sara Vega 4906,cliente4906@email.com,Barcelona,2060-04-18,google,False
4907,Ana García 4907,cliente4907@email.com,Valencia,2060-04-21,facebook,True
4908,Luis Martín 4908,cliente4908@email.com,Sevilla,2060-04-24,organico,False
4909,Eva López 4909,cliente4909@email.com,Bilbao,2060-04-27,referido,False
4910,Carlos Ruiz 4910,cliente4910@email.com,Madrid,2060-04-30,email,False
4911,Marta Soto 4911,cliente4911@email.com,Barcelona,2060-05-03,google,False
4912,Pablo Díaz 4912,cliente4912@email.com,Valencia,2060-05-06,facebook,False
4913,Sara Vega 4913,cliente4913@email.com,Sevilla,2060-05-09,organico,False
4914,Ana García 4914,cliente4914@email.com,Bilbao,2060-05-12,referido,True
4915,Luis Martín 4915,cliente4915@email.com,Madrid,2060-05-15,email,False
4916,Eva López 4916,cliente4916@email.com,Barcelona,2060-05-18,google,False
4917,Carlos Ruiz 4917,cliente4917@email.com,Valencia,2060-05-21,facebook,False
4918,Marta Soto 4918,cliente4918@email.com,Sevilla,2060-05-24,organico,False
4919,Pablo Díaz 4919,cliente4919@email.com,Bilbao,2060-05-27,referido,False
4920,Sara Vega 4920,cliente4920@email.com,Madrid,2060-05-30,email,False
4921,Ana García 4921,cliente4921@email.com,Barcelona,2060-06-02,google,True
4922,Luis Martín 4922,cliente4922@email.com,Valencia,2060-06-05,facebook,False
4923,Eva López 4923,cliente4923@email.com,Sevilla,2060-06-08,organico,False
4924,Carlos Ruiz 4924,cliente4924@email.com,Bilbao,2060-06-11,referido,False
4925,Marta Soto 4925,cliente4925@email.com,Madrid,2060-06-14,email,False
4926,Pablo Díaz 4926,cliente4926@email.com,Barcelona,2060-06-17,google,False
4927,Sara Vega 4927,cliente4927@email.com,Valencia,2060-06-20,facebook,False
4928,Ana García 4928,cliente4928@email.com,Sevilla,2060-06-23,organico,True
4929,Luis Martín 4929,cliente4929@email.com,Bilbao,2060-06-26,referido,False
4930,Eva López 4930,cliente4930@email.com,Madrid,2060-06-29,email,False
4931,Carlos Ruiz 4931,cliente4931@email.com,Barcelona,2060-07-02,google,False
4932,Marta Soto 4932,cliente4932@email.com,Valencia,2060-07-05,facebook,False
4933,Pablo Díaz 4933,cliente4933@email.com,Sevilla,2060-07-08,organico,False
4934,Sara Vega 4934,cliente4934@email.com,Bilbao,2060-07-11,referido,False
4935,Ana García 4935,cliente4935@email.com,Madrid,2060-07-14,email,True
4936,Luis Martín 4936,cliente4936@email.com,Barcelona,2060-07-17,google,False
4937,Eva López 4937,cliente4937@email.com,Valencia,2060-07-20,facebook,False
4938,Carlos Ruiz 4938,cliente4938@email.com,Sevilla,2060-07-23,organico,False
4939,Marta Soto 4939,cliente4939@email.com,Bilbao,2060-07-26,referido,False
4940,Pablo Díaz 4940,cliente4940@email.com,Madrid,2060-07-29,email,False
4941,Sara Vega 4941,cliente4941@email.com,Barcelona,2060-08-01,google,False
4942,Ana García 4942,cliente4942@email.com,Valencia,2060-08-04,facebook,True
4943,Luis Martín 4943,cliente4943@email.com,Sevilla,2060-08-07,organico,False
4944,Eva López 4944,cliente4944@email.com,Bilbao,2060-08-10,referido,False
4945,Carlos Ruiz 4945,cliente4945@email.com,Madrid,2060-08-13,email,False
4946,Marta Soto 4946,cliente4946@email.com,Barcelona,2060-08-16,google,False
4947,Pablo Díaz 4947,cliente4947@email.com,Valencia,2060-08-19,facebook,False
4948,Sara Vega 4948,cliente4948@email.com,Sevilla,2060-08-22,organico,False
4949,Ana García 4949,cliente4949@email.com,Bilbao,2060-08-25,referido,True
4950,Luis Martín 4950,cliente4950@email.com,Madrid,2060-08-28,email,False
4951,Eva López 4951,cliente4951@email.com,Barcelona,2060-08-31,google,False
4952,Carlos Ruiz 4952,cliente4952@email.com,Valencia,2060-09-03,facebook,False
4953,Marta Soto 4953,cliente4953@email.com,Sevilla,2060-09-06,organico,False
4954,Pablo Díaz 4954,cliente4954@email.com,Bilbao,2060-09-09,referido,False
4955,Sara Vega 4955,cliente4955@email.com,Madrid,2060-09-12,email,False
4956,Ana García 4956,cliente4956@email.com,Barcelona,2060-09-15,google,True
4957,Luis Martín 4957,cliente4957@email.com,Valencia,2060-09-18,facebook,False
4958,Eva López 4958,cliente4958@email.com,Sevilla,2060-09-21,organico,False
4959,Carlos Ruiz 4959,cliente4959@email.com,Bilbao,2060-09-24,referido,False
4960,Marta Soto 4960,cliente4960@email.com,Madrid,2060-09-27,email,False
4961,Pablo Díaz 4961,cliente4961@email.com,Barcelona,2060-09-30,google,False
4962,Sara Vega 4962,cliente4962@email.com,Valencia,2060-10-03,facebook,False
4963,Ana García 4963,cliente4963@email.com,Sevilla,2060-10-06,organico,True
4964,Luis Martín 4964,cliente4964@email.com,Bilbao,2060-10-09,referido,False
4965,Eva López 4965,cliente4965@email.com,Madrid,2060-10-12,email,False
4966,Carlos Ruiz 4966,cliente4966@email.com,Barcelona,2060-10-15,google,False
4967,Marta Soto 4967,cliente4967@email.com,Valencia,2060-10-18,facebook,False
4968,Pablo Díaz 4968,cliente4968@email.com,Sevilla,2060-10-21,organico,False
4969,Sara Vega 4969,cliente4969@email.com,Bilbao,2060-10-24,referido,False
4970,Ana García 4970,cliente4970@email.com,Madrid,2060-10-27,email,True
4971,Luis Martín 4971,cliente4971@email.com,Barcelona,2060-10-30,google,False
4972,Eva López 4972,cliente4972@email.com,Valencia,2060-11-02,facebook,False
4973,Carlos Ruiz 4973,cliente4973@email.com,Sevilla,2060-11-05,organico,False
4974,Marta Soto 4974,cliente4974@email.com,Bilbao,2060-11-08,referido,False
4975,Pablo Díaz 4975,cliente4975@email.com,Madrid,2060-11-11,email,False
4976,Sara Vega 4976,cliente4976@email.com,Barcelona,2060-11-14,google,False
4977,Ana García 4977,cliente4977@email.com,Valencia,2060-11-17,facebook,True
4978,Luis Martín 4978,cliente4978@email.com,Sevilla,2060-11-20,organico,False
4979,Eva López 4979,cliente4979@email.com,Bilbao,2060-11-23,referido,False
4980,Carlos Ruiz 4980,cliente4980@email.com,Madrid,2060-11-26,email,False
4981,Marta Soto 4981,cliente4981@email.com,Barcelona,2060-11-29,google,False
4982,Pablo Díaz 4982,cliente4982@email.com,Valencia,2060-12-02,facebook,False
4983,Sara Vega 4983,cliente4983@email.com,Sevilla,2060-12-05,organico,False
4984,Ana García 4984,cliente4984@email.com,Bilbao,2060-12-08,referido,True
4985,Luis Martín 4985,cliente4985@email.com,Madrid,2060-12-11,email,False
4986,Eva López 4986,cliente4986@email.com,Barcelona,2060-12-14,google,False
4987,Carlos Ruiz 4987,cliente4987@email.com,Valencia,2060-12-17,facebook,False
4988,Marta Soto 4988,cliente4988@email.com,Sevilla,2060-12-20,organico,False
4989,Pablo Díaz 4989,cliente4989@email.com,Bilbao,2060-12-23,referido,False
4990,Sara Vega 4990,cliente4990@email.com,Madrid,2060-12-26,email,False
4991,Ana García 4991,cliente4991@email.com,Barcelona,2060-12-29,google,True
4992,Luis Martín 4992,cliente4992@email.com,Valencia,2061-01-01,facebook,False
4993,Eva López 4993,cliente4993@email.com,Sevilla,2061-01-04,organico,False
4994,Carlos Ruiz 4994,cliente4994@email.com,Bilbao,2061-01-07,referido,False
4995,Marta Soto 4995,cliente4995@email.com,Madrid,2061-01-10,email,False
4996,Pablo Díaz 4996,cliente4996@email.com,Barcelona,2061-01-13,google,False
4997,Sara Vega 4997,cliente4997@email.com,Valencia,2061-01-16,facebook,False
4998,Ana García 4998,cliente4998@email.com,Sevilla,2061-01-19,organico,True
4999,Luis Martín 4999,cliente4999@email.com,Bilbao,2061-01-22,referido,False
5000,Eva López 5000,cliente5000@email.com,Madrid,2061-01-25,email,False
5001,Cliente Sin Ciudad,sincity@email.com,,2024-01-01,organico,False
5002,Otro Sin Ciudad,otro@email.com,,2024-02-01,email,True
5003,Sin Email,,Madrid,2024-03-01,,False
5004,Fantasma,,,,,
