id,pedido_id,producto_id,cantidad,precio_unitario
1,2,2,2,25.08
2,3,3,3,66.92
3,4,4,4,18.45
4,5,5,1,34.79
5,6,6,2,51.37
6,7,7,3,13.68
7,8,8,4,64.19
8,9,9,1,43.23
9,10,10,2,5.58
10,11,11,3,9.68
11,12,12,4,101.51
12,13,13,1,98.18
13,14,14,2,19.36
14,15,15,3,53.59
15,16,16,4,8.73
16,17,17,1,45.0
17,18,18,2,45.02
18,19,19,3,97.35
19,20,20,4,79.84
20,21,21,1,88.1
21,22,22,2,10.49
22,23,23,3,102.56
23,24,24,4,92.03
24,25,25,1,44.09
25,26,26,2,26.84
26,27,27,3,57.57
27,28,28,4,98.94
28,29,29,1,6.03
29,30,30,2,62.24
30,31,31,3,27.83
31,32,32,4,22.35
32,33,33,1,32.14
33,34,34,2,14.01
34,35,35,3,87.62
35,36,36,4,70.9
36,37,37,1,90.74
37,38,38,2,72.33
38,39,39,3,25.56
39,40,40,4,91.73
40,41,41,1,24.82
41,42,42,2,46.04
42,43,43,3,6.24
43,44,44,4,98.69
44,45,45,1,66.72
45,46,46,2,33.31
46,47,47,3,14.32
47,48,48,4,48.53
48,49,49,1,18.72
49,50,50,2,25.0
50,51,51,3,14.91
51,52,52,4,39.9
52,53,53,1,94.99
53,54,54,2,33.77
54,55,55,3,96.54
55,56,56,4,24.66
56,57,57,1,22.87
57,58,58,2,51.99
58,59,59,3,94.48
59,60,60,4,57.34
60,61,61,1,52.66
61,62,62,2,47.02
62,63,63,3,96.86
63,64,64,4,8.16
64,65,65,1,90.87
65,66,66,2,25.84
66,67,67,3,30.1
67,68,68,4,34.23
68,69,69,1,67.37
69,70,70,2,9.5
70,71,71,3,32.74
71,72,72,4,47.86
72,73,73,1,11.95
73,74,74,2,37.78
74,75,75,3,39.02
75,76,76,4,56.16
76,77,77,1,49.14
77,78,78,2,104.8
78,79,79,3,88.59
79,80,80,4,54.44
80,81,81,1,66.55
81,82,82,2,23.88
82,83,83,3,34.98
83,84,84,4,23.28
84,85,85,1,93.22
85,86,86,2,33.7
86,87,87,3,26.92
87,88,88,4,35.77
88,89,89,1,82.15
89,90,90,2,12.78
90,91,91,3,54.62
91,92,92,4,26.9
92,93,93,1,39.54
93,94,94,2,83.09
94,95,95,3,84.61
95,96,96,4,55.1
96,97,97,1,43.87
97,98,98,2,30.55
98,99,99,3,62.03
99,100,100,4,104.74
100,101,101,1,21.55
101,102,102,2,92.41
102,103,103,3,82.27
103,104,104,4,41.97
104,105,105,1,27.54
105,106,106,2,89.21
106,107,107,3,18.68
107,108,108,4,60.94
108,109,109,1,9.15
109,110,110,2,73.82
110,111,111,3,22.3
111,112,112,4,56.57
112,113,113,1,78.39
113,114,114,2,31.62
114,115,115,3,70.28
115,116,116,4,102.93
116,117,117,1,5.32
117,118,118,2,38.89
118,119,119,3,55.09
119,120,120,4,38.72
120,121,121,1,93.56
121,122,122,2,53.17
122,123,123,3,99.36
123,124,124,4,22.44
124,125,125,1,44.08
125,126,126,2,32.85
126,127,127,3,37.13
127,128,128,4,64.0
128,129,129,1,6.6
129,130,130,2,84.81
130,131,131,3,63.16
131,132,132,4,27.04
132,133,133,1,58.36
133,134,134,2,31.19
134,135,135,3,47.73
135,136,136,4,35.47
136,137,137,1,89.64
137,138,138,2,68.51
138,139,139,3,78.7
139,140,140,4,34.36
140,141,141,1,50.56
141,142,142,2,100.62
142,143,143,3,57.26
143,144,144,4,32.58
144,145,145,1,50.7
145,146,146,2,44.62
146,147,147,3,42.52
147,148,148,4,59.22
148,149,149,1,50.14
149,150,150,2,70.18
150,151,151,3,90.61
151,152,152,4,92.85
152,153,153,1,30.64
153,154,154,2,46.41
154,155,155,3,51.74
155,156,156,4,72.94
156,157,157,1,43.77
157,158,158,2,28.38
158,159,159,3,60.35
159,160,160,4,85.91
160,161,161,1,101.47
161,162,162,2,11.71
162,163,163,3,70.91
163,164,164,4,93.23
164,165,165,1,13.71
165,166,166,2,42.28
166,167,167,3,56.75
167,168,168,4,65.89
168,169,169,1,8.36
169,170,170,2,10.98
170,171,171,3,50.28
171,172,172,4,97.45
172,173,173,1,21.69
173,174,174,2,89.31
174,175,175,3,6.11
175,176,176,4,56.7
176,177,177,1,38.45
177,178,178,2,74.75
178,179,179,3,69.98
179,180,180,4,88.76
180,181,181,1,43.51
181,182,182,2,34.01
182,183,183,3,28.62
183,184,184,4,46.19
184,185,185,1,93.23
185,186,186,2,8.33
186,187,187,3,94.94
187,188,188,4,27.79
188,189,189,1,29.8
189,190,190,2,31.7
190,191,191,3,47.48
191,192,192,4,55.92
192,193,193,1,26.13
193,194,194,2,44.64
194,195,195,3,69.46
195,196,196,4,71.59
196,197,197,1,7.23
197,198,198,2,45.46
198,199,199,3,75.08
199,200,200,4,93.77
200,201,1,1,17.02
201,202,2,2,98.3
202,203,3,3,23.3
203,204,4,4,23.34
204,205,5,1,46.03
205,206,6,2,90.76
206,207,7,3,96.12
207,208,8,4,69.24
208,209,9,1,82.61
209,210,10,2,66.43
210,211,11,3,82.11
211,212,12,4,50.21
212,213,13,1,69.7
213,214,14,2,48.09
214,215,15,3,26.8
215,216,16,4,80.99
216,217,17,1,72.63
217,218,18,2,85.83
218,219,19,3,9.67
219,220,20,4,52.07
220,221,21,1,25.52
221,222,22,2,46.47
222,223,23,3,35.47
223,224,24,4,86.32
224,225,25,1,74.64
225,226,26,2,74.36
226,227,27,3,91.85
227,228,28,4,55.37
228,229,29,1,53.16
229,230,30,2,44.98
230,231,31,3,79.19
231,232,32,4,36.49
232,233,33,1,104.43
233,234,34,2,37.27
234,235,35,3,7.19
235,236,36,4,72.07
236,237,37,1,35.27
237,238,38,2,18.81
238,239,39,3,87.84
239,240,40,4,74.45
240,241,41,1,10.87
241,242,42,2,69.79
242,243,43,3,61.1
243,244,44,4,81.5
244,245,45,1,81.48
245,246,46,2,59.51
246,247,47,3,45.15
247,248,48,4,77.33
248,249,49,1,7.97
249,250,50,2,44.08
250,251,51,3,23.68
251,252,52,4,11.12
252,253,53,1,11.97
253,254,54,2,81.3
254,255,55,3,62.79
255,256,56,4,101.22
256,257,57,1,94.63
257,258,58,2,6.48
258,259,59,3,24.17
259,260,60,4,85.96
260,261,61,1,63.14
261,262,62,2,81.67
262,263,63,3,55.9
263,264,64,4,66.57
264,265,65,1,72.29
265,266,66,2,61.67
266,267,67,3,58.65
267,268,68,4,20.97
268,269,69,1,17.0
269,270,70,2,20.39
270,271,71,3,75.24
271,272,72,4,101.58
272,273,73,1,81.95
273,274,74,2,82.26
274,275,75,3,28.34
275,276,76,4,14.04
276,277,77,1,78.75
277,278,78,2,97.21
278,279,79,3,58.39
279,280,80,4,87.24
280,281,81,1,35.8
281,282,82,2,31.24
282,283,83,3,45.52
283,284,84,4,34.19
284,285,85,1,8.02
285,286,86,2,76.8
286,287,87,3,64.14
287,288,88,4,73.7
288,289,89,1,71.49
289,290,90,2,102.25
290,291,91,3,13.71
291,292,92,4,82.11
292,293,93,1,100.76
293,294,94,2,35.25
294,295,95,3,103.96
295,296,96,4,65.15
296,297,97,1,6.93
297,298,98,2,33.23
298,299,99,3,82.51
299,300,100,4,66.05
300,301,101,1,46.85
301,302,102,2,7.68
302,303,103,3,43.04
303,304,104,4,22.96
304,305,105,1,66.69
305,306,106,2,86.95
306,307,107,3,48.92
307,308,108,4,5.2
308,309,109,1,30.85
309,310,110,2,65.73
310,311,111,3,21.24
311,312,112,4,104.93
312,313,113,1,28.2
313,314,114,2,96.25
314,315,115,3,79.25
315,316,116,4,32.79
316,317,117,1,83.63
317,318,118,2,86.17
318,319,119,3,74.74
319,320,120,4,83.28
320,321,121,1,74.37
321,322,122,2,87.2
322,323,123,3,12.53
323,324,124,4,77.47
324,325,125,1,16.16
325,326,126,2,52.15
326,327,127,3,91.0
327,328,128,4,5.56
328,329,129,1,68.4
329,330,130,2,100.38
330,331,131,3,32.11
331,332,132,4,27.18
332,333,133,1,16.39
333,334,134,2,93.3
334,335,135,3,57.77
335,336,136,4,91.37
336,337,137,1,80.86
337,338,138,2,97.11
338,339,139,3,15.3
339,340,140,4,70.05
340,341,141,1,30.26
341,342,142,2,82.24
342,343,143,3,97.1
343,344,144,4,70.82
344,345,145,1,95.13
345,346,146,2,70.4
346,347,147,3,14.32
347,348,148,4,5.15
348,349,149,1,98.95
349,350,150,2,82.47
350,351,151,3,16.44
351,352,152,4,10.44
352,353,153,1,64.91
353,354,154,2,20.61
354,355,155,3,68.08
355,356,156,4,9.25
356,357,157,1,92.98
357,358,158,2,25.36
358,359,159,3,56.32
359,360,160,4,58.94
360,361,161,1,56.76
361,362,162,2,94.83
362,363,163,3,101.09
363,364,164,4,11.56
364,365,165,1,20.93
365,366,166,2,20.02
366,367,167,3,21.56
367,368,168,4,99.59
368,369,169,1,60.03
369,370,170,2,70.13
370,371,171,3,82.04
371,372,172,4,88.29
372,373,173,1,89.24
373,374,174,2,37.62
374,375,175,3,99.65
375,376,176,4,71.05
376,377,177,1,6.92
377,378,178,2,19.73
378,379,179,3,55.76
379,380,180,4,62.95
380,381,181,1,38.89
381,382,182,2,61.49
382,383,183,3,69.16
383,384,184,4,51.69
384,385,185,1,32.56
385,386,186,2,12.53
386,387,187,3,58.98
387,388,188,4,47.3
388,389,189,1,64.23
389,390,190,2,16.23
390,391,191,3,64.98
391,392,192,4,94.43
392,393,193,1,90.86
393,394,194,2,22.15
394,395,195,3,52.22
395,396,196,4,44.19
396,397,197,1,6.56
397,398,198,2,8.31
398,399,199,3,18.35
399,400,200,4,6.67
400,401,1,1,67.49
401,402,2,2,50.63
402,403,3,3,68.56
403,404,4,4,85.45
404,405,5,1,104.43
405,406,6,2,47.13
406,407,7,3,72.25
407,408,8,4,93.24
408,409,9,1,33.06
409,410,10,2,26.83
410,411,11,3,85.31
411,412,12,4,43.15
412,413,13,1,70.1
413,414,14,2,69.19
414,415,15,3,38.4
415,416,16,4,57.19
416,417,17,1,87.13
417,418,18,2,53.46
418,419,19,3,5.59
419,420,20,4,22.86
420,421,21,1,78.58
421,422,22,2,34.52
422,423,23,3,71.19
423,424,24,4,70.77
424,425,25,1,34.83
425,426,26,2,70.76
426,427,27,3,42.39
427,428,28,4,45.78
428,429,29,1,6.86
429,430,30,2,14.0
430,431,31,3,97.6
431,432,32,4,100.68
432,433,33,1,50.85
433,434,34,2,29.86
434,435,35,3,23.26
435,436,36,4,95.95
436,437,37,1,61.99
437,438,38,2,45.51
438,439,39,3,86.64
439,440,40,4,75.42
440,441,41,1,29.99
441,442,42,2,42.67
442,443,43,3,81.1
443,444,44,4,5.08
444,445,45,1,96.83
445,446,46,2,34.36
446,447,47,3,42.54
447,448,48,4,18.3
448,449,49,1,81.49
449,450,50,2,73.97
450,451,51,3,9.2
451,452,52,4,40.49
452,453,53,1,74.84
453,454,54,2,47.49
454,455,55,3,55.12
455,456,56,4,12.92
456,457,57,1,58.28
457,458,58,2,48.96
458,459,59,3,41.72
459,460,60,4,99.16
460,461,61,1,72.97
461,462,62,2,102.09
462,463,63,3,92.37
463,464,64,4,87.71
464,465,65,1,32.2
465,466,66,2,92.72
466,467,67,3,56.0
467,468,68,4,19.69
468,469,69,1,40.23
469,470,70,2,76.68
470,471,71,3,50.18
471,472,72,4,54.84
472,473,73,1,56.78
473,474,74,2,32.64
474,475,75,3,76.23
475,476,76,4,46.11
476,477,77,1,104.91
477,478,78,2,101.07
478,479,79,3,28.08
479,480,80,4,8.84
480,481,81,1,45.32
481,482,82,2,51.36
482,483,83,3,82.55
483,484,84,4,102.02
484,485,85,1,45.78
485,486,86,2,63.53
486,487,87,3,17.93
487,488,88,4,63.15
488,489,89,1,61.69
489,490,90,2,53.46
490,491,91,3,96.14
491,492,92,4,93.75
492,493,93,1,95.51
493,494,94,2,18.49
494,495,95,3,10.05
495,496,96,4,30.66
496,497,97,1,65.48
497,498,98,2,43.7
498,499,99,3,21.58
499,500,100,4,46.07
500,501,101,1,66.99
501,502,102,2,6.11
502,503,103,3,46.7
503,504,104,4,12.27
504,505,105,1,50.37
505,506,106,2,98.14
506,507,107,3,63.34
507,508,108,4,22.69
508,509,109,1,94.25
509,510,110,2,42.7
510,511,111,3,103.53
511,512,112,4,95.87
512,513,113,1,99.8
513,514,114,2,70.73
514,515,115,3,20.43
515,516,116,4,96.48
516,517,117,1,65.32
517,518,118,2,100.13
518,519,119,3,59.82
519,520,120,4,26.53
520,521,121,1,80.15
521,522,122,2,78.48
522,523,123,3,91.52
523,524,124,4,44.98
524,525,125,1,56.48
525,526,126,2,76.01
526,527,127,3,50.09
527,528,128,4,23.73
528,529,129,1,96.64
529,530,130,2,48.38
530,531,131,3,35.11
531,532,132,4,29.71
532,533,133,1,57.52
533,534,134,2,9.89
534,535,135,3,99.75
535,536,136,4,85.75
536,537,137,1,94.52
537,538,138,2,86.31
538,539,139,3,14.56
539,540,140,4,25.01
540,541,141,1,57.79
541,542,142,2,23.96
542,543,143,3,81.44
543,544,144,4,13.46
544,545,145,1,104.1
545,546,146,2,45.25
546,547,147,3,7.93
547,548,148,4,94.68
548,549,149,1,33.96
549,550,150,2,9.97
550,551,151,3,102.89
551,552,152,4,74.84
552,553,153,1,97.99
553,554,154,2,19.68
554,555,155,3,66.69
555,556,156,4,79.7
556,557,157,1,11.73
557,558,158,2,84.24
558,559,159,3,79.12
559,560,160,4,71.13
560,561,161,1,90.29
561,562,162,2,92.07
562,563,163,3,78.11
563,564,164,4,61.4
564,565,165,1,26.77
565,566,166,2,16.82
566,567,167,3,25.41
567,568,168,4,86.15
568,569,169,1,54.57
569,570,170,2,20.23
570,571,171,3,68.56
571,572,172,4,59.36
572,573,173,1,18.24
573,574,174,2,64.14
574,575,175,3,59.01
575,576,176,4,69.44
576,577,177,1,88.28
577,578,178,2,43.37
578,579,179,3,20.98
579,580,180,4,83.59
580,581,181,1,98.98
581,582,182,2,18.54
582,583,183,3,95.86
583,584,184,4,37.95
584,585,185,1,101.96
585,586,186,2,69.9
586,587,187,3,10.56
587,588,188,4,23.27
588,589,189,1,38.68
589,590,190,2,28.21
590,591,191,3,62.02
591,592,192,4,53.45
592,593,193,1,47.66
593,594,194,2,65.86
594,595,195,3,85.04
595,596,196,4,67.24
596,597,197,1,31.1
597,598,198,2,95.57
598,599,199,3,45.07
599,600,200,4,96.54
600,601,1,1,61.84
601,602,2,2,102.68
602,603,3,3,82.68
603,604,4,4,97.12
604,605,5,1,102.9
605,606,6,2,8.4
606,607,7,3,103.77
607,608,8,4,42.0
608,609,9,1,58.39
609,610,10,2,92.93
610,611,11,3,13.52
611,612,12,4,70.89
612,613,13,1,29.6
613,614,14,2,98.52
614,615,15,3,49.86
615,616,16,4,45.85
616,617,17,1,15.05
617,618,18,2,57.62
618,619,19,3,62.19
619,620,20,4,102.82
620,621,21,1,20.29
621,622,22,2,81.45
622,623,23,3,96.54
623,624,24,4,69.2
624,625,25,1,82.12
625,626,26,2,89.96
626,627,27,3,5.67
627,628,28,4,29.79
628,629,29,1,98.94
629,630,30,2,54.08
630,631,31,3,17.05
631,632,32,4,21.34
632,633,33,1,27.55
633,634,34,2,12.25
634,635,35,3,24.42
635,636,36,4,71.05
636,637,37,1,36.57
637,638,38,2,45.47
638,639,39,3,6.27
639,640,40,4,54.62
640,641,41,1,54.59
641,642,42,2,69.24
642,643,43,3,12.33
643,644,44,4,104.06
644,645,45,1,39.96
645,646,46,2,27.58
646,647,47,3,13.62
647,648,48,4,62.56
648,649,49,1,71.32
649,650,50,2,101.6
650,651,51,3,19.66
651,652,52,4,38.35
652,653,53,1,67.2
653,654,54,2,88.58
654,655,55,3,64.76
655,656,56,4,12.1
656,657,57,1,24.83
657,658,58,2,53.43
658,659,59,3,26.0
659,660,60,4,9.03
660,661,61,1,34.83
661,662,62,2,23.38
662,663,63,3,34.39
663,664,64,4,104.63
664,665,65,1,32.51
665,666,66,2,49.86
666,667,67,3,60.0
667,668,68,4,5.01
668,669,69,1,32.09
669,670,70,2,48.13
670,671,71,3,49.39
671,672,72,4,100.88
672,673,73,1,46.6
673,674,74,2,17.87
674,675,75,3,27.55
675,676,76,4,103.64
676,677,77,1,97.3
677,678,78,2,93.49
678,679,79,3,74.18
679,680,80,4,52.04
680,681,81,1,37.14
681,682,82,2,82.74
682,683,83,3,65.83
683,684,84,4,83.64
684,685,85,1,67.99
685,686,86,2,102.75
686,687,87,3,73.81
687,688,88,4,90.33
688,689,89,1,102.5
689,690,90,2,13.98
690,691,91,3,74.51
691,692,92,4,101.1
692,693,93,1,21.65
693,694,94,2,58.82
694,695,95,3,39.71
695,696,96,4,31.8
696,697,97,1,43.35
697,698,98,2,102.16
698,699,99,3,8.7
699,700,100,4,86.39
700,701,101,1,60.83
701,702,102,2,40.4
702,703,103,3,5.15
703,704,104,4,39.63
704,705,105,1,79.2
705,706,106,2,77.89
706,707,107,3,85.78
707,708,108,4,37.1
708,709,109,1,88.52
709,710,110,2,31.06
710,711,111,3,76.83
711,712,112,4,66.92
712,713,113,1,71.91
713,714,114,2,29.89
714,715,115,3,71.64
715,716,116,4,97.18
716,717,117,1,9.69
717,718,118,2,54.19
718,719,119,3,52.28
719,720,120,4,10.06
720,721,121,1,6.13
721,722,122,2,29.58
722,723,123,3,87.89
723,724,124,4,6.26
724,725,125,1,36.15
725,726,126,2,94.28
726,727,127,3,16.72
727,728,128,4,32.63
728,729,129,1,6.84
729,730,130,2,81.11
730,731,131,3,65.42
731,732,132,4,83.85
732,733,133,1,59.59
733,734,134,2,22.82
734,735,135,3,85.43
735,736,136,4,7.41
736,737,137,1,25.9
737,738,138,2,43.26
738,739,139,3,81.89
739,740,140,4,81.72
740,741,141,1,78.84
741,742,142,2,8.99
742,743,143,3,56.37
743,744,144,4,96.53
744,745,145,1,59.4
745,746,146,2,44.93
746,747,147,3,99.85
747,748,148,4,67.83
748,749,149,1,74.34
749,750,150,2,7.1
750,751,151,3,49.48
751,752,152,4,59.05
752,753,153,1,20.16
753,754,154,2,37.17
754,755,155,3,65.81
755,756,156,4,38.79
756,757,157,1,102.08
757,758,158,2,43.21
758,759,159,3,74.2
759,760,160,4,75.93
760,761,161,1,25.66
761,762,162,2,25.37
762,763,163,3,28.67
763,764,164,4,77.08
764,765,165,1,18.22
765,766,166,2,10.55
766,767,167,3,23.99
767,768,168,4,103.55
768,769,169,1,35.0
769,770,170,2,90.0
770,771,171,3,55.31
771,772,172,4,55.72
772,773,173,1,10.34
773,774,174,2,81.86
774,775,175,3,48.2
775,776,176,4,9.26
776,777,177,1,76.98
777,778,178,2,65.51
778,779,179,3,53.3
779,780,180,4,101.88
780,781,181,1,64.66
781,782,182,2,9.1
782,783,183,3,72.95
783,784,184,4,16.75
784,785,185,1,74.93
785,786,186,2,14.27
786,787,187,3,88.91
787,788,188,4,87.23
788,789,189,1,67.92
789,790,190,2,102.91
790,791,191,3,91.57
791,792,192,4,12.89
792,793,193,1,24.97
793,794,194,2,90.62
794,795,195,3,19.53
795,796,196,4,43.98
796,797,197,1,15.03
797,798,198,2,38.53
798,799,199,3,32.57
799,800,200,4,38.85
800,801,1,1,9.7
801,802,2,2,21.3
802,803,3,3,44.93
803,804,4,4,23.65
804,805,5,1,16.93
805,806,6,2,64.4
806,807,7,3,45.33
807,808,8,4,34.53
808,809,9,1,50.48
809,810,10,2,73.37
810,811,11,3,103.78
811,812,12,4,19.67
812,813,13,1,36.35
813,814,14,2,65.06
814,815,15,3,52.04
815,816,16,4,5.7
816,817,17,1,52.74
817,818,18,2,32.26
818,819,19,3,76.12
819,820,20,4,34.63
820,821,21,1,77.64
821,822,22,2,100.86
822,823,23,3,10.67
823,824,24,4,58.18
824,825,25,1,94.17
825,826,26,2,82.26
826,827,27,3,96.85
827,828,28,4,94.54
828,829,29,1,12.99
829,830,30,2,80.07
830,831,31,3,33.93
831,832,32,4,79.59
832,833,33,1,87.29
833,834,34,2,62.23
834,835,35,3,77.92
835,836,36,4,62.66
836,837,37,1,47.12
837,838,38,2,84.27
838,839,39,3,85.39
839,840,40,4,104.78
840,841,41,1,18.23
841,842,42,2,45.74
842,843,43,3,29.82
843,844,44,4,75.31
844,845,45,1,62.62
845,846,46,2,97.28
846,847,47,3,41.33
847,848,48,4,102.62
848,849,49,1,18.79
849,850,50,2,43.44
850,851,51,3,78.99
851,852,52,4,35.12
852,853,53,1,17.97
853,854,54,2,53.62
854,855,55,3,60.55
855,856,56,4,49.84
856,857,57,1,26.61
857,858,58,2,43.83
858,859,59,3,45.13
859,860,60,4,38.06
860,861,61,1,86.26
861,862,62,2,44.34
862,863,63,3,9.15
863,864,64,4,44.58
864,865,65,1,48.4
865,866,66,2,5.84
866,867,67,3,9.4
867,868,68,4,78.09
868,869,69,1,93.71
869,870,70,2,13.77
870,871,71,3,68.33
871,872,72,4,31.6
872,873,73,1,5.8
873,874,74,2,59.5
874,875,75,3,17.07
875,876,76,4,90.96
876,877,77,1,63.66
877,878,78,2,64.24
878,879,79,3,103.84
879,880,80,4,10.87
880,881,81,1,79.08
881,882,82,2,68.91
882,883,83,3,19.32
883,884,84,4,18.53
884,885,85,1,65.83
885,886,86,2,38.9
886,887,87,3,73.86
887,888,88,4,81.74
888,889,89,1,51.01
889,890,90,2,42.1
890,891,91,3,51.75
891,892,92,4,64.75
892,893,93,1,28.13
893,894,94,2,16.21
894,895,95,3,69.93
895,896,96,4,23.67
896,897,97,1,44.24
897,898,98,2,9.95
898,899,99,3,76.66
899,900,100,4,48.04
900,901,101,1,18.3
901,902,102,2,101.7
902,903,103,3,39.88
903,904,104,4,86.47
904,905,105,1,54.3
905,906,106,2,34.53
906,907,107,3,37.17
907,908,108,4,86.13
908,909,109,1,103.15
909,910,110,2,64.05
910,911,111,3,18.71
911,912,112,4,36.9
912,913,113,1,79.72
913,914,114,2,101.26
914,915,115,3,33.15
915,916,116,4,33.53
916,917,117,1,37.94
917,918,118,2,56.38
918,919,119,3,17.44
919,920,120,4,6.63
920,921,121,1,61.11
921,922,122,2,76.84
922,923,123,3,64.52
923,924,124,4,39.79
924,925,125,1,40.04
925,926,126,2,26.14
926,927,127,3,93.63
927,928,128,4,89.53
928,929,129,1,81.21
929,930,130,2,44.81
930,931,131,3,45.61
931,932,132,4,91.7
932,933,133,1,64.71
933,934,134,2,73.58
934,935,135,3,19.94
935,936,136,4,54.33
936,937,137,1,54.5
937,938,138,2,36.49
938,939,139,3,45.74
939,940,140,4,6.21
940,941,141,1,101.95
941,942,142,2,45.84
942,943,143,3,86.09
943,944,144,4,89.04
944,945,145,1,35.96
945,946,146,2,47.31
946,947,147,3,49.76
947,948,148,4,34.63
948,949,149,1,91.37
949,950,150,2,20.43
950,951,151,3,47.16
951,952,152,4,97.15
952,953,153,1,6.6
953,954,154,2,24.67
954,955,155,3,84.98
955,956,156,4,11.29
956,957,157,1,55.4
957,958,158,2,7.72
958,959,159,3,42.45
959,960,160,4,24.9
960,961,161,1,5.44
961,962,162,2,49.12
962,963,163,3,72.94
963,964,164,4,68.48
964,965,165,1,14.02
965,966,166,2,54.71
966,967,167,3,14.39
967,968,168,4,47.32
968,969,169,1,39.69
969,970,170,2,49.0
970,971,171,3,11.18
971,972,172,4,17.89
972,973,173,1,30.57
973,974,174,2,12.51
974,975,175,3,29.53
975,976,176,4,37.64
976,977,177,1,49.23
977,978,178,2,31.53
978,979,179,3,75.97
979,980,180,4,101.86
980,981,181,1,78.19
981,982,182,2,41.54
982,983,183,3,14.71
983,984,184,4,86.17
984,985,185,1,74.44
985,986,186,2,103.75
986,987,187,3,51.75
987,988,188,4,10.44
988,989,189,1,77.27
989,990,190,2,17.31
990,991,191,3,98.36
991,992,192,4,13.0
992,993,193,1,69.3
993,994,194,2,57.47
994,995,195,3,62.56
995,996,196,4,44.79
996,997,197,1,101.44
997,998,198,2,98.67
998,999,199,3,89.76
999,1000,200,4,45.46
1000,1001,1,1,26.48
1001,1002,2,2,38.01
1002,1003,3,3,93.52
1003,1004,4,4,60.37
1004,1005,5,1,24.48
1005,1006,6,2,37.23
1006,1007,7,3,65.73
1007,1008,8,4,31.38
1008,1009,9,1,72.06
1009,1010,10,2,51.0
1010,1011,11,3,59.69
1011,1012,12,4,5.69
1012,1013,13,1,73.67
1013,1014,14,2,9.92
1014,1015,15,3,23.57
1015,1016,16,4,29.29
1016,1017,17,1,79.61
1017,1018,18,2,52.83
1018,1019,19,3,52.4
1019,1020,20,4,78.1
1020,1021,21,1,59.21
1021,1022,22,2,29.44
1022,1023,23,3,5.6
1023,1024,24,4,69.24
1024,1025,25,1,61.37
1025,1026,26,2,21.39
1026,1027,27,3,65.35
1027,1028,28,4,48.25
1028,1029,29,1,29.19
1029,1030,30,2,23.97
1030,1031,31,3,86.74
1031,1032,32,4,74.02
1032,1033,33,1,65.37
1033,1034,34,2,52.91
1034,1035,35,3,83.61
1035,1036,36,4,18.33
1036,1037,37,1,61.55
1037,1038,38,2,91.06
1038,1039,39,3,33.91
1039,1040,40,4,8.99
1040,1041,41,1,91.86
1041,1042,42,2,97.16
1042,1043,43,3,37.22
1043,1044,44,4,81.31
1044,1045,45,1,86.55
1045,1046,46,2,98.48
1046,1047,47,3,94.58
1047,1048,48,4,51.02
1048,1049,49,1,66.73
1049,1050,50,2,64.37
1050,1051,51,3,23.68
1051,1052,52,4,21.53
1052,1053,53,1,52.34
1053,1054,54,2,28.68
1054,1055,55,3,98.31
1055,1056,56,4,20.95
1056,1057,57,1,77.09
1057,1058,58,2,91.75
1058,1059,59,3,70.17
1059,1060,60,4,9.67
1060,1061,61,1,28.83
1061,1062,62,2,23.24
1062,1063,63,3,62.52
1063,1064,64,4,30.14
1064,1065,65,1,104.16
1065,1066,66,2,11.53
1066,1067,67,3,66.68
1067,1068,68,4,27.8
1068,1069,69,1,84.84
1069,1070,70,2,56.63
1070,1071,71,3,34.33
1071,1072,72,4,26.24
1072,1073,73,1,34.69
1073,1074,74,2,70.98
1074,1075,75,3,65.46
1075,1076,76,4,57.53
1076,1077,77,1,93.95
1077,1078,78,2,5.91
1078,1079,79,3,72.27
1079,1080,80,4,38.14
1080,1081,81,1,37.11
1081,1082,82,2,13.41
1082,1083,83,3,89.27
1083,1084,84,4,74.0
1084,1085,85,1,17.68
1085,1086,86,2,43.9
1086,1087,87,3,96.48
1087,1088,88,4,49.26
1088,1089,89,1,48.64
1089,1090,90,2,73.97
1090,1091,91,3,67.23
1091,1092,92,4,25.17
1092,1093,93,1,100.94
1093,1094,94,2,17.43
1094,1095,95,3,5.38
1095,1096,96,4,88.23
1096,1097,97,1,83.86
1097,1098,98,2,103.47
1098,1099,99,3,26.34
1099,1100,100,4,20.47
1100,1101,101,1,82.35
1101,1102,102,2,48.25
1102,1103,103,3,67.54
1103,1104,104,4,82.91
1104,1105,105,1,96.36
1105,1106,106,2,54.28
1106,1107,107,3,51.74
1107,1108,108,4,26.83
1108,1109,109,1,98.92
1109,1110,110,2,46.42
1110,1111,111,3,77.6
1111,1112,112,4,74.98
1112,1113,113,1,8.38
1113,1114,114,2,44.84
1114,1115,115,3,97.86
1115,1116,116,4,78.01
1116,1117,117,1,7.83
1117,1118,118,2,85.27
1118,1119,119,3,5.34
1119,1120,120,4,60.85
1120,1121,121,1,10.24
1121,1122,122,2,42.85
1122,1123,123,3,8.46
1123,1124,124,4,66.44
1124,1125,125,1,21.95
1125,1126,126,2,55.34
1126,1127,127,3,35.42
1127,1128,128,4,68.02
1128,1129,129,1,13.48
1129,1130,130,2,87.41
1130,1131,131,3,69.03
1131,1132,132,4,84.11
1132,1133,133,1,34.75
1133,1134,134,2,10.36
1134,1135,135,3,94.78
1135,1136,136,4,32.02
1136,1137,137,1,72.54
1137,1138,138,2,91.85
1138,1139,139,3,52.32
1139,1140,140,4,80.86
1140,1141,141,1,55.63
1141,1142,142,2,47.8
1142,1143,143,3,47.02
1143,1144,144,4,42.13
1144,1145,145,1,97.6
1145,1146,146,2,89.19
1146,1147,147,3,47.97
1147,1148,148,4,20.99
1148,1149,149,1,89.28
1149,1150,150,2,29.51
1150,1151,151,3,45.48
1151,1152,152,4,85.49
1152,1153,153,1,71.24
1153,1154,154,2,40.68
1154,1155,155,3,89.69
1155,1156,156,4,85.96
1156,1157,157,1,45.35
1157,1158,158,2,100.52
1158,1159,159,3,31.24
1159,1160,160,4,46.16
1160,1161,161,1,12.1
1161,1162,162,2,62.37
1162,1163,163,3,31.73
1163,1164,164,4,64.5
1164,1165,165,1,69.57
1165,1166,166,2,25.89
1166,1167,167,3,57.27
1167,1168,168,4,26.76
1168,1169,169,1,63.71
1169,1170,170,2,82.01
1170,1171,171,3,72.94
1171,1172,172,4,79.86
1172,1173,173,1,88.86
1173,1174,174,2,75.81
1174,1175,175,3,89.21
1175,1176,176,4,64.82
1176,1177,177,1,12.74
1177,1178,178,2,64.87
1178,1179,179,3,75.61
1179,1180,180,4,47.72
1180,1181,181,1,63.93
1181,1182,182,2,67.02
1182,1183,183,3,36.5
1183,1184,184,4,36.36
1184,1185,185,1,91.68
1185,1186,186,2,64.72
1186,1187,187,3,85.04
1187,1188,188,4,25.75
1188,1189,189,1,87.35
1189,1190,190,2,82.51
1190,1191,191,3,48.65
1191,1192,192,4,26.65
1192,1193,193,1,18.18
1193,1194,194,2,27.24
1194,1195,195,3,64.05
1195,1196,196,4,94.32
1196,1197,197,1,15.14
1197,1198,198,2,15.08
1198,1199,199,3,76.86
1199,1200,200,4,63.57
1200,1201,1,1,98.46
1201,1202,2,2,58.37
1202,1203,3,3,70.09
1203,1204,4,4,71.05
1204,1205,5,1,96.02
1205,1206,6,2,37.95
1206,1207,7,3,33.83
1207,1208,8,4,98.28
1208,1209,9,1,27.8
1209,1210,10,2,6.63
1210,1211,11,3,74.98
1211,1212,12,4,23.25
1212,1213,13,1,50.04
1213,1214,14,2,79.13
1214,1215,15,3,103.77
1215,1216,16,4,92.57
1216,1217,17,1,18.75
1217,1218,18,2,24.31
1218,1219,19,3,64.16
1219,1220,20,4,58.11
1220,1221,21,1,96.54
1221,1222,22,2,98.9
1222,1223,23,3,35.02
1223,1224,24,4,87.67
1224,1225,25,1,97.91
1225,1226,26,2,21.16
1226,1227,27,3,44.77
1227,1228,28,4,51.11
1228,1229,29,1,55.4
1229,1230,30,2,54.17
1230,1231,31,3,89.72
1231,1232,32,4,82.44
1232,1233,33,1,57.64
1233,1234,34,2,95.9
1234,1235,35,3,17.88
1235,1236,36,4,50.03
1236,1237,37,1,69.3
1237,1238,38,2,69.89
1238,1239,39,3,10.78
1239,1240,40,4,70.73
1240,1241,41,1,102.25
1241,1242,42,2,34.01
1242,1243,43,3,43.79
1243,1244,44,4,9.95
1244,1245,45,1,74.75
1245,1246,46,2,103.74
1246,1247,47,3,24.99
1247,1248,48,4,77.33
1248,1249,49,1,62.55
1249,1250,50,2,42.01
1250,1251,51,3,35.59
1251,1252,52,4,79.76
1252,1253,53,1,62.5
1253,1254,54,2,58.65
1254,1255,55,3,91.98
1255,1256,56,4,32.1
1256,1257,57,1,7.45
1257,1258,58,2,72.94
1258,1259,59,3,56.53
1259,1260,60,4,73.67
1260,1261,61,1,67.35
1261,1262,62,2,61.74
1262,1263,63,3,84.68
1263,1264,64,4,24.28
1264,1265,65,1,72.83
1265,1266,66,2,29.14
1266,1267,67,3,5.37
1267,1268,68,4,67.09
1268,1269,69,1,96.83
1269,1270,70,2,20.42
1270,1271,71,3,44.5
1271,1272,72,4,16.93
1272,1273,73,1,88.94
1273,1274,74,2,10.94
1274,1275,75,3,93.01
1275,1276,76,4,46.72
1276,1277,77,1,43.42
1277,1278,78,2,18.24
1278,1279,79,3,14.9
1279,1280,80,4,37.27
1280,1281,81,1,95.09
1281,1282,82,2,78.25
1282,1283,83,3,73.44
1283,1284,84,4,45.64
1284,1285,85,1,32.78
1285,1286,86,2,54.93
1286,1287,87,3,97.68
1287,1288,88,4,99.7
1288,1289,89,1,37.25
1289,1290,90,2,80.16
1290,1291,91,3,40.85
1291,1292,92,4,54.35
1292,1293,93,1,14.99
1293,1294,94,2,101.61
1294,1295,95,3,30.48
1295,1296,96,4,48.1
1296,1297,97,1,5.57
1297,1298,98,2,10.23
1298,1299,99,3,57.38
1299,1300,100,4,38.76
1300,1301,101,1,83.69
1301,1302,102,2,46.49
1302,1303,103,3,58.1
1303,1304,104,4,18.28
1304,1305,105,1,73.33
1305,1306,106,2,40.74
1306,1307,107,3,46.47
1307,1308,108,4,40.29
1308,1309,109,1,37.51
1309,1310,110,2,20.39
1310,1311,111,3,94.18
1311,1312,112,4,91.16
1312,1313,113,1,31.0
1313,1314,114,2,81.98
1314,1315,115,3,63.87
1315,1316,116,4,52.23
1316,1317,117,1,34.61
1317,1318,118,2,19.37
1318,1319,119,3,89.8
1319,1320,120,4,25.17
1320,1321,121,1,57.93
1321,1322,122,2,96.21
1322,1323,123,3,104.81
1323,1324,124,4,6.7
1324,1325,125,1,82.55
1325,1326,126,2,88.65
1326,1327,127,3,87.06
1327,1328,128,4,91.73
1328,1329,129,1,78.02
1329,1330,130,2,50.26
1330,1331,131,3,100.83
1331,1332,132,4,45.82
1332,1333,133,1,9.56
1333,1334,134,2,67.22
1334,1335,135,3,85.99
1335,1336,136,4,31.78
1336,1337,137,1,96.63
1337,1338,138,2,56.27
1338,1339,139,3,46.12
1339,1340,140,4,22.34
1340,1341,141,1,84.73
1341,1342,142,2,38.28
1342,1343,143,3,9.85
1343,1344,144,4,66.15
1344,1345,145,1,58.47
1345,1346,146,2,8.04
1346,1347,147,3,65.87
1347,1348,148,4,92.27
1348,1349,149,1,79.67
1349,1350,150,2,26.26
1350,1351,151,3,71.8
1351,1352,152,4,6.21
1352,1353,153,1,82.02
1353,1354,154,2,68.8
1354,1355,155,3,87.37
1355,1356,156,4,52.56
1356,1357,157,1,53.48
1357,1358,158,2,89.46
1358,1359,159,3,87.13
1359,1360,160,4,62.59
1360,1361,161,1,53.7
1361,1362,162,2,89.07
1362,1363,163,3,38.66
1363,1364,164,4,20.29
1364,1365,165,1,31.87
1365,1366,166,2,25.97
1366,1367,167,3,43.92
1367,1368,168,4,32.03
1368,1369,169,1,6.32
1369,1370,170,2,36.78
1370,1371,171,3,9.22
1371,1372,172,4,25.46
1372,1373,173,1,80.35
1373,1374,174,2,42.76
1374,1375,175,3,74.13
1375,1376,176,4,34.92
1376,1377,177,1,55.94
1377,1378,178,2,103.37
1378,1379,179,3,62.3
1379,1380,180,4,54.83
1380,1381,181,1,68.92
1381,1382,182,2,27.28
1382,1383,183,3,30.12
1383,1384,184,4,6.88
1384,1385,185,1,38.68
1385,1386,186,2,87.84
1386,1387,187,3,81.13
1387,1388,188,4,9.52
1388,1389,189,1,70.79
1389,1390,190,2,48.22
1390,1391,191,3,21.86
1391,1392,192,4,66.7
1392,1393,193,1,32.03
1393,1394,194,2,70.07
1394,1395,195,3,85.87
1395,1396,196,4,9.43
1396,1397,197,1,28.33
1397,1398,198,2,14.0
1398,1399,199,3,96.13
1399,1400,200,4,65.05
1400,1401,1,1,81.27
1401,1402,2,2,38.21
1402,1403,3,3,33.04
1403,1404,4,4,89.15
1404,1405,5,1,6.76
1405,1406,6,2,24.12
1406,1407,7,3,36.22
1407,1408,8,4,9.09
1408,1409,9,1,14.64
1409,1410,10,2,79.41
1410,1411,11,3,71.5
1411,1412,12,4,52.12
1412,1413,13,1,58.26
1413,1414,14,2,51.03
1414,1415,15,3,65.97
1415,1416,16,4,100.57
1416,1417,17,1,16.37
1417,1418,18,2,35.88
1418,1419,19,3,56.35
1419,1420,20,4,47.54
1420,1421,21,1,31.73
1421,1422,22,2,95.91
1422,1423,23,3,57.27
1423,1424,24,4,20.9
1424,1425,25,1,5.37
1425,1426,26,2,57.2
1426,1427,27,3,77.39
1427,1428,28,4,88.91
1428,1429,29,1,37.0
1429,1430,30,2,69.14
1430,1431,31,3,92.38
1431,1432,32,4,74.63
1432,1433,33,1,85.6
1433,1434,34,2,32.65
1434,1435,35,3,62.06
1435,1436,36,4,20.92
1436,1437,37,1,69.67
1437,1438,38,2,26.98
1438,1439,39,3,102.11
1439,1440,40,4,47.94
1440,1441,41,1,78.68
1441,1442,42,2,41.06
1442,1443,43,3,59.86
1443,1444,44,4,76.64
1444,1445,45,1,80.67
1445,1446,46,2,21.57
1446,1447,47,3,47.0
1447,1448,48,4,53.06
1448,1449,49,1,97.81
1449,1450,50,2,25.98
1450,1451,51,3,89.93
1451,1452,52,4,49.35
1452,1453,53,1,74.98
1453,1454,54,2,43.39
1454,1455,55,3,23.18
1455,1456,56,4,64.04
1456,1457,57,1,70.72
1457,1458,58,2,69.22
1458,1459,59,3,73.14
1459,1460,60,4,42.15
1460,1461,61,1,103.17
1461,1462,62,2,57.96
1462,1463,63,3,94.35
1463,1464,64,4,81.44
1464,1465,65,1,51.87
1465,1466,66,2,55.07
1466,1467,67,3,34.49
1467,1468,68,4,19.67
1468,1469,69,1,43.15
1469,1470,70,2,41.18
1470,1471,71,3,38.99
1471,1472,72,4,36.24
1472,1473,73,1,67.29
1473,1474,74,2,64.37
1474,1475,75,3,7.34
1475,1476,76,4,47.04
1476,1477,77,1,20.28
1477,1478,78,2,18.35
1478,1479,79,3,77.49
1479,1480,80,4,27.01
1480,1481,81,1,52.38
1481,1482,82,2,50.03
1482,1483,83,3,55.26
1483,1484,84,4,62.93
1484,1485,85,1,103.07
1485,1486,86,2,93.39
1486,1487,87,3,27.8
1487,1488,88,4,72.93
1488,1489,89,1,62.32
1489,1490,90,2,8.59
1490,1491,91,3,86.26
1491,1492,92,4,81.29
1492,1493,93,1,47.84
1493,1494,94,2,87.39
1494,1495,95,3,92.29
1495,1496,96,4,76.45
1496,1497,97,1,67.77
1497,1498,98,2,49.8
1498,1499,99,3,72.11
1499,1500,100,4,60.22
1500,1501,101,1,85.99
1501,1502,102,2,103.44
1502,1503,103,3,63.09
1503,1504,104,4,75.33
1504,1505,105,1,12.06
1505,1506,106,2,84.11
1506,1507,107,3,47.07
1507,1508,108,4,36.4
1508,1509,109,1,25.25
1509,1510,110,2,57.48
1510,1511,111,3,103.88
1511,1512,112,4,92.85
1512,1513,113,1,59.46
1513,1514,114,2,67.43
1514,1515,115,3,8.98
1515,1516,116,4,50.24
1516,1517,117,1,26.01
1517,1518,118,2,56.42
1518,1519,119,3,40.27
1519,1520,120,4,11.48
1520,1521,121,1,54.41
1521,1522,122,2,10.81
1522,1523,123,3,63.1
1523,1524,124,4,41.96
1524,1525,125,1,103.76
1525,1526,126,2,81.21
1526,1527,127,3,67.72
1527,1528,128,4,21.76
1528,1529,129,1,87.68
1529,1530,130,2,26.01
1530,1531,131,3,31.36
1531,1532,132,4,56.17
1532,1533,133,1,46.1
1533,1534,134,2,57.51
1534,1535,135,3,91.12
1535,1536,136,4,100.95
1536,1537,137,1,73.52
1537,1538,138,2,44.86
1538,1539,139,3,20.09
1539,1540,140,4,64.37
1540,1541,141,1,73.13
1541,1542,142,2,23.04
1542,1543,143,3,98.57
1543,1544,144,4,83.64
1544,1545,145,1,65.26
1545,1546,146,2,68.2
1546,1547,147,3,38.37
1547,1548,148,4,13.82
1548,1549,149,1,92.85
1549,1550,150,2,59.68
1550,1551,151,3,20.47
1551,1552,152,4,61.71
1552,1553,153,1,83.91
1553,1554,154,2,57.3
1554,1555,155,3,43.7
1555,1556,156,4,70.57
1556,1557,157,1,81.24
1557,1558,158,2,56.07
1558,1559,159,3,18.38
1559,1560,160,4,85.84
1560,1561,161,1,69.89
1561,1562,162,2,53.85
1562,1563,163,3,96.54
1563,1564,164,4,43.8
1564,1565,165,1,81.04
1565,1566,166,2,101.57
1566,1567,167,3,8.66
1567,1568,168,4,16.84
1568,1569,169,1,50.47
1569,1570,170,2,18.2
1570,1571,171,3,53.1
1571,1572,172,4,19.67
1572,1573,173,1,60.48
1573,1574,174,2,43.76
1574,1575,175,3,65.67
1575,1576,176,4,28.1
1576,1577,177,1,32.49
1577,1578,178,2,75.64
1578,1579,179,3,71.28
1579,1580,180,4,89.95
1580,1581,181,1,71.14
1581,1582,182,2,65.75
1582,1583,183,3,50.41
1583,1584,184,4,9.62
1584,1585,185,1,76.38
1585,1586,186,2,9.42
1586,1587,187,3,54.08
1587,1588,188,4,51.02
1588,1589,189,1,66.42
1589,1590,190,2,91.23
1590,1591,191,3,83.29
1591,1592,192,4,91.5
1592,1593,193,1,104.65
1593,1594,194,2,24.1
1594,1595,195,3,40.43
1595,1596,196,4,49.61
1596,1597,197,1,85.04
1597,1598,198,2,49.23
1598,1599,199,3,78.97
1599,1600,200,4,81.59
1600,1601,1,1,88.99
1601,1602,2,2,70.82
1602,1603,3,3,92.99
1603,1604,4,4,15.02
1604,1605,5,1,37.93
1605,1606,6,2,68.21
1606,1607,7,3,73.13
1607,1608,8,4,81.76
1608,1609,9,1,49.0
1609,1610,10,2,95.51
1610,1611,11,3,40.75
1611,1612,12,4,69.37
1612,1613,13,1,57.48
1613,1614,14,2,66.79
1614,1615,15,3,72.55
1615,1616,16,4,78.92
1616,1617,17,1,56.66
1617,1618,18,2,76.09
1618,1619,19,3,33.02
1619,1620,20,4,9.47
1620,1621,21,1,41.76
1621,1622,22,2,55.91
1622,1623,23,3,25.92
1623,1624,24,4,102.19
1624,1625,25,1,36.14
1625,1626,26,2,35.86
1626,1627,27,3,53.34
1627,1628,28,4,10.14
1628,1629,29,1,96.97
1629,1630,30,2,15.24
1630,1631,31,3,20.24
1631,1632,32,4,27.68
1632,1633,33,1,69.82
1633,1634,34,2,37.27
1634,1635,35,3,9.92
1635,1636,36,4,45.06
1636,1637,37,1,104.05
1637,1638,38,2,16.38
1638,1639,39,3,67.78
1639,1640,40,4,44.35
1640,1641,41,1,98.44
1641,1642,42,2,58.38
1642,1643,43,3,12.46
1643,1644,44,4,8.75
1644,1645,45,1,68.89
1645,1646,46,2,92.83
1646,1647,47,3,50.03
1647,1648,48,4,49.64
1648,1649,49,1,10.34
1649,1650,50,2,93.25
1650,1651,51,3,28.21
1651,1652,52,4,102.35
1652,1653,53,1,85.43
1653,1654,54,2,67.76
1654,1655,55,3,40.72
1655,1656,56,4,56.24
1656,1657,57,1,31.34
1657,1658,58,2,102.63
1658,1659,59,3,62.45
1659,1660,60,4,34.34
1660,1661,61,1,96.5
1661,1662,62,2,103.97
1662,1663,63,3,86.94
1663,1664,64,4,47.33
1664,1665,65,1,90.62
1665,1666,66,2,100.38
1666,1667,67,3,86.44
1667,1668,68,4,11.64
1668,1669,69,1,26.79
1669,1670,70,2,18.47
1670,1671,71,3,36.93
1671,1672,72,4,26.86
1672,1673,73,1,54.86
1673,1674,74,2,71.19
1674,1675,75,3,91.86
1675,1676,76,4,40.51
1676,1677,77,1,99.49
1677,1678,78,2,41.61
1678,1679,79,3,75.64
1679,1680,80,4,21.02
1680,1681,81,1,96.0
1681,1682,82,2,71.94
1682,1683,83,3,71.25
1683,1684,84,4,28.35
1684,1685,85,1,55.9
1685,1686,86,2,101.17
1686,1687,87,3,82.4
1687,1688,88,4,25.84
1688,1689,89,1,8.77
1689,1690,90,2,61.49
1690,1691,91,3,13.87
1691,1692,92,4,60.92
1692,1693,93,1,97.18
1693,1694,94,2,71.19
1694,1695,95,3,69.25
1695,1696,96,4,104.59
1696,1697,97,1,27.68
1697,1698,98,2,22.51
1698,1699,99,3,14.05
1699,1700,100,4,90.45
1700,1701,101,1,78.64
1701,1702,102,2,11.9
1702,1703,103,3,39.7
1703,1704,104,4,78.89
1704,1705,105,1,58.75
1705,1706,106,2,63.31
1706,1707,107,3,84.71
1707,1708,108,4,7.4
1708,1709,109,1,51.66
1709,1710,110,2,25.73
1710,1711,111,3,34.16
1711,1712,112,4,43.43
1712,1713,113,1,52.09
1713,1714,114,2,30.46
1714,1715,115,3,22.67
1715,1716,116,4,17.23
1716,1717,117,1,79.3
1717,1718,118,2,62.23
1718,1719,119,3,59.48
1719,1720,120,4,70.03
1720,1721,121,1,97.16
1721,1722,122,2,53.71
1722,1723,123,3,79.07
1723,1724,124,4,97.33
1724,1725,125,1,65.98
1725,1726,126,2,47.47
1726,1727,127,3,49.2
1727,1728,128,4,38.67
1728,1729,129,1,99.83
1729,1730,130,2,94.76
1730,1731,131,3,12.69
1731,1732,132,4,71.44
1732,1733,133,1,45.45
1733,1734,134,2,60.18
1734,1735,135,3,69.55
1735,1736,136,4,99.28
1736,1737,137,1,94.12
1737,1738,138,2,14.89
1738,1739,139,3,83.77
1739,1740,140,4,34.99
1740,1741,141,1,32.35
1741,1742,142,2,52.95
1742,1743,143,3,74.91
1743,1744,144,4,10.86
1744,1745,145,1,64.08
1745,1746,146,2,86.73
1746,1747,147,3,25.34
1747,1748,148,4,53.69
1748,1749,149,1,49.97
1749,1750,150,2,7.58
1750,1751,151,3,104.62
1751,1752,152,4,64.15
1752,1753,153,1,76.9
1753,1754,154,2,17.54
1754,1755,155,3,45.51
1755,1756,156,4,71.44
1756,1757,157,1,104.69
1757,1758,158,2,102.11
1758,1759,159,3,82.07
1759,1760,160,4,7.87
1760,1761,161,1,20.16
1761,1762,162,2,101.17
1762,1763,163,3,68.44
1763,1764,164,4,101.92
1764,1765,165,1,79.91
1765,1766,166,2,62.51
1766,1767,167,3,69.58
1767,1768,168,4,43.45
1768,1769,169,1,86.92
1769,1770,170,2,16.66
1770,1771,171,3,94.07
1771,1772,172,4,46.56
1772,1773,173,1,50.24
1773,1774,174,2,17.31
1774,1775,175,3,79.63
1775,1776,176,4,103.99
1776,1777,177,1,46.39
1777,1778,178,2,100.25
1778,1779,179,3,5.15
1779,1780,180,4,104.74
1780,1781,181,1,79.66
1781,1782,182,2,96.53
1782,1783,183,3,32.79
1783,1784,184,4,86.13
1784,1785,185,1,97.17
1785,1786,186,2,18.44
1786,1787,187,3,89.9
1787,1788,188,4,17.8
1788,1789,189,1,73.0
1789,1790,190,2,102.88
1790,1791,191,3,31.87
1791,1792,192,4,63.84
1792,1793,193,1,8.96
1793,1794,194,2,94.96
1794,1795,195,3,25.88
1795,1796,196,4,48.77
1796,1797,197,1,47.34
1797,1798,198,2,27.07
1798,1799,199,3,47.1
1799,1800,200,4,40.81
1800,1801,1,1,79.04
1801,1802,2,2,14.38
1802,1803,3,3,91.42
1803,1804,4,4,66.43
1804,1805,5,1,37.74
1805,1806,6,2,68.57
1806,1807,7,3,32.61
1807,1808,8,4,45.36
1808,1809,9,1,32.43
1809,1810,10,2,7.69
1810,1811,11,3,21.42
1811,1812,12,4,29.53
1812,1813,13,1,90.83
1813,1814,14,2,11.27
1814,1815,15,3,35.4
1815,1816,16,4,44.55
1816,1817,17,1,41.05
1817,1818,18,2,93.17
1818,1819,19,3,19.01
1819,1820,20,4,85.9
1820,1821,21,1,86.36
1821,1822,22,2,16.0
1822,1823,23,3,43.37
1823,1824,24,4,53.96
1824,1825,25,1,17.82
1825,1826,26,2,26.82
1826,1827,27,3,61.76
1827,1828,28,4,83.23
1828,1829,29,1,40.67
1829,1830,30,2,95.46
1830,1831,31,3,43.14
1831,1832,32,4,66.23
1832,1833,33,1,38.49
1833,1834,34,2,63.26
1834,1835,35,3,20.8
1835,1836,36,4,23.27
1836,1837,37,1,73.53
1837,1838,38,2,42.56
1838,1839,39,3,93.08
1839,1840,40,4,86.19
1840,1841,41,1,34.86
1841,1842,42,2,9.5
1842,1843,43,3,26.63
1843,1844,44,4,90.83
1844,1845,45,1,84.28
1845,1846,46,2,86.44
1846,1847,47,3,37.34
1847,1848,48,4,102.28
1848,1849,49,1,79.3
1849,1850,50,2,38.45
1850,1851,51,3,11.35
1851,1852,52,4,77.2
1852,1853,53,1,25.83
1853,1854,54,2,98.68
1854,1855,55,3,101.85
1855,1856,56,4,82.95
1856,1857,57,1,97.54
1857,1858,58,2,30.58
1858,1859,59,3,59.93
1859,1860,60,4,53.11
1860,1861,61,1,23.06
1861,1862,62,2,96.06
1862,1863,63,3,27.87
1863,1864,64,4,5.08
1864,1865,65,1,51.88
1865,1866,66,2,29.12
1866,1867,67,3,28.34
1867,1868,68,4,30.27
1868,1869,69,1,41.12
1869,1870,70,2,42.8
1870,1871,71,3,78.89
1871,1872,72,4,13.37
1872,1873,73,1,73.66
1873,1874,74,2,34.24
1874,1875,75,3,87.95
1875,1876,76,4,19.88
1876,1877,77,1,14.28
1877,1878,78,2,31.07
1878,1879,79,3,83.17
1879,1880,80,4,50.8
1880,1881,81,1,56.71
1881,1882,82,2,63.96
1882,1883,83,3,36.68
1883,1884,84,4,11.35
1884,1885,85,1,92.48
1885,1886,86,2,5.81
1886,1887,87,3,6.4
1887,1888,88,4,37.22
1888,1889,89,1,29.39
1889,1890,90,2,54.55
1890,1891,91,3,48.54
1891,1892,92,4,14.48
1892,1893,93,1,24.43
1893,1894,94,2,74.84
1894,1895,95,3,85.44
1895,1896,96,4,55.2
1896,1897,97,1,10.98
1897,1898,98,2,77.31
1898,1899,99,3,58.59
1899,1900,100,4,101.5
1900,1901,101,1,13.58
1901,1902,102,2,25.61
1902,1903,103,3,13.43
1903,1904,104,4,14.21
1904,1905,105,1,11.49
1905,1906,106,2,27.88
1906,1907,107,3,53.14
1907,1908,108,4,46.26
1908,1909,109,1,68.13
1909,1910,110,2,99.53
1910,1911,111,3,6.48
1911,1912,112,4,84.84
1912,1913,113,1,12.76
1913,1914,114,2,50.61
1914,1915,115,3,9.53
1915,1916,116,4,72.14
1916,1917,117,1,68.09
1917,1918,118,2,37.01
1918,1919,119,3,35.12
1919,1920,120,4,38.07
1920,1921,121,1,50.41
1921,1922,122,2,10.29
1922,1923,123,3,69.23
1923,1924,124,4,70.17
1924,1925,125,1,5.23
1925,1926,126,2,91.37
1926,1927,127,3,87.2
1927,1928,128,4,70.65
1928,1929,129,1,29.44
1929,1930,130,2,85.86
1930,1931,131,3,12.21
1931,1932,132,4,99.21
1932,1933,133,1,22.92
1933,1934,134,2,79.3
1934,1935,135,3,6.22
1935,1936,136,4,8.32
1936,1937,137,1,23.47
1937,1938,138,2,10.42
1938,1939,139,3,100.89
1939,1940,140,4,48.17
1940,1941,141,1,38.52
1941,1942,142,2,69.7
1942,1943,143,3,99.24
1943,1944,144,4,96.0
1944,1945,145,1,6.89
1945,1946,146,2,37.64
1946,1947,147,3,88.09
1947,1948,148,4,21.82
1948,1949,149,1,79.09
1949,1950,150,2,14.58
1950,1951,151,3,83.83
1951,1952,152,4,7.73
1952,1953,153,1,45.89
1953,1954,154,2,8.67
1954,1955,155,3,36.5
1955,1956,156,4,30.61
1956,1957,157,1,78.85
1957,1958,158,2,61.64
1958,1959,159,3,6.91
1959,1960,160,4,103.31
1960,1961,161,1,45.18
1961,1962,162,2,94.28
1962,1963,163,3,25.58
1963,1964,164,4,79.02
1964,1965,165,1,19.06
1965,1966,166,2,18.57
1966,1967,167,3,18.66
1967,1968,168,4,8.74
1968,1969,169,1,104.12
1969,1970,170,2,28.21
1970,1971,171,3,102.73
1971,1972,172,4,18.05
1972,1973,173,1,71.48
1973,1974,174,2,9.72
1974,1975,175,3,42.78
1975,1976,176,4,70.5
1976,1977,177,1,14.56
1977,1978,178,2,71.33
1978,1979,179,3,66.39
1979,1980,180,4,9.64
1980,1981,181,1,12.55
1981,1982,182,2,80.82
1982,1983,183,3,30.6
1983,1984,184,4,35.67
1984,1985,185,1,27.36
1985,1986,186,2,15.1
1986,1987,187,3,27.78
1987,1988,188,4,22.43
1988,1989,189,1,23.15
1989,1990,190,2,42.88
1990,1991,191,3,102.29
1991,1992,192,4,84.66
1992,1993,193,1,20.83
1993,1994,194,2,78.29
1994,1995,195,3,30.42
1995,1996,196,4,88.24
1996,1997,197,1,46.17
1997,1998,198,2,33.33
1998,1999,199,3,17.62
1999,2000,200,4,35.43
2000,2001,1,1,55.06
2001,2002,2,2,34.84
2002,2003,3,3,85.42
2003,2004,4,4,65.94
2004,2005,5,1,47.82
2005,2006,6,2,5.5
2006,2007,7,3,31.37
2007,2008,8,4,56.2
2008,2009,9,1,47.94
2009,2010,10,2,31.76
2010,2011,11,3,79.54
2011,2012,12,4,77.97
2012,2013,13,1,63.33
2013,2014,14,2,40.66
2014,2015,15,3,48.73
2015,2016,16,4,50.38
2016,2017,17,1,72.0
2017,2018,18,2,67.51
2018,2019,19,3,91.7
2019,2020,20,4,29.25
2020,2021,21,1,71.19
2021,2022,22,2,60.01
2022,2023,23,3,67.51
2023,2024,24,4,22.73
2024,2025,25,1,52.19
2025,2026,26,2,28.21
2026,2027,27,3,45.48
2027,2028,28,4,82.44
2028,2029,29,1,38.46
2029,2030,30,2,22.76
2030,2031,31,3,43.36
2031,2032,32,4,100.98
2032,2033,33,1,42.09
2033,2034,34,2,38.25
2034,2035,35,3,89.71
2035,2036,36,4,31.75
2036,2037,37,1,81.4
2037,2038,38,2,44.01
2038,2039,39,3,20.77
2039,2040,40,4,83.75
2040,2041,41,1,92.23
2041,2042,42,2,56.09
2042,2043,43,3,66.96
2043,2044,44,4,46.66
2044,2045,45,1,35.01
2045,2046,46,2,31.66
2046,2047,47,3,83.28
2047,2048,48,4,41.95
2048,2049,49,1,29.92
2049,2050,50,2,89.9
2050,2051,51,3,74.8
2051,2052,52,4,20.93
2052,2053,53,1,92.82
2053,2054,54,2,82.75
2054,2055,55,3,99.9
2055,2056,56,4,97.38
2056,2057,57,1,44.38
2057,2058,58,2,76.97
2058,2059,59,3,71.69
2059,2060,60,4,38.81
2060,2061,61,1,61.12
2061,2062,62,2,74.87
2062,2063,63,3,74.97
2063,2064,64,4,45.77
2064,2065,65,1,81.19
2065,2066,66,2,93.07
2066,2067,67,3,62.66
2067,2068,68,4,93.82
2068,2069,69,1,79.79
2069,2070,70,2,20.41
2070,2071,71,3,25.25
2071,2072,72,4,96.08
2072,2073,73,1,80.5
2073,2074,74,2,43.83
2074,2075,75,3,97.38
2075,2076,76,4,20.07
2076,2077,77,1,15.33
2077,2078,78,2,52.48
2078,2079,79,3,20.67
2079,2080,80,4,50.77
2080,2081,81,1,69.49
2081,2082,82,2,98.4
2082,2083,83,3,100.09
2083,2084,84,4,79.49
2084,2085,85,1,59.71
2085,2086,86,2,27.46
2086,2087,87,3,32.15
2087,2088,88,4,99.02
2088,2089,89,1,33.66
2089,2090,90,2,59.85
2090,2091,91,3,55.02
2091,2092,92,4,47.92
2092,2093,93,1,71.88
2093,2094,94,2,7.61
2094,2095,95,3,83.48
2095,2096,96,4,44.33
2096,2097,97,1,58.84
2097,2098,98,2,34.6
2098,2099,99,3,52.04
2099,2100,100,4,68.89
2100,2101,101,1,66.59
2101,2102,102,2,80.21
2102,2103,103,3,80.89
2103,2104,104,4,83.73
2104,2105,105,1,12.72
2105,2106,106,2,14.62
2106,2107,107,3,91.04
2107,2108,108,4,72.38
2108,2109,109,1,55.01
2109,2110,110,2,15.15
2110,2111,111,3,94.69
2111,2112,112,4,56.53
2112,2113,113,1,24.67
2113,2114,114,2,51.19
2114,2115,115,3,7.92
2115,2116,116,4,7.31
2116,2117,117,1,85.64
2117,2118,118,2,52.4
2118,2119,119,3,42.95
2119,2120,120,4,52.15
2120,2121,121,1,21.6
2121,2122,122,2,88.01
2122,2123,123,3,5.41
2123,2124,124,4,14.54
2124,2125,125,1,58.63
2125,2126,126,2,47.36
2126,2127,127,3,53.2
2127,2128,128,4,60.39
2128,2129,129,1,76.16
2129,2130,130,2,60.59
2130,2131,131,3,18.99
2131,2132,132,4,78.19
2132,2133,133,1,62.38
2133,2134,134,2,16.78
2134,2135,135,3,102.92
2135,2136,136,4,102.9
2136,2137,137,1,44.82
2137,2138,138,2,24.65
2138,2139,139,3,81.82
2139,2140,140,4,83.3
2140,2141,141,1,49.2
2141,2142,142,2,23.39
2142,2143,143,3,69.24
2143,2144,144,4,88.83
2144,2145,145,1,79.87
2145,2146,146,2,104.15
2146,2147,147,3,68.28
2147,2148,148,4,43.86
2148,2149,149,1,75.25
2149,2150,150,2,39.45
2150,2151,151,3,45.55
2151,2152,152,4,96.72
2152,2153,153,1,24.13
2153,2154,154,2,15.89
2154,2155,155,3,18.87
2155,2156,156,4,98.07
2156,2157,157,1,91.06
2157,2158,158,2,63.86
2158,2159,159,3,94.93
2159,2160,160,4,6.13
2160,2161,161,1,44.54
2161,2162,162,2,62.27
2162,2163,163,3,55.56
2163,2164,164,4,71.49
2164,2165,165,1,104.35
2165,2166,166,2,15.98
2166,2167,167,3,69.2
2167,2168,168,4,75.25
2168,2169,169,1,43.33
2169,2170,170,2,34.21
2170,2171,171,3,51.02
2171,2172,172,4,67.04
2172,2173,173,1,50.15
2173,2174,174,2,72.22
2174,2175,175,3,46.17
2175,2176,176,4,93.9
2176,2177,177,1,27.42
2177,2178,178,2,37.86
2178,2179,179,3,65.01
2179,2180,180,4,8.29
2180,2181,181,1,100.59
2181,2182,182,2,15.74
2182,2183,183,3,39.99
2183,2184,184,4,82.34
2184,2185,185,1,7.75
2185,2186,186,2,45.14
2186,2187,187,3,76.84
2187,2188,188,4,61.77
2188,2189,189,1,32.21
2189,2190,190,2,63.51
2190,2191,191,3,81.14
2191,2192,192,4,13.13
2192,2193,193,1,27.64
2193,2194,194,2,32.22
2194,2195,195,3,32.19
2195,2196,196,4,52.62
2196,2197,197,1,71.59
2197,2198,198,2,88.32
2198,2199,199,3,70.68
2199,2200,200,4,25.51
2200,2201,1,1,73.57
2201,2202,2,2,58.35
2202,2203,3,3,15.04
2203,2204,4,4,9.56
2204,2205,5,1,61.34
2205,2206,6,2,84.71
2206,2207,7,3,31.53
2207,2208,8,4,77.84
2208,2209,9,1,100.5
2209,2210,10,2,91.5
2210,2211,11,3,54.36
2211,2212,12,4,26.65
2212,2213,13,1,12.39
2213,2214,14,2,30.1
2214,2215,15,3,59.44
2215,2216,16,4,15.37
2216,2217,17,1,6.04
2217,2218,18,2,33.29
2218,2219,19,3,70.45
2219,2220,20,4,64.03
2220,2221,21,1,70.77
2221,2222,22,2,82.17
2222,2223,23,3,9.76
2223,2224,24,4,36.16
2224,2225,25,1,94.9
2225,2226,26,2,21.15
2226,2227,27,3,96.19
2227,2228,28,4,20.05
2228,2229,29,1,61.18
2229,2230,30,2,93.17
2230,2231,31,3,90.32
2231,2232,32,4,97.58
2232,2233,33,1,45.42
2233,2234,34,2,59.43
2234,2235,35,3,8.3
2235,2236,36,4,101.48
2236,2237,37,1,92.62
2237,2238,38,2,65.22
2238,2239,39,3,29.64
2239,2240,40,4,19.44
2240,2241,41,1,100.48
2241,2242,42,2,81.97
2242,2243,43,3,30.78
2243,2244,44,4,94.53
2244,2245,45,1,98.45
2245,2246,46,2,35.24
2246,2247,47,3,31.11
2247,2248,48,4,20.59
2248,2249,49,1,10.99
2249,2250,50,2,36.93
2250,2251,51,3,12.47
2251,2252,52,4,11.14
2252,2253,53,1,52.81
2253,2254,54,2,103.44
2254,2255,55,3,14.62
2255,2256,56,4,88.73
2256,2257,57,1,97.81
2257,2258,58,2,14.97
2258,2259,59,3,97.08
2259,2260,60,4,43.22
2260,2261,61,1,12.98
2261,2262,62,2,83.72
2262,2263,63,3,14.89
2263,2264,64,4,75.19
2264,2265,65,1,13.64
2265,2266,66,2,54.55
2266,2267,67,3,25.33
2267,2268,68,4,18.52
2268,2269,69,1,75.54
2269,2270,70,2,63.3
2270,2271,71,3,35.94
2271,2272,72,4,89.76
2272,2273,73,1,6.62
2273,2274,74,2,18.54
2274,2275,75,3,95.62
2275,2276,76,4,71.9
2276,2277,77,1,5.43
2277,2278,78,2,102.06
2278,2279,79,3,57.08
2279,2280,80,4,85.3
2280,2281,81,1,13.83
2281,2282,82,2,14.2
2282,2283,83,3,18.25
2283,2284,84,4,58.36
2284,2285,85,1,90.11
2285,2286,86,2,34.91
2286,2287,87,3,18.67
2287,2288,88,4,53.46
2288,2289,89,1,74.72
2289,2290,90,2,82.26
2290,2291,91,3,65.76
2291,2292,92,4,101.98
2292,2293,93,1,52.64
2293,2294,94,2,56.01
2294,2295,95,3,54.09
2295,2296,96,4,34.46
2296,2297,97,1,47.87
2297,2298,98,2,65.52
2298,2299,99,3,28.88
2299,2300,100,4,83.86
2300,2301,101,1,12.97
2301,2302,102,2,96.8
2302,2303,103,3,54.93
2303,2304,104,4,66.47
2304,2305,105,1,16.12
2305,2306,106,2,103.59
2306,2307,107,3,17.21
2307,2308,108,4,62.76
2308,2309,109,1,33.63
2309,2310,110,2,29.95
2310,2311,111,3,20.18
2311,2312,112,4,39.84
2312,2313,113,1,92.7
2313,2314,114,2,12.61
2314,2315,115,3,28.75
2315,2316,116,4,97.01
2316,2317,117,1,26.78
2317,2318,118,2,10.14
2318,2319,119,3,64.68
2319,2320,120,4,48.33
2320,2321,121,1,71.19
2321,2322,122,2,43.85
2322,2323,123,3,45.65
2323,2324,124,4,30.33
2324,2325,125,1,39.44
2325,2326,126,2,21.72
2326,2327,127,3,37.32
2327,2328,128,4,80.77
2328,2329,129,1,54.68
2329,2330,130,2,36.19
2330,2331,131,3,12.51
2331,2332,132,4,18.89
2332,2333,133,1,41.33
2333,2334,134,2,53.66
2334,2335,135,3,85.87
2335,2336,136,4,98.42
2336,2337,137,1,51.65
2337,2338,138,2,59.28
2338,2339,139,3,75.48
2339,2340,140,4,32.59
2340,2341,141,1,57.57
2341,2342,142,2,95.98
2342,2343,143,3,47.59
2343,2344,144,4,65.45
2344,2345,145,1,55.67
2345,2346,146,2,103.2
2346,2347,147,3,64.79
2347,2348,148,4,103.12
2348,2349,149,1,8.06
2349,2350,150,2,15.6
2350,2351,151,3,104.04
2351,2352,152,4,75.08
2352,2353,153,1,39.07
2353,2354,154,2,50.14
2354,2355,155,3,98.91
2355,2356,156,4,96.7
2356,2357,157,1,25.82
2357,2358,158,2,41.41
2358,2359,159,3,55.49
2359,2360,160,4,93.65
2360,2361,161,1,90.17
2361,2362,162,2,23.42
2362,2363,163,3,68.82
2363,2364,164,4,13.64
2364,2365,165,1,20.61
2365,2366,166,2,45.42
2366,2367,167,3,81.04
2367,2368,168,4,41.16
2368,2369,169,1,41.7
2369,2370,170,2,30.9
2370,2371,171,3,92.4
2371,2372,172,4,52.64
2372,2373,173,1,71.33
2373,2374,174,2,13.3
2374,2375,175,3,90.9
2375,2376,176,4,70.39
2376,2377,177,1,32.45
2377,2378,178,2,88.88
2378,2379,179,3,5.51
2379,2380,180,4,86.84
2380,2381,181,1,55.92
2381,2382,182,2,100.57
2382,2383,183,3,47.1
2383,2384,184,4,23.0
2384,2385,185,1,9.05
2385,2386,186,2,75.04
2386,2387,187,3,49.51
2387,2388,188,4,85.8
2388,2389,189,1,92.69
2389,2390,190,2,5.34
2390,2391,191,3,68.82
2391,2392,192,4,86.27
2392,2393,193,1,45.92
2393,2394,194,2,64.95
2394,2395,195,3,72.23
2395,2396,196,4,103.83
2396,2397,197,1,85.42
2397,2398,198,2,15.03
2398,2399,199,3,18.56
2399,2400,200,4,19.07
2400,2401,1,1,52.17
2401,2402,2,2,21.85
2402,2403,3,3,55.15
2403,2404,4,4,16.13
2404,2405,5,1,40.12
2405,2406,6,2,84.27
2406,2407,7,3,21.13
2407,2408,8,4,27.94
2408,2409,9,1,60.22
2409,2410,10,2,23.1
2410,2411,11,3,60.61
2411,2412,12,4,33.39
2412,2413,13,1,58.61
2413,2414,14,2,52.1
2414,2415,15,3,91.63
2415,2416,16,4,57.6
2416,2417,17,1,40.79
2417,2418,18,2,65.6
2418,2419,19,3,64.55
2419,2420,20,4,8.19
2420,2421,21,1,32.29
2421,2422,22,2,8.9
2422,2423,23,3,80.13
2423,2424,24,4,31.8
2424,2425,25,1,65.53
2425,2426,26,2,16.58
2426,2427,27,3,42.3
2427,2428,28,4,83.18
2428,2429,29,1,75.45
2429,2430,30,2,98.6
2430,2431,31,3,39.7
2431,2432,32,4,7.97
2432,2433,33,1,90.3
2433,2434,34,2,82.43
2434,2435,35,3,24.42
2435,2436,36,4,101.72
2436,2437,37,1,99.37
2437,2438,38,2,97.76
2438,2439,39,3,21.47
2439,2440,40,4,69.31
2440,2441,41,1,64.2
2441,2442,42,2,97.35
2442,2443,43,3,5.77
2443,2444,44,4,97.95
2444,2445,45,1,33.93
2445,2446,46,2,68.96
2446,2447,47,3,98.6
2447,2448,48,4,40.94
2448,2449,49,1,53.94
2449,2450,50,2,103.05
2450,2451,51,3,64.88
2451,2452,52,4,51.44
2452,2453,53,1,29.03
2453,2454,54,2,17.76
2454,2455,55,3,59.04
2455,2456,56,4,90.15
2456,2457,57,1,7.37
2457,2458,58,2,35.01
2458,2459,59,3,67.21
2459,2460,60,4,96.0
2460,2461,61,1,76.23
2461,2462,62,2,37.94
2462,2463,63,3,35.13
2463,2464,64,4,66.33
2464,2465,65,1,92.16
2465,2466,66,2,17.62
2466,2467,67,3,81.21
2467,2468,68,4,81.1
2468,2469,69,1,14.56
2469,2470,70,2,70.58
2470,2471,71,3,33.79
2471,2472,72,4,60.57
2472,2473,73,1,84.99
2473,2474,74,2,33.78
2474,2475,75,3,93.38
2475,2476,76,4,17.89
2476,2477,77,1,8.64
2477,2478,78,2,13.5
2478,2479,79,3,55.99
2479,2480,80,4,60.55
2480,2481,81,1,66.02
2481,2482,82,2,7.26
2482,2483,83,3,27.2
2483,2484,84,4,39.44
2484,2485,85,1,103.13
2485,2486,86,2,60.92
2486,2487,87,3,76.04
2487,2488,88,4,7.49
2488,2489,89,1,104.54
2489,2490,90,2,51.47
2490,2491,91,3,63.52
2491,2492,92,4,16.54
2492,2493,93,1,19.59
2493,2494,94,2,27.19
2494,2495,95,3,71.07
2495,2496,96,4,77.54
2496,2497,97,1,76.87
2497,2498,98,2,30.06
2498,2499,99,3,96.77
2499,2500,100,4,28.96
2500,2501,101,1,77.05
2501,2502,102,2,64.63
2502,2503,103,3,6.37
2503,2504,104,4,86.43
2504,2505,105,1,60.25
2505,2506,106,2,100.78
2506,2507,107,3,96.5
2507,2508,108,4,83.42
2508,2509,109,1,64.24
2509,2510,110,2,35.61
2510,2511,111,3,81.82
2511,2512,112,4,59.47
2512,2513,113,1,32.83
2513,2514,114,2,62.59
2514,2515,115,3,78.66
2515,2516,116,4,88.41
2516,2517,117,1,65.27
2517,2518,118,2,47.99
2518,2519,119,3,68.76
2519,2520,120,4,73.95
2520,2521,121,1,40.93
2521,2522,122,2,20.32
2522,2523,123,3,65.77
2523,2524,124,4,59.32
2524,2525,125,1,6.48
2525,2526,126,2,11.67
2526,2527,127,3,9.85
2527,2528,128,4,38.16
2528,2529,129,1,50.97
2529,2530,130,2,28.35
2530,2531,131,3,80.61
2531,2532,132,4,42.13
2532,2533,133,1,94.37
2533,2534,134,2,13.3
2534,2535,135,3,36.83
2535,2536,136,4,49.42
2536,2537,137,1,14.32
2537,2538,138,2,27.27
2538,2539,139,3,71.39
2539,2540,140,4,11.91
2540,2541,141,1,63.77
2541,2542,142,2,60.18
2542,2543,143,3,19.0
2543,2544,144,4,27.0
2544,2545,145,1,7.05
2545,2546,146,2,33.04
2546,2547,147,3,52.89
2547,2548,148,4,44.85
2548,2549,149,1,66.38
2549,2550,150,2,69.01
2550,2551,151,3,89.89
2551,2552,152,4,34.58
2552,2553,153,1,35.13
2553,2554,154,2,82.39
2554,2555,155,3,54.89
2555,2556,156,4,95.94
2556,2557,157,1,37.31
2557,2558,158,2,92.64
2558,2559,159,3,5.92
2559,2560,160,4,33.2
2560,2561,161,1,23.42
2561,2562,162,2,79.39
2562,2563,163,3,95.1
2563,2564,164,4,22.41
2564,2565,165,1,35.15
2565,2566,166,2,5.48
2566,2567,167,3,8.19
2567,2568,168,4,13.0
2568,2569,169,1,75.94
2569,2570,170,2,35.78
2570,2571,171,3,77.01
2571,2572,172,4,39.2
2572,2573,173,1,99.23
2573,2574,174,2,44.83
2574,2575,175,3,15.8
2575,2576,176,4,58.46
2576,2577,177,1,36.53
2577,2578,178,2,33.18
2578,2579,179,3,100.67
2579,2580,180,4,97.82
2580,2581,181,1,43.42
2581,2582,182,2,88.41
2582,2583,183,3,61.31
2583,2584,184,4,42.88
2584,2585,185,1,21.22
2585,2586,186,2,21.45
2586,2587,187,3,50.22
2587,2588,188,4,28.92
2588,2589,189,1,81.29
2589,2590,190,2,27.16
2590,2591,191,3,19.44
2591,2592,192,4,84.48
2592,2593,193,1,72.57
2593,2594,194,2,34.11
2594,2595,195,3,23.13
2595,2596,196,4,27.22
2596,2597,197,1,13.26
2597,2598,198,2,69.0
2598,2599,199,3,97.16
2599,2600,200,4,18.93
2600,2601,1,1,43.69
2601,2602,2,2,9.61
2602,2603,3,3,7.03
2603,2604,4,4,87.81
2604,2605,5,1,65.51
2605,2606,6,2,44.23
2606,2607,7,3,95.48
2607,2608,8,4,74.02
2608,2609,9,1,65.01
2609,2610,10,2,49.26
2610,2611,11,3,14.92
2611,2612,12,4,34.55
2612,2613,13,1,20.7
2613,2614,14,2,18.88
2614,2615,15,3,18.1
2615,2616,16,4,35.2
2616,2617,17,1,45.73
2617,2618,18,2,59.16
2618,2619,19,3,81.91
2619,2620,20,4,95.52
2620,2621,21,1,40.92
2621,2622,22,2,29.07
2622,2623,23,3,22.61
2623,2624,24,4,45.61
2624,2625,25,1,65.41
2625,2626,26,2,52.48
2626,2627,27,3,104.05
2627,2628,28,4,5.5
2628,2629,29,1,27.13
2629,2630,30,2,17.62
2630,2631,31,3,40.5
2631,2632,32,4,8.3
2632,2633,33,1,26.54
2633,2634,34,2,88.9
2634,2635,35,3,63.64
2635,2636,36,4,55.01
2636,2637,37,1,35.21
2637,2638,38,2,83.02
2638,2639,39,3,87.13
2639,2640,40,4,5.76
2640,2641,41,1,20.12
2641,2642,42,2,46.8
2642,2643,43,3,72.14
2643,2644,44,4,9.87
2644,2645,45,1,62.65
2645,2646,46,2,69.3
2646,2647,47,3,26.16
2647,2648,48,4,66.9
2648,2649,49,1,53.94
2649,2650,50,2,53.72
2650,2651,51,3,65.37
2651,2652,52,4,5.21
2652,2653,53,1,69.61
2653,2654,54,2,23.38
2654,2655,55,3,63.18
2655,2656,56,4,39.16
2656,2657,57,1,14.95
2657,2658,58,2,19.62
2658,2659,59,3,89.17
2659,2660,60,4,42.66
2660,2661,61,1,76.79
2661,2662,62,2,33.08
2662,2663,63,3,54.22
2663,2664,64,4,56.41
2664,2665,65,1,41.85
2665,2666,66,2,101.98
2666,2667,67,3,35.91
2667,2668,68,4,77.71
2668,2669,69,1,62.94
2669,2670,70,2,67.16
2670,2671,71,3,94.85
2671,2672,72,4,27.69
2672,2673,73,1,33.57
2673,2674,74,2,82.96
2674,2675,75,3,77.7
2675,2676,76,4,102.74
2676,2677,77,1,18.67
2677,2678,78,2,28.43
2678,2679,79,3,101.24
2679,2680,80,4,70.09
2680,2681,81,1,51.87
2681,2682,82,2,96.6
2682,2683,83,3,58.45
2683,2684,84,4,12.55
2684,2685,85,1,38.15
2685,2686,86,2,33.96
2686,2687,87,3,78.39
2687,2688,88,4,88.79
2688,2689,89,1,49.39
2689,2690,90,2,83.24
2690,2691,91,3,16.83
2691,2692,92,4,34.57
2692,2693,93,1,80.69
2693,2694,94,2,24.58
2694,2695,95,3,66.43
2695,2696,96,4,96.24
2696,2697,97,1,97.0
2697,2698,98,2,72.01
2698,2699,99,3,102.4
2699,2700,100,4,47.79
2700,2701,101,1,47.07
2701,2702,102,2,47.8
2702,2703,103,3,10.84
2703,2704,104,4,22.68
2704,2705,105,1,52.09
2705,2706,106,2,94.63
2706,2707,107,3,46.81
2707,2708,108,4,17.5
2708,2709,109,1,83.38
2709,2710,110,2,21.01
2710,2711,111,3,13.65
2711,2712,112,4,75.03
2712,2713,113,1,37.12
2713,2714,114,2,59.74
2714,2715,115,3,45.68
2715,2716,116,4,12.42
2716,2717,117,1,77.14
2717,2718,118,2,10.99
2718,2719,119,3,18.2
2719,2720,120,4,11.92
2720,2721,121,1,16.39
2721,2722,122,2,52.85
2722,2723,123,3,59.71
2723,2724,124,4,97.74
2724,2725,125,1,7.4
2725,2726,126,2,67.92
2726,2727,127,3,52.78
2727,2728,128,4,47.76
2728,2729,129,1,38.53
2729,2730,130,2,18.55
2730,2731,131,3,24.84
2731,2732,132,4,53.63
2732,2733,133,1,58.92
2733,2734,134,2,63.58
2734,2735,135,3,12.16
2735,2736,136,4,18.81
2736,2737,137,1,86.87
2737,2738,138,2,56.68
2738,2739,139,3,33.45
2739,2740,140,4,56.26
2740,2741,141,1,46.41
2741,2742,142,2,96.16
2742,2743,143,3,13.38
2743,2744,144,4,33.61
2744,2745,145,1,20.22
2745,2746,146,2,36.16
2746,2747,147,3,7.16
2747,2748,148,4,7.89
2748,2749,149,1,79.65
2749,2750,150,2,50.36
2750,2751,151,3,38.67
2751,2752,152,4,95.83
2752,2753,153,1,61.98
2753,2754,154,2,58.79
2754,2755,155,3,95.79
2755,2756,156,4,19.85
2756,2757,157,1,29.33
2757,2758,158,2,74.73
2758,2759,159,3,25.72
2759,2760,160,4,30.97
2760,2761,161,1,39.46
2761,2762,162,2,70.87
2762,2763,163,3,55.22
2763,2764,164,4,43.01
2764,2765,165,1,66.26
2765,2766,166,2,17.68
2766,2767,167,3,52.87
2767,2768,168,4,101.44
2768,2769,169,1,76.36
2769,2770,170,2,15.33
2770,2771,171,3,70.91
2771,2772,172,4,25.17
2772,2773,173,1,73.3
2773,2774,174,2,46.27
2774,2775,175,3,62.01
2775,2776,176,4,93.24
2776,2777,177,1,39.08
2777,2778,178,2,26.03
2778,2779,179,3,57.38
2779,2780,180,4,9.12
2780,2781,181,1,14.84
2781,2782,182,2,32.48
2782,2783,183,3,92.08
2783,2784,184,4,86.45
2784,2785,185,1,85.38
2785,2786,186,2,21.37
2786,2787,187,3,47.8
2787,2788,188,4,34.28
2788,2789,189,1,48.11
2789,2790,190,2,91.58
2790,2791,191,3,92.68
2791,2792,192,4,92.15
2792,2793,193,1,41.88
2793,2794,194,2,85.55
2794,2795,195,3,53.79
2795,2796,196,4,104.34
2796,2797,197,1,36.59
2797,2798,198,2,39.54
2798,2799,199,3,101.22
2799,2800,200,4,95.96
2800,2801,1,1,53.9
2801,2802,2,2,88.44
2802,2803,3,3,72.26
2803,2804,4,4,36.4
2804,2805,5,1,80.14
2805,2806,6,2,66.36
2806,2807,7,3,102.74
2807,2808,8,4,31.02
2808,2809,9,1,49.13
2809,2810,10,2,34.35
2810,2811,11,3,47.59
2811,2812,12,4,21.47
2812,2813,13,1,86.41
2813,2814,14,2,62.78
2814,2815,15,3,75.82
2815,2816,16,4,88.05
2816,2817,17,1,7.17
2817,2818,18,2,45.68
2818,2819,19,3,18.81
2819,2820,20,4,5.58
2820,2821,21,1,46.33
2821,2822,22,2,17.96
2822,2823,23,3,61.75
2823,2824,24,4,37.7
2824,2825,25,1,58.38
2825,2826,26,2,38.38
2826,2827,27,3,15.99
2827,2828,28,4,86.84
2828,2829,29,1,10.42
2829,2830,30,2,47.17
2830,2831,31,3,17.64
2831,2832,32,4,49.73
2832,2833,33,1,46.79
2833,2834,34,2,54.22
2834,2835,35,3,64.73
2835,2836,36,4,28.14
2836,2837,37,1,36.96
2837,2838,38,2,7.18
2838,2839,39,3,49.08
2839,2840,40,4,82.76
2840,2841,41,1,30.74
2841,2842,42,2,92.73
2842,2843,43,3,91.65
2843,2844,44,4,12.29
2844,2845,45,1,62.55
2845,2846,46,2,35.12
2846,2847,47,3,91.87
2847,2848,48,4,70.67
2848,2849,49,1,95.1
2849,2850,50,2,23.6
2850,2851,51,3,83.74
2851,2852,52,4,34.27
2852,2853,53,1,54.34
2853,2854,54,2,60.01
2854,2855,55,3,90.7
2855,2856,56,4,98.49
2856,2857,57,1,74.92
2857,2858,58,2,77.99
2858,2859,59,3,5.63
2859,2860,60,4,96.07
2860,2861,61,1,102.25
2861,2862,62,2,77.3
2862,2863,63,3,51.36
2863,2864,64,4,92.72
2864,2865,65,1,42.36
2865,2866,66,2,91.4
2866,2867,67,3,34.13
2867,2868,68,4,70.54
2868,2869,69,1,50.9
2869,2870,70,2,25.36
2870,2871,71,3,69.97
2871,2872,72,4,57.97
2872,2873,73,1,14.36
2873,2874,74,2,50.28
2874,2875,75,3,73.06
2875,2876,76,4,99.68
2876,2877,77,1,103.5
2877,2878,78,2,19.4
2878,2879,79,3,29.3
2879,2880,80,4,49.47
2880,2881,81,1,78.11
2881,2882,82,2,20.61
2882,2883,83,3,10.61
2883,2884,84,4,61.74
2884,2885,85,1,75.32
2885,2886,86,2,36.67
2886,2887,87,3,76.78
2887,2888,88,4,44.47
2888,2889,89,1,45.02
2889,2890,90,2,77.98
2890,2891,91,3,6.18
2891,2892,92,4,24.71
2892,2893,93,1,68.01
2893,2894,94,2,72.09
2894,2895,95,3,89.87
2895,2896,96,4,83.38
2896,2897,97,1,85.8
2897,2898,98,2,47.63
2898,2899,99,3,5.43
2899,2900,100,4,11.74
2900,2901,101,1,18.83
2901,2902,102,2,84.38
2902,2903,103,3,20.15
2903,2904,104,4,87.17
2904,2905,105,1,89.1
2905,2906,106,2,94.13
2906,2907,107,3,77.0
2907,2908,108,4,56.8
2908,2909,109,1,55.34
2909,2910,110,2,31.84
2910,2911,111,3,43.77
2911,2912,112,4,30.31
2912,2913,113,1,101.47
2913,2914,114,2,59.31
2914,2915,115,3,25.46
2915,2916,116,4,80.27
2916,2917,117,1,47.29
2917,2918,118,2,50.14
2918,2919,119,3,62.63
2919,2920,120,4,7.29
2920,2921,121,1,84.0
2921,2922,122,2,21.64
2922,2923,123,3,102.73
2923,2924,124,4,59.03
2924,2925,125,1,45.55
2925,2926,126,2,77.38
2926,2927,127,3,68.81
2927,2928,128,4,74.73
2928,2929,129,1,43.12
2929,2930,130,2,90.18
2930,2931,131,3,69.01
2931,2932,132,4,30.32
2932,2933,133,1,96.74
2933,2934,134,2,94.07
2934,2935,135,3,92.67
2935,2936,136,4,64.94
2936,2937,137,1,7.4
2937,2938,138,2,103.54
2938,2939,139,3,96.72
2939,2940,140,4,32.99
2940,2941,141,1,76.52
2941,2942,142,2,10.2
2942,2943,143,3,91.71
2943,2944,144,4,19.56
2944,2945,145,1,67.16
2945,2946,146,2,81.36
2946,2947,147,3,14.36
2947,2948,148,4,61.39
2948,2949,149,1,26.51
2949,2950,150,2,9.99
2950,2951,151,3,70.31
2951,2952,152,4,94.0
2952,2953,153,1,5.09
2953,2954,154,2,15.83
2954,2955,155,3,38.18
2955,2956,156,4,44.15
2956,2957,157,1,52.52
2957,2958,158,2,83.71
2958,2959,159,3,58.06
2959,2960,160,4,74.09
2960,2961,161,1,75.85
2961,2962,162,2,11.0
2962,2963,163,3,92.78
2963,2964,164,4,26.67
2964,2965,165,1,57.39
2965,2966,166,2,55.96
2966,2967,167,3,68.89
2967,2968,168,4,77.83
2968,2969,169,1,8.57
2969,2970,170,2,30.53
2970,2971,171,3,11.81
2971,2972,172,4,33.18
2972,2973,173,1,32.19
2973,2974,174,2,11.39
2974,2975,175,3,45.57
2975,2976,176,4,94.36
2976,2977,177,1,38.99
2977,2978,178,2,73.71
2978,2979,179,3,88.36
2979,2980,180,4,24.09
2980,2981,181,1,68.43
2981,2982,182,2,15.3
2982,2983,183,3,56.51
2983,2984,184,4,26.72
2984,2985,185,1,36.03
2985,2986,186,2,36.97
2986,2987,187,3,55.57
2987,2988,188,4,24.71
2988,2989,189,1,67.45
2989,2990,190,2,6.2
2990,2991,191,3,97.22
2991,2992,192,4,56.63
2992,2993,193,1,36.78
2993,2994,194,2,33.18
2994,2995,195,3,16.0
2995,2996,196,4,89.08
2996,2997,197,1,50.08
2997,2998,198,2,31.23
2998,2999,199,3,14.12
2999,3000,200,4,97.71
3000,3001,1,1,8.72
3001,3002,2,2,93.86
3002,3003,3,3,84.03
3003,3004,4,4,70.71
3004,3005,5,1,45.48
3005,3006,6,2,65.63
3006,3007,7,3,74.39
3007,3008,8,4,69.58
3008,3009,9,1,25.42
3009,3010,10,2,75.17
3010,3011,11,3,48.59
3011,3012,12,4,15.67
3012,3013,13,1,56.6
3013,3014,14,2,43.93
3014,3015,15,3,103.1
3015,3016,16,4,56.74
3016,3017,17,1,47.24
3017,3018,18,2,13.52
3018,3019,19,3,62.13
3019,3020,20,4,87.66
3020,3021,21,1,43.54
3021,3022,22,2,40.62
3022,3023,23,3,78.58
3023,3024,24,4,57.13
3024,3025,25,1,71.4
3025,3026,26,2,20.98
3026,3027,27,3,11.57
3027,3028,28,4,91.98
3028,3029,29,1,76.94
3029,3030,30,2,91.48
3030,3031,31,3,38.28
3031,3032,32,4,102.9
3032,3033,33,1,25.74
3033,3034,34,2,23.96
3034,3035,35,3,40.65
3035,3036,36,4,58.91
3036,3037,37,1,63.81
3037,3038,38,2,47.2
3038,3039,39,3,48.97
3039,3040,40,4,20.0
3040,3041,41,1,41.96
3041,3042,42,2,41.47
3042,3043,43,3,28.94
3043,3044,44,4,29.75
3044,3045,45,1,70.61
3045,3046,46,2,82.05
3046,3047,47,3,55.92
3047,3048,48,4,33.23
3048,3049,49,1,43.79
3049,3050,50,2,70.95
3050,3051,51,3,14.43
3051,3052,52,4,95.54
3052,3053,53,1,75.04
3053,3054,54,2,38.52
3054,3055,55,3,9.33
3055,3056,56,4,73.13
3056,3057,57,1,58.94
3057,3058,58,2,31.77
3058,3059,59,3,47.53
3059,3060,60,4,59.81
3060,3061,61,1,65.48
3061,3062,62,2,25.8
3062,3063,63,3,86.48
3063,3064,64,4,82.64
3064,3065,65,1,5.65
3065,3066,66,2,83.87
3066,3067,67,3,39.1
3067,3068,68,4,20.76
3068,3069,69,1,87.57
3069,3070,70,2,22.88
3070,3071,71,3,80.39
3071,3072,72,4,48.0
3072,3073,73,1,61.02
3073,3074,74,2,69.73
3074,3075,75,3,30.5
3075,3076,76,4,11.96
3076,3077,77,1,42.1
3077,3078,78,2,78.87
3078,3079,79,3,11.12
3079,3080,80,4,36.99
3080,3081,81,1,92.48
3081,3082,82,2,42.06
3082,3083,83,3,34.98
3083,3084,84,4,15.65
3084,3085,85,1,28.86
3085,3086,86,2,85.38
3086,3087,87,3,51.71
3087,3088,88,4,24.04
3088,3089,89,1,96.53
3089,3090,90,2,58.52
3090,3091,91,3,61.43
3091,3092,92,4,52.19
3092,3093,93,1,93.6
3093,3094,94,2,89.24
3094,3095,95,3,68.89
3095,3096,96,4,81.55
3096,3097,97,1,27.38
3097,3098,98,2,91.5
3098,3099,99,3,89.46
3099,3100,100,4,100.01
3100,3101,101,1,84.34
3101,3102,102,2,51.91
3102,3103,103,3,96.99
3103,3104,104,4,100.01
3104,3105,105,1,16.6
3105,3106,106,2,92.88
3106,3107,107,3,55.13
3107,3108,108,4,19.02
3108,3109,109,1,17.83
3109,3110,110,2,78.25
3110,3111,111,3,70.25
3111,3112,112,4,97.15
3112,3113,113,1,24.84
3113,3114,114,2,83.02
3114,3115,115,3,11.15
3115,3116,116,4,49.26
3116,3117,117,1,13.29
3117,3118,118,2,12.32
3118,3119,119,3,87.73
3119,3120,120,4,76.63
3120,3121,121,1,32.87
3121,3122,122,2,24.35
3122,3123,123,3,72.51
3123,3124,124,4,53.89
3124,3125,125,1,93.84
3125,3126,126,2,101.43
3126,3127,127,3,39.88
3127,3128,128,4,70.86
3128,3129,129,1,89.88
3129,3130,130,2,74.17
3130,3131,131,3,49.7
3131,3132,132,4,51.97
3132,3133,133,1,80.74
3133,3134,134,2,88.42
3134,3135,135,3,83.37
3135,3136,136,4,95.33
3136,3137,137,1,98.47
3137,3138,138,2,72.79
3138,3139,139,3,63.26
3139,3140,140,4,52.47
3140,3141,141,1,42.62
3141,3142,142,2,75.98
3142,3143,143,3,48.45
3143,3144,144,4,82.19
3144,3145,145,1,45.26
3145,3146,146,2,50.53
3146,3147,147,3,34.6
3147,3148,148,4,65.73
3148,3149,149,1,77.34
3149,3150,150,2,42.76
3150,3151,151,3,90.47
3151,3152,152,4,24.48
3152,3153,153,1,82.9
3153,3154,154,2,6.61
3154,3155,155,3,66.5
3155,3156,156,4,41.66
3156,3157,157,1,21.15
3157,3158,158,2,87.41
3158,3159,159,3,33.15
3159,3160,160,4,18.84
3160,3161,161,1,72.45
3161,3162,162,2,73.22
3162,3163,163,3,41.45
3163,3164,164,4,83.03
3164,3165,165,1,67.41
3165,3166,166,2,100.72
3166,3167,167,3,23.23
3167,3168,168,4,88.78
3168,3169,169,1,62.95
3169,3170,170,2,81.02
3170,3171,171,3,29.39
3171,3172,172,4,67.38
3172,3173,173,1,6.33
3173,3174,174,2,7.13
3174,3175,175,3,74.33
3175,3176,176,4,52.82
3176,3177,177,1,29.32
3177,3178,178,2,10.01
3178,3179,179,3,16.4
3179,3180,180,4,54.28
3180,3181,181,1,69.05
3181,3182,182,2,16.43
3182,3183,183,3,95.79
3183,3184,184,4,37.88
3184,3185,185,1,79.52
3185,3186,186,2,14.62
3186,3187,187,3,11.92
3187,3188,188,4,75.88
3188,3189,189,1,95.95
3189,3190,190,2,46.91
3190,3191,191,3,8.07
3191,3192,192,4,8.27
3192,3193,193,1,45.13
3193,3194,194,2,61.05
3194,3195,195,3,76.78
3195,3196,196,4,71.94
3196,3197,197,1,89.47
3197,3198,198,2,95.97
3198,3199,199,3,64.79
3199,3200,200,4,91.35
3200,3201,1,1,96.85
3201,3202,2,2,25.33
3202,3203,3,3,36.86
3203,3204,4,4,55.76
3204,3205,5,1,76.37
3205,3206,6,2,40.82
3206,3207,7,3,94.44
3207,3208,8,4,65.01
3208,3209,9,1,15.78
3209,3210,10,2,62.05
3210,3211,11,3,52.2
3211,3212,12,4,14.13
3212,3213,13,1,30.21
3213,3214,14,2,29.25
3214,3215,15,3,94.62
3215,3216,16,4,55.54
3216,3217,17,1,46.32
3217,3218,18,2,68.36
3218,3219,19,3,90.31
3219,3220,20,4,72.88
3220,3221,21,1,29.01
3221,3222,22,2,20.58
3222,3223,23,3,92.66
3223,3224,24,4,14.16
3224,3225,25,1,104.49
3225,3226,26,2,54.49
3226,3227,27,3,18.87
3227,3228,28,4,70.74
3228,3229,29,1,47.33
3229,3230,30,2,19.63
3230,3231,31,3,56.84
3231,3232,32,4,36.04
3232,3233,33,1,58.87
3233,3234,34,2,31.39
3234,3235,35,3,93.9
3235,3236,36,4,95.16
3236,3237,37,1,103.85
3237,3238,38,2,54.81
3238,3239,39,3,17.85
3239,3240,40,4,5.26
3240,3241,41,1,86.08
3241,3242,42,2,73.92
3242,3243,43,3,78.46
3243,3244,44,4,70.78
3244,3245,45,1,7.08
3245,3246,46,2,44.11
3246,3247,47,3,9.96
3247,3248,48,4,35.42
3248,3249,49,1,79.63
3249,3250,50,2,83.99
3250,3251,51,3,36.96
3251,3252,52,4,63.92
3252,3253,53,1,60.95
3253,3254,54,2,38.79
3254,3255,55,3,25.85
3255,3256,56,4,19.32
3256,3257,57,1,92.74
3257,3258,58,2,45.06
3258,3259,59,3,70.17
3259,3260,60,4,77.96
3260,3261,61,1,92.91
3261,3262,62,2,74.61
3262,3263,63,3,24.81
3263,3264,64,4,28.45
3264,3265,65,1,94.86
3265,3266,66,2,89.5
3266,3267,67,3,95.96
3267,3268,68,4,43.14
3268,3269,69,1,76.28
3269,3270,70,2,88.26
3270,3271,71,3,25.08
3271,3272,72,4,6.29
3272,3273,73,1,95.71
3273,3274,74,2,10.69
3274,3275,75,3,8.77
3275,3276,76,4,10.24
3276,3277,77,1,87.08
3277,3278,78,2,63.86
3278,3279,79,3,11.6
3279,3280,80,4,49.34
3280,3281,81,1,16.4
3281,3282,82,2,5.36
3282,3283,83,3,99.05
3283,3284,84,4,90.36
3284,3285,85,1,58.17
3285,3286,86,2,9.49
3286,3287,87,3,57.67
3287,3288,88,4,103.24
3288,3289,89,1,28.06
3289,3290,90,2,74.9
3290,3291,91,3,32.87
3291,3292,92,4,38.51
3292,3293,93,1,93.08
3293,3294,94,2,65.01
3294,3295,95,3,22.97
3295,3296,96,4,73.29
3296,3297,97,1,67.16
3297,3298,98,2,28.01
3298,3299,99,3,97.35
3299,3300,100,4,75.63
3300,3301,101,1,68.34
3301,3302,102,2,46.72
3302,3303,103,3,13.85
3303,3304,104,4,82.03
3304,3305,105,1,44.39
3305,3306,106,2,58.38
3306,3307,107,3,69.27
3307,3308,108,4,56.18
3308,3309,109,1,86.08
3309,3310,110,2,19.03
3310,3311,111,3,18.71
3311,3312,112,4,68.52
3312,3313,113,1,56.99
3313,3314,114,2,39.88
3314,3315,115,3,103.41
3315,3316,116,4,81.1
3316,3317,117,1,35.31
3317,3318,118,2,50.89
3318,3319,119,3,74.74
3319,3320,120,4,30.64
3320,3321,121,1,50.8
3321,3322,122,2,5.37
3322,3323,123,3,39.75
3323,3324,124,4,76.78
3324,3325,125,1,12.37
3325,3326,126,2,87.82
3326,3327,127,3,104.79
3327,3328,128,4,8.63
3328,3329,129,1,39.89
3329,3330,130,2,59.85
3330,3331,131,3,26.21
3331,3332,132,4,82.98
3332,3333,133,1,29.45
3333,3334,134,2,91.2
3334,3335,135,3,48.27
3335,3336,136,4,97.99
3336,3337,137,1,65.47
3337,3338,138,2,66.87
3338,3339,139,3,34.02
3339,3340,140,4,18.95
3340,3341,141,1,60.77
3341,3342,142,2,103.74
3342,3343,143,3,79.7
3343,3344,144,4,18.99
3344,3345,145,1,47.22
3345,3346,146,2,28.28
3346,3347,147,3,104.87
3347,3348,148,4,78.34
3348,3349,149,1,40.6
3349,3350,150,2,7.88
3350,3351,151,3,77.85
3351,3352,152,4,45.55
3352,3353,153,1,53.58
3353,3354,154,2,52.89
3354,3355,155,3,91.68
3355,3356,156,4,55.91
3356,3357,157,1,52.87
3357,3358,158,2,91.97
3358,3359,159,3,17.53
3359,3360,160,4,58.08
3360,3361,161,1,86.05
3361,3362,162,2,26.67
3362,3363,163,3,97.68
3363,3364,164,4,48.24
3364,3365,165,1,57.6
3365,3366,166,2,71.48
3366,3367,167,3,40.75
3367,3368,168,4,13.78
3368,3369,169,1,70.47
3369,3370,170,2,92.91
3370,3371,171,3,83.23
3371,3372,172,4,21.15
3372,3373,173,1,97.43
3373,3374,174,2,22.19
3374,3375,175,3,20.89
3375,3376,176,4,47.51
3376,3377,177,1,48.5
3377,3378,178,2,56.47
3378,3379,179,3,74.11
3379,3380,180,4,6.12
3380,3381,181,1,74.92
3381,3382,182,2,24.47
3382,3383,183,3,69.36
3383,3384,184,4,13.56
3384,3385,185,1,44.52
3385,3386,186,2,86.7
3386,3387,187,3,21.9
3387,3388,188,4,60.03
3388,3389,189,1,69.08
3389,3390,190,2,72.6
3390,3391,191,3,76.41
3391,3392,192,4,101.75
3392,3393,193,1,5.07
3393,3394,194,2,34.14
3394,3395,195,3,63.37
3395,3396,196,4,85.84
3396,3397,197,1,61.56
3397,3398,198,2,15.62
3398,3399,199,3,37.35
3399,3400,200,4,67.25
3400,3401,1,1,53.03
3401,3402,2,2,20.23
3402,3403,3,3,37.27
3403,3404,4,4,65.33
3404,3405,5,1,54.6
3405,3406,6,2,34.64
3406,3407,7,3,59.9
3407,3408,8,4,23.8
3408,3409,9,1,60.7
3409,3410,10,2,100.96
3410,3411,11,3,58.22
3411,3412,12,4,36.71
3412,3413,13,1,97.43
3413,3414,14,2,96.85
3414,3415,15,3,99.12
3415,3416,16,4,34.09
3416,3417,17,1,82.32
3417,3418,18,2,15.94
3418,3419,19,3,99.72
3419,3420,20,4,43.75
3420,3421,21,1,53.28
3421,3422,22,2,63.27
3422,3423,23,3,62.17
3423,3424,24,4,100.34
3424,3425,25,1,18.91
3425,3426,26,2,100.73
3426,3427,27,3,91.3
3427,3428,28,4,91.74
3428,3429,29,1,40.09
3429,3430,30,2,14.28
3430,3431,31,3,58.29
3431,3432,32,4,13.03
3432,3433,33,1,16.42
3433,3434,34,2,102.7
3434,3435,35,3,57.56
3435,3436,36,4,8.94
3436,3437,37,1,92.3
3437,3438,38,2,41.11
3438,3439,39,3,9.36
3439,3440,40,4,76.84
3440,3441,41,1,23.36
3441,3442,42,2,31.98
3442,3443,43,3,75.4
3443,3444,44,4,23.09
3444,3445,45,1,99.79
3445,3446,46,2,61.12
3446,3447,47,3,93.9
3447,3448,48,4,39.96
3448,3449,49,1,51.31
3449,3450,50,2,9.98
3450,3451,51,3,28.29
3451,3452,52,4,6.67
3452,3453,53,1,19.13
3453,3454,54,2,24.62
3454,3455,55,3,17.35
3455,3456,56,4,78.11
3456,3457,57,1,19.99
3457,3458,58,2,68.36
3458,3459,59,3,11.38
3459,3460,60,4,55.72
3460,3461,61,1,88.56
3461,3462,62,2,8.61
3462,3463,63,3,32.52
3463,3464,64,4,62.16
3464,3465,65,1,101.9
3465,3466,66,2,45.15
3466,3467,67,3,69.31
3467,3468,68,4,39.46
3468,3469,69,1,104.55
3469,3470,70,2,21.21
3470,3471,71,3,90.1
3471,3472,72,4,45.81
3472,3473,73,1,26.08
3473,3474,74,2,16.91
3474,3475,75,3,61.08
3475,3476,76,4,43.44
3476,3477,77,1,93.64
3477,3478,78,2,6.36
3478,3479,79,3,100.22
3479,3480,80,4,68.89
3480,3481,81,1,6.98
3481,3482,82,2,18.61
3482,3483,83,3,31.17
3483,3484,84,4,22.28
3484,3485,85,1,43.49
3485,3486,86,2,76.06
3486,3487,87,3,18.89
3487,3488,88,4,75.17
3488,3489,89,1,62.42
3489,3490,90,2,41.35
3490,3491,91,3,51.96
3491,3492,92,4,84.26
3492,3493,93,1,68.51
3493,3494,94,2,104.41
3494,3495,95,3,74.73
3495,3496,96,4,37.66
3496,3497,97,1,93.41
3497,3498,98,2,74.04
3498,3499,99,3,85.68
3499,3500,100,4,81.26
3500,3501,101,1,35.51
3501,3502,102,2,99.6
3502,3503,103,3,101.1
3503,3504,104,4,41.75
3504,3505,105,1,45.8
3505,3506,106,2,82.7
3506,3507,107,3,54.6
3507,3508,108,4,9.97
3508,3509,109,1,43.04
3509,3510,110,2,95.32
3510,3511,111,3,83.9
3511,3512,112,4,41.19
3512,3513,113,1,35.39
3513,3514,114,2,98.97
3514,3515,115,3,26.89
3515,3516,116,4,38.03
3516,3517,117,1,11.56
3517,3518,118,2,43.08
3518,3519,119,3,47.91
3519,3520,120,4,59.9
3520,3521,121,1,58.65
3521,3522,122,2,87.27
3522,3523,123,3,40.39
3523,3524,124,4,92.4
3524,3525,125,1,24.86
3525,3526,126,2,79.75
3526,3527,127,3,31.77
3527,3528,128,4,24.83
3528,3529,129,1,34.67
3529,3530,130,2,79.14
3530,3531,131,3,27.86
3531,3532,132,4,98.98
3532,3533,133,1,40.32
3533,3534,134,2,59.7
3534,3535,135,3,47.9
3535,3536,136,4,21.0
3536,3537,137,1,46.65
3537,3538,138,2,54.45
3538,3539,139,3,48.42
3539,3540,140,4,44.16
3540,3541,141,1,34.97
3541,3542,142,2,36.32
3542,3543,143,3,20.43
3543,3544,144,4,91.07
3544,3545,145,1,86.14
3545,3546,146,2,52.28
3546,3547,147,3,57.45
3547,3548,148,4,5.46
3548,3549,149,1,55.79
3549,3550,150,2,65.89
3550,3551,151,3,29.37
3551,3552,152,4,82.31
3552,3553,153,1,70.04
3553,3554,154,2,82.15
3554,3555,155,3,66.01
3555,3556,156,4,26.84
3556,3557,157,1,87.91
3557,3558,158,2,30.18
3558,3559,159,3,29.39
3559,3560,160,4,102.54
3560,3561,161,1,48.06
3561,3562,162,2,64.71
3562,3563,163,3,38.72
3563,3564,164,4,58.56
3564,3565,165,1,40.6
3565,3566,166,2,81.32
3566,3567,167,3,84.04
3567,3568,168,4,36.91
3568,3569,169,1,10.96
3569,3570,170,2,104.45
3570,3571,171,3,8.19
3571,3572,172,4,22.49
3572,3573,173,1,31.91
3573,3574,174,2,51.35
3574,3575,175,3,78.28
3575,3576,176,4,5.82
3576,3577,177,1,50.79
3577,3578,178,2,33.04
3578,3579,179,3,96.78
3579,3580,180,4,80.82
3580,3581,181,1,80.85
3581,3582,182,2,61.71
3582,3583,183,3,74.69
3583,3584,184,4,49.68
3584,3585,185,1,96.47
3585,3586,186,2,54.0
3586,3587,187,3,19.19
3587,3588,188,4,102.21
3588,3589,189,1,36.47
3589,3590,190,2,68.49
3590,3591,191,3,97.21
3591,3592,192,4,71.7
3592,3593,193,1,101.95
3593,3594,194,2,5.48
3594,3595,195,3,61.22
3595,3596,196,4,7.86
3596,3597,197,1,47.17
3597,3598,198,2,38.51
3598,3599,199,3,104.28
3599,3600,200,4,15.99
3600,3601,1,1,8.85
3601,3602,2,2,18.27
3602,3603,3,3,74.72
3603,3604,4,4,5.49
3604,3605,5,1,104.25
3605,3606,6,2,7.32
3606,3607,7,3,23.5
3607,3608,8,4,61.23
3608,3609,9,1,36.17
3609,3610,10,2,39.34
3610,3611,11,3,93.47
3611,3612,12,4,18.93
3612,3613,13,1,51.4
3613,3614,14,2,31.48
3614,3615,15,3,73.38
3615,3616,16,4,72.23
3616,3617,17,1,28.25
3617,3618,18,2,27.38
3618,3619,19,3,54.15
3619,3620,20,4,90.85
3620,3621,21,1,80.84
3621,3622,22,2,23.81
3622,3623,23,3,84.75
3623,3624,24,4,77.49
3624,3625,25,1,15.06
3625,3626,26,2,19.22
3626,3627,27,3,70.68
3627,3628,28,4,62.61
3628,3629,29,1,32.48
3629,3630,30,2,91.89
3630,3631,31,3,45.11
3631,3632,32,4,23.47
3632,3633,33,1,51.07
3633,3634,34,2,31.42
3634,3635,35,3,60.14
3635,3636,36,4,89.05
3636,3637,37,1,43.03
3637,3638,38,2,23.32
3638,3639,39,3,71.78
3639,3640,40,4,16.1
3640,3641,41,1,10.11
3641,3642,42,2,41.35
3642,3643,43,3,27.34
3643,3644,44,4,24.24
3644,3645,45,1,76.49
3645,3646,46,2,40.01
3646,3647,47,3,34.26
3647,3648,48,4,100.46
3648,3649,49,1,30.95
3649,3650,50,2,80.66
3650,3651,51,3,102.68
3651,3652,52,4,84.82
3652,3653,53,1,87.38
3653,3654,54,2,67.58
3654,3655,55,3,63.46
3655,3656,56,4,37.42
3656,3657,57,1,12.84
3657,3658,58,2,71.56
3658,3659,59,3,97.32
3659,3660,60,4,39.4
3660,3661,61,1,40.75
3661,3662,62,2,80.58
3662,3663,63,3,26.99
3663,3664,64,4,50.38
3664,3665,65,1,8.13
3665,3666,66,2,81.49
3666,3667,67,3,18.57
3667,3668,68,4,23.65
3668,3669,69,1,89.52
3669,3670,70,2,46.57
3670,3671,71,3,24.98
3671,3672,72,4,49.23
3672,3673,73,1,43.53
3673,3674,74,2,104.77
3674,3675,75,3,19.04
3675,3676,76,4,13.69
3676,3677,77,1,36.75
3677,3678,78,2,52.56
3678,3679,79,3,101.33
3679,3680,80,4,76.91
3680,3681,81,1,81.25
3681,3682,82,2,79.72
3682,3683,83,3,81.11
3683,3684,84,4,30.73
3684,3685,85,1,15.15
3685,3686,86,2,80.33
3686,3687,87,3,7.87
3687,3688,88,4,30.75
3688,3689,89,1,16.85
3689,3690,90,2,102.57
3690,3691,91,3,70.5
3691,3692,92,4,44.23
3692,3693,93,1,6.41
3693,3694,94,2,67.14
3694,3695,95,3,10.92
3695,3696,96,4,62.1
3696,3697,97,1,13.38
3697,3698,98,2,88.23
3698,3699,99,3,29.05
3699,3700,100,4,84.01
3700,3701,101,1,28.49
3701,3702,102,2,66.85
3702,3703,103,3,38.6
3703,3704,104,4,12.38
3704,3705,105,1,79.47
3705,3706,106,2,99.1
3706,3707,107,3,36.08
3707,3708,108,4,8.25
3708,3709,109,1,37.99
3709,3710,110,2,66.55
3710,3711,111,3,64.02
3711,3712,112,4,19.28
3712,3713,113,1,87.09
3713,3714,114,2,96.44
3714,3715,115,3,75.39
3715,3716,116,4,46.88
3716,3717,117,1,27.76
3717,3718,118,2,85.38
3718,3719,119,3,99.76
3719,3720,120,4,100.23
3720,3721,121,1,26.53
3721,3722,122,2,83.16
3722,3723,123,3,87.78
3723,3724,124,4,58.1
3724,3725,125,1,60.61
3725,3726,126,2,100.73
3726,3727,127,3,35.86
3727,3728,128,4,39.42
3728,3729,129,1,98.58
3729,3730,130,2,70.76
3730,3731,131,3,70.02
3731,3732,132,4,10.72
3732,3733,133,1,41.93
3733,3734,134,2,86.59
3734,3735,135,3,45.07
3735,3736,136,4,41.63
3736,3737,137,1,90.9
3737,3738,138,2,19.48
3738,3739,139,3,22.57
3739,3740,140,4,77.24
3740,3741,141,1,15.71
3741,3742,142,2,30.54
3742,3743,143,3,52.14
3743,3744,144,4,81.71
3744,3745,145,1,49.16
3745,3746,146,2,51.66
3746,3747,147,3,65.64
3747,3748,148,4,11.39
3748,3749,149,1,76.83
3749,3750,150,2,34.28
3750,3751,151,3,7.43
3751,3752,152,4,33.52
3752,3753,153,1,30.88
3753,3754,154,2,94.53
3754,3755,155,3,57.13
3755,3756,156,4,75.72
3756,3757,157,1,69.69
3757,3758,158,2,29.87
3758,3759,159,3,93.29
3759,3760,160,4,42.25
3760,3761,161,1,96.54
3761,3762,162,2,13.46
3762,3763,163,3,8.81
3763,3764,164,4,70.32
3764,3765,165,1,20.68
3765,3766,166,2,103.13
3766,3767,167,3,53.38
3767,3768,168,4,16.87
3768,3769,169,1,69.25
3769,3770,170,2,37.07
3770,3771,171,3,45.8
3771,3772,172,4,73.33
3772,3773,173,1,16.47
3773,3774,174,2,72.31
3774,3775,175,3,51.77
3775,3776,176,4,17.65
3776,3777,177,1,95.32
3777,3778,178,2,100.99
3778,3779,179,3,85.89
3779,3780,180,4,95.97
3780,3781,181,1,26.36
3781,3782,182,2,21.17
3782,3783,183,3,16.15
3783,3784,184,4,47.74
3784,3785,185,1,73.53
3785,3786,186,2,13.34
3786,3787,187,3,10.36
3787,3788,188,4,55.34
3788,3789,189,1,27.86
3789,3790,190,2,66.86
3790,3791,191,3,20.67
3791,3792,192,4,64.37
3792,3793,193,1,29.62
3793,3794,194,2,61.72
3794,3795,195,3,12.55
3795,3796,196,4,37.23
3796,3797,197,1,26.78
3797,3798,198,2,51.05
3798,3799,199,3,82.8
3799,3800,200,4,16.39
3800,3801,1,1,7.69
3801,3802,2,2,18.69
3802,3803,3,3,56.38
3803,3804,4,4,50.12
3804,3805,5,1,5.1
3805,3806,6,2,69.35
3806,3807,7,3,39.63
3807,3808,8,4,64.49
3808,3809,9,1,66.88
3809,3810,10,2,77.9
3810,3811,11,3,42.32
3811,3812,12,4,24.65
3812,3813,13,1,30.43
3813,3814,14,2,36.78
3814,3815,15,3,6.04
3815,3816,16,4,103.82
3816,3817,17,1,5.59
3817,3818,18,2,82.61
3818,3819,19,3,42.73
3819,3820,20,4,85.69
3820,3821,21,1,29.4
3821,3822,22,2,54.44
3822,3823,23,3,66.29
3823,3824,24,4,93.71
3824,3825,25,1,79.48
3825,3826,26,2,35.97
3826,3827,27,3,39.62
3827,3828,28,4,10.53
3828,3829,29,1,64.44
3829,3830,30,2,55.3
3830,3831,31,3,50.26
3831,3832,32,4,44.66
3832,3833,33,1,28.77
3833,3834,34,2,82.91
3834,3835,35,3,32.22
3835,3836,36,4,65.46
3836,3837,37,1,76.88
3837,3838,38,2,25.57
3838,3839,39,3,45.81
3839,3840,40,4,73.98
3840,3841,41,1,72.94
3841,3842,42,2,34.76
3842,3843,43,3,11.88
3843,3844,44,4,76.1
3844,3845,45,1,19.62
3845,3846,46,2,83.88
3846,3847,47,3,59.17
3847,3848,48,4,14.63
3848,3849,49,1,12.55
3849,3850,50,2,29.36
3850,3851,51,3,59.95
3851,3852,52,4,18.22
3852,3853,53,1,22.25
3853,3854,54,2,9.85
3854,3855,55,3,80.03
3855,3856,56,4,15.01
3856,3857,57,1,29.46
3857,3858,58,2,42.53
3858,3859,59,3,15.06
3859,3860,60,4,36.05
3860,3861,61,1,19.89
3861,3862,62,2,14.85
3862,3863,63,3,58.54
3863,3864,64,4,59.69
3864,3865,65,1,41.17
3865,3866,66,2,28.6
3866,3867,67,3,8.15
3867,3868,68,4,60.02
3868,3869,69,1,24.7
3869,3870,70,2,78.12
3870,3871,71,3,93.15
3871,3872,72,4,72.21
3872,3873,73,1,57.3
3873,3874,74,2,77.37
3874,3875,75,3,68.72
3875,3876,76,4,27.23
3876,3877,77,1,89.11
3877,3878,78,2,28.76
3878,3879,79,3,61.53
3879,3880,80,4,71.76
3880,3881,81,1,13.6
3881,3882,82,2,98.84
3882,3883,83,3,52.89
3883,3884,84,4,29.55
3884,3885,85,1,43.04
3885,3886,86,2,6.26
3886,3887,87,3,79.91
3887,3888,88,4,64.25
3888,3889,89,1,35.63
3889,3890,90,2,53.61
3890,3891,91,3,53.21
3891,3892,92,4,9.62
3892,3893,93,1,7.31
3893,3894,94,2,17.94
3894,3895,95,3,30.7
3895,3896,96,4,76.73
3896,3897,97,1,83.05
3897,3898,98,2,101.65
3898,3899,99,3,96.33
3899,3900,100,4,50.68
3900,3901,101,1,48.37
3901,3902,102,2,31.9
3902,3903,103,3,41.52
3903,3904,104,4,84.43
3904,3905,105,1,84.45
3905,3906,106,2,72.13
3906,3907,107,3,88.79
3907,3908,108,4,37.06
3908,3909,109,1,23.03
3909,3910,110,2,50.88
3910,3911,111,3,57.91
3911,3912,112,4,13.09
3912,3913,113,1,16.01
3913,3914,114,2,83.11
3914,3915,115,3,80.35
3915,3916,116,4,67.22
3916,3917,117,1,84.85
3917,3918,118,2,35.39
3918,3919,119,3,30.95
3919,3920,120,4,41.34
3920,3921,121,1,65.55
3921,3922,122,2,19.18
3922,3923,123,3,44.54
3923,3924,124,4,38.84
3924,3925,125,1,87.27
3925,3926,126,2,65.0
3926,3927,127,3,50.35
3927,3928,128,4,54.85
3928,3929,129,1,28.63
3929,3930,130,2,49.61
3930,3931,131,3,73.44
3931,3932,132,4,16.63
3932,3933,133,1,80.52
3933,3934,134,2,55.1
3934,3935,135,3,46.53
3935,3936,136,4,19.14
3936,3937,137,1,47.57
3937,3938,138,2,63.47
3938,3939,139,3,45.08
3939,3940,140,4,18.45
3940,3941,141,1,45.17
3941,3942,142,2,87.92
3942,3943,143,3,97.37
3943,3944,144,4,49.06
3944,3945,145,1,26.88
3945,3946,146,2,7.53
3946,3947,147,3,41.35
3947,3948,148,4,25.75
3948,3949,149,1,14.84
3949,3950,150,2,59.45
3950,3951,151,3,90.21
3951,3952,152,4,52.78
3952,3953,153,1,33.65
3953,3954,154,2,104.28
3954,3955,155,3,21.59
3955,3956,156,4,18.98
3956,3957,157,1,73.74
3957,3958,158,2,97.76
3958,3959,159,3,81.14
3959,3960,160,4,33.87
3960,3961,161,1,43.08
3961,3962,162,2,11.88
3962,3963,163,3,34.71
3963,3964,164,4,44.1
3964,3965,165,1,43.13
3965,3966,166,2,54.42
3966,3967,167,3,25.48
3967,3968,168,4,26.84
3968,3969,169,1,34.69
3969,3970,170,2,73.0
3970,3971,171,3,12.16
3971,3972,172,4,50.71
3972,3973,173,1,82.91
3973,3974,174,2,73.42
3974,3975,175,3,22.41
3975,3976,176,4,72.09
3976,3977,177,1,42.46
3977,3978,178,2,34.55
3978,3979,179,3,27.68
3979,3980,180,4,65.1
3980,3981,181,1,104.03
3981,3982,182,2,78.71
3982,3983,183,3,25.72
3983,3984,184,4,97.31
3984,3985,185,1,31.19
3985,3986,186,2,7.72
3986,3987,187,3,30.03
3987,3988,188,4,36.32
3988,3989,189,1,58.86
3989,3990,190,2,61.54
3990,3991,191,3,64.32
3991,3992,192,4,95.24
3992,3993,193,1,97.7
3993,3994,194,2,26.65
3994,3995,195,3,60.12
3995,3996,196,4,82.94
3996,3997,197,1,28.13
3997,3998,198,2,7.83
3998,3999,199,3,59.13
3999,4000,200,4,53.64
4000,4001,1,1,65.34
4001,4002,2,2,69.07
4002,4003,3,3,45.16
4003,4004,4,4,27.7
4004,4005,5,1,89.29
4005,4006,6,2,81.55
4006,4007,7,3,62.67
4007,4008,8,4,23.11
4008,4009,9,1,100.21
4009,4010,10,2,82.95
4010,4011,11,3,75.69
4011,4012,12,4,99.8
4012,4013,13,1,16.36
4013,4014,14,2,69.38
4014,4015,15,3,53.26
4015,4016,16,4,10.77
4016,4017,17,1,37.98
4017,4018,18,2,27.31
4018,4019,19,3,11.44
4019,4020,20,4,95.78
4020,4021,21,1,9.99
4021,4022,22,2,79.28
4022,4023,23,3,73.56
4023,4024,24,4,62.9
4024,4025,25,1,13.2
4025,4026,26,2,50.17
4026,4027,27,3,17.83
4027,4028,28,4,20.69
4028,4029,29,1,52.98
4029,4030,30,2,56.86
4030,4031,31,3,7.04
4031,4032,32,4,58.65
4032,4033,33,1,49.64
4033,4034,34,2,63.34
4034,4035,35,3,103.89
4035,4036,36,4,45.05
4036,4037,37,1,10.34
4037,4038,38,2,87.74
4038,4039,39,3,38.47
4039,4040,40,4,49.82
4040,4041,41,1,66.28
4041,4042,42,2,84.01
4042,4043,43,3,77.72
4043,4044,44,4,70.62
4044,4045,45,1,88.26
4045,4046,46,2,52.71
4046,4047,47,3,33.49
4047,4048,48,4,66.43
4048,4049,49,1,67.43
4049,4050,50,2,10.69
4050,4051,51,3,21.12
4051,4052,52,4,91.82
4052,4053,53,1,15.65
4053,4054,54,2,17.42
4054,4055,55,3,32.92
4055,4056,56,4,90.37
4056,4057,57,1,84.05
4057,4058,58,2,103.78
4058,4059,59,3,40.59
4059,4060,60,4,78.78
4060,4061,61,1,60.29
4061,4062,62,2,58.45
4062,4063,63,3,15.2
4063,4064,64,4,99.05
4064,4065,65,1,101.79
4065,4066,66,2,48.27
4066,4067,67,3,54.25
4067,4068,68,4,68.18
4068,4069,69,1,73.47
4069,4070,70,2,100.76
4070,4071,71,3,75.66
4071,4072,72,4,45.64
4072,4073,73,1,29.33
4073,4074,74,2,104.32
4074,4075,75,3,25.01
4075,4076,76,4,14.41
4076,4077,77,1,64.64
4077,4078,78,2,103.11
4078,4079,79,3,41.65
4079,4080,80,4,40.24
4080,4081,81,1,86.8
4081,4082,82,2,79.48
4082,4083,83,3,80.33
4083,4084,84,4,15.34
4084,4085,85,1,64.67
4085,4086,86,2,65.88
4086,4087,87,3,26.79
4087,4088,88,4,96.39
4088,4089,89,1,55.71
4089,4090,90,2,13.87
4090,4091,91,3,88.92
4091,4092,92,4,26.13
4092,4093,93,1,90.29
4093,4094,94,2,76.05
4094,4095,95,3,69.83
4095,4096,96,4,93.71
4096,4097,97,1,10.36
4097,4098,98,2,58.04
4098,4099,99,3,99.78
4099,4100,100,4,74.77
4100,4101,101,1,16.38
4101,4102,102,2,25.72
4102,4103,103,3,87.33
4103,4104,104,4,54.96
4104,4105,105,1,47.6
4105,4106,106,2,54.38
4106,4107,107,3,23.85
4107,4108,108,4,73.33
4108,4109,109,1,22.17
4109,4110,110,2,43.9
4110,4111,111,3,85.25
4111,4112,112,4,74.11
4112,4113,113,1,47.16
4113,4114,114,2,17.05
4114,4115,115,3,88.76
4115,4116,116,4,12.69
4116,4117,117,1,66.39
4117,4118,118,2,57.69
4118,4119,119,3,31.78
4119,4120,120,4,8.66
4120,4121,121,1,89.79
4121,4122,122,2,36.05
4122,4123,123,3,65.21
4123,4124,124,4,10.63
4124,4125,125,1,52.62
4125,4126,126,2,21.33
4126,4127,127,3,40.73
4127,4128,128,4,34.59
4128,4129,129,1,56.59
4129,4130,130,2,38.29
4130,4131,131,3,27.49
4131,4132,132,4,74.48
4132,4133,133,1,95.38
4133,4134,134,2,87.03
4134,4135,135,3,28.44
4135,4136,136,4,64.77
4136,4137,137,1,63.6
4137,4138,138,2,80.85
4138,4139,139,3,17.37
4139,4140,140,4,53.18
4140,4141,141,1,32.85
4141,4142,142,2,78.25
4142,4143,143,3,65.38
4143,4144,144,4,20.41
4144,4145,145,1,96.08
4145,4146,146,2,82.72
4146,4147,147,3,94.2
4147,4148,148,4,15.58
4148,4149,149,1,85.87
4149,4150,150,2,11.97
4150,4151,151,3,65.02
4151,4152,152,4,78.98
4152,4153,153,1,37.27
4153,4154,154,2,93.06
4154,4155,155,3,11.68
4155,4156,156,4,78.91
4156,4157,157,1,103.15
4157,4158,158,2,99.87
4158,4159,159,3,30.41
4159,4160,160,4,54.35
4160,4161,161,1,47.1
4161,4162,162,2,22.95
4162,4163,163,3,98.51
4163,4164,164,4,86.89
4164,4165,165,1,104.15
4165,4166,166,2,75.67
4166,4167,167,3,45.58
4167,4168,168,4,8.73
4168,4169,169,1,74.62
4169,4170,170,2,44.52
4170,4171,171,3,62.14
4171,4172,172,4,31.11
4172,4173,173,1,30.82
4173,4174,174,2,87.48
4174,4175,175,3,77.33
4175,4176,176,4,60.49
4176,4177,177,1,36.83
4177,4178,178,2,14.38
4178,4179,179,3,43.96
4179,4180,180,4,82.6
4180,4181,181,1,65.31
4181,4182,182,2,5.87
4182,4183,183,3,82.18
4183,4184,184,4,52.03
4184,4185,185,1,44.99
4185,4186,186,2,71.15
4186,4187,187,3,38.77
4187,4188,188,4,100.79
4188,4189,189,1,9.61
4189,4190,190,2,63.71
4190,4191,191,3,74.58
4191,4192,192,4,35.59
4192,4193,193,1,93.19
4193,4194,194,2,62.93
4194,4195,195,3,51.48
4195,4196,196,4,67.96
4196,4197,197,1,96.47
4197,4198,198,2,8.21
4198,4199,199,3,103.53
4199,4200,200,4,66.13
4200,4201,1,1,91.62
4201,4202,2,2,75.26
4202,4203,3,3,51.09
4203,4204,4,4,68.61
4204,4205,5,1,94.2
4205,4206,6,2,37.86
4206,4207,7,3,99.57
4207,4208,8,4,97.57
4208,4209,9,1,46.85
4209,4210,10,2,55.82
4210,4211,11,3,11.65
4211,4212,12,4,25.62
4212,4213,13,1,101.3
4213,4214,14,2,52.05
4214,4215,15,3,98.43
4215,4216,16,4,50.28
4216,4217,17,1,52.82
4217,4218,18,2,18.61
4218,4219,19,3,52.88
4219,4220,20,4,27.64
4220,4221,21,1,34.37
4221,4222,22,2,6.12
4222,4223,23,3,96.99
4223,4224,24,4,35.56
4224,4225,25,1,70.05
4225,4226,26,2,69.63
4226,4227,27,3,78.5
4227,4228,28,4,99.51
4228,4229,29,1,14.41
4229,4230,30,2,66.67
4230,4231,31,3,92.96
4231,4232,32,4,88.95
4232,4233,33,1,27.95
4233,4234,34,2,85.94
4234,4235,35,3,46.18
4235,4236,36,4,96.24
4236,4237,37,1,23.48
4237,4238,38,2,28.47
4238,4239,39,3,36.27
4239,4240,40,4,95.18
4240,4241,41,1,14.41
4241,4242,42,2,59.43
4242,4243,43,3,69.88
4243,4244,44,4,36.0
4244,4245,45,1,31.85
4245,4246,46,2,34.65
4246,4247,47,3,102.2
4247,4248,48,4,92.26
4248,4249,49,1,32.08
4249,4250,50,2,71.94
4250,4251,51,3,71.82
4251,4252,52,4,20.73
4252,4253,53,1,32.95
4253,4254,54,2,85.85
4254,4255,55,3,80.39
4255,4256,56,4,5.73
4256,4257,57,1,65.09
4257,4258,58,2,48.92
4258,4259,59,3,40.1
4259,4260,60,4,94.44
4260,4261,61,1,14.09
4261,4262,62,2,71.83
4262,4263,63,3,56.48
4263,4264,64,4,70.74
4264,4265,65,1,102.99
4265,4266,66,2,46.65
4266,4267,67,3,32.4
4267,4268,68,4,66.27
4268,4269,69,1,62.6
4269,4270,70,2,15.31
4270,4271,71,3,54.5
4271,4272,72,4,24.24
4272,4273,73,1,58.92
4273,4274,74,2,75.67
4274,4275,75,3,94.73
4275,4276,76,4,51.75
4276,4277,77,1,36.99
4277,4278,78,2,88.08
4278,4279,79,3,18.42
4279,4280,80,4,88.88
4280,4281,81,1,104.01
4281,4282,82,2,73.44
4282,4283,83,3,67.36
4283,4284,84,4,55.86
4284,4285,85,1,87.47
4285,4286,86,2,43.55
4286,4287,87,3,12.61
4287,4288,88,4,95.18
4288,4289,89,1,82.99
4289,4290,90,2,7.72
4290,4291,91,3,24.96
4291,4292,92,4,43.33
4292,4293,93,1,66.65
4293,4294,94,2,23.12
4294,4295,95,3,62.79
4295,4296,96,4,104.01
4296,4297,97,1,8.52
4297,4298,98,2,100.68
4298,4299,99,3,29.19
4299,4300,100,4,43.22
4300,4301,101,1,43.16
4301,4302,102,2,63.31
4302,4303,103,3,98.65
4303,4304,104,4,47.34
4304,4305,105,1,22.33
4305,4306,106,2,21.79
4306,4307,107,3,39.7
4307,4308,108,4,28.17
4308,4309,109,1,43.37
4309,4310,110,2,61.87
4310,4311,111,3,14.29
4311,4312,112,4,11.54
4312,4313,113,1,87.27
4313,4314,114,2,83.24
4314,4315,115,3,24.19
4315,4316,116,4,72.68
4316,4317,117,1,88.58
4317,4318,118,2,84.3
4318,4319,119,3,83.34
4319,4320,120,4,35.55
4320,4321,121,1,33.04
4321,4322,122,2,68.09
4322,4323,123,3,19.88
4323,4324,124,4,5.22
4324,4325,125,1,47.46
4325,4326,126,2,22.77
4326,4327,127,3,79.47
4327,4328,128,4,32.02
4328,4329,129,1,24.13
4329,4330,130,2,85.6
4330,4331,131,3,72.45
4331,4332,132,4,58.88
4332,4333,133,1,28.01
4333,4334,134,2,28.81
4334,4335,135,3,25.87
4335,4336,136,4,42.09
4336,4337,137,1,98.91
4337,4338,138,2,78.76
4338,4339,139,3,43.12
4339,4340,140,4,95.25
4340,4341,141,1,30.44
4341,4342,142,2,8.73
4342,4343,143,3,48.47
4343,4344,144,4,85.84
4344,4345,145,1,86.19
4345,4346,146,2,22.57
4346,4347,147,3,29.91
4347,4348,148,4,61.2
4348,4349,149,1,43.37
4349,4350,150,2,67.02
4350,4351,151,3,18.36
4351,4352,152,4,37.98
4352,4353,153,1,7.08
4353,4354,154,2,31.9
4354,4355,155,3,39.0
4355,4356,156,4,88.29
4356,4357,157,1,62.76
4357,4358,158,2,39.74
4358,4359,159,3,102.41
4359,4360,160,4,90.26
4360,4361,161,1,68.36
4361,4362,162,2,98.59
4362,4363,163,3,85.7
4363,4364,164,4,103.87
4364,4365,165,1,65.88
4365,4366,166,2,92.91
4366,4367,167,3,97.12
4367,4368,168,4,89.35
4368,4369,169,1,91.56
4369,4370,170,2,29.87
4370,4371,171,3,47.69
4371,4372,172,4,95.43
4372,4373,173,1,92.36
4373,4374,174,2,47.19
4374,4375,175,3,37.68
4375,4376,176,4,37.27
4376,4377,177,1,14.61
4377,4378,178,2,91.19
4378,4379,179,3,45.49
4379,4380,180,4,9.48
4380,4381,181,1,50.79
4381,4382,182,2,85.26
4382,4383,183,3,57.3
4383,4384,184,4,5.45
4384,4385,185,1,81.2
4385,4386,186,2,84.82
4386,4387,187,3,39.02
4387,4388,188,4,18.64
4388,4389,189,1,55.87
4389,4390,190,2,50.53
4390,4391,191,3,98.46
4391,4392,192,4,103.6
4392,4393,193,1,78.96
4393,4394,194,2,66.05
4394,4395,195,3,45.2
4395,4396,196,4,42.73
4396,4397,197,1,101.29
4397,4398,198,2,47.97
4398,4399,199,3,63.9
4399,4400,200,4,66.13
4400,4401,1,1,30.82
4401,4402,2,2,6.64
4402,4403,3,3,75.08
4403,4404,4,4,50.76
4404,4405,5,1,90.34
4405,4406,6,2,69.25
4406,4407,7,3,92.22
4407,4408,8,4,91.65
4408,4409,9,1,48.32
4409,4410,10,2,10.15
4410,4411,11,3,89.63
4411,4412,12,4,67.12
4412,4413,13,1,95.82
4413,4414,14,2,13.08
4414,4415,15,3,101.34
4415,4416,16,4,26.49
4416,4417,17,1,57.36
4417,4418,18,2,84.61
4418,4419,19,3,100.11
4419,4420,20,4,98.23
4420,4421,21,1,49.8
4421,4422,22,2,38.67
4422,4423,23,3,53.04
4423,4424,24,4,40.85
4424,4425,25,1,48.21
4425,4426,26,2,37.58
4426,4427,27,3,70.26
4427,4428,28,4,12.66
4428,4429,29,1,77.8
4429,4430,30,2,47.24
4430,4431,31,3,7.0
4431,4432,32,4,14.59
4432,4433,33,1,54.14
4433,4434,34,2,34.25
4434,4435,35,3,61.3
4435,4436,36,4,77.32
4436,4437,37,1,23.07
4437,4438,38,2,33.41
4438,4439,39,3,25.75
4439,4440,40,4,101.56
4440,4441,41,1,66.07
4441,4442,42,2,68.97
4442,4443,43,3,48.49
4443,4444,44,4,56.71
4444,4445,45,1,6.86
4445,4446,46,2,102.64
4446,4447,47,3,97.64
4447,4448,48,4,37.42
4448,4449,49,1,95.93
4449,4450,50,2,69.57
4450,4451,51,3,83.15
4451,4452,52,4,45.85
4452,4453,53,1,75.74
4453,4454,54,2,84.1
4454,4455,55,3,27.93
4455,4456,56,4,39.32
4456,4457,57,1,9.56
4457,4458,58,2,87.48
4458,4459,59,3,79.94
4459,4460,60,4,31.43
4460,4461,61,1,22.79
4461,4462,62,2,61.1
4462,4463,63,3,12.21
4463,4464,64,4,88.14
4464,4465,65,1,58.71
4465,4466,66,2,21.78
4466,4467,67,3,38.11
4467,4468,68,4,49.57
4468,4469,69,1,35.07
4469,4470,70,2,8.33
4470,4471,71,3,18.01
4471,4472,72,4,10.57
4472,4473,73,1,91.22
4473,4474,74,2,90.93
4474,4475,75,3,58.89
4475,4476,76,4,92.13
4476,4477,77,1,104.9
4477,4478,78,2,47.78
4478,4479,79,3,22.24
4479,4480,80,4,42.64
4480,4481,81,1,88.09
4481,4482,82,2,56.42
4482,4483,83,3,83.96
4483,4484,84,4,67.92
4484,4485,85,1,81.06
4485,4486,86,2,29.94
4486,4487,87,3,69.68
4487,4488,88,4,62.3
4488,4489,89,1,80.87
4489,4490,90,2,45.72
4490,4491,91,3,60.93
4491,4492,92,4,10.18
4492,4493,93,1,43.54
4493,4494,94,2,37.31
4494,4495,95,3,40.08
4495,4496,96,4,6.89
4496,4497,97,1,88.99
4497,4498,98,2,7.17
4498,4499,99,3,12.95
4499,4500,100,4,81.41
4500,4501,101,1,48.93
4501,4502,102,2,62.81
4502,4503,103,3,65.11
4503,4504,104,4,13.41
4504,4505,105,1,85.65
4505,4506,106,2,69.85
4506,4507,107,3,5.15
4507,4508,108,4,34.39
4508,4509,109,1,97.07
4509,4510,110,2,90.97
4510,4511,111,3,19.74
4511,4512,112,4,91.82
4512,4513,113,1,75.81
4513,4514,114,2,50.97
4514,4515,115,3,57.42
4515,4516,116,4,80.9
4516,4517,117,1,9.88
4517,4518,118,2,26.62
4518,4519,119,3,37.75
4519,4520,120,4,19.67
4520,4521,121,1,99.54
4521,4522,122,2,79.74
4522,4523,123,3,26.56
4523,4524,124,4,35.4
4524,4525,125,1,33.13
4525,4526,126,2,67.89
4526,4527,127,3,30.82
4527,4528,128,4,55.87
4528,4529,129,1,64.77
4529,4530,130,2,79.72
4530,4531,131,3,76.87
4531,4532,132,4,28.26
4532,4533,133,1,58.72
4533,4534,134,2,72.43
4534,4535,135,3,20.05
4535,4536,136,4,27.24
4536,4537,137,1,48.97
4537,4538,138,2,47.17
4538,4539,139,3,52.68
4539,4540,140,4,89.22
4540,4541,141,1,95.22
4541,4542,142,2,49.85
4542,4543,143,3,26.98
4543,4544,144,4,17.4
4544,4545,145,1,49.65
4545,4546,146,2,32.99
4546,4547,147,3,40.73
4547,4548,148,4,51.16
4548,4549,149,1,47.8
4549,4550,150,2,72.52
4550,4551,151,3,94.02
4551,4552,152,4,43.81
4552,4553,153,1,99.32
4553,4554,154,2,49.45
4554,4555,155,3,36.32
4555,4556,156,4,9.11
4556,4557,157,1,66.43
4557,4558,158,2,95.95
4558,4559,159,3,96.48
4559,4560,160,4,65.55
4560,4561,161,1,86.37
4561,4562,162,2,31.5
4562,4563,163,3,54.58
4563,4564,164,4,82.34
4564,4565,165,1,42.43
4565,4566,166,2,32.26
4566,4567,167,3,33.69
4567,4568,168,4,28.94
4568,4569,169,1,33.53
4569,4570,170,2,55.24
4570,4571,171,3,38.43
4571,4572,172,4,63.74
4572,4573,173,1,89.84
4573,4574,174,2,49.61
4574,4575,175,3,50.97
4575,4576,176,4,30.37
4576,4577,177,1,87.58
4577,4578,178,2,7.75
4578,4579,179,3,80.32
4579,4580,180,4,29.0
4580,4581,181,1,43.93
4581,4582,182,2,46.99
4582,4583,183,3,52.53
4583,4584,184,4,7.5
4584,4585,185,1,92.21
4585,4586,186,2,7.25
4586,4587,187,3,91.66
4587,4588,188,4,47.13
4588,4589,189,1,40.47
4589,4590,190,2,35.81
4590,4591,191,3,49.52
4591,4592,192,4,24.97
4592,4593,193,1,13.83
4593,4594,194,2,36.71
4594,4595,195,3,52.12
4595,4596,196,4,25.77
4596,4597,197,1,82.7
4597,4598,198,2,10.94
4598,4599,199,3,63.84
4599,4600,200,4,83.88
4600,4601,1,1,69.33
4601,4602,2,2,9.65
4602,4603,3,3,90.11
4603,4604,4,4,78.85
4604,4605,5,1,84.63
4605,4606,6,2,42.26
4606,4607,7,3,40.71
4607,4608,8,4,55.62
4608,4609,9,1,29.22
4609,4610,10,2,34.05
4610,4611,11,3,31.34
4611,4612,12,4,29.42
4612,4613,13,1,103.32
4613,4614,14,2,85.05
4614,4615,15,3,70.47
4615,4616,16,4,47.27
4616,4617,17,1,29.6
4617,4618,18,2,100.38
4618,4619,19,3,96.38
4619,4620,20,4,91.49
4620,4621,21,1,18.01
4621,4622,22,2,46.16
4622,4623,23,3,103.39
4623,4624,24,4,68.13
4624,4625,25,1,96.54
4625,4626,26,2,72.11
4626,4627,27,3,6.35
4627,4628,28,4,100.8
4628,4629,29,1,31.02
4629,4630,30,2,7.89
4630,4631,31,3,104.95
4631,4632,32,4,78.69
4632,4633,33,1,12.01
4633,4634,34,2,78.56
4634,4635,35,3,86.49
4635,4636,36,4,63.49
4636,4637,37,1,80.35
4637,4638,38,2,41.17
4638,4639,39,3,47.14
4639,4640,40,4,12.87
4640,4641,41,1,73.94
4641,4642,42,2,64.79
4642,4643,43,3,61.77
4643,4644,44,4,78.56
4644,4645,45,1,88.35
4645,4646,46,2,104.36
4646,4647,47,3,13.68
4647,4648,48,4,15.18
4648,4649,49,1,93.67
4649,4650,50,2,55.24
4650,4651,51,3,79.89
4651,4652,52,4,49.78
4652,4653,53,1,97.91
4653,4654,54,2,45.18
4654,4655,55,3,12.65
4655,4656,56,4,78.02
4656,4657,57,1,52.04
4657,4658,58,2,47.51
4658,4659,59,3,14.3
4659,4660,60,4,69.28
4660,4661,61,1,69.79
4661,4662,62,2,56.11
4662,4663,63,3,71.89
4663,4664,64,4,33.07
4664,4665,65,1,51.16
4665,4666,66,2,63.36
4666,4667,67,3,44.99
4667,4668,68,4,70.09
4668,4669,69,1,83.2
4669,4670,70,2,43.34
4670,4671,71,3,93.54
4671,4672,72,4,75.82
4672,4673,73,1,6.58
4673,4674,74,2,42.29
4674,4675,75,3,18.32
4675,4676,76,4,45.41
4676,4677,77,1,102.8
4677,4678,78,2,63.62
4678,4679,79,3,6.68
4679,4680,80,4,69.19
4680,4681,81,1,11.78
4681,4682,82,2,76.83
4682,4683,83,3,75.14
4683,4684,84,4,74.17
4684,4685,85,1,5.36
4685,4686,86,2,23.05
4686,4687,87,3,75.44
4687,4688,88,4,54.64
4688,4689,89,1,95.83
4689,4690,90,2,90.54
4690,4691,91,3,36.55
4691,4692,92,4,88.82
4692,4693,93,1,73.04
4693,4694,94,2,67.31
4694,4695,95,3,47.23
4695,4696,96,4,96.46
4696,4697,97,1,11.71
4697,4698,98,2,10.48
4698,4699,99,3,11.72
4699,4700,100,4,92.57
4700,4701,101,1,58.19
4701,4702,102,2,42.61
4702,4703,103,3,35.83
4703,4704,104,4,35.75
4704,4705,105,1,91.76
4705,4706,106,2,26.32
4706,4707,107,3,64.08
4707,4708,108,4,14.03
4708,4709,109,1,50.38
4709,4710,110,2,79.06
4710,4711,111,3,38.96
4711,4712,112,4,31.12
4712,4713,113,1,34.92
4713,4714,114,2,35.24
4714,4715,115,3,17.82
4715,4716,116,4,23.8
4716,4717,117,1,65.57
4717,4718,118,2,33.2
4718,4719,119,3,6.67
4719,4720,120,4,94.72
4720,4721,121,1,92.38
4721,4722,122,2,21.65
4722,4723,123,3,77.2
4723,4724,124,4,83.31
4724,4725,125,1,53.09
4725,4726,126,2,27.57
4726,4727,127,3,40.73
4727,4728,128,4,13.21
4728,4729,129,1,96.58
4729,4730,130,2,73.2
4730,4731,131,3,80.48
4731,4732,132,4,45.63
4732,4733,133,1,36.01
4733,4734,134,2,91.71
4734,4735,135,3,54.69
4735,4736,136,4,35.24
4736,4737,137,1,25.38
4737,4738,138,2,101.94
4738,4739,139,3,96.87
4739,4740,140,4,12.64
4740,4741,141,1,72.43
4741,4742,142,2,5.87
4742,4743,143,3,40.53
4743,4744,144,4,42.39
4744,4745,145,1,31.75
4745,4746,146,2,99.47
4746,4747,147,3,46.84
4747,4748,148,4,36.83
4748,4749,149,1,86.47
4749,4750,150,2,39.93
4750,4751,151,3,100.09
4751,4752,152,4,98.57
4752,4753,153,1,82.58
4753,4754,154,2,41.47
4754,4755,155,3,21.78
4755,4756,156,4,16.89
4756,4757,157,1,60.04
4757,4758,158,2,37.79
4758,4759,159,3,92.68
4759,4760,160,4,85.67
4760,4761,161,1,10.79
4761,4762,162,2,62.73
4762,4763,163,3,35.36
4763,4764,164,4,93.62
4764,4765,165,1,84.37
4765,4766,166,2,12.6
4766,4767,167,3,22.08
4767,4768,168,4,104.8
4768,4769,169,1,102.92
4769,4770,170,2,38.03
4770,4771,171,3,85.77
4771,4772,172,4,88.95
4772,4773,173,1,102.3
4773,4774,174,2,16.06
4774,4775,175,3,51.07
4775,4776,176,4,80.79
4776,4777,177,1,22.78
4777,4778,178,2,58.8
4778,4779,179,3,99.25
4779,4780,180,4,14.71
4780,4781,181,1,27.03
4781,4782,182,2,58.25
4782,4783,183,3,100.46
4783,4784,184,4,14.17
4784,4785,185,1,94.15
4785,4786,186,2,81.54
4786,4787,187,3,78.23
4787,4788,188,4,104.28
4788,4789,189,1,101.05
4789,4790,190,2,11.5
4790,4791,191,3,30.82
4791,4792,192,4,43.52
4792,4793,193,1,30.91
4793,4794,194,2,75.36
4794,4795,195,3,103.2
4795,4796,196,4,22.3
4796,4797,197,1,96.47
4797,4798,198,2,15.28
4798,4799,199,3,65.83
4799,4800,200,4,42.0
4800,4801,1,1,51.33
4801,4802,2,2,89.12
4802,4803,3,3,102.81
4803,4804,4,4,89.7
4804,4805,5,1,89.04
4805,4806,6,2,78.55
4806,4807,7,3,15.16
4807,4808,8,4,11.33
4808,4809,9,1,36.44
4809,4810,10,2,52.22
4810,4811,11,3,24.32
4811,4812,12,4,14.07
4812,4813,13,1,13.72
4813,4814,14,2,77.37
4814,4815,15,3,13.81
4815,4816,16,4,29.95
4816,4817,17,1,38.23
4817,4818,18,2,69.11
4818,4819,19,3,41.24
4819,4820,20,4,89.9
4820,4821,21,1,100.23
4821,4822,22,2,37.07
4822,4823,23,3,8.9
4823,4824,24,4,10.89
4824,4825,25,1,35.73
4825,4826,26,2,6.03
4826,4827,27,3,49.1
4827,4828,28,4,13.8
4828,4829,29,1,76.22
4829,4830,30,2,94.37
4830,4831,31,3,66.66
4831,4832,32,4,93.8
4832,4833,33,1,45.73
4833,4834,34,2,66.39
4834,4835,35,3,35.31
4835,4836,36,4,81.81
4836,4837,37,1,36.98
4837,4838,38,2,45.68
4838,4839,39,3,88.94
4839,4840,40,4,48.22
4840,4841,41,1,79.93
4841,4842,42,2,35.54
4842,4843,43,3,103.8
4843,4844,44,4,35.36
4844,4845,45,1,83.31
4845,4846,46,2,79.2
4846,4847,47,3,23.38
4847,4848,48,4,64.1
4848,4849,49,1,19.14
4849,4850,50,2,98.88
4850,4851,51,3,90.77
4851,4852,52,4,64.8
4852,4853,53,1,39.12
4853,4854,54,2,10.51
4854,4855,55,3,35.68
4855,4856,56,4,13.2
4856,4857,57,1,66.81
4857,4858,58,2,78.37
4858,4859,59,3,15.3
4859,4860,60,4,46.94
4860,4861,61,1,15.46
4861,4862,62,2,74.48
4862,4863,63,3,43.24
4863,4864,64,4,69.07
4864,4865,65,1,74.0
4865,4866,66,2,14.33
4866,4867,67,3,10.89
4867,4868,68,4,80.38
4868,4869,69,1,89.02
4869,4870,70,2,75.23
4870,4871,71,3,57.64
4871,4872,72,4,18.24
4872,4873,73,1,71.42
4873,4874,74,2,18.4
4874,4875,75,3,79.01
4875,4876,76,4,45.45
4876,4877,77,1,19.14
4877,4878,78,2,87.42
4878,4879,79,3,97.51
4879,4880,80,4,20.19
4880,4881,81,1,13.37
4881,4882,82,2,86.06
4882,4883,83,3,40.58
4883,4884,84,4,68.8
4884,4885,85,1,22.05
4885,4886,86,2,83.22
4886,4887,87,3,88.57
4887,4888,88,4,61.85
4888,4889,89,1,43.15
4889,4890,90,2,19.6
4890,4891,91,3,57.91
4891,4892,92,4,68.14
4892,4893,93,1,54.66
4893,4894,94,2,84.96
4894,4895,95,3,75.84
4895,4896,96,4,79.58
4896,4897,97,1,6.11
4897,4898,98,2,61.87
4898,4899,99,3,18.92
4899,4900,100,4,84.97
4900,4901,101,1,68.34
4901,4902,102,2,98.7
4902,4903,103,3,68.36
4903,4904,104,4,54.23
4904,4905,105,1,81.01
4905,4906,106,2,60.13
4906,4907,107,3,50.59
4907,4908,108,4,75.35
4908,4909,109,1,20.79
4909,4910,110,2,8.05
4910,4911,111,3,101.02
4911,4912,112,4,71.1
4912,4913,113,1,96.29
4913,4914,114,2,31.73
4914,4915,115,3,38.96
4915,4916,116,4,54.33
4916,4917,117,1,17.88
4917,4918,118,2,85.51
4918,4919,119,3,60.65
4919,4920,120,4,98.93
4920,4921,121,1,19.47
4921,4922,122,2,39.96
4922,4923,123,3,34.52
4923,4924,124,4,23.63
4924,4925,125,1,76.72
4925,4926,126,2,9.47
4926,4927,127,3,72.69
4927,4928,128,4,56.17
4928,4929,129,1,97.55
4929,4930,130,2,69.25
4930,4931,131,3,75.65
4931,4932,132,4,19.74
4932,4933,133,1,68.18
4933,4934,134,2,56.6
4934,4935,135,3,6.59
4935,4936,136,4,43.01
4936,4937,137,1,33.8
4937,4938,138,2,7.87
4938,4939,139,3,84.13
4939,4940,140,4,88.18
4940,4941,141,1,31.21
4941,4942,142,2,46.85
4942,4943,143,3,40.86
4943,4944,144,4,35.04
4944,4945,145,1,52.71
4945,4946,146,2,50.12
4946,4947,147,3,85.46
4947,4948,148,4,74.26
4948,4949,149,1,65.7
4949,4950,150,2,39.11
4950,4951,151,3,76.8
4951,4952,152,4,7.33
4952,4953,153,1,92.06
4953,4954,154,2,68.46
4954,4955,155,3,102.21
4955,4956,156,4,63.44
4956,4957,157,1,38.05
4957,4958,158,2,44.21
4958,4959,159,3,73.78
4959,4960,160,4,25.42
4960,4961,161,1,14.38
4961,4962,162,2,43.89
4962,4963,163,3,67.7
4963,4964,164,4,40.44
4964,4965,165,1,85.53
4965,4966,166,2,27.06
4966,4967,167,3,60.89
4967,4968,168,4,58.08
4968,4969,169,1,97.67
4969,4970,170,2,49.28
4970,4971,171,3,93.01
4971,4972,172,4,39.76
4972,4973,173,1,74.73
4973,4974,174,2,96.13
4974,4975,175,3,66.33
4975,4976,176,4,87.96
4976,4977,177,1,12.41
4977,4978,178,2,43.94
4978,4979,179,3,100.9
4979,4980,180,4,46.67
4980,4981,181,1,17.8
4981,4982,182,2,97.75
4982,4983,183,3,89.33
4983,4984,184,4,7.3
4984,4985,185,1,13.82
4985,4986,186,2,14.77
4986,4987,187,3,77.69
4987,4988,188,4,24.35
4988,4989,189,1,43.22
4989,4990,190,2,97.21
4990,4991,191,3,53.2
4991,4992,192,4,63.91
4992,4993,193,1,71.54
4993,4994,194,2,49.72
4994,4995,195,3,93.22
4995,4996,196,4,80.37
4996,4997,197,1,66.54
4997,4998,198,2,26.43
4998,4999,199,3,6.67
4999,5000,200,4,37.93
5000,5001,1,1,80.99
5001,5002,2,2,78.03
5002,5003,3,3,90.68
5003,5004,4,4,57.11
5004,5005,5,1,84.76
5005,5006,6,2,81.53
5006,5007,7,3,77.99
5007,5008,8,4,61.01
5008,5009,9,1,100.07
5009,5010,10,2,61.95
5010,5011,11,3,35.8
5011,5012,12,4,63.91
5012,5013,13,1,80.35
5013,5014,14,2,30.96
5014,5015,15,3,85.89
5015,5016,16,4,78.11
5016,5017,17,1,100.7
5017,5018,18,2,28.34
5018,5019,19,3,49.05
5019,5020,20,4,61.08
5020,5021,21,1,63.85
5021,5022,22,2,93.27
5022,5023,23,3,100.73
5023,5024,24,4,45.88
5024,5025,25,1,26.51
5025,5026,26,2,10.63
5026,5027,27,3,61.44
5027,5028,28,4,77.87
5028,5029,29,1,17.61
5029,5030,30,2,78.02
5030,5031,31,3,54.34
5031,5032,32,4,85.78
5032,5033,33,1,30.58
5033,5034,34,2,56.05
5034,5035,35,3,56.71
5035,5036,36,4,86.47
5036,5037,37,1,57.87
5037,5038,38,2,82.02
5038,5039,39,3,88.47
5039,5040,40,4,38.17
5040,5041,41,1,73.88
5041,5042,42,2,19.92
5042,5043,43,3,94.09
5043,5044,44,4,41.76
5044,5045,45,1,71.35
5045,5046,46,2,71.24
5046,5047,47,3,71.35
5047,5048,48,4,92.26
5048,5049,49,1,20.89
5049,5050,50,2,95.62
5050,5051,51,3,76.69
5051,5052,52,4,95.11
5052,5053,53,1,81.01
5053,5054,54,2,16.08
5054,5055,55,3,26.83
5055,5056,56,4,29.55
5056,5057,57,1,25.97
5057,5058,58,2,48.68
5058,5059,59,3,56.0
5059,5060,60,4,39.28
5060,5061,61,1,58.52
5061,5062,62,2,34.8
5062,5063,63,3,99.21
5063,5064,64,4,47.24
5064,5065,65,1,95.66
5065,5066,66,2,68.91
5066,5067,67,3,55.24
5067,5068,68,4,66.08
5068,5069,69,1,44.92
5069,5070,70,2,37.39
5070,5071,71,3,60.17
5071,5072,72,4,52.96
5072,5073,73,1,31.88
5073,5074,74,2,33.07
5074,5075,75,3,37.55
5075,5076,76,4,62.48
5076,5077,77,1,38.47
5077,5078,78,2,12.93
5078,5079,79,3,40.74
5079,5080,80,4,25.07
5080,5081,81,1,98.76
5081,5082,82,2,37.24
5082,5083,83,3,39.46
5083,5084,84,4,83.73
5084,5085,85,1,37.98
5085,5086,86,2,67.85
5086,5087,87,3,97.38
5087,5088,88,4,75.0
5088,5089,89,1,53.85
5089,5090,90,2,58.74
5090,5091,91,3,50.74
5091,5092,92,4,32.64
5092,5093,93,1,101.7
5093,5094,94,2,11.44
5094,5095,95,3,68.61
5095,5096,96,4,102.07
5096,5097,97,1,43.58
5097,5098,98,2,93.73
5098,5099,99,3,97.85
5099,5100,100,4,47.85
5100,5101,101,1,37.32
5101,5102,102,2,17.03
5102,5103,103,3,79.82
5103,5104,104,4,16.78
5104,5105,105,1,66.71
5105,5106,106,2,54.3
5106,5107,107,3,30.72
5107,5108,108,4,27.4
5108,5109,109,1,66.31
5109,5110,110,2,40.56
5110,5111,111,3,36.83
5111,5112,112,4,81.75
5112,5113,113,1,82.86
5113,5114,114,2,48.58
5114,5115,115,3,93.67
5115,5116,116,4,66.14
5116,5117,117,1,49.06
5117,5118,118,2,64.89
5118,5119,119,3,28.76
5119,5120,120,4,77.26
5120,5121,121,1,96.35
5121,5122,122,2,9.98
5122,5123,123,3,100.54
5123,5124,124,4,40.1
5124,5125,125,1,55.43
5125,5126,126,2,23.37
5126,5127,127,3,88.51
5127,5128,128,4,44.6
5128,5129,129,1,24.17
5129,5130,130,2,8.76
5130,5131,131,3,80.86
5131,5132,132,4,37.73
5132,5133,133,1,52.54
5133,5134,134,2,68.93
5134,5135,135,3,22.26
5135,5136,136,4,33.08
5136,5137,137,1,17.63
5137,5138,138,2,33.08
5138,5139,139,3,59.15
5139,5140,140,4,79.51
5140,5141,141,1,35.53
5141,5142,142,2,71.28
5142,5143,143,3,21.74
5143,5144,144,4,43.16
5144,5145,145,1,60.33
5145,5146,146,2,61.77
5146,5147,147,3,56.99
5147,5148,148,4,30.4
5148,5149,149,1,70.49
5149,5150,150,2,9.93
5150,5151,151,3,13.28
5151,5152,152,4,68.38
5152,5153,153,1,55.62
5153,5154,154,2,8.36
5154,5155,155,3,5.81
5155,5156,156,4,25.4
5156,5157,157,1,96.0
5157,5158,158,2,60.35
5158,5159,159,3,12.2
5159,5160,160,4,90.43
5160,5161,161,1,92.05
5161,5162,162,2,48.86
5162,5163,163,3,29.2
5163,5164,164,4,84.46
5164,5165,165,1,57.7
5165,5166,166,2,45.02
5166,5167,167,3,79.69
5167,5168,168,4,15.43
5168,5169,169,1,39.59
5169,5170,170,2,31.12
5170,5171,171,3,46.68
5171,5172,172,4,6.58
5172,5173,173,1,29.5
5173,5174,174,2,20.42
5174,5175,175,3,44.3
5175,5176,176,4,66.51
5176,5177,177,1,48.74
5177,5178,178,2,90.58
5178,5179,179,3,98.14
5179,5180,180,4,87.47
5180,5181,181,1,45.29
5181,5182,182,2,75.05
5182,5183,183,3,54.58
5183,5184,184,4,9.81
5184,5185,185,1,38.28
5185,5186,186,2,25.62
5186,5187,187,3,97.52
5187,5188,188,4,90.26
5188,5189,189,1,34.89
5189,5190,190,2,62.34
5190,5191,191,3,15.71
5191,5192,192,4,74.09
5192,5193,193,1,76.06
5193,5194,194,2,87.1
5194,5195,195,3,39.9
5195,5196,196,4,49.44
5196,5197,197,1,67.65
5197,5198,198,2,73.28
5198,5199,199,3,85.3
5199,5200,200,4,41.44
5200,5201,1,1,9.26
5201,5202,2,2,103.11
5202,5203,3,3,92.95
5203,5204,4,4,99.93
5204,5205,5,1,101.98
5205,5206,6,2,77.27
5206,5207,7,3,89.98
5207,5208,8,4,69.9
5208,5209,9,1,70.64
5209,5210,10,2,60.71
5210,5211,11,3,91.09
5211,5212,12,4,72.36
5212,5213,13,1,50.4
5213,5214,14,2,92.48
5214,5215,15,3,59.9
5215,5216,16,4,13.93
5216,5217,17,1,20.87
5217,5218,18,2,23.24
5218,5219,19,3,30.98
5219,5220,20,4,99.24
5220,5221,21,1,42.08
5221,5222,22,2,52.77
5222,5223,23,3,56.2
5223,5224,24,4,33.86
5224,5225,25,1,44.54
5225,5226,26,2,49.58
5226,5227,27,3,65.95
5227,5228,28,4,88.22
5228,5229,29,1,88.12
5229,5230,30,2,88.01
5230,5231,31,3,13.22
5231,5232,32,4,83.13
5232,5233,33,1,61.26
5233,5234,34,2,61.95
5234,5235,35,3,15.01
5235,5236,36,4,55.49
5236,5237,37,1,50.61
5237,5238,38,2,42.46
5238,5239,39,3,11.85
5239,5240,40,4,62.26
5240,5241,41,1,73.8
5241,5242,42,2,34.89
5242,5243,43,3,84.35
5243,5244,44,4,65.4
5244,5245,45,1,21.52
5245,5246,46,2,25.6
5246,5247,47,3,15.03
5247,5248,48,4,96.77
5248,5249,49,1,66.99
5249,5250,50,2,22.78
5250,5251,51,3,80.93
5251,5252,52,4,81.0
5252,5253,53,1,56.73
5253,5254,54,2,69.41
5254,5255,55,3,71.3
5255,5256,56,4,52.59
5256,5257,57,1,49.0
5257,5258,58,2,48.44
5258,5259,59,3,42.92
5259,5260,60,4,36.92
5260,5261,61,1,94.79
5261,5262,62,2,53.14
5262,5263,63,3,41.16
5263,5264,64,4,35.3
5264,5265,65,1,66.28
5265,5266,66,2,69.86
5266,5267,67,3,75.84
5267,5268,68,4,68.86
5268,5269,69,1,35.59
5269,5270,70,2,103.4
5270,5271,71,3,48.19
5271,5272,72,4,52.08
5272,5273,73,1,54.26
5273,5274,74,2,38.63
5274,5275,75,3,46.05
5275,5276,76,4,61.37
5276,5277,77,1,100.07
5277,5278,78,2,77.59
5278,5279,79,3,88.01
5279,5280,80,4,31.56
5280,5281,81,1,66.25
5281,5282,82,2,94.76
5282,5283,83,3,53.69
5283,5284,84,4,99.66
5284,5285,85,1,74.39
5285,5286,86,2,34.85
5286,5287,87,3,16.26
5287,5288,88,4,26.05
5288,5289,89,1,64.37
5289,5290,90,2,51.66
5290,5291,91,3,104.41
5291,5292,92,4,71.4
5292,5293,93,1,15.98
5293,5294,94,2,99.97
5294,5295,95,3,69.34
5295,5296,96,4,51.23
5296,5297,97,1,90.88
5297,5298,98,2,81.65
5298,5299,99,3,66.46
5299,5300,100,4,31.28
5300,5301,101,1,71.32
5301,5302,102,2,86.86
5302,5303,103,3,70.93
5303,5304,104,4,74.42
5304,5305,105,1,53.38
5305,5306,106,2,22.29
5306,5307,107,3,99.26
5307,5308,108,4,51.83
5308,5309,109,1,55.05
5309,5310,110,2,45.13
5310,5311,111,3,15.39
5311,5312,112,4,39.26
5312,5313,113,1,69.82
5313,5314,114,2,78.12
5314,5315,115,3,53.78
5315,5316,116,4,14.52
5316,5317,117,1,58.4
5317,5318,118,2,92.55
5318,5319,119,3,42.41
5319,5320,120,4,26.4
5320,5321,121,1,71.52
5321,5322,122,2,20.16
5322,5323,123,3,91.07
5323,5324,124,4,58.64
5324,5325,125,1,101.67
5325,5326,126,2,39.95
5326,5327,127,3,6.77
5327,5328,128,4,82.52
5328,5329,129,1,79.99
5329,5330,130,2,83.58
5330,5331,131,3,88.67
5331,5332,132,4,53.6
5332,5333,133,1,64.78
5333,5334,134,2,88.29
5334,5335,135,3,41.21
5335,5336,136,4,55.16
5336,5337,137,1,70.36
5337,5338,138,2,45.25
5338,5339,139,3,20.54
5339,5340,140,4,94.79
5340,5341,141,1,58.09
5341,5342,142,2,95.91
5342,5343,143,3,67.81
5343,5344,144,4,16.76
5344,5345,145,1,24.34
5345,5346,146,2,21.76
5346,5347,147,3,26.34
5347,5348,148,4,78.61
5348,5349,149,1,83.71
5349,5350,150,2,68.81
5350,5351,151,3,49.4
5351,5352,152,4,35.06
5352,5353,153,1,51.5
5353,5354,154,2,30.16
5354,5355,155,3,85.69
5355,5356,156,4,104.71
5356,5357,157,1,49.46
5357,5358,158,2,76.63
5358,5359,159,3,30.45
5359,5360,160,4,102.91
5360,5361,161,1,71.94
5361,5362,162,2,53.91
5362,5363,163,3,85.94
5363,5364,164,4,87.05
5364,5365,165,1,29.56
5365,5366,166,2,34.08
5366,5367,167,3,60.6
5367,5368,168,4,76.36
5368,5369,169,1,62.19
5369,5370,170,2,104.47
5370,5371,171,3,56.82
5371,5372,172,4,26.68
5372,5373,173,1,98.88
5373,5374,174,2,42.29
5374,5375,175,3,81.66
5375,5376,176,4,8.71
5376,5377,177,1,51.15
5377,5378,178,2,24.1
5378,5379,179,3,87.46
5379,5380,180,4,15.08
5380,5381,181,1,12.78
5381,5382,182,2,39.79
5382,5383,183,3,72.78
5383,5384,184,4,70.91
5384,5385,185,1,8.93
5385,5386,186,2,15.49
5386,5387,187,3,79.97
5387,5388,188,4,99.01
5388,5389,189,1,51.0
5389,5390,190,2,84.06
5390,5391,191,3,31.97
5391,5392,192,4,8.34
5392,5393,193,1,59.3
5393,5394,194,2,75.07
5394,5395,195,3,22.81
5395,5396,196,4,57.9
5396,5397,197,1,36.38
5397,5398,198,2,14.79
5398,5399,199,3,95.39
5399,5400,200,4,20.61
5400,5401,1,1,79.93
5401,5402,2,2,41.52
5402,5403,3,3,86.04
5403,5404,4,4,28.64
5404,5405,5,1,59.97
5405,5406,6,2,84.15
5406,5407,7,3,63.54
5407,5408,8,4,49.52
5408,5409,9,1,72.69
5409,5410,10,2,40.29
5410,5411,11,3,24.79
5411,5412,12,4,47.84
5412,5413,13,1,104.99
5413,5414,14,2,41.8
5414,5415,15,3,72.38
5415,5416,16,4,40.6
5416,5417,17,1,57.72
5417,5418,18,2,45.75
5418,5419,19,3,53.9
5419,5420,20,4,50.45
5420,5421,21,1,18.28
5421,5422,22,2,58.83
5422,5423,23,3,32.01
5423,5424,24,4,13.54
5424,5425,25,1,26.36
5425,5426,26,2,85.08
5426,5427,27,3,87.03
5427,5428,28,4,80.33
5428,5429,29,1,66.21
5429,5430,30,2,12.44
5430,5431,31,3,23.96
5431,5432,32,4,65.36
5432,5433,33,1,96.08
5433,5434,34,2,35.99
5434,5435,35,3,54.25
5435,5436,36,4,35.98
5436,5437,37,1,66.45
5437,5438,38,2,48.22
5438,5439,39,3,90.11
5439,5440,40,4,97.29
5440,5441,41,1,36.36
5441,5442,42,2,76.23
5442,5443,43,3,77.72
5443,5444,44,4,46.4
5444,5445,45,1,81.86
5445,5446,46,2,93.44
5446,5447,47,3,100.07
5447,5448,48,4,31.8
5448,5449,49,1,101.33
5449,5450,50,2,24.6
5450,5451,51,3,81.76
5451,5452,52,4,102.34
5452,5453,53,1,71.76
5453,5454,54,2,71.42
5454,5455,55,3,96.42
5455,5456,56,4,72.35
5456,5457,57,1,27.83
5457,5458,58,2,41.42
5458,5459,59,3,67.89
5459,5460,60,4,89.35
5460,5461,61,1,61.07
5461,5462,62,2,20.34
5462,5463,63,3,87.44
5463,5464,64,4,56.37
5464,5465,65,1,102.43
5465,5466,66,2,39.27
5466,5467,67,3,99.86
5467,5468,68,4,71.94
5468,5469,69,1,28.73
5469,5470,70,2,77.95
5470,5471,71,3,85.98
5471,5472,72,4,99.6
5472,5473,73,1,75.75
5473,5474,74,2,84.99
5474,5475,75,3,19.15
5475,5476,76,4,55.66
5476,5477,77,1,81.36
5477,5478,78,2,44.03
5478,5479,79,3,98.9
5479,5480,80,4,15.37
5480,5481,81,1,86.02
5481,5482,82,2,72.22
5482,5483,83,3,100.69
5483,5484,84,4,84.68
5484,5485,85,1,21.62
5485,5486,86,2,31.39
5486,5487,87,3,70.77
5487,5488,88,4,37.23
5488,5489,89,1,20.91
5489,5490,90,2,42.76
5490,5491,91,3,97.33
5491,5492,92,4,63.56
5492,5493,93,1,83.97
5493,5494,94,2,59.66
5494,5495,95,3,85.6
5495,5496,96,4,19.67
5496,5497,97,1,38.31
5497,5498,98,2,66.87
5498,5499,99,3,35.61
5499,5500,100,4,102.67
5500,5501,101,1,80.88
5501,5502,102,2,50.15
5502,5503,103,3,31.41
5503,5504,104,4,67.91
5504,5505,105,1,42.75
5505,5506,106,2,42.23
5506,5507,107,3,26.48
5507,5508,108,4,42.48
5508,5509,109,1,86.9
5509,5510,110,2,33.02
5510,5511,111,3,97.45
5511,5512,112,4,15.94
5512,5513,113,1,14.76
5513,5514,114,2,82.25
5514,5515,115,3,58.23
5515,5516,116,4,90.0
5516,5517,117,1,95.51
5517,5518,118,2,39.26
5518,5519,119,3,26.38
5519,5520,120,4,97.14
5520,5521,121,1,23.76
5521,5522,122,2,101.64
5522,5523,123,3,73.71
5523,5524,124,4,19.44
5524,5525,125,1,25.61
5525,5526,126,2,87.55
5526,5527,127,3,69.35
5527,5528,128,4,15.03
5528,5529,129,1,64.31
5529,5530,130,2,49.46
5530,5531,131,3,100.12
5531,5532,132,4,47.88
5532,5533,133,1,35.09
5533,5534,134,2,14.97
5534,5535,135,3,82.86
5535,5536,136,4,32.95
5536,5537,137,1,54.67
5537,5538,138,2,13.03
5538,5539,139,3,43.2
5539,5540,140,4,18.46
5540,5541,141,1,7.79
5541,5542,142,2,12.45
5542,5543,143,3,71.19
5543,5544,144,4,29.38
5544,5545,145,1,29.29
5545,5546,146,2,31.7
5546,5547,147,3,10.97
5547,5548,148,4,14.74
5548,5549,149,1,23.46
5549,5550,150,2,21.9
5550,5551,151,3,25.71
5551,5552,152,4,43.92
5552,5553,153,1,24.56
5553,5554,154,2,55.82
5554,5555,155,3,92.84
5555,5556,156,4,44.49
5556,5557,157,1,34.11
5557,5558,158,2,95.79
5558,5559,159,3,9.62
5559,5560,160,4,62.3
5560,5561,161,1,104.14
5561,5562,162,2,71.14
5562,5563,163,3,53.32
5563,5564,164,4,15.84
5564,5565,165,1,59.35
5565,5566,166,2,82.55
5566,5567,167,3,42.72
5567,5568,168,4,79.05
5568,5569,169,1,42.32
5569,5570,170,2,53.32
5570,5571,171,3,70.42
5571,5572,172,4,73.9
5572,5573,173,1,11.57
5573,5574,174,2,46.6
5574,5575,175,3,100.85
5575,5576,176,4,54.9
5576,5577,177,1,9.18
5577,5578,178,2,59.56
5578,5579,179,3,89.56
5579,5580,180,4,44.48
5580,5581,181,1,9.93
5581,5582,182,2,34.98
5582,5583,183,3,55.1
5583,5584,184,4,86.39
5584,5585,185,1,27.24
5585,5586,186,2,27.62
5586,5587,187,3,87.71
5587,5588,188,4,21.18
5588,5589,189,1,89.5
5589,5590,190,2,70.43
5590,5591,191,3,84.58
5591,5592,192,4,30.67
5592,5593,193,1,47.94
5593,5594,194,2,34.85
5594,5595,195,3,63.88
5595,5596,196,4,13.33
5596,5597,197,1,8.7
5597,5598,198,2,76.79
5598,5599,199,3,73.47
5599,5600,200,4,28.07
5600,5601,1,1,73.17
5601,5602,2,2,43.69
5602,5603,3,3,96.17
5603,5604,4,4,84.61
5604,5605,5,1,61.91
5605,5606,6,2,101.53
5606,5607,7,3,76.93
5607,5608,8,4,80.07
5608,5609,9,1,69.52
5609,5610,10,2,27.95
5610,5611,11,3,18.07
5611,5612,12,4,86.44
5612,5613,13,1,104.8
5613,5614,14,2,75.52
5614,5615,15,3,64.62
5615,5616,16,4,73.27
5616,5617,17,1,17.34
5617,5618,18,2,11.92
5618,5619,19,3,91.34
5619,5620,20,4,60.87
5620,5621,21,1,14.98
5621,5622,22,2,44.71
5622,5623,23,3,59.48
5623,5624,24,4,62.96
5624,5625,25,1,51.45
5625,5626,26,2,6.08
5626,5627,27,3,32.73
5627,5628,28,4,16.79
5628,5629,29,1,38.21
5629,5630,30,2,29.66
5630,5631,31,3,64.84
5631,5632,32,4,68.76
5632,5633,33,1,44.8
5633,5634,34,2,18.85
5634,5635,35,3,92.46
5635,5636,36,4,100.26
5636,5637,37,1,45.15
5637,5638,38,2,5.34
5638,5639,39,3,22.42
5639,5640,40,4,47.34
5640,5641,41,1,78.5
5641,5642,42,2,80.67
5642,5643,43,3,60.04
5643,5644,44,4,56.0
5644,5645,45,1,41.68
5645,5646,46,2,32.63
5646,5647,47,3,6.05
5647,5648,48,4,91.48
5648,5649,49,1,97.81
5649,5650,50,2,28.19
5650,5651,51,3,82.27
5651,5652,52,4,41.81
5652,5653,53,1,28.08
5653,5654,54,2,55.35
5654,5655,55,3,34.8
5655,5656,56,4,73.24
5656,5657,57,1,67.16
5657,5658,58,2,13.27
5658,5659,59,3,45.83
5659,5660,60,4,49.86
5660,5661,61,1,93.54
5661,5662,62,2,37.63
5662,5663,63,3,13.45
5663,5664,64,4,36.15
5664,5665,65,1,96.83
5665,5666,66,2,42.74
5666,5667,67,3,26.77
5667,5668,68,4,74.03
5668,5669,69,1,39.52
5669,5670,70,2,7.6
5670,5671,71,3,21.29
5671,5672,72,4,13.15
5672,5673,73,1,9.71
5673,5674,74,2,85.78
5674,5675,75,3,13.84
5675,5676,76,4,96.09
5676,5677,77,1,29.45
5677,5678,78,2,13.68
5678,5679,79,3,38.04
5679,5680,80,4,56.32
5680,5681,81,1,68.48
5681,5682,82,2,75.65
5682,5683,83,3,61.63
5683,5684,84,4,6.19
5684,5685,85,1,27.05
5685,5686,86,2,85.8
5686,5687,87,3,91.23
5687,5688,88,4,50.38
5688,5689,89,1,54.28
5689,5690,90,2,54.29
5690,5691,91,3,90.7
5691,5692,92,4,74.93
5692,5693,93,1,24.22
5693,5694,94,2,39.54
5694,5695,95,3,55.03
5695,5696,96,4,95.76
5696,5697,97,1,94.33
5697,5698,98,2,35.35
5698,5699,99,3,17.96
5699,5700,100,4,96.01
5700,5701,101,1,74.86
5701,5702,102,2,5.48
5702,5703,103,3,14.32
5703,5704,104,4,44.22
5704,5705,105,1,59.09
5705,5706,106,2,28.19
5706,5707,107,3,68.46
5707,5708,108,4,60.53
5708,5709,109,1,37.08
5709,5710,110,2,28.91
5710,5711,111,3,43.52
5711,5712,112,4,30.89
5712,5713,113,1,80.61
5713,5714,114,2,50.35
5714,5715,115,3,88.27
5715,5716,116,4,50.75
5716,5717,117,1,91.57
5717,5718,118,2,48.56
5718,5719,119,3,11.06
5719,5720,120,4,43.78
5720,5721,121,1,27.44
5721,5722,122,2,37.46
5722,5723,123,3,100.42
5723,5724,124,4,89.28
5724,5725,125,1,98.12
5725,5726,126,2,84.9
5726,5727,127,3,50.5
5727,5728,128,4,68.5
5728,5729,129,1,89.2
5729,5730,130,2,89.28
5730,5731,131,3,68.91
5731,5732,132,4,52.24
5732,5733,133,1,28.63
5733,5734,134,2,27.76
5734,5735,135,3,22.7
5735,5736,136,4,63.01
5736,5737,137,1,47.02
5737,5738,138,2,87.87
5738,5739,139,3,77.53
5739,5740,140,4,38.33
5740,5741,141,1,80.49
5741,5742,142,2,54.99
5742,5743,143,3,103.0
5743,5744,144,4,104.45
5744,5745,145,1,39.03
5745,5746,146,2,82.95
5746,5747,147,3,35.22
5747,5748,148,4,33.09
5748,5749,149,1,58.33
5749,5750,150,2,9.32
5750,5751,151,3,35.35
5751,5752,152,4,92.32
5752,5753,153,1,48.88
5753,5754,154,2,85.2
5754,5755,155,3,89.37
5755,5756,156,4,59.14
5756,5757,157,1,104.08
5757,5758,158,2,43.7
5758,5759,159,3,90.64
5759,5760,160,4,89.51
5760,5761,161,1,21.22
5761,5762,162,2,10.15
5762,5763,163,3,64.44
5763,5764,164,4,89.87
5764,5765,165,1,94.1
5765,5766,166,2,40.99
5766,5767,167,3,62.97
5767,5768,168,4,93.98
5768,5769,169,1,85.27
5769,5770,170,2,46.36
5770,5771,171,3,16.74
5771,5772,172,4,15.75
5772,5773,173,1,53.41
5773,5774,174,2,104.32
5774,5775,175,3,52.27
5775,5776,176,4,35.67
5776,5777,177,1,49.96
5777,5778,178,2,33.99
5778,5779,179,3,79.32
5779,5780,180,4,46.83
5780,5781,181,1,51.13
5781,5782,182,2,56.17
5782,5783,183,3,84.02
5783,5784,184,4,20.17
5784,5785,185,1,43.74
5785,5786,186,2,62.66
5786,5787,187,3,34.6
5787,5788,188,4,38.79
5788,5789,189,1,99.33
5789,5790,190,2,73.03
5790,5791,191,3,80.82
5791,5792,192,4,63.0
5792,5793,193,1,65.89
5793,5794,194,2,30.78
5794,5795,195,3,73.53
5795,5796,196,4,57.84
5796,5797,197,1,39.89
5797,5798,198,2,46.69
5798,5799,199,3,89.29
5799,5800,200,4,42.9
5800,5801,1,1,64.01
5801,5802,2,2,64.75
5802,5803,3,3,97.22
5803,5804,4,4,100.39
5804,5805,5,1,76.78
5805,5806,6,2,45.77
5806,5807,7,3,26.85
5807,5808,8,4,18.22
5808,5809,9,1,45.98
5809,5810,10,2,59.79
5810,5811,11,3,8.38
5811,5812,12,4,81.75
5812,5813,13,1,49.29
5813,5814,14,2,49.07
5814,5815,15,3,50.62
5815,5816,16,4,64.61
5816,5817,17,1,51.84
5817,5818,18,2,80.69
5818,5819,19,3,25.51
5819,5820,20,4,61.5
5820,5821,21,1,87.54
5821,5822,22,2,19.43
5822,5823,23,3,27.28
5823,5824,24,4,51.84
5824,5825,25,1,23.37
5825,5826,26,2,79.54
5826,5827,27,3,80.88
5827,5828,28,4,49.4
5828,5829,29,1,72.01
5829,5830,30,2,13.54
5830,5831,31,3,99.64
5831,5832,32,4,80.93
5832,5833,33,1,103.84
5833,5834,34,2,17.32
5834,5835,35,3,60.39
5835,5836,36,4,46.94
5836,5837,37,1,23.74
5837,5838,38,2,84.3
5838,5839,39,3,45.69
5839,5840,40,4,101.68
5840,5841,41,1,70.32
5841,5842,42,2,21.79
5842,5843,43,3,25.17
5843,5844,44,4,28.18
5844,5845,45,1,73.44
5845,5846,46,2,82.63
5846,5847,47,3,10.19
5847,5848,48,4,19.31
5848,5849,49,1,66.68
5849,5850,50,2,97.91
5850,5851,51,3,30.22
5851,5852,52,4,42.91
5852,5853,53,1,83.75
5853,5854,54,2,86.44
5854,5855,55,3,93.96
5855,5856,56,4,88.45
5856,5857,57,1,100.19
5857,5858,58,2,42.78
5858,5859,59,3,103.49
5859,5860,60,4,30.86
5860,5861,61,1,27.66
5861,5862,62,2,96.71
5862,5863,63,3,44.88
5863,5864,64,4,39.38
5864,5865,65,1,18.05
5865,5866,66,2,39.1
5866,5867,67,3,58.77
5867,5868,68,4,44.18
5868,5869,69,1,82.85
5869,5870,70,2,64.88
5870,5871,71,3,14.03
5871,5872,72,4,55.58
5872,5873,73,1,29.24
5873,5874,74,2,76.54
5874,5875,75,3,9.86
5875,5876,76,4,83.55
5876,5877,77,1,91.15
5877,5878,78,2,31.49
5878,5879,79,3,58.11
5879,5880,80,4,87.8
5880,5881,81,1,38.63
5881,5882,82,2,58.17
5882,5883,83,3,82.99
5883,5884,84,4,39.06
5884,5885,85,1,15.66
5885,5886,86,2,101.18
5886,5887,87,3,68.18
5887,5888,88,4,81.47
5888,5889,89,1,57.03
5889,5890,90,2,5.98
5890,5891,91,3,21.67
5891,5892,92,4,40.01
5892,5893,93,1,36.1
5893,5894,94,2,19.32
5894,5895,95,3,85.22
5895,5896,96,4,37.4
5896,5897,97,1,102.44
5897,5898,98,2,46.02
5898,5899,99,3,104.34
5899,5900,100,4,102.06
5900,5901,101,1,41.52
5901,5902,102,2,85.07
5902,5903,103,3,52.97
5903,5904,104,4,90.96
5904,5905,105,1,100.12
5905,5906,106,2,60.06
5906,5907,107,3,68.75
5907,5908,108,4,49.66
5908,5909,109,1,44.69
5909,5910,110,2,72.87
5910,5911,111,3,9.2
5911,5912,112,4,77.21
5912,5913,113,1,100.1
5913,5914,114,2,21.88
5914,5915,115,3,29.91
5915,5916,116,4,12.52
5916,5917,117,1,53.05
5917,5918,118,2,95.2
5918,5919,119,3,14.3
5919,5920,120,4,101.88
5920,5921,121,1,95.36
5921,5922,122,2,61.02
5922,5923,123,3,101.45
5923,5924,124,4,97.25
5924,5925,125,1,100.14
5925,5926,126,2,82.57
5926,5927,127,3,71.18
5927,5928,128,4,58.99
5928,5929,129,1,52.2
5929,5930,130,2,57.45
5930,5931,131,3,53.4
5931,5932,132,4,96.97
5932,5933,133,1,56.94
5933,5934,134,2,25.3
5934,5935,135,3,84.76
5935,5936,136,4,12.63
5936,5937,137,1,85.14
5937,5938,138,2,85.56
5938,5939,139,3,61.74
5939,5940,140,4,84.72
5940,5941,141,1,22.37
5941,5942,142,2,86.74
5942,5943,143,3,52.39
5943,5944,144,4,71.65
5944,5945,145,1,44.23
5945,5946,146,2,35.04
5946,5947,147,3,47.71
5947,5948,148,4,28.45
5948,5949,149,1,81.02
5949,5950,150,2,59.19
5950,5951,151,3,55.66
5951,5952,152,4,52.1
5952,5953,153,1,6.94
5953,5954,154,2,12.86
5954,5955,155,3,9.13
5955,5956,156,4,57.71
5956,5957,157,1,36.22
5957,5958,158,2,73.48
5958,5959,159,3,20.01
5959,5960,160,4,7.12
5960,5961,161,1,73.11
5961,5962,162,2,78.06
5962,5963,163,3,70.61
5963,5964,164,4,5.36
5964,5965,165,1,77.32
5965,5966,166,2,53.91
5966,5967,167,3,34.76
5967,5968,168,4,99.71
5968,5969,169,1,11.68
5969,5970,170,2,32.54
5970,5971,171,3,54.83
5971,5972,172,4,18.75
5972,5973,173,1,91.49
5973,5974,174,2,11.82
5974,5975,175,3,91.84
5975,5976,176,4,31.91
5976,5977,177,1,46.51
5977,5978,178,2,92.44
5978,5979,179,3,36.95
5979,5980,180,4,78.97
5980,5981,181,1,82.99
5981,5982,182,2,40.55
5982,5983,183,3,45.58
5983,5984,184,4,73.05
5984,5985,185,1,49.73
5985,5986,186,2,32.58
5986,5987,187,3,87.52
5987,5988,188,4,27.98
5988,5989,189,1,77.13
5989,5990,190,2,10.54
5990,5991,191,3,58.46
5991,5992,192,4,81.7
5992,5993,193,1,34.24
5993,5994,194,2,59.29
5994,5995,195,3,98.89
5995,5996,196,4,23.86
5996,5997,197,1,6.34
5997,5998,198,2,101.76
5998,5999,199,3,55.77
5999,6000,200,4,54.34
6000,6001,1,1,95.21
6001,6002,2,2,73.88
6002,6003,3,3,26.62
6003,6004,4,4,58.49
6004,6005,5,1,69.43
6005,6006,6,2,47.62
6006,6007,7,3,84.56
6007,6008,8,4,91.44
6008,6009,9,1,38.56
6009,6010,10,2,102.78
6010,6011,11,3,20.35
6011,6012,12,4,18.46
6012,6013,13,1,53.54
6013,6014,14,2,31.79
6014,6015,15,3,71.37
6015,6016,16,4,39.22
6016,6017,17,1,75.37
6017,6018,18,2,67.1
6018,6019,19,3,51.03
6019,6020,20,4,14.57
6020,6021,21,1,9.43
6021,6022,22,2,15.69
6022,6023,23,3,48.23
6023,6024,24,4,65.93
6024,6025,25,1,89.7
6025,6026,26,2,53.34
6026,6027,27,3,18.22
6027,6028,28,4,66.74
6028,6029,29,1,40.04
6029,6030,30,2,62.15
6030,6031,31,3,9.62
6031,6032,32,4,89.84
6032,6033,33,1,20.47
6033,6034,34,2,77.38
6034,6035,35,3,40.28
6035,6036,36,4,28.83
6036,6037,37,1,75.5
6037,6038,38,2,101.95
6038,6039,39,3,50.0
6039,6040,40,4,5.38
6040,6041,41,1,31.87
6041,6042,42,2,69.74
6042,6043,43,3,24.77
6043,6044,44,4,52.66
6044,6045,45,1,39.05
6045,6046,46,2,21.15
6046,6047,47,3,95.95
6047,6048,48,4,39.37
6048,6049,49,1,101.47
6049,6050,50,2,68.16
6050,6051,51,3,42.2
6051,6052,52,4,37.27
6052,6053,53,1,17.49
6053,6054,54,2,47.94
6054,6055,55,3,26.1
6055,6056,56,4,65.44
6056,6057,57,1,49.36
6057,6058,58,2,33.24
6058,6059,59,3,21.49
6059,6060,60,4,6.94
6060,6061,61,1,83.76
6061,6062,62,2,38.42
6062,6063,63,3,98.63
6063,6064,64,4,35.27
6064,6065,65,1,90.92
6065,6066,66,2,104.49
6066,6067,67,3,101.32
6067,6068,68,4,96.47
6068,6069,69,1,34.9
6069,6070,70,2,86.07
6070,6071,71,3,87.67
6071,6072,72,4,63.28
6072,6073,73,1,20.85
6073,6074,74,2,18.03
6074,6075,75,3,65.13
6075,6076,76,4,56.71
6076,6077,77,1,59.54
6077,6078,78,2,74.31
6078,6079,79,3,22.78
6079,6080,80,4,70.31
6080,6081,81,1,100.25
6081,6082,82,2,101.78
6082,6083,83,3,96.49
6083,6084,84,4,77.76
6084,6085,85,1,28.56
6085,6086,86,2,97.4
6086,6087,87,3,48.42
6087,6088,88,4,83.94
6088,6089,89,1,53.0
6089,6090,90,2,93.19
6090,6091,91,3,30.79
6091,6092,92,4,24.13
6092,6093,93,1,35.57
6093,6094,94,2,67.97
6094,6095,95,3,39.26
6095,6096,96,4,35.43
6096,6097,97,1,94.67
6097,6098,98,2,56.89
6098,6099,99,3,21.48
6099,6100,100,4,102.45
6100,6101,101,1,42.64
6101,6102,102,2,52.66
6102,6103,103,3,38.76
6103,6104,104,4,45.61
6104,6105,105,1,76.1
6105,6106,106,2,35.74
6106,6107,107,3,94.43
6107,6108,108,4,91.65
6108,6109,109,1,69.76
6109,6110,110,2,88.49
6110,6111,111,3,66.34
6111,6112,112,4,62.14
6112,6113,113,1,81.29
6113,6114,114,2,27.64
6114,6115,115,3,97.81
6115,6116,116,4,69.73
6116,6117,117,1,69.07
6117,6118,118,2,17.54
6118,6119,119,3,52.09
6119,6120,120,4,91.41
6120,6121,121,1,101.1
6121,6122,122,2,67.65
6122,6123,123,3,77.1
6123,6124,124,4,61.76
6124,6125,125,1,5.95
6125,6126,126,2,11.58
6126,6127,127,3,74.9
6127,6128,128,4,53.29
6128,6129,129,1,52.79
6129,6130,130,2,17.74
6130,6131,131,3,92.9
6131,6132,132,4,45.55
6132,6133,133,1,74.45
6133,6134,134,2,101.9
6134,6135,135,3,88.33
6135,6136,136,4,17.59
6136,6137,137,1,31.17
6137,6138,138,2,20.38
6138,6139,139,3,8.31
6139,6140,140,4,46.26
6140,6141,141,1,64.96
6141,6142,142,2,10.31
6142,6143,143,3,81.05
6143,6144,144,4,76.78
6144,6145,145,1,31.84
6145,6146,146,2,88.02
6146,6147,147,3,102.45
6147,6148,148,4,96.24
6148,6149,149,1,72.88
6149,6150,150,2,19.83
6150,6151,151,3,29.17
6151,6152,152,4,99.42
6152,6153,153,1,16.36
6153,6154,154,2,51.01
6154,6155,155,3,86.96
6155,6156,156,4,44.6
6156,6157,157,1,96.14
6157,6158,158,2,30.86
6158,6159,159,3,101.0
6159,6160,160,4,37.83
6160,6161,161,1,62.16
6161,6162,162,2,83.8
6162,6163,163,3,92.88
6163,6164,164,4,68.41
6164,6165,165,1,57.17
6165,6166,166,2,17.59
6166,6167,167,3,66.04
6167,6168,168,4,27.28
6168,6169,169,1,102.89
6169,6170,170,2,66.08
6170,6171,171,3,103.51
6171,6172,172,4,32.29
6172,6173,173,1,85.11
6173,6174,174,2,21.36
6174,6175,175,3,62.52
6175,6176,176,4,68.74
6176,6177,177,1,88.41
6177,6178,178,2,101.28
6178,6179,179,3,69.74
6179,6180,180,4,37.3
6180,6181,181,1,46.73
6181,6182,182,2,46.54
6182,6183,183,3,74.35
6183,6184,184,4,83.75
6184,6185,185,1,84.73
6185,6186,186,2,13.24
6186,6187,187,3,40.29
6187,6188,188,4,91.3
6188,6189,189,1,6.99
6189,6190,190,2,21.88
6190,6191,191,3,48.13
6191,6192,192,4,96.28
6192,6193,193,1,79.18
6193,6194,194,2,51.5
6194,6195,195,3,82.94
6195,6196,196,4,45.27
6196,6197,197,1,6.06
6197,6198,198,2,76.97
6198,6199,199,3,19.32
6199,6200,200,4,61.28
6200,6201,1,1,62.46
6201,6202,2,2,75.32
6202,6203,3,3,68.62
6203,6204,4,4,48.23
6204,6205,5,1,89.24
6205,6206,6,2,45.66
6206,6207,7,3,91.47
6207,6208,8,4,69.49
6208,6209,9,1,35.11
6209,6210,10,2,50.16
6210,6211,11,3,53.89
6211,6212,12,4,89.2
6212,6213,13,1,75.57
6213,6214,14,2,36.81
6214,6215,15,3,70.87
6215,6216,16,4,10.25
6216,6217,17,1,97.11
6217,6218,18,2,22.6
6218,6219,19,3,29.86
6219,6220,20,4,45.06
6220,6221,21,1,54.27
6221,6222,22,2,19.36
6222,6223,23,3,75.53
6223,6224,24,4,11.12
6224,6225,25,1,48.29
6225,6226,26,2,100.04
6226,6227,27,3,86.14
6227,6228,28,4,31.76
6228,6229,29,1,62.09
6229,6230,30,2,67.2
6230,6231,31,3,35.58
6231,6232,32,4,28.12
6232,6233,33,1,62.46
6233,6234,34,2,63.75
6234,6235,35,3,32.72
6235,6236,36,4,90.37
6236,6237,37,1,78.93
6237,6238,38,2,72.19
6238,6239,39,3,91.51
6239,6240,40,4,84.12
6240,6241,41,1,73.89
6241,6242,42,2,22.45
6242,6243,43,3,51.88
6243,6244,44,4,74.39
6244,6245,45,1,38.44
6245,6246,46,2,24.81
6246,6247,47,3,87.72
6247,6248,48,4,87.6
6248,6249,49,1,14.86
6249,6250,50,2,27.13
6250,6251,51,3,6.97
6251,6252,52,4,53.14
6252,6253,53,1,32.72
6253,6254,54,2,29.86
6254,6255,55,3,94.81
6255,6256,56,4,72.92
6256,6257,57,1,10.05
6257,6258,58,2,103.58
6258,6259,59,3,47.31
6259,6260,60,4,15.15
6260,6261,61,1,22.87
6261,6262,62,2,34.31
6262,6263,63,3,52.57
6263,6264,64,4,30.35
6264,6265,65,1,68.35
6265,6266,66,2,58.87
6266,6267,67,3,24.09
6267,6268,68,4,86.89
6268,6269,69,1,20.73
6269,6270,70,2,29.17
6270,6271,71,3,39.68
6271,6272,72,4,37.42
6272,6273,73,1,12.26
6273,6274,74,2,9.82
6274,6275,75,3,29.85
6275,6276,76,4,18.21
6276,6277,77,1,14.58
6277,6278,78,2,7.83
6278,6279,79,3,75.87
6279,6280,80,4,41.56
6280,6281,81,1,40.65
6281,6282,82,2,58.43
6282,6283,83,3,54.87
6283,6284,84,4,85.4
6284,6285,85,1,100.6
6285,6286,86,2,31.68
6286,6287,87,3,104.77
6287,6288,88,4,10.23
6288,6289,89,1,20.19
6289,6290,90,2,94.54
6290,6291,91,3,86.78
6291,6292,92,4,72.51
6292,6293,93,1,99.63
6293,6294,94,2,44.33
6294,6295,95,3,12.12
6295,6296,96,4,64.37
6296,6297,97,1,20.63
6297,6298,98,2,86.3
6298,6299,99,3,90.59
6299,6300,100,4,18.16
6300,6301,101,1,28.26
6301,6302,102,2,85.08
6302,6303,103,3,8.56
6303,6304,104,4,53.63
6304,6305,105,1,56.69
6305,6306,106,2,63.64
6306,6307,107,3,89.45
6307,6308,108,4,87.23
6308,6309,109,1,78.28
6309,6310,110,2,93.59
6310,6311,111,3,95.34
6311,6312,112,4,39.93
6312,6313,113,1,79.29
6313,6314,114,2,77.92
6314,6315,115,3,36.01
6315,6316,116,4,101.1
6316,6317,117,1,98.16
6317,6318,118,2,102.41
6318,6319,119,3,66.65
6319,6320,120,4,92.45
6320,6321,121,1,16.01
6321,6322,122,2,74.2
6322,6323,123,3,90.83
6323,6324,124,4,36.41
6324,6325,125,1,54.62
6325,6326,126,2,17.13
6326,6327,127,3,98.18
6327,6328,128,4,48.22
6328,6329,129,1,28.06
6329,6330,130,2,100.88
6330,6331,131,3,68.18
6331,6332,132,4,18.15
6332,6333,133,1,32.77
6333,6334,134,2,29.6
6334,6335,135,3,88.99
6335,6336,136,4,48.06
6336,6337,137,1,79.5
6337,6338,138,2,18.41
6338,6339,139,3,90.21
6339,6340,140,4,72.14
6340,6341,141,1,92.26
6341,6342,142,2,70.71
6342,6343,143,3,94.18
6343,6344,144,4,76.61
6344,6345,145,1,28.74
6345,6346,146,2,18.14
6346,6347,147,3,92.4
6347,6348,148,4,5.08
6348,6349,149,1,48.58
6349,6350,150,2,12.32
6350,6351,151,3,9.15
6351,6352,152,4,20.38
6352,6353,153,1,36.44
6353,6354,154,2,61.24
6354,6355,155,3,43.54
6355,6356,156,4,85.87
6356,6357,157,1,71.76
6357,6358,158,2,47.0
6358,6359,159,3,49.54
6359,6360,160,4,92.73
6360,6361,161,1,35.61
6361,6362,162,2,73.58
6362,6363,163,3,74.27
6363,6364,164,4,47.25
6364,6365,165,1,96.29
6365,6366,166,2,55.52
6366,6367,167,3,79.52
6367,6368,168,4,64.29
6368,6369,169,1,15.93
6369,6370,170,2,12.86
6370,6371,171,3,33.45
6371,6372,172,4,80.43
6372,6373,173,1,78.27
6373,6374,174,2,89.96
6374,6375,175,3,78.27
6375,6376,176,4,64.99
6376,6377,177,1,53.56
6377,6378,178,2,56.34
6378,6379,179,3,55.08
6379,6380,180,4,14.82
6380,6381,181,1,64.39
6381,6382,182,2,8.83
6382,6383,183,3,84.92
6383,6384,184,4,94.58
6384,6385,185,1,70.64
6385,6386,186,2,43.59
6386,6387,187,3,29.31
6387,6388,188,4,57.3
6388,6389,189,1,45.76
6389,6390,190,2,55.83
6390,6391,191,3,75.77
6391,6392,192,4,78.39
6392,6393,193,1,13.86
6393,6394,194,2,86.73
6394,6395,195,3,40.32
6395,6396,196,4,47.05
6396,6397,197,1,64.59
6397,6398,198,2,104.3
6398,6399,199,3,67.77
6399,6400,200,4,71.08
6400,6401,1,1,43.18
6401,6402,2,2,104.33
6402,6403,3,3,80.87
6403,6404,4,4,58.63
6404,6405,5,1,21.03
6405,6406,6,2,52.86
6406,6407,7,3,57.4
6407,6408,8,4,6.2
6408,6409,9,1,99.92
6409,6410,10,2,76.45
6410,6411,11,3,20.66
6411,6412,12,4,5.18
6412,6413,13,1,68.83
6413,6414,14,2,60.4
6414,6415,15,3,72.32
6415,6416,16,4,99.36
6416,6417,17,1,34.04
6417,6418,18,2,20.43
6418,6419,19,3,24.32
6419,6420,20,4,26.08
6420,6421,21,1,47.0
6421,6422,22,2,6.77
6422,6423,23,3,56.58
6423,6424,24,4,77.72
6424,6425,25,1,76.19
6425,6426,26,2,7.88
6426,6427,27,3,58.35
6427,6428,28,4,9.97
6428,6429,29,1,45.03
6429,6430,30,2,49.34
6430,6431,31,3,93.43
6431,6432,32,4,81.02
6432,6433,33,1,63.4
6433,6434,34,2,103.86
6434,6435,35,3,42.12
6435,6436,36,4,69.15
6436,6437,37,1,39.67
6437,6438,38,2,33.41
6438,6439,39,3,59.86
6439,6440,40,4,46.17
6440,6441,41,1,94.17
6441,6442,42,2,31.02
6442,6443,43,3,53.08
6443,6444,44,4,61.43
6444,6445,45,1,99.38
6445,6446,46,2,42.89
6446,6447,47,3,56.51
6447,6448,48,4,46.79
6448,6449,49,1,42.26
6449,6450,50,2,91.84
6450,6451,51,3,38.76
6451,6452,52,4,54.14
6452,6453,53,1,15.1
6453,6454,54,2,47.5
6454,6455,55,3,40.43
6455,6456,56,4,9.54
6456,6457,57,1,71.88
6457,6458,58,2,84.56
6458,6459,59,3,87.1
6459,6460,60,4,25.72
6460,6461,61,1,35.37
6461,6462,62,2,97.61
6462,6463,63,3,13.94
6463,6464,64,4,9.88
6464,6465,65,1,67.58
6465,6466,66,2,48.89
6466,6467,67,3,63.86
6467,6468,68,4,19.65
6468,6469,69,1,76.98
6469,6470,70,2,18.47
6470,6471,71,3,57.93
6471,6472,72,4,101.13
6472,6473,73,1,47.85
6473,6474,74,2,80.84
6474,6475,75,3,26.39
6475,6476,76,4,82.05
6476,6477,77,1,75.35
6477,6478,78,2,53.21
6478,6479,79,3,29.2
6479,6480,80,4,72.7
6480,6481,81,1,14.94
6481,6482,82,2,54.51
6482,6483,83,3,60.72
6483,6484,84,4,15.83
6484,6485,85,1,83.28
6485,6486,86,2,88.96
6486,6487,87,3,15.77
6487,6488,88,4,33.32
6488,6489,89,1,53.05
6489,6490,90,2,20.37
6490,6491,91,3,90.21
6491,6492,92,4,19.36
6492,6493,93,1,71.48
6493,6494,94,2,18.85
6494,6495,95,3,42.49
6495,6496,96,4,86.81
6496,6497,97,1,38.7
6497,6498,98,2,7.38
6498,6499,99,3,10.78
6499,6500,100,4,39.21
6500,6501,101,1,63.99
6501,6502,102,2,8.14
6502,6503,103,3,104.35
6503,6504,104,4,76.99
6504,6505,105,1,71.58
6505,6506,106,2,63.61
6506,6507,107,3,60.06
6507,6508,108,4,25.88
6508,6509,109,1,89.66
6509,6510,110,2,45.15
6510,6511,111,3,50.82
6511,6512,112,4,57.04
6512,6513,113,1,52.83
6513,6514,114,2,35.99
6514,6515,115,3,14.74
6515,6516,116,4,26.46
6516,6517,117,1,25.22
6517,6518,118,2,84.36
6518,6519,119,3,33.21
6519,6520,120,4,57.62
6520,6521,121,1,82.24
6521,6522,122,2,10.94
6522,6523,123,3,7.99
6523,6524,124,4,12.95
6524,6525,125,1,27.34
6525,6526,126,2,20.74
6526,6527,127,3,35.72
6527,6528,128,4,98.68
6528,6529,129,1,103.59
6529,6530,130,2,54.17
6530,6531,131,3,102.37
6531,6532,132,4,32.8
6532,6533,133,1,48.77
6533,6534,134,2,61.81
6534,6535,135,3,101.18
6535,6536,136,4,46.28
6536,6537,137,1,104.04
6537,6538,138,2,46.33
6538,6539,139,3,43.75
6539,6540,140,4,56.2
6540,6541,141,1,54.65
6541,6542,142,2,24.47
6542,6543,143,3,14.98
6543,6544,144,4,65.56
6544,6545,145,1,42.76
6545,6546,146,2,19.53
6546,6547,147,3,20.52
6547,6548,148,4,82.8
6548,6549,149,1,68.18
6549,6550,150,2,10.57
6550,6551,151,3,21.59
6551,6552,152,4,29.98
6552,6553,153,1,17.96
6553,6554,154,2,94.66
6554,6555,155,3,33.7
6555,6556,156,4,42.23
6556,6557,157,1,79.36
6557,6558,158,2,50.16
6558,6559,159,3,89.8
6559,6560,160,4,100.35
6560,6561,161,1,23.45
6561,6562,162,2,12.88
6562,6563,163,3,41.9
6563,6564,164,4,61.39
6564,6565,165,1,9.35
6565,6566,166,2,31.24
6566,6567,167,3,97.3
6567,6568,168,4,90.08
6568,6569,169,1,21.6
6569,6570,170,2,91.21
6570,6571,171,3,93.26
6571,6572,172,4,6.2
6572,6573,173,1,11.94
6573,6574,174,2,45.25
6574,6575,175,3,9.34
6575,6576,176,4,59.23
6576,6577,177,1,16.48
6577,6578,178,2,22.97
6578,6579,179,3,62.91
6579,6580,180,4,53.78
6580,6581,181,1,60.33
6581,6582,182,2,82.13
6582,6583,183,3,53.59
6583,6584,184,4,66.42
6584,6585,185,1,63.37
6585,6586,186,2,43.16
6586,6587,187,3,24.37
6587,6588,188,4,13.29
6588,6589,189,1,19.05
6589,6590,190,2,44.09
6590,6591,191,3,37.3
6591,6592,192,4,60.17
6592,6593,193,1,86.2
6593,6594,194,2,90.78
6594,6595,195,3,35.27
6595,6596,196,4,20.53
6596,6597,197,1,19.47
6597,6598,198,2,84.92
6598,6599,199,3,30.95
6599,6600,200,4,60.53
6600,6601,1,1,30.11
6601,6602,2,2,59.42
6602,6603,3,3,44.29
6603,6604,4,4,77.42
6604,6605,5,1,29.43
6605,6606,6,2,51.15
6606,6607,7,3,51.2
6607,6608,8,4,35.02
6608,6609,9,1,9.16
6609,6610,10,2,99.3
6610,6611,11,3,88.76
6611,6612,12,4,92.15
6612,6613,13,1,96.34
6613,6614,14,2,8.16
6614,6615,15,3,20.25
6615,6616,16,4,72.9
6616,6617,17,1,68.13
6617,6618,18,2,86.22
6618,6619,19,3,97.01
6619,6620,20,4,83.8
6620,6621,21,1,65.43
6621,6622,22,2,29.85
6622,6623,23,3,62.38
6623,6624,24,4,5.64
6624,6625,25,1,13.53
6625,6626,26,2,31.37
6626,6627,27,3,98.07
6627,6628,28,4,83.8
6628,6629,29,1,92.34
6629,6630,30,2,61.79
6630,6631,31,3,79.44
6631,6632,32,4,88.08
6632,6633,33,1,86.46
6633,6634,34,2,85.42
6634,6635,35,3,66.56
6635,6636,36,4,78.36
6636,6637,37,1,89.7
6637,6638,38,2,42.84
6638,6639,39,3,70.78
6639,6640,40,4,64.92
6640,6641,41,1,93.84
6641,6642,42,2,77.63
6642,6643,43,3,45.92
6643,6644,44,4,60.22
6644,6645,45,1,82.71
6645,6646,46,2,33.95
6646,6647,47,3,101.88
6647,6648,48,4,27.04
6648,6649,49,1,12.85
6649,6650,50,2,14.32
6650,6651,51,3,80.56
6651,6652,52,4,56.57
6652,6653,53,1,16.09
6653,6654,54,2,90.79
6654,6655,55,3,90.49
6655,6656,56,4,68.35
6656,6657,57,1,36.21
6657,6658,58,2,99.88
6658,6659,59,3,39.18
6659,6660,60,4,13.59
6660,6661,61,1,75.39
6661,6662,62,2,20.66
6662,6663,63,3,68.62
6663,6664,64,4,49.49
6664,6665,65,1,63.72
6665,6666,66,2,5.22
6666,6667,67,3,36.18
6667,6668,68,4,8.86
6668,6669,69,1,41.12
6669,6670,70,2,5.14
6670,6671,71,3,79.48
6671,6672,72,4,84.24
6672,6673,73,1,85.67
6673,6674,74,2,95.27
6674,6675,75,3,50.32
6675,6676,76,4,34.59
6676,6677,77,1,86.75
6677,6678,78,2,50.88
6678,6679,79,3,26.27
6679,6680,80,4,7.18
6680,6681,81,1,15.46
6681,6682,82,2,85.93
6682,6683,83,3,40.37
6683,6684,84,4,96.04
6684,6685,85,1,32.18
6685,6686,86,2,52.38
6686,6687,87,3,99.64
6687,6688,88,4,20.25
6688,6689,89,1,37.81
6689,6690,90,2,102.67
6690,6691,91,3,64.96
6691,6692,92,4,84.06
6692,6693,93,1,50.5
6693,6694,94,2,31.77
6694,6695,95,3,27.25
6695,6696,96,4,90.79
6696,6697,97,1,98.74
6697,6698,98,2,31.55
6698,6699,99,3,66.82
6699,6700,100,4,63.06
6700,6701,101,1,97.11
6701,6702,102,2,57.53
6702,6703,103,3,5.37
6703,6704,104,4,99.26
6704,6705,105,1,29.69
6705,6706,106,2,15.65
6706,6707,107,3,27.88
6707,6708,108,4,79.78
6708,6709,109,1,104.89
6709,6710,110,2,33.89
6710,6711,111,3,23.58
6711,6712,112,4,68.01
6712,6713,113,1,101.35
6713,6714,114,2,12.08
6714,6715,115,3,88.35
6715,6716,116,4,6.69
6716,6717,117,1,21.78
6717,6718,118,2,80.91
6718,6719,119,3,50.09
6719,6720,120,4,28.37
6720,6721,121,1,11.54
6721,6722,122,2,69.59
6722,6723,123,3,9.55
6723,6724,124,4,53.89
6724,6725,125,1,99.8
6725,6726,126,2,29.14
6726,6727,127,3,73.54
6727,6728,128,4,8.62
6728,6729,129,1,7.68
6729,6730,130,2,58.38
6730,6731,131,3,45.6
6731,6732,132,4,38.23
6732,6733,133,1,45.7
6733,6734,134,2,14.46
6734,6735,135,3,37.21
6735,6736,136,4,44.62
6736,6737,137,1,43.85
6737,6738,138,2,33.86
6738,6739,139,3,11.14
6739,6740,140,4,49.08
6740,6741,141,1,100.06
6741,6742,142,2,45.0
6742,6743,143,3,64.94
6743,6744,144,4,92.68
6744,6745,145,1,42.86
6745,6746,146,2,68.56
6746,6747,147,3,63.39
6747,6748,148,4,56.88
6748,6749,149,1,32.16
6749,6750,150,2,30.23
6750,6751,151,3,11.93
6751,6752,152,4,6.21
6752,6753,153,1,69.96
6753,6754,154,2,45.53
6754,6755,155,3,15.65
6755,6756,156,4,103.82
6756,6757,157,1,97.14
6757,6758,158,2,50.6
6758,6759,159,3,51.85
6759,6760,160,4,80.35
6760,6761,161,1,49.45
6761,6762,162,2,99.97
6762,6763,163,3,81.52
6763,6764,164,4,27.19
6764,6765,165,1,53.05
6765,6766,166,2,62.41
6766,6767,167,3,35.99
6767,6768,168,4,24.73
6768,6769,169,1,25.2
6769,6770,170,2,104.02
6770,6771,171,3,8.7
6771,6772,172,4,57.78
6772,6773,173,1,16.06
6773,6774,174,2,93.5
6774,6775,175,3,49.23
6775,6776,176,4,62.37
6776,6777,177,1,80.89
6777,6778,178,2,88.21
6778,6779,179,3,104.27
6779,6780,180,4,32.8
6780,6781,181,1,7.36
6781,6782,182,2,97.19
6782,6783,183,3,31.8
6783,6784,184,4,34.37
6784,6785,185,1,99.48
6785,6786,186,2,86.02
6786,6787,187,3,38.42
6787,6788,188,4,64.19
6788,6789,189,1,49.77
6789,6790,190,2,27.74
6790,6791,191,3,28.33
6791,6792,192,4,71.2
6792,6793,193,1,35.3
6793,6794,194,2,61.46
6794,6795,195,3,45.72
6795,6796,196,4,75.13
6796,6797,197,1,39.24
6797,6798,198,2,99.01
6798,6799,199,3,27.88
6799,6800,200,4,103.56
6800,6801,1,1,53.0
6801,6802,2,2,72.97
6802,6803,3,3,86.85
6803,6804,4,4,77.69
6804,6805,5,1,41.02
6805,6806,6,2,95.69
6806,6807,7,3,92.64
6807,6808,8,4,80.71
6808,6809,9,1,36.11
6809,6810,10,2,74.47
6810,6811,11,3,63.57
6811,6812,12,4,23.01
6812,6813,13,1,67.65
6813,6814,14,2,102.99
6814,6815,15,3,26.44
6815,6816,16,4,43.59
6816,6817,17,1,16.17
6817,6818,18,2,78.97
6818,6819,19,3,52.76
6819,6820,20,4,88.15
6820,6821,21,1,28.54
6821,6822,22,2,104.44
6822,6823,23,3,26.65
6823,6824,24,4,61.79
6824,6825,25,1,35.34
6825,6826,26,2,47.76
6826,6827,27,3,96.3
6827,6828,28,4,32.3
6828,6829,29,1,54.53
6829,6830,30,2,77.28
6830,6831,31,3,97.91
6831,6832,32,4,24.61
6832,6833,33,1,79.62
6833,6834,34,2,61.02
6834,6835,35,3,39.9
6835,6836,36,4,57.61
6836,6837,37,1,90.78
6837,6838,38,2,101.97
6838,6839,39,3,29.36
6839,6840,40,4,67.17
6840,6841,41,1,91.58
6841,6842,42,2,70.89
6842,6843,43,3,43.8
6843,6844,44,4,50.32
6844,6845,45,1,14.25
6845,6846,46,2,75.13
6846,6847,47,3,104.1
6847,6848,48,4,100.9
6848,6849,49,1,32.35
6849,6850,50,2,25.08
6850,6851,51,3,17.44
6851,6852,52,4,81.51
6852,6853,53,1,96.74
6853,6854,54,2,44.05
6854,6855,55,3,98.72
6855,6856,56,4,48.04
6856,6857,57,1,41.53
6857,6858,58,2,60.92
6858,6859,59,3,15.13
6859,6860,60,4,92.27
6860,6861,61,1,87.48
6861,6862,62,2,51.25
6862,6863,63,3,17.53
6863,6864,64,4,93.08
6864,6865,65,1,17.14
6865,6866,66,2,18.62
6866,6867,67,3,7.45
6867,6868,68,4,74.75
6868,6869,69,1,63.74
6869,6870,70,2,66.24
6870,6871,71,3,98.45
6871,6872,72,4,42.1
6872,6873,73,1,31.3
6873,6874,74,2,35.23
6874,6875,75,3,25.86
6875,6876,76,4,64.25
6876,6877,77,1,74.4
6877,6878,78,2,49.79
6878,6879,79,3,15.16
6879,6880,80,4,34.6
6880,6881,81,1,102.72
6881,6882,82,2,69.59
6882,6883,83,3,41.06
6883,6884,84,4,5.49
6884,6885,85,1,92.39
6885,6886,86,2,64.93
6886,6887,87,3,28.73
6887,6888,88,4,71.14
6888,6889,89,1,52.54
6889,6890,90,2,88.99
6890,6891,91,3,14.91
6891,6892,92,4,59.1
6892,6893,93,1,44.51
6893,6894,94,2,100.38
6894,6895,95,3,63.32
6895,6896,96,4,20.09
6896,6897,97,1,37.22
6897,6898,98,2,65.43
6898,6899,99,3,90.22
6899,6900,100,4,10.48
6900,6901,101,1,7.39
6901,6902,102,2,97.39
6902,6903,103,3,43.94
6903,6904,104,4,10.36
6904,6905,105,1,9.79
6905,6906,106,2,13.02
6906,6907,107,3,100.84
6907,6908,108,4,86.9
6908,6909,109,1,71.72
6909,6910,110,2,79.98
6910,6911,111,3,13.32
6911,6912,112,4,37.67
6912,6913,113,1,12.38
6913,6914,114,2,12.04
6914,6915,115,3,63.54
6915,6916,116,4,24.25
6916,6917,117,1,30.79
6917,6918,118,2,30.24
6918,6919,119,3,82.13
6919,6920,120,4,67.35
6920,6921,121,1,56.43
6921,6922,122,2,18.93
6922,6923,123,3,13.77
6923,6924,124,4,28.1
6924,6925,125,1,9.69
6925,6926,126,2,78.99
6926,6927,127,3,56.2
6927,6928,128,4,70.51
6928,6929,129,1,24.32
6929,6930,130,2,90.37
6930,6931,131,3,71.6
6931,6932,132,4,42.55
6932,6933,133,1,62.3
6933,6934,134,2,10.12
6934,6935,135,3,73.04
6935,6936,136,4,100.01
6936,6937,137,1,96.32
6937,6938,138,2,86.99
6938,6939,139,3,90.27
6939,6940,140,4,52.81
6940,6941,141,1,24.66
6941,6942,142,2,98.22
6942,6943,143,3,12.36
6943,6944,144,4,31.37
6944,6945,145,1,31.24
6945,6946,146,2,17.49
6946,6947,147,3,72.63
6947,6948,148,4,99.39
6948,6949,149,1,51.62
6949,6950,150,2,67.81
6950,6951,151,3,67.81
6951,6952,152,4,46.27
6952,6953,153,1,95.1
6953,6954,154,2,41.28
6954,6955,155,3,36.7
6955,6956,156,4,46.9
6956,6957,157,1,65.59
6957,6958,158,2,17.64
6958,6959,159,3,12.18
6959,6960,160,4,104.13
6960,6961,161,1,59.7
6961,6962,162,2,92.88
6962,6963,163,3,7.1
6963,6964,164,4,26.33
6964,6965,165,1,13.16
6965,6966,166,2,77.72
6966,6967,167,3,44.76
6967,6968,168,4,33.74
6968,6969,169,1,53.07
6969,6970,170,2,11.31
6970,6971,171,3,67.97
6971,6972,172,4,102.47
6972,6973,173,1,27.33
6973,6974,174,2,7.91
6974,6975,175,3,23.96
6975,6976,176,4,31.18
6976,6977,177,1,16.64
6977,6978,178,2,67.78
6978,6979,179,3,65.76
6979,6980,180,4,47.36
6980,6981,181,1,23.93
6981,6982,182,2,96.31
6982,6983,183,3,65.95
6983,6984,184,4,11.61
6984,6985,185,1,89.76
6985,6986,186,2,48.45
6986,6987,187,3,6.5
6987,6988,188,4,29.38
6988,6989,189,1,27.53
6989,6990,190,2,62.74
6990,6991,191,3,11.77
6991,6992,192,4,62.16
6992,6993,193,1,27.81
6993,6994,194,2,22.97
6994,6995,195,3,39.33
6995,6996,196,4,83.84
6996,6997,197,1,58.37
6997,6998,198,2,93.55
6998,6999,199,3,68.51
6999,7000,200,4,45.23
7000,7001,1,1,50.42
7001,7002,2,2,15.17
7002,7003,3,3,43.05
7003,7004,4,4,65.25
7004,7005,5,1,51.11
7005,7006,6,2,31.0
7006,7007,7,3,89.57
7007,7008,8,4,61.77
7008,7009,9,1,89.57
7009,7010,10,2,21.54
7010,7011,11,3,23.65
7011,7012,12,4,23.5
7012,7013,13,1,66.49
7013,7014,14,2,81.16
7014,7015,15,3,30.81
7015,7016,16,4,73.38
7016,7017,17,1,32.84
7017,7018,18,2,101.14
7018,7019,19,3,85.14
7019,7020,20,4,79.7
7020,7021,21,1,47.92
7021,7022,22,2,75.35
7022,7023,23,3,59.21
7023,7024,24,4,55.73
7024,7025,25,1,92.21
7025,7026,26,2,93.38
7026,7027,27,3,12.44
7027,7028,28,4,83.32
7028,7029,29,1,27.26
7029,7030,30,2,9.63
7030,7031,31,3,30.75
7031,7032,32,4,65.5
7032,7033,33,1,56.97
7033,7034,34,2,37.05
7034,7035,35,3,54.97
7035,7036,36,4,13.52
7036,7037,37,1,38.39
7037,7038,38,2,75.25
7038,7039,39,3,64.38
7039,7040,40,4,70.99
7040,7041,41,1,74.43
7041,7042,42,2,82.09
7042,7043,43,3,95.98
7043,7044,44,4,74.86
7044,7045,45,1,21.69
7045,7046,46,2,53.15
7046,7047,47,3,52.89
7047,7048,48,4,65.97
7048,7049,49,1,22.17
7049,7050,50,2,40.63
7050,7051,51,3,14.8
7051,7052,52,4,20.19
7052,7053,53,1,76.32
7053,7054,54,2,31.64
7054,7055,55,3,44.02
7055,7056,56,4,28.54
7056,7057,57,1,21.83
7057,7058,58,2,46.25
7058,7059,59,3,93.63
7059,7060,60,4,101.66
7060,7061,61,1,44.53
7061,7062,62,2,7.25
7062,7063,63,3,19.58
7063,7064,64,4,37.4
7064,7065,65,1,34.7
7065,7066,66,2,58.52
7066,7067,67,3,5.67
7067,7068,68,4,67.25
7068,7069,69,1,39.47
7069,7070,70,2,66.92
7070,7071,71,3,61.78
7071,7072,72,4,53.97
7072,7073,73,1,81.96
7073,7074,74,2,77.15
7074,7075,75,3,102.02
7075,7076,76,4,84.67
7076,7077,77,1,24.56
7077,7078,78,2,88.06
7078,7079,79,3,102.67
7079,7080,80,4,90.27
7080,7081,81,1,36.58
7081,7082,82,2,39.63
7082,7083,83,3,61.43
7083,7084,84,4,69.35
7084,7085,85,1,19.6
7085,7086,86,2,76.98
7086,7087,87,3,31.94
7087,7088,88,4,13.53
7088,7089,89,1,11.44
7089,7090,90,2,72.54
7090,7091,91,3,103.76
7091,7092,92,4,101.32
7092,7093,93,1,50.6
7093,7094,94,2,26.84
7094,7095,95,3,57.77
7095,7096,96,4,19.84
7096,7097,97,1,40.51
7097,7098,98,2,100.78
7098,7099,99,3,51.3
7099,7100,100,4,48.11
7100,7101,101,1,15.34
7101,7102,102,2,41.48
7102,7103,103,3,60.56
7103,7104,104,4,78.03
7104,7105,105,1,21.04
7105,7106,106,2,25.8
7106,7107,107,3,84.65
7107,7108,108,4,59.3
7108,7109,109,1,41.15
7109,7110,110,2,100.62
7110,7111,111,3,8.21
7111,7112,112,4,99.77
7112,7113,113,1,74.94
7113,7114,114,2,62.8
7114,7115,115,3,21.61
7115,7116,116,4,30.27
7116,7117,117,1,68.75
7117,7118,118,2,18.93
7118,7119,119,3,51.63
7119,7120,120,4,101.15
7120,7121,121,1,88.86
7121,7122,122,2,22.13
7122,7123,123,3,16.06
7123,7124,124,4,93.8
7124,7125,125,1,73.3
7125,7126,126,2,57.17
7126,7127,127,3,25.27
7127,7128,128,4,22.18
7128,7129,129,1,49.14
7129,7130,130,2,76.63
7130,7131,131,3,103.16
7131,7132,132,4,81.25
7132,7133,133,1,34.06
7133,7134,134,2,39.89
7134,7135,135,3,23.39
7135,7136,136,4,52.19
7136,7137,137,1,5.66
7137,7138,138,2,66.72
7138,7139,139,3,89.5
7139,7140,140,4,60.04
7140,7141,141,1,18.77
7141,7142,142,2,52.0
7142,7143,143,3,87.96
7143,7144,144,4,11.94
7144,7145,145,1,73.19
7145,7146,146,2,21.02
7146,7147,147,3,66.31
7147,7148,148,4,47.99
7148,7149,149,1,93.8
7149,7150,150,2,67.92
7150,7151,151,3,37.62
7151,7152,152,4,20.7
7152,7153,153,1,78.14
7153,7154,154,2,37.72
7154,7155,155,3,38.2
7155,7156,156,4,73.44
7156,7157,157,1,6.95
7157,7158,158,2,100.7
7158,7159,159,3,93.5
7159,7160,160,4,8.24
7160,7161,161,1,16.48
7161,7162,162,2,35.36
7162,7163,163,3,58.78
7163,7164,164,4,30.59
7164,7165,165,1,17.89
7165,7166,166,2,47.93
7166,7167,167,3,22.29
7167,7168,168,4,74.01
7168,7169,169,1,6.29
7169,7170,170,2,46.83
7170,7171,171,3,104.6
7171,7172,172,4,18.46
7172,7173,173,1,29.06
7173,7174,174,2,8.83
7174,7175,175,3,79.58
7175,7176,176,4,57.89
7176,7177,177,1,5.28
7177,7178,178,2,95.44
7178,7179,179,3,71.97
7179,7180,180,4,73.28
7180,7181,181,1,92.72
7181,7182,182,2,68.97
7182,7183,183,3,24.75
7183,7184,184,4,50.69
7184,7185,185,1,85.69
7185,7186,186,2,62.43
7186,7187,187,3,103.06
7187,7188,188,4,81.75
7188,7189,189,1,19.15
7189,7190,190,2,100.67
7190,7191,191,3,8.01
7191,7192,192,4,65.61
7192,7193,193,1,92.12
7193,7194,194,2,75.95
7194,7195,195,3,27.11
7195,7196,196,4,47.2
7196,7197,197,1,94.99
7197,7198,198,2,47.63
7198,7199,199,3,43.55
7199,7200,200,4,60.82
7200,7201,1,1,77.69
7201,7202,2,2,35.55
7202,7203,3,3,29.87
7203,7204,4,4,90.81
7204,7205,5,1,30.42
7205,7206,6,2,32.84
7206,7207,7,3,30.27
7207,7208,8,4,99.29
7208,7209,9,1,43.95
7209,7210,10,2,48.59
7210,7211,11,3,31.39
7211,7212,12,4,51.43
7212,7213,13,1,8.06
7213,7214,14,2,59.66
7214,7215,15,3,34.01
7215,7216,16,4,78.44
7216,7217,17,1,60.23
7217,7218,18,2,14.99
7218,7219,19,3,77.89
7219,7220,20,4,14.5
7220,7221,21,1,45.72
7221,7222,22,2,19.27
7222,7223,23,3,99.54
7223,7224,24,4,88.01
7224,7225,25,1,22.0
7225,7226,26,2,5.36
7226,7227,27,3,17.96
7227,7228,28,4,14.59
7228,7229,29,1,40.87
7229,7230,30,2,36.79
7230,7231,31,3,6.82
7231,7232,32,4,65.98
7232,7233,33,1,85.61
7233,7234,34,2,66.53
7234,7235,35,3,102.82
7235,7236,36,4,46.57
7236,7237,37,1,78.08
7237,7238,38,2,82.28
7238,7239,39,3,17.22
7239,7240,40,4,88.65
7240,7241,41,1,75.83
7241,7242,42,2,42.25
7242,7243,43,3,74.81
7243,7244,44,4,74.63
7244,7245,45,1,18.32
7245,7246,46,2,84.32
7246,7247,47,3,60.27
7247,7248,48,4,9.8
7248,7249,49,1,55.32
7249,7250,50,2,59.82
7250,7251,51,3,103.41
7251,7252,52,4,69.79
7252,7253,53,1,68.6
7253,7254,54,2,28.5
7254,7255,55,3,97.12
7255,7256,56,4,79.02
7256,7257,57,1,100.46
7257,7258,58,2,90.08
7258,7259,59,3,35.61
7259,7260,60,4,104.51
7260,7261,61,1,22.44
7261,7262,62,2,38.99
7262,7263,63,3,92.04
7263,7264,64,4,24.85
7264,7265,65,1,41.41
7265,7266,66,2,82.16
7266,7267,67,3,13.69
7267,7268,68,4,96.46
7268,7269,69,1,82.63
7269,7270,70,2,86.71
7270,7271,71,3,36.93
7271,7272,72,4,73.58
7272,7273,73,1,88.48
7273,7274,74,2,51.3
7274,7275,75,3,75.41
7275,7276,76,4,60.22
7276,7277,77,1,22.72
7277,7278,78,2,9.04
7278,7279,79,3,13.25
7279,7280,80,4,49.51
7280,7281,81,1,58.15
7281,7282,82,2,6.87
7282,7283,83,3,28.8
7283,7284,84,4,30.47
7284,7285,85,1,101.38
7285,7286,86,2,85.23
7286,7287,87,3,58.36
7287,7288,88,4,84.75
7288,7289,89,1,5.7
7289,7290,90,2,80.92
7290,7291,91,3,52.09
7291,7292,92,4,88.68
7292,7293,93,1,48.18
7293,7294,94,2,84.93
7294,7295,95,3,89.95
7295,7296,96,4,35.95
7296,7297,97,1,95.11
7297,7298,98,2,22.81
7298,7299,99,3,104.17
7299,7300,100,4,27.02
7300,7301,101,1,100.73
7301,7302,102,2,37.85
7302,7303,103,3,74.21
7303,7304,104,4,34.5
7304,7305,105,1,78.08
7305,7306,106,2,64.63
7306,7307,107,3,23.1
7307,7308,108,4,37.6
7308,7309,109,1,84.35
7309,7310,110,2,61.35
7310,7311,111,3,49.3
7311,7312,112,4,49.49
7312,7313,113,1,64.96
7313,7314,114,2,103.26
7314,7315,115,3,13.83
7315,7316,116,4,73.06
7316,7317,117,1,83.53
7317,7318,118,2,103.94
7318,7319,119,3,84.75
7319,7320,120,4,27.35
7320,7321,121,1,75.86
7321,7322,122,2,80.86
7322,7323,123,3,51.77
7323,7324,124,4,102.16
7324,7325,125,1,49.22
7325,7326,126,2,30.01
7326,7327,127,3,81.71
7327,7328,128,4,73.28
7328,7329,129,1,13.78
7329,7330,130,2,43.91
7330,7331,131,3,59.95
7331,7332,132,4,102.89
7332,7333,133,1,89.89
7333,7334,134,2,101.8
7334,7335,135,3,62.04
7335,7336,136,4,96.16
7336,7337,137,1,8.9
7337,7338,138,2,80.65
7338,7339,139,3,92.82
7339,7340,140,4,70.93
7340,7341,141,1,101.43
7341,7342,142,2,23.15
7342,7343,143,3,82.66
7343,7344,144,4,25.14
7344,7345,145,1,75.93
7345,7346,146,2,64.51
7346,7347,147,3,42.6
7347,7348,148,4,5.78
7348,7349,149,1,56.4
7349,7350,150,2,32.23
7350,7351,151,3,48.26
7351,7352,152,4,79.83
7352,7353,153,1,17.99
7353,7354,154,2,55.76
7354,7355,155,3,62.78
7355,7356,156,4,56.62
7356,7357,157,1,66.74
7357,7358,158,2,27.73
7358,7359,159,3,73.69
7359,7360,160,4,97.07
7360,7361,161,1,33.08
7361,7362,162,2,95.25
7362,7363,163,3,79.05
7363,7364,164,4,79.77
7364,7365,165,1,78.05
7365,7366,166,2,62.22
7366,7367,167,3,80.51
7367,7368,168,4,52.92
7368,7369,169,1,93.39
7369,7370,170,2,89.56
7370,7371,171,3,17.66
7371,7372,172,4,15.51
7372,7373,173,1,95.64
7373,7374,174,2,37.84
7374,7375,175,3,44.39
7375,7376,176,4,9.86
7376,7377,177,1,83.31
7377,7378,178,2,89.9
7378,7379,179,3,26.12
7379,7380,180,4,72.68
7380,7381,181,1,79.82
7381,7382,182,2,93.19
7382,7383,183,3,72.66
7383,7384,184,4,93.25
7384,7385,185,1,19.55
7385,7386,186,2,41.55
7386,7387,187,3,69.27
7387,7388,188,4,99.34
7388,7389,189,1,91.08
7389,7390,190,2,56.21
7390,7391,191,3,56.25
7391,7392,192,4,15.49
7392,7393,193,1,82.3
7393,7394,194,2,30.82
7394,7395,195,3,28.49
7395,7396,196,4,62.54
7396,7397,197,1,44.59
7397,7398,198,2,29.27
7398,7399,199,3,76.18
7399,7400,200,4,94.65
7400,7401,1,1,5.86
7401,7402,2,2,5.41
7402,7403,3,3,28.72
7403,7404,4,4,63.74
7404,7405,5,1,66.55
7405,7406,6,2,103.02
7406,7407,7,3,89.97
7407,7408,8,4,99.26
7408,7409,9,1,70.35
7409,7410,10,2,34.72
7410,7411,11,3,32.67
7411,7412,12,4,51.26
7412,7413,13,1,95.07
7413,7414,14,2,70.94
7414,7415,15,3,91.95
7415,7416,16,4,35.97
7416,7417,17,1,16.03
7417,7418,18,2,101.3
7418,7419,19,3,50.19
7419,7420,20,4,63.15
7420,7421,21,1,87.83
7421,7422,22,2,79.38
7422,7423,23,3,18.54
7423,7424,24,4,69.02
7424,7425,25,1,97.63
7425,7426,26,2,33.48
7426,7427,27,3,28.23
7427,7428,28,4,81.86
7428,7429,29,1,88.03
7429,7430,30,2,104.35
7430,7431,31,3,15.91
7431,7432,32,4,44.1
7432,7433,33,1,98.67
7433,7434,34,2,78.36
7434,7435,35,3,29.95
7435,7436,36,4,62.97
7436,7437,37,1,96.96
7437,7438,38,2,25.93
7438,7439,39,3,66.12
7439,7440,40,4,37.94
7440,7441,41,1,67.67
7441,7442,42,2,76.06
7442,7443,43,3,61.77
7443,7444,44,4,10.42
7444,7445,45,1,86.24
7445,7446,46,2,75.4
7446,7447,47,3,62.23
7447,7448,48,4,47.92
7448,7449,49,1,55.63
7449,7450,50,2,36.42
7450,7451,51,3,55.74
7451,7452,52,4,27.3
7452,7453,53,1,72.19
7453,7454,54,2,37.99
7454,7455,55,3,71.6
7455,7456,56,4,84.74
7456,7457,57,1,12.2
7457,7458,58,2,52.7
7458,7459,59,3,35.94
7459,7460,60,4,87.38
7460,7461,61,1,104.1
7461,7462,62,2,72.72
7462,7463,63,3,53.88
7463,7464,64,4,100.52
7464,7465,65,1,26.05
7465,7466,66,2,104.61
7466,7467,67,3,70.22
7467,7468,68,4,14.79
7468,7469,69,1,73.67
7469,7470,70,2,51.6
7470,7471,71,3,100.73
7471,7472,72,4,14.39
7472,7473,73,1,97.12
7473,7474,74,2,68.68
7474,7475,75,3,24.33
7475,7476,76,4,70.76
7476,7477,77,1,69.19
7477,7478,78,2,5.26
7478,7479,79,3,55.79
7479,7480,80,4,26.79
7480,7481,81,1,63.39
7481,7482,82,2,19.86
7482,7483,83,3,24.74
7483,7484,84,4,76.16
7484,7485,85,1,37.15
7485,7486,86,2,6.37
7486,7487,87,3,95.42
7487,7488,88,4,45.88
7488,7489,89,1,63.79
7489,7490,90,2,39.01
7490,7491,91,3,100.39
7491,7492,92,4,38.3
7492,7493,93,1,81.58
7493,7494,94,2,77.8
7494,7495,95,3,27.42
7495,7496,96,4,81.5
7496,7497,97,1,101.2
7497,7498,98,2,97.97
7498,7499,99,3,73.34
7499,7500,100,4,44.26
7500,7501,101,1,24.56
7501,7502,102,2,50.86
7502,7503,103,3,36.36
7503,7504,104,4,72.1
7504,7505,105,1,38.1
7505,7506,106,2,16.89
7506,7507,107,3,67.31
7507,7508,108,4,20.59
7508,7509,109,1,64.42
7509,7510,110,2,10.36
7510,7511,111,3,18.97
7511,7512,112,4,17.8
7512,7513,113,1,31.78
7513,7514,114,2,53.73
7514,7515,115,3,34.2
7515,7516,116,4,84.22
7516,7517,117,1,37.97
7517,7518,118,2,8.34
7518,7519,119,3,29.3
7519,7520,120,4,40.69
7520,7521,121,1,41.81
7521,7522,122,2,74.49
7522,7523,123,3,103.67
7523,7524,124,4,9.19
7524,7525,125,1,103.2
7525,7526,126,2,8.67
7526,7527,127,3,46.11
7527,7528,128,4,52.03
7528,7529,129,1,12.36
7529,7530,130,2,46.81
7530,7531,131,3,35.92
7531,7532,132,4,98.7
7532,7533,133,1,84.3
7533,7534,134,2,61.36
7534,7535,135,3,84.93
7535,7536,136,4,84.92
7536,7537,137,1,16.12
7537,7538,138,2,21.01
7538,7539,139,3,60.1
7539,7540,140,4,29.93
7540,7541,141,1,71.27
7541,7542,142,2,14.32
7542,7543,143,3,68.49
7543,7544,144,4,52.76
7544,7545,145,1,78.24
7545,7546,146,2,83.57
7546,7547,147,3,89.27
7547,7548,148,4,37.49
7548,7549,149,1,48.76
7549,7550,150,2,45.52
7550,7551,151,3,95.61
7551,7552,152,4,21.89
7552,7553,153,1,19.94
7553,7554,154,2,102.84
7554,7555,155,3,69.91
7555,7556,156,4,70.62
7556,7557,157,1,68.23
7557,7558,158,2,41.47
7558,7559,159,3,34.6
7559,7560,160,4,46.92
7560,7561,161,1,74.5
7561,7562,162,2,29.83
7562,7563,163,3,5.44
7563,7564,164,4,30.67
7564,7565,165,1,41.97
7565,7566,166,2,86.13
7566,7567,167,3,39.01
7567,7568,168,4,38.3
7568,7569,169,1,17.61
7569,7570,170,2,45.79
7570,7571,171,3,75.57
7571,7572,172,4,47.87
7572,7573,173,1,54.97
7573,7574,174,2,53.73
7574,7575,175,3,58.89
7575,7576,176,4,85.2
7576,7577,177,1,36.16
7577,7578,178,2,84.36
7578,7579,179,3,28.21
7579,7580,180,4,18.69
7580,7581,181,1,45.99
7581,7582,182,2,103.62
7582,7583,183,3,62.66
7583,7584,184,4,65.06
7584,7585,185,1,31.29
7585,7586,186,2,87.35
7586,7587,187,3,8.54
7587,7588,188,4,56.95
7588,7589,189,1,74.43
7589,7590,190,2,87.48
7590,7591,191,3,45.03
7591,7592,192,4,42.7
7592,7593,193,1,71.07
7593,7594,194,2,86.96
7594,7595,195,3,19.21
7595,7596,196,4,100.99
7596,7597,197,1,93.98
7597,7598,198,2,61.28
7598,7599,199,3,23.37
7599,7600,200,4,73.57
7600,7601,1,1,19.97
7601,7602,2,2,61.42
7602,7603,3,3,42.45
7603,7604,4,4,38.72
7604,7605,5,1,7.34
7605,7606,6,2,15.42
7606,7607,7,3,82.33
7607,7608,8,4,8.71
7608,7609,9,1,69.33
7609,7610,10,2,96.6
7610,7611,11,3,7.38
7611,7612,12,4,77.13
7612,7613,13,1,100.62
7613,7614,14,2,72.82
7614,7615,15,3,22.26
7615,7616,16,4,10.58
7616,7617,17,1,63.4
7617,7618,18,2,25.88
7618,7619,19,3,35.93
7619,7620,20,4,8.32
7620,7621,21,1,48.64
7621,7622,22,2,52.56
7622,7623,23,3,21.36
7623,7624,24,4,16.45
7624,7625,25,1,23.23
7625,7626,26,2,12.39
7626,7627,27,3,69.91
7627,7628,28,4,73.59
7628,7629,29,1,80.49
7629,7630,30,2,86.79
7630,7631,31,3,63.82
7631,7632,32,4,68.52
7632,7633,33,1,88.91
7633,7634,34,2,79.06
7634,7635,35,3,20.76
7635,7636,36,4,96.99
7636,7637,37,1,83.32
7637,7638,38,2,65.94
7638,7639,39,3,16.25
7639,7640,40,4,90.01
7640,7641,41,1,27.43
7641,7642,42,2,53.04
7642,7643,43,3,20.96
7643,7644,44,4,96.96
7644,7645,45,1,9.21
7645,7646,46,2,10.57
7646,7647,47,3,60.92
7647,7648,48,4,93.45
7648,7649,49,1,56.09
7649,7650,50,2,70.24
7650,7651,51,3,49.45
7651,7652,52,4,32.97
7652,7653,53,1,50.4
7653,7654,54,2,10.41
7654,7655,55,3,33.61
7655,7656,56,4,60.97
7656,7657,57,1,54.1
7657,7658,58,2,59.15
7658,7659,59,3,93.91
7659,7660,60,4,83.93
7660,7661,61,1,94.07
7661,7662,62,2,98.35
7662,7663,63,3,11.21
7663,7664,64,4,24.35
7664,7665,65,1,20.88
7665,7666,66,2,71.02
7666,7667,67,3,88.06
7667,7668,68,4,79.73
7668,7669,69,1,7.58
7669,7670,70,2,12.92
7670,7671,71,3,104.68
7671,7672,72,4,47.14
7672,7673,73,1,62.69
7673,7674,74,2,10.3
7674,7675,75,3,34.11
7675,7676,76,4,46.6
7676,7677,77,1,46.91
7677,7678,78,2,55.33
7678,7679,79,3,37.4
7679,7680,80,4,79.07
7680,7681,81,1,32.08
7681,7682,82,2,45.84
7682,7683,83,3,89.46
7683,7684,84,4,46.7
7684,7685,85,1,74.26
7685,7686,86,2,6.95
7686,7687,87,3,47.66
7687,7688,88,4,88.03
7688,7689,89,1,31.53
7689,7690,90,2,20.56
7690,7691,91,3,67.76
7691,7692,92,4,96.68
7692,7693,93,1,104.93
7693,7694,94,2,22.69
7694,7695,95,3,51.1
7695,7696,96,4,50.3
7696,7697,97,1,51.58
7697,7698,98,2,30.06
7698,7699,99,3,54.48
7699,7700,100,4,95.61
7700,7701,101,1,31.09
7701,7702,102,2,49.15
7702,7703,103,3,86.05
7703,7704,104,4,74.91
7704,7705,105,1,32.26
7705,7706,106,2,36.81
7706,7707,107,3,51.81
7707,7708,108,4,82.54
7708,7709,109,1,10.29
7709,7710,110,2,48.4
7710,7711,111,3,19.23
7711,7712,112,4,66.48
7712,7713,113,1,55.01
7713,7714,114,2,50.38
7714,7715,115,3,97.13
7715,7716,116,4,59.58
7716,7717,117,1,20.51
7717,7718,118,2,57.25
7718,7719,119,3,84.56
7719,7720,120,4,18.63
7720,7721,121,1,84.66
7721,7722,122,2,19.66
7722,7723,123,3,45.11
7723,7724,124,4,76.96
7724,7725,125,1,75.74
7725,7726,126,2,80.59
7726,7727,127,3,30.72
7727,7728,128,4,48.75
7728,7729,129,1,5.13
7729,7730,130,2,24.59
7730,7731,131,3,54.27
7731,7732,132,4,69.55
7732,7733,133,1,99.15
7733,7734,134,2,8.33
7734,7735,135,3,43.72
7735,7736,136,4,76.72
7736,7737,137,1,59.27
7737,7738,138,2,6.06
7738,7739,139,3,25.13
7739,7740,140,4,74.0
7740,7741,141,1,101.37
7741,7742,142,2,45.14
7742,7743,143,3,35.56
7743,7744,144,4,52.2
7744,7745,145,1,91.99
7745,7746,146,2,88.81
7746,7747,147,3,68.6
7747,7748,148,4,19.43
7748,7749,149,1,63.26
7749,7750,150,2,24.09
7750,7751,151,3,17.32
7751,7752,152,4,22.42
7752,7753,153,1,81.18
7753,7754,154,2,31.25
7754,7755,155,3,60.66
7755,7756,156,4,41.1
7756,7757,157,1,103.3
7757,7758,158,2,72.23
7758,7759,159,3,32.01
7759,7760,160,4,88.85
7760,7761,161,1,84.18
7761,7762,162,2,13.47
7762,7763,163,3,65.39
7763,7764,164,4,102.71
7764,7765,165,1,60.64
7765,7766,166,2,31.17
7766,7767,167,3,6.97
7767,7768,168,4,49.0
7768,7769,169,1,98.1
7769,7770,170,2,16.85
7770,7771,171,3,5.12
7771,7772,172,4,56.44
7772,7773,173,1,77.39
7773,7774,174,2,45.04
7774,7775,175,3,92.22
7775,7776,176,4,15.28
7776,7777,177,1,22.06
7777,7778,178,2,52.95
7778,7779,179,3,69.89
7779,7780,180,4,77.45
7780,7781,181,1,10.48
7781,7782,182,2,87.7
7782,7783,183,3,10.82
7783,7784,184,4,27.61
7784,7785,185,1,47.46
7785,7786,186,2,59.8
7786,7787,187,3,42.3
7787,7788,188,4,49.26
7788,7789,189,1,42.93
7789,7790,190,2,74.94
7790,7791,191,3,69.81
7791,7792,192,4,34.37
7792,7793,193,1,13.32
7793,7794,194,2,10.37
7794,7795,195,3,102.44
7795,7796,196,4,14.16
7796,7797,197,1,97.64
7797,7798,198,2,62.06
7798,7799,199,3,5.05
7799,7800,200,4,72.63
7800,7801,1,1,10.1
7801,7802,2,2,15.61
7802,7803,3,3,60.53
7803,7804,4,4,41.21
7804,7805,5,1,77.65
7805,7806,6,2,6.18
7806,7807,7,3,9.81
7807,7808,8,4,39.8
7808,7809,9,1,33.91
7809,7810,10,2,52.36
7810,7811,11,3,73.61
7811,7812,12,4,98.03
7812,7813,13,1,27.96
7813,7814,14,2,73.27
7814,7815,15,3,22.56
7815,7816,16,4,13.19
7816,7817,17,1,103.98
7817,7818,18,2,22.21
7818,7819,19,3,95.12
7819,7820,20,4,52.07
7820,7821,21,1,95.45
7821,7822,22,2,84.06
7822,7823,23,3,52.34
7823,7824,24,4,69.84
7824,7825,25,1,72.44
7825,7826,26,2,70.4
7826,7827,27,3,91.01
7827,7828,28,4,38.38
7828,7829,29,1,28.01
7829,7830,30,2,64.91
7830,7831,31,3,37.13
7831,7832,32,4,91.71
7832,7833,33,1,103.78
7833,7834,34,2,79.82
7834,7835,35,3,30.44
7835,7836,36,4,81.01
7836,7837,37,1,39.65
7837,7838,38,2,43.36
7838,7839,39,3,72.82
7839,7840,40,4,66.55
7840,7841,41,1,79.2
7841,7842,42,2,71.89
7842,7843,43,3,21.58
7843,7844,44,4,33.13
7844,7845,45,1,45.45
7845,7846,46,2,16.3
7846,7847,47,3,82.86
7847,7848,48,4,26.12
7848,7849,49,1,34.17
7849,7850,50,2,99.12
7850,7851,51,3,83.69
7851,7852,52,4,90.08
7852,7853,53,1,14.29
7853,7854,54,2,94.81
7854,7855,55,3,23.77
7855,7856,56,4,50.86
7856,7857,57,1,83.1
7857,7858,58,2,66.26
7858,7859,59,3,27.98
7859,7860,60,4,49.41
7860,7861,61,1,47.37
7861,7862,62,2,80.16
7862,7863,63,3,79.16
7863,7864,64,4,82.14
7864,7865,65,1,73.67
7865,7866,66,2,49.73
7866,7867,67,3,58.36
7867,7868,68,4,79.35
7868,7869,69,1,95.05
7869,7870,70,2,81.71
7870,7871,71,3,5.48
7871,7872,72,4,58.02
7872,7873,73,1,39.35
7873,7874,74,2,81.68
7874,7875,75,3,85.83
7875,7876,76,4,50.78
7876,7877,77,1,64.87
7877,7878,78,2,9.64
7878,7879,79,3,41.32
7879,7880,80,4,34.83
7880,7881,81,1,77.36
7881,7882,82,2,56.62
7882,7883,83,3,12.88
7883,7884,84,4,32.29
7884,7885,85,1,66.23
7885,7886,86,2,56.55
7886,7887,87,3,26.14
7887,7888,88,4,86.95
7888,7889,89,1,38.74
7889,7890,90,2,45.08
7890,7891,91,3,33.32
7891,7892,92,4,9.51
7892,7893,93,1,40.55
7893,7894,94,2,30.55
7894,7895,95,3,38.07
7895,7896,96,4,61.49
7896,7897,97,1,62.76
7897,7898,98,2,48.67
7898,7899,99,3,23.27
7899,7900,100,4,42.39
7900,7901,101,1,29.35
7901,7902,102,2,19.54
7902,7903,103,3,49.14
7903,7904,104,4,64.12
7904,7905,105,1,14.72
7905,7906,106,2,16.66
7906,7907,107,3,74.15
7907,7908,108,4,10.68
7908,7909,109,1,75.11
7909,7910,110,2,42.19
7910,7911,111,3,74.3
7911,7912,112,4,12.08
7912,7913,113,1,58.42
7913,7914,114,2,46.04
7914,7915,115,3,47.43
7915,7916,116,4,56.17
7916,7917,117,1,60.39
7917,7918,118,2,104.55
7918,7919,119,3,37.15
7919,7920,120,4,27.24
7920,7921,121,1,21.59
7921,7922,122,2,29.28
7922,7923,123,3,87.68
7923,7924,124,4,46.2
7924,7925,125,1,55.01
7925,7926,126,2,25.96
7926,7927,127,3,86.87
7927,7928,128,4,50.4
7928,7929,129,1,74.44
7929,7930,130,2,70.08
7930,7931,131,3,74.32
7931,7932,132,4,90.14
7932,7933,133,1,5.83
7933,7934,134,2,80.94
7934,7935,135,3,93.47
7935,7936,136,4,19.78
7936,7937,137,1,90.84
7937,7938,138,2,31.47
7938,7939,139,3,39.62
7939,7940,140,4,101.78
7940,7941,141,1,54.53
7941,7942,142,2,98.24
7942,7943,143,3,5.87
7943,7944,144,4,90.16
7944,7945,145,1,34.65
7945,7946,146,2,87.62
7946,7947,147,3,87.26
7947,7948,148,4,56.7
7948,7949,149,1,93.44
7949,7950,150,2,53.43
7950,7951,151,3,84.17
7951,7952,152,4,91.45
7952,7953,153,1,76.83
7953,7954,154,2,19.09
7954,7955,155,3,11.42
7955,7956,156,4,80.87
7956,7957,157,1,33.19
7957,7958,158,2,102.17
7958,7959,159,3,30.54
7959,7960,160,4,77.88
7960,7961,161,1,33.0
7961,7962,162,2,35.5
7962,7963,163,3,5.49
7963,7964,164,4,22.45
7964,7965,165,1,29.79
7965,7966,166,2,50.57
7966,7967,167,3,15.37
7967,7968,168,4,77.11
7968,7969,169,1,96.89
7969,7970,170,2,73.22
7970,7971,171,3,103.67
7971,7972,172,4,92.96
7972,7973,173,1,13.06
7973,7974,174,2,47.98
7974,7975,175,3,50.8
7975,7976,176,4,54.9
7976,7977,177,1,58.53
7977,7978,178,2,85.87
7978,7979,179,3,39.41
7979,7980,180,4,19.41
7980,7981,181,1,88.22
7981,7982,182,2,23.09
7982,7983,183,3,49.6
7983,7984,184,4,99.27
7984,7985,185,1,47.79
7985,7986,186,2,96.95
7986,7987,187,3,56.85
7987,7988,188,4,66.87
7988,7989,189,1,63.97
7989,7990,190,2,59.18
7990,7991,191,3,51.1
7991,7992,192,4,52.06
7992,7993,193,1,34.32
7993,7994,194,2,37.94
7994,7995,195,3,30.8
7995,7996,196,4,50.19
7996,7997,197,1,34.49
7997,7998,198,2,11.93
7998,7999,199,3,32.76
7999,8000,200,4,16.55
8000,8001,1,1,66.04
8001,8002,2,2,104.51
8002,8003,3,3,77.2
8003,8004,4,4,63.12
8004,8005,5,1,74.19
8005,8006,6,2,26.3
8006,8007,7,3,104.47
8007,8008,8,4,96.69
8008,8009,9,1,74.13
8009,8010,10,2,101.26
8010,8011,11,3,48.5
8011,8012,12,4,74.54
8012,8013,13,1,38.29
8013,8014,14,2,104.1
8014,8015,15,3,103.79
8015,8016,16,4,63.14
8016,8017,17,1,30.12
8017,8018,18,2,94.58
8018,8019,19,3,56.59
8019,8020,20,4,7.72
8020,8021,21,1,20.32
8021,8022,22,2,32.88
8022,8023,23,3,102.75
8023,8024,24,4,33.63
8024,8025,25,1,34.46
8025,8026,26,2,65.4
8026,8027,27,3,47.19
8027,8028,28,4,83.83
8028,8029,29,1,39.95
8029,8030,30,2,16.88
8030,8031,31,3,93.71
8031,8032,32,4,103.12
8032,8033,33,1,45.96
8033,8034,34,2,85.33
8034,8035,35,3,18.61
8035,8036,36,4,18.23
8036,8037,37,1,97.16
8037,8038,38,2,91.78
8038,8039,39,3,11.21
8039,8040,40,4,99.19
8040,8041,41,1,51.53
8041,8042,42,2,70.72
8042,8043,43,3,38.53
8043,8044,44,4,30.23
8044,8045,45,1,8.03
8045,8046,46,2,36.61
8046,8047,47,3,28.21
8047,8048,48,4,42.88
8048,8049,49,1,18.13
8049,8050,50,2,18.05
8050,8051,51,3,68.57
8051,8052,52,4,34.95
8052,8053,53,1,29.81
8053,8054,54,2,26.32
8054,8055,55,3,49.0
8055,8056,56,4,72.52
8056,8057,57,1,85.84
8057,8058,58,2,96.36
8058,8059,59,3,76.55
8059,8060,60,4,95.84
8060,8061,61,1,11.74
8061,8062,62,2,46.39
8062,8063,63,3,69.87
8063,8064,64,4,33.43
8064,8065,65,1,50.66
8065,8066,66,2,92.43
8066,8067,67,3,46.84
8067,8068,68,4,91.16
8068,8069,69,1,84.98
8069,8070,70,2,15.51
8070,8071,71,3,67.55
8071,8072,72,4,25.97
8072,8073,73,1,74.85
8073,8074,74,2,54.15
8074,8075,75,3,89.74
8075,8076,76,4,60.76
8076,8077,77,1,53.83
8077,8078,78,2,80.83
8078,8079,79,3,9.75
8079,8080,80,4,44.51
8080,8081,81,1,12.76
8081,8082,82,2,74.7
8082,8083,83,3,34.88
8083,8084,84,4,67.26
8084,8085,85,1,56.07
8085,8086,86,2,56.36
8086,8087,87,3,42.67
8087,8088,88,4,40.36
8088,8089,89,1,37.61
8089,8090,90,2,88.34
8090,8091,91,3,12.99
8091,8092,92,4,98.01
8092,8093,93,1,21.52
8093,8094,94,2,90.45
8094,8095,95,3,73.07
8095,8096,96,4,22.6
8096,8097,97,1,18.95
8097,8098,98,2,98.81
8098,8099,99,3,96.49
8099,8100,100,4,57.33
8100,8101,101,1,59.03
8101,8102,102,2,48.28
8102,8103,103,3,9.15
8103,8104,104,4,97.53
8104,8105,105,1,88.42
8105,8106,106,2,66.35
8106,8107,107,3,44.01
8107,8108,108,4,97.23
8108,8109,109,1,65.57
8109,8110,110,2,81.12
8110,8111,111,3,22.56
8111,8112,112,4,55.15
8112,8113,113,1,20.63
8113,8114,114,2,74.27
8114,8115,115,3,58.26
8115,8116,116,4,33.66
8116,8117,117,1,93.34
8117,8118,118,2,37.83
8118,8119,119,3,9.45
8119,8120,120,4,12.92
8120,8121,121,1,27.02
8121,8122,122,2,72.45
8122,8123,123,3,86.45
8123,8124,124,4,59.04
8124,8125,125,1,91.7
8125,8126,126,2,51.03
8126,8127,127,3,84.27
8127,8128,128,4,80.46
8128,8129,129,1,21.76
8129,8130,130,2,79.58
8130,8131,131,3,96.8
8131,8132,132,4,25.8
8132,8133,133,1,48.26
8133,8134,134,2,43.16
8134,8135,135,3,48.65
8135,8136,136,4,34.3
8136,8137,137,1,83.76
8137,8138,138,2,97.95
8138,8139,139,3,79.9
8139,8140,140,4,59.51
8140,8141,141,1,18.62
8141,8142,142,2,99.47
8142,8143,143,3,75.24
8143,8144,144,4,82.78
8144,8145,145,1,23.62
8145,8146,146,2,19.4
8146,8147,147,3,51.28
8147,8148,148,4,42.87
8148,8149,149,1,7.91
8149,8150,150,2,29.32
8150,8151,151,3,5.63
8151,8152,152,4,104.39
8152,8153,153,1,53.31
8153,8154,154,2,61.1
8154,8155,155,3,88.12
8155,8156,156,4,48.76
8156,8157,157,1,13.0
8157,8158,158,2,79.34
8158,8159,159,3,45.67
8159,8160,160,4,71.58
8160,8161,161,1,27.76
8161,8162,162,2,27.19
8162,8163,163,3,68.77
8163,8164,164,4,39.7
8164,8165,165,1,92.01
8165,8166,166,2,80.67
8166,8167,167,3,100.6
8167,8168,168,4,75.42
8168,8169,169,1,53.03
8169,8170,170,2,39.21
8170,8171,171,3,47.53
8171,8172,172,4,24.29
8172,8173,173,1,70.04
8173,8174,174,2,90.88
8174,8175,175,3,90.14
8175,8176,176,4,50.29
8176,8177,177,1,69.43
8177,8178,178,2,81.71
8178,8179,179,3,10.59
8179,8180,180,4,38.06
8180,8181,181,1,38.97
8181,8182,182,2,40.65
8182,8183,183,3,63.4
8183,8184,184,4,26.83
8184,8185,185,1,99.15
8185,8186,186,2,82.59
8186,8187,187,3,27.06
8187,8188,188,4,68.6
8188,8189,189,1,87.49
8189,8190,190,2,22.02
8190,8191,191,3,39.44
8191,8192,192,4,97.45
8192,8193,193,1,49.82
8193,8194,194,2,96.16
8194,8195,195,3,36.22
8195,8196,196,4,21.32
8196,8197,197,1,30.46
8197,8198,198,2,81.33
8198,8199,199,3,102.1
8199,8200,200,4,38.11
8200,8201,1,1,38.78
8201,8202,2,2,95.82
8202,8203,3,3,57.12
8203,8204,4,4,77.64
8204,8205,5,1,75.04
8205,8206,6,2,27.29
8206,8207,7,3,62.88
8207,8208,8,4,49.99
8208,8209,9,1,96.55
8209,8210,10,2,50.82
8210,8211,11,3,8.87
8211,8212,12,4,15.43
8212,8213,13,1,46.56
8213,8214,14,2,102.11
8214,8215,15,3,58.74
8215,8216,16,4,100.43
8216,8217,17,1,40.97
8217,8218,18,2,63.38
8218,8219,19,3,68.76
8219,8220,20,4,91.42
8220,8221,21,1,44.97
8221,8222,22,2,69.49
8222,8223,23,3,28.28
8223,8224,24,4,44.1
8224,8225,25,1,83.68
8225,8226,26,2,92.38
8226,8227,27,3,43.01
8227,8228,28,4,6.02
8228,8229,29,1,101.39
8229,8230,30,2,32.85
8230,8231,31,3,72.12
8231,8232,32,4,94.78
8232,8233,33,1,79.61
8233,8234,34,2,48.12
8234,8235,35,3,79.61
8235,8236,36,4,25.72
8236,8237,37,1,76.17
8237,8238,38,2,67.36
8238,8239,39,3,12.06
8239,8240,40,4,73.98
8240,8241,41,1,33.34
8241,8242,42,2,65.23
8242,8243,43,3,40.22
8243,8244,44,4,51.52
8244,8245,45,1,73.95
8245,8246,46,2,7.9
8246,8247,47,3,70.92
8247,8248,48,4,47.32
8248,8249,49,1,21.17
8249,8250,50,2,72.74
8250,8251,51,3,31.18
8251,8252,52,4,36.28
8252,8253,53,1,89.03
8253,8254,54,2,72.75
8254,8255,55,3,32.9
8255,8256,56,4,20.97
8256,8257,57,1,32.46
8257,8258,58,2,53.82
8258,8259,59,3,7.4
8259,8260,60,4,60.52
8260,8261,61,1,37.3
8261,8262,62,2,10.92
8262,8263,63,3,17.88
8263,8264,64,4,76.84
8264,8265,65,1,27.54
8265,8266,66,2,100.52
8266,8267,67,3,62.59
8267,8268,68,4,7.89
8268,8269,69,1,16.73
8269,8270,70,2,77.13
8270,8271,71,3,55.46
8271,8272,72,4,14.11
8272,8273,73,1,80.92
8273,8274,74,2,19.38
8274,8275,75,3,27.38
8275,8276,76,4,40.59
8276,8277,77,1,59.97
8277,8278,78,2,10.33
8278,8279,79,3,94.11
8279,8280,80,4,59.81
8280,8281,81,1,104.82
8281,8282,82,2,8.82
8282,8283,83,3,72.37
8283,8284,84,4,99.66
8284,8285,85,1,41.6
8285,8286,86,2,26.85
8286,8287,87,3,50.7
8287,8288,88,4,88.77
8288,8289,89,1,24.77
8289,8290,90,2,45.37
8290,8291,91,3,7.12
8291,8292,92,4,68.59
8292,8293,93,1,49.99
8293,8294,94,2,21.57
8294,8295,95,3,81.69
8295,8296,96,4,12.09
8296,8297,97,1,36.88
8297,8298,98,2,43.1
8298,8299,99,3,65.82
8299,8300,100,4,71.01
8300,8301,101,1,41.81
8301,8302,102,2,74.68
8302,8303,103,3,63.14
8303,8304,104,4,94.8
8304,8305,105,1,40.35
8305,8306,106,2,54.46
8306,8307,107,3,61.83
8307,8308,108,4,66.16
8308,8309,109,1,42.09
8309,8310,110,2,41.78
8310,8311,111,3,94.1
8311,8312,112,4,37.42
8312,8313,113,1,69.85
8313,8314,114,2,73.83
8314,8315,115,3,43.67
8315,8316,116,4,61.31
8316,8317,117,1,68.15
8317,8318,118,2,49.31
8318,8319,119,3,35.04
8319,8320,120,4,41.45
8320,8321,121,1,94.01
8321,8322,122,2,88.98
8322,8323,123,3,94.76
8323,8324,124,4,60.92
8324,8325,125,1,67.43
8325,8326,126,2,99.21
8326,8327,127,3,73.97
8327,8328,128,4,18.1
8328,8329,129,1,90.32
8329,8330,130,2,94.69
8330,8331,131,3,19.34
8331,8332,132,4,98.3
8332,8333,133,1,99.24
8333,8334,134,2,94.42
8334,8335,135,3,82.36
8335,8336,136,4,69.52
8336,8337,137,1,55.06
8337,8338,138,2,82.48
8338,8339,139,3,12.43
8339,8340,140,4,70.01
8340,8341,141,1,14.63
8341,8342,142,2,11.71
8342,8343,143,3,67.92
8343,8344,144,4,23.5
8344,8345,145,1,34.94
8345,8346,146,2,95.77
8346,8347,147,3,54.14
8347,8348,148,4,76.05
8348,8349,149,1,36.97
8349,8350,150,2,11.0
8350,8351,151,3,25.45
8351,8352,152,4,83.95
8352,8353,153,1,71.48
8353,8354,154,2,52.36
8354,8355,155,3,43.57
8355,8356,156,4,67.3
8356,8357,157,1,31.21
8357,8358,158,2,25.25
8358,8359,159,3,56.29
8359,8360,160,4,82.46
8360,8361,161,1,19.15
8361,8362,162,2,100.11
8362,8363,163,3,23.86
8363,8364,164,4,77.88
8364,8365,165,1,73.32
8365,8366,166,2,29.2
8366,8367,167,3,77.35
8367,8368,168,4,14.16
8368,8369,169,1,21.85
8369,8370,170,2,104.2
8370,8371,171,3,92.81
8371,8372,172,4,33.57
8372,8373,173,1,78.68
8373,8374,174,2,22.29
8374,8375,175,3,25.03
8375,8376,176,4,82.29
8376,8377,177,1,28.36
8377,8378,178,2,69.4
8378,8379,179,3,84.43
8379,8380,180,4,7.21
8380,8381,181,1,30.05
8381,8382,182,2,22.6
8382,8383,183,3,76.65
8383,8384,184,4,87.27
8384,8385,185,1,95.12
8385,8386,186,2,41.17
8386,8387,187,3,88.05
8387,8388,188,4,21.48
8388,8389,189,1,52.82
8389,8390,190,2,36.7
8390,8391,191,3,61.82
8391,8392,192,4,75.74
8392,8393,193,1,33.23
8393,8394,194,2,86.73
8394,8395,195,3,65.78
8395,8396,196,4,30.29
8396,8397,197,1,18.63
8397,8398,198,2,96.09
8398,8399,199,3,28.67
8399,8400,200,4,20.39
8400,8401,1,1,35.25
8401,8402,2,2,5.82
8402,8403,3,3,60.37
8403,8404,4,4,64.43
8404,8405,5,1,100.48
8405,8406,6,2,83.17
8406,8407,7,3,25.39
8407,8408,8,4,35.26
8408,8409,9,1,101.32
8409,8410,10,2,102.74
8410,8411,11,3,31.2
8411,8412,12,4,55.23
8412,8413,13,1,41.69
8413,8414,14,2,11.87
8414,8415,15,3,26.43
8415,8416,16,4,81.71
8416,8417,17,1,67.34
8417,8418,18,2,74.19
8418,8419,19,3,94.25
8419,8420,20,4,47.75
8420,8421,21,1,46.6
8421,8422,22,2,23.56
8422,8423,23,3,28.92
8423,8424,24,4,86.94
8424,8425,25,1,16.6
8425,8426,26,2,16.65
8426,8427,27,3,7.59
8427,8428,28,4,21.54
8428,8429,29,1,13.63
8429,8430,30,2,74.58
8430,8431,31,3,25.38
8431,8432,32,4,13.36
8432,8433,33,1,27.38
8433,8434,34,2,14.23
8434,8435,35,3,64.21
8435,8436,36,4,35.53
8436,8437,37,1,8.44
8437,8438,38,2,66.81
8438,8439,39,3,100.08
8439,8440,40,4,10.07
8440,8441,41,1,59.5
8441,8442,42,2,57.83
8442,8443,43,3,12.02
8443,8444,44,4,42.98
8444,8445,45,1,46.22
8445,8446,46,2,85.96
8446,8447,47,3,20.78
8447,8448,48,4,16.7
8448,8449,49,1,62.23
8449,8450,50,2,72.61
8450,8451,51,3,91.89
8451,8452,52,4,8.61
8452,8453,53,1,20.41
8453,8454,54,2,72.07
8454,8455,55,3,24.22
8455,8456,56,4,44.26
8456,8457,57,1,61.16
8457,8458,58,2,86.66
8458,8459,59,3,25.69
8459,8460,60,4,49.23
8460,8461,61,1,20.16
8461,8462,62,2,81.04
8462,8463,63,3,93.1
8463,8464,64,4,67.6
8464,8465,65,1,53.91
8465,8466,66,2,104.17
8466,8467,67,3,102.38
8467,8468,68,4,76.15
8468,8469,69,1,74.58
8469,8470,70,2,11.92
8470,8471,71,3,53.43
8471,8472,72,4,6.13
8472,8473,73,1,70.52
8473,8474,74,2,74.08
8474,8475,75,3,95.19
8475,8476,76,4,14.22
8476,8477,77,1,16.52
8477,8478,78,2,55.62
8478,8479,79,3,81.27
8479,8480,80,4,34.06
8480,8481,81,1,37.11
8481,8482,82,2,91.68
8482,8483,83,3,16.2
8483,8484,84,4,77.22
8484,8485,85,1,83.17
8485,8486,86,2,7.29
8486,8487,87,3,93.74
8487,8488,88,4,29.9
8488,8489,89,1,100.27
8489,8490,90,2,31.35
8490,8491,91,3,41.79
8491,8492,92,4,7.78
8492,8493,93,1,54.31
8493,8494,94,2,30.61
8494,8495,95,3,56.92
8495,8496,96,4,81.99
8496,8497,97,1,39.49
8497,8498,98,2,87.64
8498,8499,99,3,54.59
8499,8500,100,4,39.68
8500,8501,101,1,75.34
8501,8502,102,2,40.81
8502,8503,103,3,90.97
8503,8504,104,4,50.92
8504,8505,105,1,27.61
8505,8506,106,2,87.55
8506,8507,107,3,80.59
8507,8508,108,4,25.9
8508,8509,109,1,44.44
8509,8510,110,2,88.52
8510,8511,111,3,71.21
8511,8512,112,4,100.97
8512,8513,113,1,55.38
8513,8514,114,2,12.68
8514,8515,115,3,70.23
8515,8516,116,4,90.28
8516,8517,117,1,79.44
8517,8518,118,2,81.92
8518,8519,119,3,36.55
8519,8520,120,4,93.88
8520,8521,121,1,80.5
8521,8522,122,2,102.66
8522,8523,123,3,102.1
8523,8524,124,4,100.41
8524,8525,125,1,80.97
8525,8526,126,2,62.33
8526,8527,127,3,42.91
8527,8528,128,4,82.15
8528,8529,129,1,11.04
8529,8530,130,2,44.89
8530,8531,131,3,51.17
8531,8532,132,4,6.37
8532,8533,133,1,64.38
8533,8534,134,2,33.09
8534,8535,135,3,96.4
8535,8536,136,4,91.27
8536,8537,137,1,101.78
8537,8538,138,2,44.72
8538,8539,139,3,65.46
8539,8540,140,4,91.13
8540,8541,141,1,18.69
8541,8542,142,2,81.59
8542,8543,143,3,26.82
8543,8544,144,4,51.12
8544,8545,145,1,7.93
8545,8546,146,2,15.81
8546,8547,147,3,73.12
8547,8548,148,4,57.29
8548,8549,149,1,5.89
8549,8550,150,2,7.64
8550,8551,151,3,54.55
8551,8552,152,4,96.31
8552,8553,153,1,32.43
8553,8554,154,2,9.86
8554,8555,155,3,47.09
8555,8556,156,4,29.96
8556,8557,157,1,26.62
8557,8558,158,2,26.55
8558,8559,159,3,8.06
8559,8560,160,4,80.26
8560,8561,161,1,38.76
8561,8562,162,2,58.45
8562,8563,163,3,54.09
8563,8564,164,4,33.53
8564,8565,165,1,74.58
8565,8566,166,2,74.35
8566,8567,167,3,60.21
8567,8568,168,4,67.31
8568,8569,169,1,70.11
8569,8570,170,2,29.34
8570,8571,171,3,38.51
8571,8572,172,4,78.22
8572,8573,173,1,89.07
8573,8574,174,2,54.29
8574,8575,175,3,19.21
8575,8576,176,4,90.09
8576,8577,177,1,37.5
8577,8578,178,2,59.17
8578,8579,179,3,74.25
8579,8580,180,4,73.59
8580,8581,181,1,60.04
8581,8582,182,2,38.77
8582,8583,183,3,32.43
8583,8584,184,4,36.64
8584,8585,185,1,92.03
8585,8586,186,2,26.16
8586,8587,187,3,81.93
8587,8588,188,4,94.42
8588,8589,189,1,100.48
8589,8590,190,2,83.17
8590,8591,191,3,101.39
8591,8592,192,4,96.93
8592,8593,193,1,56.94
8593,8594,194,2,21.51
8594,8595,195,3,80.1
8595,8596,196,4,47.84
8596,8597,197,1,59.27
8597,8598,198,2,95.89
8598,8599,199,3,59.78
8599,8600,200,4,53.9
8600,8601,1,1,44.64
8601,8602,2,2,61.26
8602,8603,3,3,68.49
8603,8604,4,4,19.54
8604,8605,5,1,29.05
8605,8606,6,2,6.7
8606,8607,7,3,30.81
8607,8608,8,4,28.54
8608,8609,9,1,30.53
8609,8610,10,2,41.41
8610,8611,11,3,36.12
8611,8612,12,4,47.11
8612,8613,13,1,84.96
8613,8614,14,2,56.73
8614,8615,15,3,78.81
8615,8616,16,4,99.37
8616,8617,17,1,31.57
8617,8618,18,2,44.29
8618,8619,19,3,54.11
8619,8620,20,4,13.83
8620,8621,21,1,8.86
8621,8622,22,2,27.8
8622,8623,23,3,50.74
8623,8624,24,4,39.52
8624,8625,25,1,21.87
8625,8626,26,2,49.23
8626,8627,27,3,44.96
8627,8628,28,4,17.18
8628,8629,29,1,40.84
8629,8630,30,2,35.19
8630,8631,31,3,56.29
8631,8632,32,4,16.09
8632,8633,33,1,82.63
8633,8634,34,2,30.31
8634,8635,35,3,12.95
8635,8636,36,4,48.94
8636,8637,37,1,59.41
8637,8638,38,2,75.67
8638,8639,39,3,76.13
8639,8640,40,4,75.3
8640,8641,41,1,94.16
8641,8642,42,2,12.27
8642,8643,43,3,58.9
8643,8644,44,4,16.83
8644,8645,45,1,35.69
8645,8646,46,2,96.74
8646,8647,47,3,90.97
8647,8648,48,4,92.75
8648,8649,49,1,12.61
8649,8650,50,2,56.64
8650,8651,51,3,21.64
8651,8652,52,4,79.85
8652,8653,53,1,7.21
8653,8654,54,2,38.28
8654,8655,55,3,38.98
8655,8656,56,4,68.06
8656,8657,57,1,42.91
8657,8658,58,2,40.06
8658,8659,59,3,30.82
8659,8660,60,4,79.15
8660,8661,61,1,55.08
8661,8662,62,2,29.68
8662,8663,63,3,55.66
8663,8664,64,4,30.55
8664,8665,65,1,89.93
8665,8666,66,2,82.88
8666,8667,67,3,89.56
8667,8668,68,4,28.15
8668,8669,69,1,50.21
8669,8670,70,2,103.86
8670,8671,71,3,85.7
8671,8672,72,4,24.84
8672,8673,73,1,92.73
8673,8674,74,2,72.67
8674,8675,75,3,68.19
8675,8676,76,4,36.48
8676,8677,77,1,104.19
8677,8678,78,2,89.76
8678,8679,79,3,40.42
8679,8680,80,4,46.03
8680,8681,81,1,47.4
8681,8682,82,2,5.89
8682,8683,83,3,104.25
8683,8684,84,4,90.12
8684,8685,85,1,14.27
8685,8686,86,2,100.53
8686,8687,87,3,69.35
8687,8688,88,4,18.77
8688,8689,89,1,54.65
8689,8690,90,2,19.98
8690,8691,91,3,27.05
8691,8692,92,4,57.27
8692,8693,93,1,84.99
8693,8694,94,2,52.16
8694,8695,95,3,31.71
8695,8696,96,4,17.57
8696,8697,97,1,14.9
8697,8698,98,2,90.72
8698,8699,99,3,101.59
8699,8700,100,4,49.5
8700,8701,101,1,92.23
8701,8702,102,2,25.77
8702,8703,103,3,84.78
8703,8704,104,4,28.18
8704,8705,105,1,41.77
8705,8706,106,2,83.61
8706,8707,107,3,10.54
8707,8708,108,4,63.09
8708,8709,109,1,88.77
8709,8710,110,2,68.1
8710,8711,111,3,7.15
8711,8712,112,4,84.0
8712,8713,113,1,24.37
8713,8714,114,2,7.94
8714,8715,115,3,76.61
8715,8716,116,4,62.36
8716,8717,117,1,45.64
8717,8718,118,2,96.87
8718,8719,119,3,41.07
8719,8720,120,4,59.36
8720,8721,121,1,11.96
8721,8722,122,2,46.19
8722,8723,123,3,74.32
8723,8724,124,4,30.96
8724,8725,125,1,94.16
8725,8726,126,2,82.36
8726,8727,127,3,6.93
8727,8728,128,4,32.51
8728,8729,129,1,57.77
8729,8730,130,2,30.19
8730,8731,131,3,32.2
8731,8732,132,4,92.16
8732,8733,133,1,101.12
8733,8734,134,2,86.3
8734,8735,135,3,8.39
8735,8736,136,4,74.1
8736,8737,137,1,22.27
8737,8738,138,2,53.7
8738,8739,139,3,62.04
8739,8740,140,4,76.25
8740,8741,141,1,62.64
8741,8742,142,2,92.63
8742,8743,143,3,17.41
8743,8744,144,4,86.13
8744,8745,145,1,64.39
8745,8746,146,2,40.54
8746,8747,147,3,33.51
8747,8748,148,4,79.88
8748,8749,149,1,47.77
8749,8750,150,2,37.93
8750,8751,151,3,18.82
8751,8752,152,4,13.45
8752,8753,153,1,79.19
8753,8754,154,2,74.67
8754,8755,155,3,89.26
8755,8756,156,4,74.82
8756,8757,157,1,40.37
8757,8758,158,2,48.51
8758,8759,159,3,52.47
8759,8760,160,4,21.86
8760,8761,161,1,5.78
8761,8762,162,2,6.2
8762,8763,163,3,46.49
8763,8764,164,4,98.02
8764,8765,165,1,93.9
8765,8766,166,2,93.79
8766,8767,167,3,76.84
8767,8768,168,4,11.68
8768,8769,169,1,104.28
8769,8770,170,2,25.47
8770,8771,171,3,35.6
8771,8772,172,4,63.0
8772,8773,173,1,83.32
8773,8774,174,2,74.71
8774,8775,175,3,36.89
8775,8776,176,4,23.41
8776,8777,177,1,36.3
8777,8778,178,2,16.75
8778,8779,179,3,45.93
8779,8780,180,4,26.29
8780,8781,181,1,27.8
8781,8782,182,2,21.23
8782,8783,183,3,32.85
8783,8784,184,4,78.23
8784,8785,185,1,65.6
8785,8786,186,2,76.84
8786,8787,187,3,73.69
8787,8788,188,4,73.35
8788,8789,189,1,9.62
8789,8790,190,2,14.05
8790,8791,191,3,6.28
8791,8792,192,4,60.62
8792,8793,193,1,99.59
8793,8794,194,2,17.54
8794,8795,195,3,76.21
8795,8796,196,4,33.39
8796,8797,197,1,70.61
8797,8798,198,2,49.85
8798,8799,199,3,100.2
8799,8800,200,4,78.77
8800,8801,1,1,28.94
8801,8802,2,2,90.64
8802,8803,3,3,92.4
8803,8804,4,4,82.82
8804,8805,5,1,98.99
8805,8806,6,2,35.17
8806,8807,7,3,33.18
8807,8808,8,4,74.89
8808,8809,9,1,90.32
8809,8810,10,2,22.37
8810,8811,11,3,75.56
8811,8812,12,4,68.71
8812,8813,13,1,93.95
8813,8814,14,2,29.52
8814,8815,15,3,76.36
8815,8816,16,4,82.39
8816,8817,17,1,83.72
8817,8818,18,2,93.7
8818,8819,19,3,94.19
8819,8820,20,4,25.2
8820,8821,21,1,26.33
8821,8822,22,2,21.9
8822,8823,23,3,58.49
8823,8824,24,4,52.19
8824,8825,25,1,40.92
8825,8826,26,2,45.54
8826,8827,27,3,54.19
8827,8828,28,4,104.35
8828,8829,29,1,17.47
8829,8830,30,2,25.81
8830,8831,31,3,96.83
8831,8832,32,4,46.46
8832,8833,33,1,37.57
8833,8834,34,2,32.39
8834,8835,35,3,50.63
8835,8836,36,4,76.1
8836,8837,37,1,14.59
8837,8838,38,2,13.28
8838,8839,39,3,56.77
8839,8840,40,4,17.99
8840,8841,41,1,77.88
8841,8842,42,2,103.46
8842,8843,43,3,88.58
8843,8844,44,4,91.53
8844,8845,45,1,101.01
8845,8846,46,2,100.98
8846,8847,47,3,72.51
8847,8848,48,4,57.17
8848,8849,49,1,64.45
8849,8850,50,2,12.3
8850,8851,51,3,77.15
8851,8852,52,4,5.2
8852,8853,53,1,77.77
8853,8854,54,2,17.08
8854,8855,55,3,103.88
8855,8856,56,4,16.93
8856,8857,57,1,35.07
8857,8858,58,2,45.13
8858,8859,59,3,30.46
8859,8860,60,4,76.26
8860,8861,61,1,13.17
8861,8862,62,2,15.31
8862,8863,63,3,63.25
8863,8864,64,4,55.48
8864,8865,65,1,11.04
8865,8866,66,2,62.66
8866,8867,67,3,41.32
8867,8868,68,4,35.34
8868,8869,69,1,78.15
8869,8870,70,2,35.2
8870,8871,71,3,96.83
8871,8872,72,4,26.29
8872,8873,73,1,78.17
8873,8874,74,2,81.96
8874,8875,75,3,56.62
8875,8876,76,4,59.66
8876,8877,77,1,70.15
8877,8878,78,2,38.65
8878,8879,79,3,76.04
8879,8880,80,4,29.12
8880,8881,81,1,105.0
8881,8882,82,2,71.91
8882,8883,83,3,102.05
8883,8884,84,4,60.96
8884,8885,85,1,88.88
8885,8886,86,2,77.8
8886,8887,87,3,50.85
8887,8888,88,4,10.65
8888,8889,89,1,61.03
8889,8890,90,2,93.74
8890,8891,91,3,68.25
8891,8892,92,4,39.06
8892,8893,93,1,22.26
8893,8894,94,2,98.14
8894,8895,95,3,20.68
8895,8896,96,4,80.1
8896,8897,97,1,77.71
8897,8898,98,2,60.49
8898,8899,99,3,8.08
8899,8900,100,4,101.89
8900,8901,101,1,80.5
8901,8902,102,2,45.62
8902,8903,103,3,62.18
8903,8904,104,4,63.56
8904,8905,105,1,66.45
8905,8906,106,2,71.58
8906,8907,107,3,46.19
8907,8908,108,4,6.95
8908,8909,109,1,59.11
8909,8910,110,2,41.06
8910,8911,111,3,76.89
8911,8912,112,4,25.33
8912,8913,113,1,104.28
8913,8914,114,2,87.89
8914,8915,115,3,69.66
8915,8916,116,4,41.1
8916,8917,117,1,11.32
8917,8918,118,2,35.74
8918,8919,119,3,80.8
8919,8920,120,4,71.86
8920,8921,121,1,18.36
8921,8922,122,2,15.84
8922,8923,123,3,76.73
8923,8924,124,4,87.91
8924,8925,125,1,23.89
8925,8926,126,2,104.3
8926,8927,127,3,52.24
8927,8928,128,4,88.2
8928,8929,129,1,79.93
8929,8930,130,2,89.28
8930,8931,131,3,7.12
8931,8932,132,4,9.66
8932,8933,133,1,29.6
8933,8934,134,2,57.02
8934,8935,135,3,11.08
8935,8936,136,4,68.15
8936,8937,137,1,80.18
8937,8938,138,2,46.69
8938,8939,139,3,76.36
8939,8940,140,4,81.37
8940,8941,141,1,80.15
8941,8942,142,2,98.92
8942,8943,143,3,27.48
8943,8944,144,4,8.66
8944,8945,145,1,85.05
8945,8946,146,2,84.45
8946,8947,147,3,75.63
8947,8948,148,4,62.06
8948,8949,149,1,93.93
8949,8950,150,2,56.48
8950,8951,151,3,32.3
8951,8952,152,4,32.13
8952,8953,153,1,20.46
8953,8954,154,2,74.52
8954,8955,155,3,48.52
8955,8956,156,4,77.25
8956,8957,157,1,59.08
8957,8958,158,2,91.52
8958,8959,159,3,98.39
8959,8960,160,4,22.6
8960,8961,161,1,45.98
8961,8962,162,2,10.93
8962,8963,163,3,52.48
8963,8964,164,4,33.64
8964,8965,165,1,91.35
8965,8966,166,2,86.21
8966,8967,167,3,44.5
8967,8968,168,4,49.16
8968,8969,169,1,47.71
8969,8970,170,2,44.52
8970,8971,171,3,72.7
8971,8972,172,4,13.98
8972,8973,173,1,64.81
8973,8974,174,2,21.02
8974,8975,175,3,15.3
8975,8976,176,4,104.79
8976,8977,177,1,32.14
8977,8978,178,2,52.66
8978,8979,179,3,40.0
8979,8980,180,4,90.91
8980,8981,181,1,85.65
8981,8982,182,2,24.38
8982,8983,183,3,38.38
8983,8984,184,4,18.24
8984,8985,185,1,19.92
8985,8986,186,2,23.59
8986,8987,187,3,102.5
8987,8988,188,4,44.72
8988,8989,189,1,104.17
8989,8990,190,2,27.58
8990,8991,191,3,26.67
8991,8992,192,4,89.52
8992,8993,193,1,43.89
8993,8994,194,2,100.2
8994,8995,195,3,30.57
8995,8996,196,4,22.18
8996,8997,197,1,97.64
8997,8998,198,2,100.24
8998,8999,199,3,27.27
8999,9000,200,4,6.01
9000,9001,1,1,96.05
9001,9002,2,2,80.89
9002,9003,3,3,104.91
9003,9004,4,4,51.14
9004,9005,5,1,82.53
9005,9006,6,2,30.79
9006,9007,7,3,81.06
9007,9008,8,4,78.24
9008,9009,9,1,27.71
9009,9010,10,2,13.65
9010,9011,11,3,56.49
9011,9012,12,4,19.66
9012,9013,13,1,19.85
9013,9014,14,2,51.5
9014,9015,15,3,79.46
9015,9016,16,4,41.81
9016,9017,17,1,17.51
9017,9018,18,2,75.81
9018,9019,19,3,25.01
9019,9020,20,4,81.01
9020,9021,21,1,62.48
9021,9022,22,2,103.34
9022,9023,23,3,11.18
9023,9024,24,4,84.86
9024,9025,25,1,89.06
9025,9026,26,2,92.97
9026,9027,27,3,44.94
9027,9028,28,4,97.41
9028,9029,29,1,45.82
9029,9030,30,2,98.07
9030,9031,31,3,24.41
9031,9032,32,4,54.26
9032,9033,33,1,28.05
9033,9034,34,2,104.29
9034,9035,35,3,17.95
9035,9036,36,4,58.28
9036,9037,37,1,40.5
9037,9038,38,2,45.02
9038,9039,39,3,82.33
9039,9040,40,4,82.08
9040,9041,41,1,28.09
9041,9042,42,2,18.98
9042,9043,43,3,83.65
9043,9044,44,4,90.49
9044,9045,45,1,26.91
9045,9046,46,2,72.42
9046,9047,47,3,23.62
9047,9048,48,4,80.09
9048,9049,49,1,25.79
9049,9050,50,2,8.53
9050,9051,51,3,85.99
9051,9052,52,4,76.75
9052,9053,53,1,87.46
9053,9054,54,2,78.33
9054,9055,55,3,76.44
9055,9056,56,4,10.32
9056,9057,57,1,59.32
9057,9058,58,2,63.41
9058,9059,59,3,19.26
9059,9060,60,4,25.76
9060,9061,61,1,98.56
9061,9062,62,2,8.4
9062,9063,63,3,79.31
9063,9064,64,4,6.11
9064,9065,65,1,24.75
9065,9066,66,2,28.32
9066,9067,67,3,81.17
9067,9068,68,4,73.28
9068,9069,69,1,68.23
9069,9070,70,2,58.74
9070,9071,71,3,86.07
9071,9072,72,4,26.05
9072,9073,73,1,33.09
9073,9074,74,2,44.86
9074,9075,75,3,81.6
9075,9076,76,4,13.25
9076,9077,77,1,41.0
9077,9078,78,2,53.69
9078,9079,79,3,59.74
9079,9080,80,4,97.19
9080,9081,81,1,31.94
9081,9082,82,2,26.91
9082,9083,83,3,15.1
9083,9084,84,4,57.38
9084,9085,85,1,76.09
9085,9086,86,2,67.63
9086,9087,87,3,80.27
9087,9088,88,4,73.71
9088,9089,89,1,16.37
9089,9090,90,2,99.95
9090,9091,91,3,62.14
9091,9092,92,4,43.56
9092,9093,93,1,6.66
9093,9094,94,2,102.72
9094,9095,95,3,67.78
9095,9096,96,4,34.58
9096,9097,97,1,89.42
9097,9098,98,2,40.65
9098,9099,99,3,35.25
9099,9100,100,4,88.2
9100,9101,101,1,19.41
9101,9102,102,2,41.76
9102,9103,103,3,71.57
9103,9104,104,4,58.94
9104,9105,105,1,27.25
9105,9106,106,2,67.07
9106,9107,107,3,20.73
9107,9108,108,4,33.94
9108,9109,109,1,37.32
9109,9110,110,2,76.33
9110,9111,111,3,67.92
9111,9112,112,4,50.03
9112,9113,113,1,69.77
9113,9114,114,2,104.08
9114,9115,115,3,65.25
9115,9116,116,4,57.24
9116,9117,117,1,41.27
9117,9118,118,2,25.42
9118,9119,119,3,77.58
9119,9120,120,4,18.28
9120,9121,121,1,104.2
9121,9122,122,2,26.34
9122,9123,123,3,85.28
9123,9124,124,4,8.8
9124,9125,125,1,65.32
9125,9126,126,2,66.36
9126,9127,127,3,65.72
9127,9128,128,4,96.37
9128,9129,129,1,72.69
9129,9130,130,2,56.79
9130,9131,131,3,26.77
9131,9132,132,4,26.12
9132,9133,133,1,74.34
9133,9134,134,2,7.29
9134,9135,135,3,21.5
9135,9136,136,4,64.39
9136,9137,137,1,42.41
9137,9138,138,2,63.17
9138,9139,139,3,72.42
9139,9140,140,4,101.4
9140,9141,141,1,84.79
9141,9142,142,2,82.94
9142,9143,143,3,73.09
9143,9144,144,4,77.75
9144,9145,145,1,17.78
9145,9146,146,2,6.17
9146,9147,147,3,48.59
9147,9148,148,4,92.7
9148,9149,149,1,78.64
9149,9150,150,2,57.4
9150,9151,151,3,68.79
9151,9152,152,4,81.74
9152,9153,153,1,45.33
9153,9154,154,2,50.77
9154,9155,155,3,104.05
9155,9156,156,4,54.42
9156,9157,157,1,52.1
9157,9158,158,2,92.08
9158,9159,159,3,87.88
9159,9160,160,4,62.7
9160,9161,161,1,58.19
9161,9162,162,2,29.66
9162,9163,163,3,60.95
9163,9164,164,4,40.84
9164,9165,165,1,66.56
9165,9166,166,2,94.06
9166,9167,167,3,5.1
9167,9168,168,4,57.77
9168,9169,169,1,23.52
9169,9170,170,2,19.66
9170,9171,171,3,51.97
9171,9172,172,4,21.89
9172,9173,173,1,15.32
9173,9174,174,2,40.25
9174,9175,175,3,80.94
9175,9176,176,4,29.2
9176,9177,177,1,72.7
9177,9178,178,2,34.5
9178,9179,179,3,62.28
9179,9180,180,4,103.58
9180,9181,181,1,27.79
9181,9182,182,2,65.37
9182,9183,183,3,66.51
9183,9184,184,4,96.7
9184,9185,185,1,33.9
9185,9186,186,2,25.11
9186,9187,187,3,61.29
9187,9188,188,4,37.04
9188,9189,189,1,79.41
9189,9190,190,2,46.48
9190,9191,191,3,48.55
9191,9192,192,4,71.25
9192,9193,193,1,41.8
9193,9194,194,2,12.45
9194,9195,195,3,10.82
9195,9196,196,4,54.06
9196,9197,197,1,8.13
9197,9198,198,2,19.96
9198,9199,199,3,90.22
9199,9200,200,4,6.57
9200,9201,1,1,19.65
9201,9202,2,2,85.67
9202,9203,3,3,51.77
9203,9204,4,4,25.4
9204,9205,5,1,72.15
9205,9206,6,2,27.14
9206,9207,7,3,79.29
9207,9208,8,4,21.77
9208,9209,9,1,78.58
9209,9210,10,2,70.68
9210,9211,11,3,51.12
9211,9212,12,4,76.98
9212,9213,13,1,87.68
9213,9214,14,2,22.0
9214,9215,15,3,77.97
9215,9216,16,4,33.51
9216,9217,17,1,55.5
9217,9218,18,2,31.79
9218,9219,19,3,26.38
9219,9220,20,4,102.97
9220,9221,21,1,47.61
9221,9222,22,2,44.14
9222,9223,23,3,84.69
9223,9224,24,4,63.03
9224,9225,25,1,8.34
9225,9226,26,2,6.04
9226,9227,27,3,59.87
9227,9228,28,4,48.08
9228,9229,29,1,77.0
9229,9230,30,2,77.73
9230,9231,31,3,79.78
9231,9232,32,4,25.79
9232,9233,33,1,90.89
9233,9234,34,2,20.43
9234,9235,35,3,35.95
9235,9236,36,4,97.4
9236,9237,37,1,49.73
9237,9238,38,2,81.88
9238,9239,39,3,93.66
9239,9240,40,4,67.79
9240,9241,41,1,24.77
9241,9242,42,2,51.9
9242,9243,43,3,40.74
9243,9244,44,4,41.31
9244,9245,45,1,98.94
9245,9246,46,2,14.14
9246,9247,47,3,104.17
9247,9248,48,4,84.5
9248,9249,49,1,83.69
9249,9250,50,2,66.64
9250,9251,51,3,7.32
9251,9252,52,4,24.78
9252,9253,53,1,14.67
9253,9254,54,2,46.48
9254,9255,55,3,96.53
9255,9256,56,4,82.12
9256,9257,57,1,70.69
9257,9258,58,2,41.57
9258,9259,59,3,99.96
9259,9260,60,4,15.74
9260,9261,61,1,33.56
9261,9262,62,2,80.12
9262,9263,63,3,86.46
9263,9264,64,4,76.58
9264,9265,65,1,46.85
9265,9266,66,2,101.14
9266,9267,67,3,88.54
9267,9268,68,4,30.49
9268,9269,69,1,54.38
9269,9270,70,2,26.34
9270,9271,71,3,101.04
9271,9272,72,4,28.38
9272,9273,73,1,49.05
9273,9274,74,2,59.91
9274,9275,75,3,10.7
9275,9276,76,4,82.1
9276,9277,77,1,94.19
9277,9278,78,2,76.15
9278,9279,79,3,18.08
9279,9280,80,4,99.34
9280,9281,81,1,8.0
9281,9282,82,2,38.18
9282,9283,83,3,48.67
9283,9284,84,4,96.84
9284,9285,85,1,13.79
9285,9286,86,2,24.14
9286,9287,87,3,59.23
9287,9288,88,4,94.39
9288,9289,89,1,79.02
9289,9290,90,2,49.25
9290,9291,91,3,64.34
9291,9292,92,4,97.24
9292,9293,93,1,58.97
9293,9294,94,2,28.64
9294,9295,95,3,49.51
9295,9296,96,4,29.55
9296,9297,97,1,31.4
9297,9298,98,2,9.34
9298,9299,99,3,86.94
9299,9300,100,4,55.81
9300,9301,101,1,66.9
9301,9302,102,2,55.34
9302,9303,103,3,44.51
9303,9304,104,4,79.69
9304,9305,105,1,10.78
9305,9306,106,2,28.97
9306,9307,107,3,56.15
9307,9308,108,4,62.06
9308,9309,109,1,64.17
9309,9310,110,2,72.31
9310,9311,111,3,33.04
9311,9312,112,4,85.22
9312,9313,113,1,100.23
9313,9314,114,2,21.54
9314,9315,115,3,98.03
9315,9316,116,4,34.82
9316,9317,117,1,92.49
9317,9318,118,2,40.83
9318,9319,119,3,57.84
9319,9320,120,4,64.49
9320,9321,121,1,22.68
9321,9322,122,2,16.21
9322,9323,123,3,87.02
9323,9324,124,4,73.6
9324,9325,125,1,43.89
9325,9326,126,2,87.25
9326,9327,127,3,55.44
9327,9328,128,4,11.35
9328,9329,129,1,57.11
9329,9330,130,2,9.5
9330,9331,131,3,38.01
9331,9332,132,4,36.03
9332,9333,133,1,67.19
9333,9334,134,2,43.18
9334,9335,135,3,5.07
9335,9336,136,4,34.97
9336,9337,137,1,85.24
9337,9338,138,2,26.19
9338,9339,139,3,45.24
9339,9340,140,4,49.13
9340,9341,141,1,50.96
9341,9342,142,2,78.47
9342,9343,143,3,63.28
9343,9344,144,4,70.71
9344,9345,145,1,93.13
9345,9346,146,2,47.6
9346,9347,147,3,23.63
9347,9348,148,4,16.58
9348,9349,149,1,38.8
9349,9350,150,2,103.5
9350,9351,151,3,28.77
9351,9352,152,4,62.46
9352,9353,153,1,73.06
9353,9354,154,2,74.88
9354,9355,155,3,102.9
9355,9356,156,4,60.12
9356,9357,157,1,45.88
9357,9358,158,2,55.27
9358,9359,159,3,97.62
9359,9360,160,4,12.01
9360,9361,161,1,61.3
9361,9362,162,2,68.88
9362,9363,163,3,9.24
9363,9364,164,4,87.85
9364,9365,165,1,17.26
9365,9366,166,2,57.11
9366,9367,167,3,27.16
9367,9368,168,4,26.67
9368,9369,169,1,18.1
9369,9370,170,2,59.38
9370,9371,171,3,76.46
9371,9372,172,4,71.15
9372,9373,173,1,5.13
9373,9374,174,2,86.49
9374,9375,175,3,56.56
9375,9376,176,4,36.57
9376,9377,177,1,5.03
9377,9378,178,2,91.26
9378,9379,179,3,21.74
9379,9380,180,4,38.87
9380,9381,181,1,90.46
9381,9382,182,2,24.3
9382,9383,183,3,56.87
9383,9384,184,4,15.59
9384,9385,185,1,92.6
9385,9386,186,2,8.12
9386,9387,187,3,23.44
9387,9388,188,4,34.43
9388,9389,189,1,40.38
9389,9390,190,2,51.57
9390,9391,191,3,101.31
9391,9392,192,4,14.26
9392,9393,193,1,42.48
9393,9394,194,2,10.48
9394,9395,195,3,79.77
9395,9396,196,4,70.41
9396,9397,197,1,14.06
9397,9398,198,2,34.52
9398,9399,199,3,61.82
9399,9400,200,4,62.84
9400,9401,1,1,23.97
9401,9402,2,2,45.12
9402,9403,3,3,83.44
9403,9404,4,4,42.37
9404,9405,5,1,92.71
9405,9406,6,2,38.6
9406,9407,7,3,62.56
9407,9408,8,4,72.18
9408,9409,9,1,78.97
9409,9410,10,2,64.31
9410,9411,11,3,88.33
9411,9412,12,4,62.64
9412,9413,13,1,58.23
9413,9414,14,2,13.15
9414,9415,15,3,48.31
9415,9416,16,4,71.03
9416,9417,17,1,12.68
9417,9418,18,2,5.78
9418,9419,19,3,6.15
9419,9420,20,4,36.12
9420,9421,21,1,99.79
9421,9422,22,2,64.74
9422,9423,23,3,25.4
9423,9424,24,4,21.29
9424,9425,25,1,88.56
9425,9426,26,2,100.83
9426,9427,27,3,60.85
9427,9428,28,4,76.54
9428,9429,29,1,83.14
9429,9430,30,2,98.58
9430,9431,31,3,41.56
9431,9432,32,4,54.04
9432,9433,33,1,96.18
9433,9434,34,2,15.14
9434,9435,35,3,47.26
9435,9436,36,4,20.37
9436,9437,37,1,64.1
9437,9438,38,2,25.75
9438,9439,39,3,19.05
9439,9440,40,4,81.24
9440,9441,41,1,32.94
9441,9442,42,2,40.3
9442,9443,43,3,101.17
9443,9444,44,4,9.21
9444,9445,45,1,92.15
9445,9446,46,2,90.96
9446,9447,47,3,85.84
9447,9448,48,4,9.13
9448,9449,49,1,10.22
9449,9450,50,2,104.2
9450,9451,51,3,26.32
9451,9452,52,4,92.28
9452,9453,53,1,12.3
9453,9454,54,2,97.89
9454,9455,55,3,54.6
9455,9456,56,4,57.22
9456,9457,57,1,39.88
9457,9458,58,2,20.45
9458,9459,59,3,49.9
9459,9460,60,4,59.09
9460,9461,61,1,43.87
9461,9462,62,2,15.62
9462,9463,63,3,74.05
9463,9464,64,4,94.63
9464,9465,65,1,103.16
9465,9466,66,2,95.51
9466,9467,67,3,83.9
9467,9468,68,4,79.07
9468,9469,69,1,77.08
9469,9470,70,2,69.97
9470,9471,71,3,96.69
9471,9472,72,4,104.47
9472,9473,73,1,64.19
9473,9474,74,2,88.02
9474,9475,75,3,99.32
9475,9476,76,4,47.93
9476,9477,77,1,54.04
9477,9478,78,2,14.33
9478,9479,79,3,16.02
9479,9480,80,4,60.44
9480,9481,81,1,9.81
9481,9482,82,2,69.32
9482,9483,83,3,59.2
9483,9484,84,4,94.92
9484,9485,85,1,71.72
9485,9486,86,2,18.18
9486,9487,87,3,71.82
9487,9488,88,4,69.51
9488,9489,89,1,28.0
9489,9490,90,2,72.95
9490,9491,91,3,89.38
9491,9492,92,4,97.62
9492,9493,93,1,24.57
9493,9494,94,2,23.21
9494,9495,95,3,40.72
9495,9496,96,4,92.48
9496,9497,97,1,55.8
9497,9498,98,2,54.53
9498,9499,99,3,77.06
9499,9500,100,4,18.57
9500,9501,101,1,47.92
9501,9502,102,2,20.06
9502,9503,103,3,16.5
9503,9504,104,4,33.45
9504,9505,105,1,71.27
9505,9506,106,2,65.0
9506,9507,107,3,60.5
9507,9508,108,4,73.75
9508,9509,109,1,75.11
9509,9510,110,2,104.64
9510,9511,111,3,86.55
9511,9512,112,4,89.58
9512,9513,113,1,93.15
9513,9514,114,2,75.39
9514,9515,115,3,68.33
9515,9516,116,4,62.07
9516,9517,117,1,45.46
9517,9518,118,2,59.76
9518,9519,119,3,101.69
9519,9520,120,4,40.93
9520,9521,121,1,39.38
9521,9522,122,2,13.91
9522,9523,123,3,19.1
9523,9524,124,4,9.9
9524,9525,125,1,26.72
9525,9526,126,2,47.22
9526,9527,127,3,56.89
9527,9528,128,4,45.49
9528,9529,129,1,32.41
9529,9530,130,2,15.32
9530,9531,131,3,73.9
9531,9532,132,4,60.68
9532,9533,133,1,6.33
9533,9534,134,2,30.51
9534,9535,135,3,84.62
9535,9536,136,4,45.71
9536,9537,137,1,9.25
9537,9538,138,2,59.11
9538,9539,139,3,12.54
9539,9540,140,4,66.12
9540,9541,141,1,95.7
9541,9542,142,2,30.67
9542,9543,143,3,85.44
9543,9544,144,4,60.18
9544,9545,145,1,28.61
9545,9546,146,2,47.49
9546,9547,147,3,37.57
9547,9548,148,4,33.05
9548,9549,149,1,92.53
9549,9550,150,2,7.98
9550,9551,151,3,45.39
9551,9552,152,4,64.06
9552,9553,153,1,86.16
9553,9554,154,2,79.02
9554,9555,155,3,87.86
9555,9556,156,4,96.17
9556,9557,157,1,8.47
9557,9558,158,2,87.77
9558,9559,159,3,74.23
9559,9560,160,4,50.67
9560,9561,161,1,39.05
9561,9562,162,2,48.22
9562,9563,163,3,60.75
9563,9564,164,4,73.43
9564,9565,165,1,68.77
9565,9566,166,2,96.46
9566,9567,167,3,39.84
9567,9568,168,4,70.39
9568,9569,169,1,53.71
9569,9570,170,2,19.17
9570,9571,171,3,103.28
9571,9572,172,4,12.82
9572,9573,173,1,19.31
9573,9574,174,2,66.87
9574,9575,175,3,6.61
9575,9576,176,4,67.03
9576,9577,177,1,50.43
9577,9578,178,2,90.94
9578,9579,179,3,70.05
9579,9580,180,4,95.77
9580,9581,181,1,22.91
9581,9582,182,2,89.8
9582,9583,183,3,72.45
9583,9584,184,4,67.71
9584,9585,185,1,33.77
9585,9586,186,2,45.62
9586,9587,187,3,44.05
9587,9588,188,4,13.56
9588,9589,189,1,65.06
9589,9590,190,2,39.54
9590,9591,191,3,9.49
9591,9592,192,4,44.07
9592,9593,193,1,90.67
9593,9594,194,2,33.57
9594,9595,195,3,18.9
9595,9596,196,4,103.04
9596,9597,197,1,45.09
9597,9598,198,2,51.94
9598,9599,199,3,34.35
9599,9600,200,4,76.22
9600,9601,1,1,94.01
9601,9602,2,2,37.02
9602,9603,3,3,95.66
9603,9604,4,4,18.48
9604,9605,5,1,83.23
9605,9606,6,2,73.64
9606,9607,7,3,17.95
9607,9608,8,4,85.66
9608,9609,9,1,100.73
9609,9610,10,2,13.48
9610,9611,11,3,80.86
9611,9612,12,4,43.69
9612,9613,13,1,81.87
9613,9614,14,2,59.01
9614,9615,15,3,48.54
9615,9616,16,4,81.8
9616,9617,17,1,35.84
9617,9618,18,2,57.21
9618,9619,19,3,32.01
9619,9620,20,4,99.12
9620,9621,21,1,92.61
9621,9622,22,2,64.45
9622,9623,23,3,68.13
9623,9624,24,4,83.61
9624,9625,25,1,46.31
9625,9626,26,2,70.05
9626,9627,27,3,17.49
9627,9628,28,4,41.96
9628,9629,29,1,20.74
9629,9630,30,2,54.76
9630,9631,31,3,54.11
9631,9632,32,4,73.38
9632,9633,33,1,9.48
9633,9634,34,2,11.29
9634,9635,35,3,41.39
9635,9636,36,4,98.48
9636,9637,37,1,100.18
9637,9638,38,2,25.63
9638,9639,39,3,76.68
9639,9640,40,4,19.75
9640,9641,41,1,19.8
9641,9642,42,2,22.93
9642,9643,43,3,25.31
9643,9644,44,4,20.14
9644,9645,45,1,87.78
9645,9646,46,2,44.03
9646,9647,47,3,8.38
9647,9648,48,4,57.1
9648,9649,49,1,79.51
9649,9650,50,2,57.25
9650,9651,51,3,66.93
9651,9652,52,4,65.02
9652,9653,53,1,92.86
9653,9654,54,2,50.26
9654,9655,55,3,15.8
9655,9656,56,4,100.58
9656,9657,57,1,10.66
9657,9658,58,2,82.27
9658,9659,59,3,5.83
9659,9660,60,4,41.0
9660,9661,61,1,78.22
9661,9662,62,2,27.77
9662,9663,63,3,24.92
9663,9664,64,4,13.77
9664,9665,65,1,76.9
9665,9666,66,2,56.5
9666,9667,67,3,42.15
9667,9668,68,4,46.37
9668,9669,69,1,37.94
9669,9670,70,2,101.07
9670,9671,71,3,67.37
9671,9672,72,4,33.82
9672,9673,73,1,19.94
9673,9674,74,2,19.94
9674,9675,75,3,77.56
9675,9676,76,4,76.11
9676,9677,77,1,5.66
9677,9678,78,2,13.52
9678,9679,79,3,19.69
9679,9680,80,4,92.82
9680,9681,81,1,32.09
9681,9682,82,2,30.81
9682,9683,83,3,79.42
9683,9684,84,4,77.55
9684,9685,85,1,84.28
9685,9686,86,2,32.72
9686,9687,87,3,74.83
9687,9688,88,4,84.88
9688,9689,89,1,33.1
9689,9690,90,2,8.1
9690,9691,91,3,95.33
9691,9692,92,4,97.62
9692,9693,93,1,53.55
9693,9694,94,2,27.24
9694,9695,95,3,74.47
9695,9696,96,4,85.04
9696,9697,97,1,24.68
9697,9698,98,2,89.28
9698,9699,99,3,51.56
9699,9700,100,4,88.45
9700,9701,101,1,64.17
9701,9702,102,2,59.4
9702,9703,103,3,73.92
9703,9704,104,4,35.37
9704,9705,105,1,80.63
9705,9706,106,2,14.67
9706,9707,107,3,16.48
9707,9708,108,4,98.06
9708,9709,109,1,19.73
9709,9710,110,2,14.27
9710,9711,111,3,54.21
9711,9712,112,4,99.03
9712,9713,113,1,91.55
9713,9714,114,2,95.12
9714,9715,115,3,56.7
9715,9716,116,4,55.22
9716,9717,117,1,70.31
9717,9718,118,2,101.01
9718,9719,119,3,85.4
9719,9720,120,4,61.69
9720,9721,121,1,20.06
9721,9722,122,2,36.07
9722,9723,123,3,102.34
9723,9724,124,4,39.38
9724,9725,125,1,51.32
9725,9726,126,2,82.24
9726,9727,127,3,80.48
9727,9728,128,4,48.52
9728,9729,129,1,26.7
9729,9730,130,2,38.25
9730,9731,131,3,55.39
9731,9732,132,4,50.17
9732,9733,133,1,33.22
9733,9734,134,2,99.42
9734,9735,135,3,39.68
9735,9736,136,4,17.75
9736,9737,137,1,26.32
9737,9738,138,2,75.23
9738,9739,139,3,55.23
9739,9740,140,4,100.04
9740,9741,141,1,19.37
9741,9742,142,2,79.9
9742,9743,143,3,104.21
9743,9744,144,4,87.4
9744,9745,145,1,19.91
9745,9746,146,2,36.08
9746,9747,147,3,79.79
9747,9748,148,4,17.83
9748,9749,149,1,37.19
9749,9750,150,2,37.69
9750,9751,151,3,11.76
9751,9752,152,4,51.59
9752,9753,153,1,57.64
9753,9754,154,2,60.71
9754,9755,155,3,23.66
9755,9756,156,4,7.52
9756,9757,157,1,9.61
9757,9758,158,2,29.95
9758,9759,159,3,38.64
9759,9760,160,4,28.04
9760,9761,161,1,78.62
9761,9762,162,2,23.67
9762,9763,163,3,101.22
9763,9764,164,4,20.88
9764,9765,165,1,103.7
9765,9766,166,2,49.14
9766,9767,167,3,52.28
9767,9768,168,4,42.97
9768,9769,169,1,42.89
9769,9770,170,2,9.43
9770,9771,171,3,17.85
9771,9772,172,4,59.6
9772,9773,173,1,54.51
9773,9774,174,2,37.1
9774,9775,175,3,74.63
9775,9776,176,4,55.06
9776,9777,177,1,12.9
9777,9778,178,2,71.51
9778,9779,179,3,10.56
9779,9780,180,4,52.26
9780,9781,181,1,25.76
9781,9782,182,2,73.4
9782,9783,183,3,87.16
9783,9784,184,4,76.68
9784,9785,185,1,44.0
9785,9786,186,2,40.99
9786,9787,187,3,23.96
9787,9788,188,4,42.14
9788,9789,189,1,80.01
9789,9790,190,2,18.63
9790,9791,191,3,17.84
9791,9792,192,4,70.67
9792,9793,193,1,8.45
9793,9794,194,2,89.14
9794,9795,195,3,76.19
9795,9796,196,4,99.06
9796,9797,197,1,30.69
9797,9798,198,2,100.47
9798,9799,199,3,26.99
9799,9800,200,4,68.56
9800,9801,1,1,17.18
9801,9802,2,2,85.53
9802,9803,3,3,13.16
9803,9804,4,4,97.2
9804,9805,5,1,40.55
9805,9806,6,2,64.09
9806,9807,7,3,91.73
9807,9808,8,4,43.2
9808,9809,9,1,35.59
9809,9810,10,2,75.78
9810,9811,11,3,36.19
9811,9812,12,4,98.16
9812,9813,13,1,26.35
9813,9814,14,2,64.52
9814,9815,15,3,66.23
9815,9816,16,4,52.88
9816,9817,17,1,86.08
9817,9818,18,2,73.35
9818,9819,19,3,41.24
9819,9820,20,4,27.71
9820,9821,21,1,29.3
9821,9822,22,2,32.66
9822,9823,23,3,63.06
9823,9824,24,4,50.09
9824,9825,25,1,67.22
9825,9826,26,2,89.2
9826,9827,27,3,51.74
9827,9828,28,4,14.22
9828,9829,29,1,80.0
9829,9830,30,2,79.63
9830,9831,31,3,84.18
9831,9832,32,4,35.25
9832,9833,33,1,34.45
9833,9834,34,2,64.98
9834,9835,35,3,54.63
9835,9836,36,4,78.89
9836,9837,37,1,59.27
9837,9838,38,2,40.59
9838,9839,39,3,60.15
9839,9840,40,4,46.34
9840,9841,41,1,11.88
9841,9842,42,2,58.07
9842,9843,43,3,55.66
9843,9844,44,4,88.79
9844,9845,45,1,52.62
9845,9846,46,2,45.35
9846,9847,47,3,99.8
9847,9848,48,4,104.6
9848,9849,49,1,85.9
9849,9850,50,2,18.08
9850,9851,51,3,41.64
9851,9852,52,4,64.08
9852,9853,53,1,54.91
9853,9854,54,2,30.51
9854,9855,55,3,50.63
9855,9856,56,4,102.76
9856,9857,57,1,26.96
9857,9858,58,2,17.76
9858,9859,59,3,95.3
9859,9860,60,4,63.34
9860,9861,61,1,9.5
9861,9862,62,2,96.98
9862,9863,63,3,26.44
9863,9864,64,4,21.02
9864,9865,65,1,23.62
9865,9866,66,2,92.09
9866,9867,67,3,37.15
9867,9868,68,4,60.67
9868,9869,69,1,97.94
9869,9870,70,2,48.9
9870,9871,71,3,33.98
9871,9872,72,4,25.67
9872,9873,73,1,16.77
9873,9874,74,2,36.22
9874,9875,75,3,99.18
9875,9876,76,4,78.78
9876,9877,77,1,95.31
9877,9878,78,2,26.83
9878,9879,79,3,44.63
9879,9880,80,4,51.33
9880,9881,81,1,50.98
9881,9882,82,2,77.31
9882,9883,83,3,54.64
9883,9884,84,4,5.64
9884,9885,85,1,6.8
9885,9886,86,2,45.27
9886,9887,87,3,46.11
9887,9888,88,4,104.8
9888,9889,89,1,81.23
9889,9890,90,2,45.22
9890,9891,91,3,5.37
9891,9892,92,4,101.7
9892,9893,93,1,42.76
9893,9894,94,2,76.7
9894,9895,95,3,21.21
9895,9896,96,4,104.25
9896,9897,97,1,90.25
9897,9898,98,2,17.01
9898,9899,99,3,101.71
9899,9900,100,4,83.74
9900,9901,101,1,69.5
9901,9902,102,2,17.71
9902,9903,103,3,63.1
9903,9904,104,4,97.79
9904,9905,105,1,90.87
9905,9906,106,2,55.34
9906,9907,107,3,91.52
9907,9908,108,4,58.72
9908,9909,109,1,53.08
9909,9910,110,2,84.01
9910,9911,111,3,81.26
9911,9912,112,4,18.37
9912,9913,113,1,31.14
9913,9914,114,2,84.04
9914,9915,115,3,64.87
9915,9916,116,4,24.76
9916,9917,117,1,6.11
9917,9918,118,2,34.94
9918,9919,119,3,82.92
9919,9920,120,4,69.38
9920,9921,121,1,104.83
9921,9922,122,2,48.09
9922,9923,123,3,21.61
9923,9924,124,4,81.05
9924,9925,125,1,95.01
9925,9926,126,2,45.09
9926,9927,127,3,101.66
9927,9928,128,4,8.25
9928,9929,129,1,32.32
9929,9930,130,2,40.23
9930,9931,131,3,28.16
9931,9932,132,4,23.17
9932,9933,133,1,30.24
9933,9934,134,2,96.41
9934,9935,135,3,25.56
9935,9936,136,4,39.01
9936,9937,137,1,86.14
9937,9938,138,2,32.71
9938,9939,139,3,92.83
9939,9940,140,4,61.24
9940,9941,141,1,16.25
9941,9942,142,2,57.09
9942,9943,143,3,35.93
9943,9944,144,4,91.02
9944,9945,145,1,48.3
9945,9946,146,2,14.81
9946,9947,147,3,101.69
9947,9948,148,4,23.13
9948,9949,149,1,7.91
9949,9950,150,2,43.88
9950,9951,151,3,28.5
9951,9952,152,4,60.73
9952,9953,153,1,13.83
9953,9954,154,2,80.71
9954,9955,155,3,6.9
9955,9956,156,4,60.91
9956,9957,157,1,77.58
9957,9958,158,2,27.55
9958,9959,159,3,42.63
9959,9960,160,4,67.59
9960,9961,161,1,57.9
9961,9962,162,2,13.32
9962,9963,163,3,46.08
9963,9964,164,4,38.81
9964,9965,165,1,39.96
9965,9966,166,2,41.14
9966,9967,167,3,103.49
9967,9968,168,4,60.25
9968,9969,169,1,67.54
9969,9970,170,2,42.23
9970,9971,171,3,98.21
9971,9972,172,4,21.69
9972,9973,173,1,67.27
9973,9974,174,2,54.96
9974,9975,175,3,80.47
9975,9976,176,4,97.14
9976,9977,177,1,25.86
9977,9978,178,2,90.32
9978,9979,179,3,24.34
9979,9980,180,4,73.93
9980,9981,181,1,38.65
9981,9982,182,2,54.65
9982,9983,183,3,53.89
9983,9984,184,4,51.12
9984,9985,185,1,56.97
9985,9986,186,2,52.62
9986,9987,187,3,41.61
9987,9988,188,4,25.96
9988,9989,189,1,83.83
9989,9990,190,2,47.51
9990,9991,191,3,25.86
9991,9992,192,4,82.56
9992,9993,193,1,13.93
9993,9994,194,2,30.68
9994,9995,195,3,64.56
9995,9996,196,4,63.48
9996,9997,197,1,27.01
9997,9998,198,2,86.4
9998,9999,199,3,60.54
9999,10000,200,4,100.99
10000,10001,1,1,70.24
10001,10002,2,2,84.94
10002,10003,3,3,22.92
10003,10004,4,4,83.66
10004,10005,5,1,90.5
10005,10006,6,2,24.2
10006,10007,7,3,65.78
10007,10008,8,4,6.3
10008,10009,9,1,86.14
10009,10010,10,2,89.95
10010,10011,11,3,16.5
10011,10012,12,4,91.59
10012,10013,13,1,8.32
10013,10014,14,2,12.5
10014,10015,15,3,27.39
10015,10016,16,4,15.63
10016,10017,17,1,35.79
10017,10018,18,2,101.7
10018,10019,19,3,35.78
10019,10020,20,4,23.34
10020,10021,21,1,24.88
10021,10022,22,2,102.18
10022,10023,23,3,54.94
10023,10024,24,4,20.63
10024,10025,25,1,12.46
10025,10026,26,2,104.28
10026,10027,27,3,65.37
10027,10028,28,4,13.7
10028,10029,29,1,91.4
10029,10030,30,2,57.46
10030,10031,31,3,44.38
10031,10032,32,4,85.02
10032,10033,33,1,43.45
10033,10034,34,2,86.93
10034,10035,35,3,87.33
10035,10036,36,4,87.55
10036,10037,37,1,75.4
10037,10038,38,2,6.85
10038,10039,39,3,88.92
10039,10040,40,4,103.08
10040,10041,41,1,70.87
10041,10042,42,2,62.07
10042,10043,43,3,13.96
10043,10044,44,4,103.12
10044,10045,45,1,53.12
10045,10046,46,2,58.03
10046,10047,47,3,97.21
10047,10048,48,4,43.14
10048,10049,49,1,66.31
10049,10050,50,2,62.23
10050,10051,51,3,51.18
10051,10052,52,4,28.12
10052,10053,53,1,50.21
10053,10054,54,2,102.78
10054,10055,55,3,63.4
10055,10056,56,4,44.44
10056,10057,57,1,9.51
10057,10058,58,2,23.12
10058,10059,59,3,24.37
10059,10060,60,4,23.12
10060,10061,61,1,35.56
10061,10062,62,2,72.46
10062,10063,63,3,10.71
10063,10064,64,4,55.89
10064,10065,65,1,43.7
10065,10066,66,2,61.59
10066,10067,67,3,103.09
10067,10068,68,4,94.58
10068,10069,69,1,96.12
10069,10070,70,2,67.04
10070,10071,71,3,51.9
10071,10072,72,4,71.46
10072,10073,73,1,80.29
10073,10074,74,2,41.4
10074,10075,75,3,96.5
10075,10076,76,4,49.39
10076,10077,77,1,24.55
10077,10078,78,2,81.82
10078,10079,79,3,53.89
10079,10080,80,4,5.71
10080,10081,81,1,16.56
10081,10082,82,2,38.56
10082,10083,83,3,72.78
10083,10084,84,4,14.59
10084,10085,85,1,101.51
10085,10086,86,2,72.59
10086,10087,87,3,25.56
10087,10088,88,4,85.84
10088,10089,89,1,78.02
10089,10090,90,2,90.0
10090,10091,91,3,5.46
10091,10092,92,4,101.64
10092,10093,93,1,47.4
10093,10094,94,2,39.03
10094,10095,95,3,55.84
10095,10096,96,4,73.79
10096,10097,97,1,91.75
10097,10098,98,2,73.67
10098,10099,99,3,47.01
10099,10100,100,4,11.28
10100,10101,101,1,97.79
10101,10102,102,2,57.37
10102,10103,103,3,72.36
10103,10104,104,4,52.43
10104,10105,105,1,99.18
10105,10106,106,2,55.1
10106,10107,107,3,103.63
10107,10108,108,4,52.88
10108,10109,109,1,88.0
10109,10110,110,2,97.04
10110,10111,111,3,64.12
10111,10112,112,4,87.93
10112,10113,113,1,99.89
10113,10114,114,2,96.58
10114,10115,115,3,104.29
10115,10116,116,4,46.07
10116,10117,117,1,32.15
10117,10118,118,2,54.62
10118,10119,119,3,21.82
10119,10120,120,4,25.08
10120,10121,121,1,54.0
10121,10122,122,2,88.97
10122,10123,123,3,70.79
10123,10124,124,4,93.5
10124,10125,125,1,81.52
10125,10126,126,2,40.07
10126,10127,127,3,44.37
10127,10128,128,4,92.19
10128,10129,129,1,31.38
10129,10130,130,2,38.48
10130,10131,131,3,49.44
10131,10132,132,4,79.14
10132,10133,133,1,43.5
10133,10134,134,2,30.93
10134,10135,135,3,63.34
10135,10136,136,4,31.51
10136,10137,137,1,49.26
10137,10138,138,2,12.83
10138,10139,139,3,40.36
10139,10140,140,4,67.84
10140,10141,141,1,78.83
10141,10142,142,2,32.51
10142,10143,143,3,49.34
10143,10144,144,4,30.27
10144,10145,145,1,36.97
10145,10146,146,2,8.61
10146,10147,147,3,68.85
10147,10148,148,4,30.32
10148,10149,149,1,82.47
10149,10150,150,2,29.13
10150,10151,151,3,54.52
10151,10152,152,4,65.05
10152,10153,153,1,5.56
10153,10154,154,2,77.5
10154,10155,155,3,72.92
10155,10156,156,4,79.8
10156,10157,157,1,66.11
10157,10158,158,2,36.48
10158,10159,159,3,27.7
10159,10160,160,4,67.37
10160,10161,161,1,38.28
10161,10162,162,2,7.7
10162,10163,163,3,49.09
10163,10164,164,4,86.47
10164,10165,165,1,32.97
10165,10166,166,2,91.69
10166,10167,167,3,8.25
10167,10168,168,4,101.78
10168,10169,169,1,57.5
10169,10170,170,2,42.46
10170,10171,171,3,58.21
10171,10172,172,4,24.87
10172,10173,173,1,58.37
10173,10174,174,2,97.49
10174,10175,175,3,63.03
10175,10176,176,4,23.65
10176,10177,177,1,65.72
10177,10178,178,2,29.77
10178,10179,179,3,65.08
10179,10180,180,4,35.29
10180,10181,181,1,79.03
10181,10182,182,2,9.29
10182,10183,183,3,96.88
10183,10184,184,4,86.14
10184,10185,185,1,7.92
10185,10186,186,2,27.14
10186,10187,187,3,25.9
10187,10188,188,4,101.76
10188,10189,189,1,92.55
10189,10190,190,2,13.74
10190,10191,191,3,5.13
10191,10192,192,4,92.99
10192,10193,193,1,26.84
10193,10194,194,2,86.08
10194,10195,195,3,75.65
10195,10196,196,4,88.84
10196,10197,197,1,36.42
10197,10198,198,2,9.59
10198,10199,199,3,78.81
10199,10200,200,4,19.12
10200,10201,1,1,41.1
10201,10202,2,2,28.05
10202,10203,3,3,58.3
10203,10204,4,4,68.16
10204,10205,5,1,48.19
10205,10206,6,2,25.21
10206,10207,7,3,34.14
10207,10208,8,4,44.46
10208,10209,9,1,33.11
10209,10210,10,2,47.7
10210,10211,11,3,74.17
10211,10212,12,4,104.78
10212,10213,13,1,100.39
10213,10214,14,2,44.41
10214,10215,15,3,48.19
10215,10216,16,4,8.73
10216,10217,17,1,26.84
10217,10218,18,2,90.71
10218,10219,19,3,18.65
10219,10220,20,4,53.57
10220,10221,21,1,87.22
10221,10222,22,2,62.04
10222,10223,23,3,52.45
10223,10224,24,4,16.15
10224,10225,25,1,64.46
10225,10226,26,2,83.26
10226,10227,27,3,75.87
10227,10228,28,4,80.79
10228,10229,29,1,33.37
10229,10230,30,2,86.57
10230,10231,31,3,10.34
10231,10232,32,4,13.88
10232,10233,33,1,22.9
10233,10234,34,2,53.92
10234,10235,35,3,9.49
10235,10236,36,4,85.42
10236,10237,37,1,16.02
10237,10238,38,2,92.39
10238,10239,39,3,37.79
10239,10240,40,4,44.17
10240,10241,41,1,102.68
10241,10242,42,2,31.24
10242,10243,43,3,93.12
10243,10244,44,4,52.58
10244,10245,45,1,68.38
10245,10246,46,2,25.22
10246,10247,47,3,24.63
10247,10248,48,4,28.61
10248,10249,49,1,88.45
10249,10250,50,2,47.71
10250,10251,51,3,31.36
10251,10252,52,4,26.5
10252,10253,53,1,37.14
10253,10254,54,2,91.22
10254,10255,55,3,42.12
10255,10256,56,4,75.58
10256,10257,57,1,52.31
10257,10258,58,2,64.0
10258,10259,59,3,90.5
10259,10260,60,4,7.29
10260,10261,61,1,85.86
10261,10262,62,2,39.39
10262,10263,63,3,80.74
10263,10264,64,4,69.13
10264,10265,65,1,23.34
10265,10266,66,2,8.17
10266,10267,67,3,81.05
10267,10268,68,4,7.9
10268,10269,69,1,45.35
10269,10270,70,2,57.79
10270,10271,71,3,38.41
10271,10272,72,4,80.62
10272,10273,73,1,11.05
10273,10274,74,2,13.52
10274,10275,75,3,89.61
10275,10276,76,4,74.96
10276,10277,77,1,73.02
10277,10278,78,2,16.98
10278,10279,79,3,20.99
10279,10280,80,4,23.23
10280,10281,81,1,93.3
10281,10282,82,2,44.91
10282,10283,83,3,14.49
10283,10284,84,4,26.84
10284,10285,85,1,15.98
10285,10286,86,2,23.76
10286,10287,87,3,51.17
10287,10288,88,4,41.39
10288,10289,89,1,69.46
10289,10290,90,2,57.09
10290,10291,91,3,34.76
10291,10292,92,4,72.22
10292,10293,93,1,74.99
10293,10294,94,2,101.6
10294,10295,95,3,95.92
10295,10296,96,4,29.85
10296,10297,97,1,46.12
10297,10298,98,2,55.05
10298,10299,99,3,5.9
10299,10300,100,4,96.67
10300,10301,101,1,55.5
10301,10302,102,2,102.92
10302,10303,103,3,53.93
10303,10304,104,4,11.61
10304,10305,105,1,9.49
10305,10306,106,2,85.26
10306,10307,107,3,45.45
10307,10308,108,4,69.12
10308,10309,109,1,16.91
10309,10310,110,2,8.0
10310,10311,111,3,47.73
10311,10312,112,4,9.08
10312,10313,113,1,8.58
10313,10314,114,2,50.51
10314,10315,115,3,25.5
10315,10316,116,4,58.78
10316,10317,117,1,69.55
10317,10318,118,2,49.14
10318,10319,119,3,78.08
10319,10320,120,4,56.23
10320,10321,121,1,24.63
10321,10322,122,2,6.06
10322,10323,123,3,30.43
10323,10324,124,4,89.14
10324,10325,125,1,40.13
10325,10326,126,2,26.31
10326,10327,127,3,97.97
10327,10328,128,4,37.86
10328,10329,129,1,33.47
10329,10330,130,2,72.84
10330,10331,131,3,91.8
10331,10332,132,4,92.76
10332,10333,133,1,67.02
10333,10334,134,2,52.92
10334,10335,135,3,56.41
10335,10336,136,4,66.43
10336,10337,137,1,23.91
10337,10338,138,2,91.69
10338,10339,139,3,60.41
10339,10340,140,4,86.92
10340,10341,141,1,29.49
10341,10342,142,2,71.32
10342,10343,143,3,44.0
10343,10344,144,4,103.6
10344,10345,145,1,29.57
10345,10346,146,2,99.82
10346,10347,147,3,47.8
10347,10348,148,4,79.42
10348,10349,149,1,37.56
10349,10350,150,2,67.42
10350,10351,151,3,87.86
10351,10352,152,4,99.82
10352,10353,153,1,104.38
10353,10354,154,2,93.88
10354,10355,155,3,60.08
10355,10356,156,4,70.9
10356,10357,157,1,95.1
10357,10358,158,2,104.65
10358,10359,159,3,63.76
10359,10360,160,4,7.4
10360,10361,161,1,104.58
10361,10362,162,2,102.17
10362,10363,163,3,8.37
10363,10364,164,4,67.63
10364,10365,165,1,42.17
10365,10366,166,2,5.51
10366,10367,167,3,76.32
10367,10368,168,4,39.23
10368,10369,169,1,47.33
10369,10370,170,2,67.5
10370,10371,171,3,10.41
10371,10372,172,4,79.32
10372,10373,173,1,20.9
10373,10374,174,2,88.34
10374,10375,175,3,69.9
10375,10376,176,4,94.89
10376,10377,177,1,65.71
10377,10378,178,2,64.81
10378,10379,179,3,67.25
10379,10380,180,4,43.11
10380,10381,181,1,26.89
10381,10382,182,2,100.94
10382,10383,183,3,87.25
10383,10384,184,4,21.51
10384,10385,185,1,29.59
10385,10386,186,2,89.97
10386,10387,187,3,44.96
10387,10388,188,4,31.47
10388,10389,189,1,5.32
10389,10390,190,2,29.48
10390,10391,191,3,49.02
10391,10392,192,4,69.27
10392,10393,193,1,16.73
10393,10394,194,2,40.32
10394,10395,195,3,85.51
10395,10396,196,4,89.16
10396,10397,197,1,85.43
10397,10398,198,2,73.26
10398,10399,199,3,25.85
10399,10400,200,4,21.34
10400,10401,1,1,16.75
10401,10402,2,2,91.64
10402,10403,3,3,67.8
10403,10404,4,4,40.73
10404,10405,5,1,14.34
10405,10406,6,2,102.64
10406,10407,7,3,37.64
10407,10408,8,4,7.2
10408,10409,9,1,17.8
10409,10410,10,2,12.84
10410,10411,11,3,99.74
10411,10412,12,4,19.0
10412,10413,13,1,8.9
10413,10414,14,2,104.67
10414,10415,15,3,90.43
10415,10416,16,4,98.33
10416,10417,17,1,17.63
10417,10418,18,2,95.86
10418,10419,19,3,35.1
10419,10420,20,4,92.45
10420,10421,21,1,83.18
10421,10422,22,2,8.25
10422,10423,23,3,28.75
10423,10424,24,4,101.77
10424,10425,25,1,95.95
10425,10426,26,2,39.66
10426,10427,27,3,58.07
10427,10428,28,4,75.88
10428,10429,29,1,26.75
10429,10430,30,2,56.62
10430,10431,31,3,49.35
10431,10432,32,4,87.46
10432,10433,33,1,65.0
10433,10434,34,2,93.5
10434,10435,35,3,63.69
10435,10436,36,4,57.54
10436,10437,37,1,79.85
10437,10438,38,2,32.09
10438,10439,39,3,76.67
10439,10440,40,4,68.81
10440,10441,41,1,37.74
10441,10442,42,2,57.63
10442,10443,43,3,15.5
10443,10444,44,4,90.8
10444,10445,45,1,58.58
10445,10446,46,2,53.6
10446,10447,47,3,90.96
10447,10448,48,4,23.78
10448,10449,49,1,56.52
10449,10450,50,2,18.81
10450,10451,51,3,98.18
10451,10452,52,4,90.2
10452,10453,53,1,63.69
10453,10454,54,2,91.81
10454,10455,55,3,14.85
10455,10456,56,4,39.33
10456,10457,57,1,92.08
10457,10458,58,2,41.51
10458,10459,59,3,51.7
10459,10460,60,4,46.88
10460,10461,61,1,57.79
10461,10462,62,2,57.59
10462,10463,63,3,77.38
10463,10464,64,4,38.65
10464,10465,65,1,38.84
10465,10466,66,2,9.1
10466,10467,67,3,10.36
10467,10468,68,4,56.33
10468,10469,69,1,62.52
10469,10470,70,2,77.79
10470,10471,71,3,90.24
10471,10472,72,4,67.06
10472,10473,73,1,89.5
10473,10474,74,2,31.18
10474,10475,75,3,55.18
10475,10476,76,4,43.77
10476,10477,77,1,72.52
10477,10478,78,2,38.86
10478,10479,79,3,87.46
10479,10480,80,4,81.22
10480,10481,81,1,56.25
10481,10482,82,2,33.17
10482,10483,83,3,78.95
10483,10484,84,4,93.48
10484,10485,85,1,89.53
10485,10486,86,2,78.71
10486,10487,87,3,56.04
10487,10488,88,4,18.62
10488,10489,89,1,30.53
10489,10490,90,2,45.72
10490,10491,91,3,34.05
10491,10492,92,4,28.73
10492,10493,93,1,38.24
10493,10494,94,2,49.36
10494,10495,95,3,90.07
10495,10496,96,4,64.57
10496,10497,97,1,41.11
10497,10498,98,2,83.39
10498,10499,99,3,65.13
10499,10500,100,4,84.99
10500,10501,101,1,98.42
10501,10502,102,2,41.83
10502,10503,103,3,38.26
10503,10504,104,4,56.08
10504,10505,105,1,90.88
10505,10506,106,2,55.78
10506,10507,107,3,76.18
10507,10508,108,4,71.4
10508,10509,109,1,49.66
10509,10510,110,2,82.6
10510,10511,111,3,35.0
10511,10512,112,4,81.76
10512,10513,113,1,50.2
10513,10514,114,2,54.67
10514,10515,115,3,54.32
10515,10516,116,4,42.21
10516,10517,117,1,92.39
10517,10518,118,2,41.99
10518,10519,119,3,92.94
10519,10520,120,4,16.75
10520,10521,121,1,26.68
10521,10522,122,2,49.74
10522,10523,123,3,90.15
10523,10524,124,4,78.67
10524,10525,125,1,86.22
10525,10526,126,2,29.83
10526,10527,127,3,64.61
10527,10528,128,4,66.57
10528,10529,129,1,6.7
10529,10530,130,2,11.21
10530,10531,131,3,33.5
10531,10532,132,4,38.09
10532,10533,133,1,41.42
10533,10534,134,2,103.33
10534,10535,135,3,59.74
10535,10536,136,4,36.05
10536,10537,137,1,73.8
10537,10538,138,2,46.61
10538,10539,139,3,94.64
10539,10540,140,4,97.2
10540,10541,141,1,89.55
10541,10542,142,2,15.55
10542,10543,143,3,47.64
10543,10544,144,4,24.75
10544,10545,145,1,61.36
10545,10546,146,2,83.81
10546,10547,147,3,70.9
10547,10548,148,4,53.86
10548,10549,149,1,20.4
10549,10550,150,2,41.4
10550,10551,151,3,27.1
10551,10552,152,4,95.16
10552,10553,153,1,98.01
10553,10554,154,2,82.65
10554,10555,155,3,48.09
10555,10556,156,4,31.35
10556,10557,157,1,78.42
10557,10558,158,2,7.08
10558,10559,159,3,35.11
10559,10560,160,4,83.22
10560,10561,161,1,96.13
10561,10562,162,2,103.57
10562,10563,163,3,54.08
10563,10564,164,4,72.95
10564,10565,165,1,44.73
10565,10566,166,2,24.73
10566,10567,167,3,11.28
10567,10568,168,4,33.3
10568,10569,169,1,41.78
10569,10570,170,2,16.32
10570,10571,171,3,67.76
10571,10572,172,4,32.63
10572,10573,173,1,54.64
10573,10574,174,2,97.89
10574,10575,175,3,86.91
10575,10576,176,4,10.59
10576,10577,177,1,33.29
10577,10578,178,2,41.45
10578,10579,179,3,60.57
10579,10580,180,4,84.03
10580,10581,181,1,40.32
10581,10582,182,2,67.25
10582,10583,183,3,38.62
10583,10584,184,4,88.08
10584,10585,185,1,97.36
10585,10586,186,2,85.14
10586,10587,187,3,100.82
10587,10588,188,4,47.4
10588,10589,189,1,60.82
10589,10590,190,2,101.99
10590,10591,191,3,26.47
10591,10592,192,4,42.3
10592,10593,193,1,102.01
10593,10594,194,2,70.8
10594,10595,195,3,74.94
10595,10596,196,4,91.06
10596,10597,197,1,46.46
10597,10598,198,2,55.9
10598,10599,199,3,61.05
10599,10600,200,4,83.23
10600,10601,1,1,40.61
10601,10602,2,2,5.78
10602,10603,3,3,103.85
10603,10604,4,4,79.38
10604,10605,5,1,14.17
10605,10606,6,2,55.27
10606,10607,7,3,80.91
10607,10608,8,4,10.08
10608,10609,9,1,25.09
10609,10610,10,2,52.36
10610,10611,11,3,42.06
10611,10612,12,4,37.96
10612,10613,13,1,52.15
10613,10614,14,2,37.11
10614,10615,15,3,20.87
10615,10616,16,4,67.57
10616,10617,17,1,62.91
10617,10618,18,2,63.31
10618,10619,19,3,27.31
10619,10620,20,4,60.6
10620,10621,21,1,93.72
10621,10622,22,2,82.84
10622,10623,23,3,66.61
10623,10624,24,4,101.55
10624,10625,25,1,92.03
10625,10626,26,2,71.82
10626,10627,27,3,47.02
10627,10628,28,4,57.35
10628,10629,29,1,100.57
10629,10630,30,2,93.34
10630,10631,31,3,103.33
10631,10632,32,4,59.63
10632,10633,33,1,69.62
10633,10634,34,2,7.44
10634,10635,35,3,13.8
10635,10636,36,4,41.86
10636,10637,37,1,84.01
10637,10638,38,2,60.19
10638,10639,39,3,64.72
10639,10640,40,4,14.28
10640,10641,41,1,41.94
10641,10642,42,2,25.46
10642,10643,43,3,9.37
10643,10644,44,4,45.59
10644,10645,45,1,9.85
10645,10646,46,2,66.11
10646,10647,47,3,23.99
10647,10648,48,4,72.79
10648,10649,49,1,28.74
10649,10650,50,2,26.71
10650,10651,51,3,62.07
10651,10652,52,4,29.3
10652,10653,53,1,63.74
10653,10654,54,2,23.49
10654,10655,55,3,5.24
10655,10656,56,4,71.91
10656,10657,57,1,28.62
10657,10658,58,2,61.05
10658,10659,59,3,49.75
10659,10660,60,4,21.96
10660,10661,61,1,70.49
10661,10662,62,2,100.21
10662,10663,63,3,60.96
10663,10664,64,4,66.49
10664,10665,65,1,57.82
10665,10666,66,2,33.33
10666,10667,67,3,98.91
10667,10668,68,4,56.97
10668,10669,69,1,80.27
10669,10670,70,2,46.22
10670,10671,71,3,50.28
10671,10672,72,4,45.42
10672,10673,73,1,79.77
10673,10674,74,2,32.3
10674,10675,75,3,89.33
10675,10676,76,4,18.51
10676,10677,77,1,5.79
10677,10678,78,2,28.26
10678,10679,79,3,56.25
10679,10680,80,4,14.27
10680,10681,81,1,34.39
10681,10682,82,2,79.29
10682,10683,83,3,45.48
10683,10684,84,4,34.21
10684,10685,85,1,32.81
10685,10686,86,2,77.79
10686,10687,87,3,46.3
10687,10688,88,4,32.48
10688,10689,89,1,8.0
10689,10690,90,2,51.31
10690,10691,91,3,60.88
10691,10692,92,4,81.65
10692,10693,93,1,81.5
10693,10694,94,2,81.16
10694,10695,95,3,64.93
10695,10696,96,4,48.41
10696,10697,97,1,28.96
10697,10698,98,2,64.39
10698,10699,99,3,70.12
10699,10700,100,4,56.83
10700,10701,101,1,73.31
10701,10702,102,2,59.97
10702,10703,103,3,49.36
10703,10704,104,4,90.47
10704,10705,105,1,32.26
10705,10706,106,2,61.65
10706,10707,107,3,36.11
10707,10708,108,4,57.65
10708,10709,109,1,71.38
10709,10710,110,2,35.6
10710,10711,111,3,99.99
10711,10712,112,4,43.4
10712,10713,113,1,65.99
10713,10714,114,2,103.28
10714,10715,115,3,61.9
10715,10716,116,4,75.31
10716,10717,117,1,29.93
10717,10718,118,2,86.04
10718,10719,119,3,38.03
10719,10720,120,4,48.72
10720,10721,121,1,36.1
10721,10722,122,2,19.42
10722,10723,123,3,66.51
10723,10724,124,4,6.02
10724,10725,125,1,20.26
10725,10726,126,2,42.89
10726,10727,127,3,84.39
10727,10728,128,4,80.9
10728,10729,129,1,89.69
10729,10730,130,2,98.87
10730,10731,131,3,85.52
10731,10732,132,4,31.83
10732,10733,133,1,100.52
10733,10734,134,2,43.86
10734,10735,135,3,46.83
10735,10736,136,4,104.6
10736,10737,137,1,56.94
10737,10738,138,2,100.87
10738,10739,139,3,17.17
10739,10740,140,4,103.64
10740,10741,141,1,23.21
10741,10742,142,2,18.91
10742,10743,143,3,83.15
10743,10744,144,4,19.59
10744,10745,145,1,71.5
10745,10746,146,2,69.99
10746,10747,147,3,102.48
10747,10748,148,4,69.56
10748,10749,149,1,31.63
10749,10750,150,2,61.02
10750,10751,151,3,18.74
10751,10752,152,4,95.33
10752,10753,153,1,27.66
10753,10754,154,2,25.78
10754,10755,155,3,53.6
10755,10756,156,4,60.8
10756,10757,157,1,31.98
10757,10758,158,2,103.12
10758,10759,159,3,72.55
10759,10760,160,4,11.43
10760,10761,161,1,56.47
10761,10762,162,2,54.19
10762,10763,163,3,35.08
10763,10764,164,4,93.33
10764,10765,165,1,57.08
10765,10766,166,2,37.68
10766,10767,167,3,55.14
10767,10768,168,4,10.15
10768,10769,169,1,31.55
10769,10770,170,2,37.97
10770,10771,171,3,63.41
10771,10772,172,4,73.65
10772,10773,173,1,96.34
10773,10774,174,2,37.56
10774,10775,175,3,82.56
10775,10776,176,4,71.26
10776,10777,177,1,70.17
10777,10778,178,2,71.61
10778,10779,179,3,84.08
10779,10780,180,4,42.18
10780,10781,181,1,85.11
10781,10782,182,2,55.24
10782,10783,183,3,61.16
10783,10784,184,4,5.21
10784,10785,185,1,93.67
10785,10786,186,2,38.73
10786,10787,187,3,89.97
10787,10788,188,4,18.18
10788,10789,189,1,44.56
10789,10790,190,2,79.86
10790,10791,191,3,70.17
10791,10792,192,4,31.11
10792,10793,193,1,30.54
10793,10794,194,2,65.17
10794,10795,195,3,26.48
10795,10796,196,4,46.42
10796,10797,197,1,27.42
10797,10798,198,2,51.69
10798,10799,199,3,41.76
10799,10800,200,4,15.74
10800,10801,1,1,101.21
10801,10802,2,2,40.51
10802,10803,3,3,93.28
10803,10804,4,4,84.96
10804,10805,5,1,22.76
10805,10806,6,2,11.15
10806,10807,7,3,20.09
10807,10808,8,4,103.07
10808,10809,9,1,56.01
10809,10810,10,2,49.31
10810,10811,11,3,50.59
10811,10812,12,4,14.98
10812,10813,13,1,41.87
10813,10814,14,2,10.07
10814,10815,15,3,37.58
10815,10816,16,4,68.16
10816,10817,17,1,14.27
10817,10818,18,2,102.1
10818,10819,19,3,39.76
10819,10820,20,4,99.41
10820,10821,21,1,7.17
10821,10822,22,2,39.03
10822,10823,23,3,42.41
10823,10824,24,4,15.13
10824,10825,25,1,27.38
10825,10826,26,2,92.91
10826,10827,27,3,59.73
10827,10828,28,4,9.97
10828,10829,29,1,13.76
10829,10830,30,2,31.31
10830,10831,31,3,23.75
10831,10832,32,4,23.56
10832,10833,33,1,23.58
10833,10834,34,2,61.27
10834,10835,35,3,91.8
10835,10836,36,4,52.58
10836,10837,37,1,47.33
10837,10838,38,2,76.02
10838,10839,39,3,25.48
10839,10840,40,4,90.42
10840,10841,41,1,72.16
10841,10842,42,2,74.18
10842,10843,43,3,9.76
10843,10844,44,4,32.91
10844,10845,45,1,25.72
10845,10846,46,2,59.8
10846,10847,47,3,5.16
10847,10848,48,4,9.06
10848,10849,49,1,103.17
10849,10850,50,2,85.04
10850,10851,51,3,66.56
10851,10852,52,4,12.74
10852,10853,53,1,87.35
10853,10854,54,2,9.32
10854,10855,55,3,41.36
10855,10856,56,4,17.69
10856,10857,57,1,13.15
10857,10858,58,2,31.73
10858,10859,59,3,50.91
10859,10860,60,4,88.86
10860,10861,61,1,82.85
10861,10862,62,2,96.83
10862,10863,63,3,63.04
10863,10864,64,4,81.66
10864,10865,65,1,41.18
10865,10866,66,2,64.86
10866,10867,67,3,38.38
10867,10868,68,4,18.27
10868,10869,69,1,6.89
10869,10870,70,2,23.02
10870,10871,71,3,66.64
10871,10872,72,4,47.92
10872,10873,73,1,100.75
10873,10874,74,2,85.18
10874,10875,75,3,26.56
10875,10876,76,4,95.36
10876,10877,77,1,55.38
10877,10878,78,2,24.37
10878,10879,79,3,36.21
10879,10880,80,4,91.73
10880,10881,81,1,67.75
10881,10882,82,2,52.91
10882,10883,83,3,94.68
10883,10884,84,4,76.95
10884,10885,85,1,17.35
10885,10886,86,2,9.01
10886,10887,87,3,12.68
10887,10888,88,4,64.53
10888,10889,89,1,20.31
10889,10890,90,2,93.94
10890,10891,91,3,18.99
10891,10892,92,4,45.15
10892,10893,93,1,63.77
10893,10894,94,2,33.75
10894,10895,95,3,85.36
10895,10896,96,4,25.12
10896,10897,97,1,50.99
10897,10898,98,2,33.25
10898,10899,99,3,49.7
10899,10900,100,4,101.64
10900,10901,101,1,20.5
10901,10902,102,2,33.34
10902,10903,103,3,13.27
10903,10904,104,4,17.63
10904,10905,105,1,33.2
10905,10906,106,2,84.98
10906,10907,107,3,22.96
10907,10908,108,4,47.5
10908,10909,109,1,40.14
10909,10910,110,2,90.59
10910,10911,111,3,22.55
10911,10912,112,4,25.12
10912,10913,113,1,13.64
10913,10914,114,2,46.38
10914,10915,115,3,40.58
10915,10916,116,4,56.02
10916,10917,117,1,46.85
10917,10918,118,2,19.55
10918,10919,119,3,50.37
10919,10920,120,4,38.18
10920,10921,121,1,19.98
10921,10922,122,2,50.69
10922,10923,123,3,18.88
10923,10924,124,4,10.41
10924,10925,125,1,29.2
10925,10926,126,2,67.91
10926,10927,127,3,52.31
10927,10928,128,4,10.74
10928,10929,129,1,50.47
10929,10930,130,2,36.41
10930,10931,131,3,5.77
10931,10932,132,4,93.93
10932,10933,133,1,40.62
10933,10934,134,2,79.83
10934,10935,135,3,89.2
10935,10936,136,4,73.52
10936,10937,137,1,48.66
10937,10938,138,2,53.74
10938,10939,139,3,47.63
10939,10940,140,4,5.27
10940,10941,141,1,51.24
10941,10942,142,2,12.6
10942,10943,143,3,12.1
10943,10944,144,4,22.78
10944,10945,145,1,74.78
10945,10946,146,2,14.13
10946,10947,147,3,43.31
10947,10948,148,4,91.95
10948,10949,149,1,64.88
10949,10950,150,2,86.02
10950,10951,151,3,102.18
10951,10952,152,4,41.5
10952,10953,153,1,84.57
10953,10954,154,2,62.43
10954,10955,155,3,27.96
10955,10956,156,4,74.63
10956,10957,157,1,28.13
10957,10958,158,2,67.96
10958,10959,159,3,42.06
10959,10960,160,4,57.97
10960,10961,161,1,78.41
10961,10962,162,2,75.09
10962,10963,163,3,101.83
10963,10964,164,4,92.09
10964,10965,165,1,46.86
10965,10966,166,2,52.31
10966,10967,167,3,10.61
10967,10968,168,4,49.24
10968,10969,169,1,34.68
10969,10970,170,2,19.53
10970,10971,171,3,15.83
10971,10972,172,4,57.8
10972,10973,173,1,8.21
10973,10974,174,2,32.14
10974,10975,175,3,44.59
10975,10976,176,4,31.51
10976,10977,177,1,79.99
10977,10978,178,2,83.41
10978,10979,179,3,67.81
10979,10980,180,4,73.41
10980,10981,181,1,78.92
10981,10982,182,2,62.35
10982,10983,183,3,19.27
10983,10984,184,4,8.45
10984,10985,185,1,11.88
10985,10986,186,2,82.48
10986,10987,187,3,95.59
10987,10988,188,4,37.3
10988,10989,189,1,35.48
10989,10990,190,2,55.44
10990,10991,191,3,82.91
10991,10992,192,4,14.85
10992,10993,193,1,65.68
10993,10994,194,2,24.04
10994,10995,195,3,44.14
10995,10996,196,4,41.5
10996,10997,197,1,29.78
10997,10998,198,2,103.05
10998,10999,199,3,25.31
10999,11000,200,4,28.81
11000,11001,1,1,36.57
11001,11002,2,2,75.87
11002,11003,3,3,41.83
11003,11004,4,4,35.27
11004,11005,5,1,51.55
11005,11006,6,2,92.05
11006,11007,7,3,5.29
11007,11008,8,4,86.96
11008,11009,9,1,94.97
11009,11010,10,2,16.95
11010,11011,11,3,82.11
11011,11012,12,4,31.35
11012,11013,13,1,50.08
11013,11014,14,2,49.9
11014,11015,15,3,68.98
11015,11016,16,4,19.67
11016,11017,17,1,83.63
11017,11018,18,2,6.07
11018,11019,19,3,101.67
11019,11020,20,4,31.96
11020,11021,21,1,11.15
11021,11022,22,2,86.89
11022,11023,23,3,39.1
11023,11024,24,4,75.01
11024,11025,25,1,67.24
11025,11026,26,2,60.18
11026,11027,27,3,73.0
11027,11028,28,4,85.5
11028,11029,29,1,91.26
11029,11030,30,2,97.04
11030,11031,31,3,67.76
11031,11032,32,4,61.54
11032,11033,33,1,52.07
11033,11034,34,2,49.91
11034,11035,35,3,89.06
11035,11036,36,4,58.91
11036,11037,37,1,43.07
11037,11038,38,2,15.84
11038,11039,39,3,42.86
11039,11040,40,4,49.44
11040,11041,41,1,8.68
11041,11042,42,2,65.43
11042,11043,43,3,54.36
11043,11044,44,4,78.95
11044,11045,45,1,101.79
11045,11046,46,2,82.42
11046,11047,47,3,28.9
11047,11048,48,4,81.35
11048,11049,49,1,11.92
11049,11050,50,2,10.72
11050,11051,51,3,39.72
11051,11052,52,4,41.31
11052,11053,53,1,87.53
11053,11054,54,2,13.4
11054,11055,55,3,42.84
11055,11056,56,4,81.91
11056,11057,57,1,23.92
11057,11058,58,2,76.75
11058,11059,59,3,12.36
11059,11060,60,4,63.89
11060,11061,61,1,104.5
11061,11062,62,2,42.58
11062,11063,63,3,69.36
11063,11064,64,4,7.79
11064,11065,65,1,65.22
11065,11066,66,2,86.66
11066,11067,67,3,77.27
11067,11068,68,4,9.32
11068,11069,69,1,40.04
11069,11070,70,2,76.74
11070,11071,71,3,67.95
11071,11072,72,4,97.81
11072,11073,73,1,92.01
11073,11074,74,2,87.8
11074,11075,75,3,102.91
11075,11076,76,4,38.4
11076,11077,77,1,25.26
11077,11078,78,2,89.09
11078,11079,79,3,51.71
11079,11080,80,4,71.39
11080,11081,81,1,90.25
11081,11082,82,2,104.05
11082,11083,83,3,91.5
11083,11084,84,4,5.67
11084,11085,85,1,31.1
11085,11086,86,2,22.99
11086,11087,87,3,6.23
11087,11088,88,4,58.8
11088,11089,89,1,69.8
11089,11090,90,2,47.54
11090,11091,91,3,70.26
11091,11092,92,4,77.12
11092,11093,93,1,50.02
11093,11094,94,2,63.1
11094,11095,95,3,86.88
11095,11096,96,4,46.07
11096,11097,97,1,81.01
11097,11098,98,2,102.82
11098,11099,99,3,88.02
11099,11100,100,4,70.76
11100,11101,101,1,83.76
11101,11102,102,2,86.91
11102,11103,103,3,11.49
11103,11104,104,4,61.11
11104,11105,105,1,56.25
11105,11106,106,2,91.51
11106,11107,107,3,78.95
11107,11108,108,4,7.64
11108,11109,109,1,65.64
11109,11110,110,2,98.93
11110,11111,111,3,27.03
11111,11112,112,4,88.84
11112,11113,113,1,63.76
11113,11114,114,2,11.8
11114,11115,115,3,32.83
11115,11116,116,4,62.18
11116,11117,117,1,86.46
11117,11118,118,2,11.72
11118,11119,119,3,51.74
11119,11120,120,4,9.9
11120,11121,121,1,24.63
11121,11122,122,2,18.59
11122,11123,123,3,74.03
11123,11124,124,4,71.68
11124,11125,125,1,57.74
11125,11126,126,2,39.47
11126,11127,127,3,89.4
11127,11128,128,4,71.83
11128,11129,129,1,74.03
11129,11130,130,2,51.18
11130,11131,131,3,87.33
11131,11132,132,4,90.11
11132,11133,133,1,83.49
11133,11134,134,2,13.46
11134,11135,135,3,72.1
11135,11136,136,4,51.41
11136,11137,137,1,74.77
11137,11138,138,2,55.65
11138,11139,139,3,93.09
11139,11140,140,4,15.06
11140,11141,141,1,61.32
11141,11142,142,2,47.68
11142,11143,143,3,70.6
11143,11144,144,4,78.52
11144,11145,145,1,95.88
11145,11146,146,2,35.59
11146,11147,147,3,7.82
11147,11148,148,4,54.09
11148,11149,149,1,25.23
11149,11150,150,2,36.79
11150,11151,151,3,64.46
11151,11152,152,4,44.03
11152,11153,153,1,84.82
11153,11154,154,2,73.58
11154,11155,155,3,104.05
11155,11156,156,4,86.74
11156,11157,157,1,19.93
11157,11158,158,2,40.41
11158,11159,159,3,86.6
11159,11160,160,4,89.43
11160,11161,161,1,102.09
11161,11162,162,2,41.84
11162,11163,163,3,29.02
11163,11164,164,4,97.75
11164,11165,165,1,88.39
11165,11166,166,2,98.38
11166,11167,167,3,71.29
11167,11168,168,4,84.71
11168,11169,169,1,78.06
11169,11170,170,2,83.24
11170,11171,171,3,65.98
11171,11172,172,4,40.17
11172,11173,173,1,9.87
11173,11174,174,2,40.69
11174,11175,175,3,47.44
11175,11176,176,4,79.7
11176,11177,177,1,92.93
11177,11178,178,2,77.25
11178,11179,179,3,46.61
11179,11180,180,4,52.29
11180,11181,181,1,41.31
11181,11182,182,2,17.06
11182,11183,183,3,18.07
11183,11184,184,4,16.3
11184,11185,185,1,77.69
11185,11186,186,2,31.21
11186,11187,187,3,49.93
11187,11188,188,4,103.04
11188,11189,189,1,54.91
11189,11190,190,2,65.72
11190,11191,191,3,42.38
11191,11192,192,4,103.49
11192,11193,193,1,97.85
11193,11194,194,2,71.67
11194,11195,195,3,99.51
11195,11196,196,4,70.46
11196,11197,197,1,35.69
11197,11198,198,2,58.7
11198,11199,199,3,42.28
11199,11200,200,4,65.44
11200,11201,1,1,64.03
11201,11202,2,2,80.17
11202,11203,3,3,22.74
11203,11204,4,4,19.46
11204,11205,5,1,8.61
11205,11206,6,2,13.03
11206,11207,7,3,25.01
11207,11208,8,4,74.7
11208,11209,9,1,94.21
11209,11210,10,2,47.58
11210,11211,11,3,62.79
11211,11212,12,4,19.87
11212,11213,13,1,85.99
11213,11214,14,2,16.19
11214,11215,15,3,13.9
11215,11216,16,4,47.02
11216,11217,17,1,63.53
11217,11218,18,2,23.91
11218,11219,19,3,41.96
11219,11220,20,4,72.82
11220,11221,21,1,26.29
11221,11222,22,2,12.63
11222,11223,23,3,81.47
11223,11224,24,4,52.84
11224,11225,25,1,26.67
11225,11226,26,2,37.09
11226,11227,27,3,44.33
11227,11228,28,4,18.26
11228,11229,29,1,84.78
11229,11230,30,2,77.37
11230,11231,31,3,52.74
11231,11232,32,4,28.21
11232,11233,33,1,37.94
11233,11234,34,2,38.15
11234,11235,35,3,47.35
11235,11236,36,4,22.17
11236,11237,37,1,18.58
11237,11238,38,2,72.55
11238,11239,39,3,82.56
11239,11240,40,4,100.61
11240,11241,41,1,30.36
11241,11242,42,2,55.42
11242,11243,43,3,16.37
11243,11244,44,4,60.85
11244,11245,45,1,45.32
11245,11246,46,2,90.45
11246,11247,47,3,63.92
11247,11248,48,4,34.04
11248,11249,49,1,41.84
11249,11250,50,2,50.21
11250,11251,51,3,62.06
11251,11252,52,4,21.52
11252,11253,53,1,17.75
11253,11254,54,2,62.9
11254,11255,55,3,13.27
11255,11256,56,4,69.48
11256,11257,57,1,56.07
11257,11258,58,2,38.56
11258,11259,59,3,98.27
11259,11260,60,4,84.32
11260,11261,61,1,61.77
11261,11262,62,2,32.69
11262,11263,63,3,77.12
11263,11264,64,4,89.4
11264,11265,65,1,42.35
11265,11266,66,2,80.8
11266,11267,67,3,69.84
11267,11268,68,4,36.63
11268,11269,69,1,101.54
11269,11270,70,2,74.27
11270,11271,71,3,54.49
11271,11272,72,4,53.25
11272,11273,73,1,89.5
11273,11274,74,2,12.89
11274,11275,75,3,35.07
11275,11276,76,4,12.42
11276,11277,77,1,17.55
11277,11278,78,2,35.13
11278,11279,79,3,35.18
11279,11280,80,4,36.93
11280,11281,81,1,39.97
11281,11282,82,2,55.29
11282,11283,83,3,74.57
11283,11284,84,4,11.87
11284,11285,85,1,38.04
11285,11286,86,2,40.17
11286,11287,87,3,90.7
11287,11288,88,4,19.07
11288,11289,89,1,101.87
11289,11290,90,2,20.79
11290,11291,91,3,66.89
11291,11292,92,4,56.56
11292,11293,93,1,78.31
11293,11294,94,2,23.81
11294,11295,95,3,64.15
11295,11296,96,4,90.46
11296,11297,97,1,50.07
11297,11298,98,2,40.23
11298,11299,99,3,46.77
11299,11300,100,4,93.21
11300,11301,101,1,30.66
11301,11302,102,2,24.95
11302,11303,103,3,15.04
11303,11304,104,4,58.58
11304,11305,105,1,93.99
11305,11306,106,2,84.1
11306,11307,107,3,102.65
11307,11308,108,4,85.66
11308,11309,109,1,58.71
11309,11310,110,2,37.45
11310,11311,111,3,44.97
11311,11312,112,4,80.9
11312,11313,113,1,27.78
11313,11314,114,2,97.27
11314,11315,115,3,69.32
11315,11316,116,4,32.26
11316,11317,117,1,85.19
11317,11318,118,2,11.04
11318,11319,119,3,76.69
11319,11320,120,4,6.56
11320,11321,121,1,19.59
11321,11322,122,2,53.68
11322,11323,123,3,79.87
11323,11324,124,4,52.39
11324,11325,125,1,67.22
11325,11326,126,2,39.88
11326,11327,127,3,89.15
11327,11328,128,4,20.03
11328,11329,129,1,97.08
11329,11330,130,2,5.14
11330,11331,131,3,90.08
11331,11332,132,4,84.97
11332,11333,133,1,55.49
11333,11334,134,2,92.73
11334,11335,135,3,66.5
11335,11336,136,4,66.13
11336,11337,137,1,98.81
11337,11338,138,2,69.15
11338,11339,139,3,26.41
11339,11340,140,4,20.56
11340,11341,141,1,89.75
11341,11342,142,2,67.77
11342,11343,143,3,29.54
11343,11344,144,4,49.83
11344,11345,145,1,100.32
11345,11346,146,2,26.01
11346,11347,147,3,35.67
11347,11348,148,4,55.28
11348,11349,149,1,68.42
11349,11350,150,2,15.07
11350,11351,151,3,37.5
11351,11352,152,4,54.95
11352,11353,153,1,90.51
11353,11354,154,2,34.96
11354,11355,155,3,41.94
11355,11356,156,4,10.32
11356,11357,157,1,14.25
11357,11358,158,2,102.77
11358,11359,159,3,46.2
11359,11360,160,4,89.16
11360,11361,161,1,92.88
11361,11362,162,2,21.14
11362,11363,163,3,23.74
11363,11364,164,4,88.22
11364,11365,165,1,38.43
11365,11366,166,2,37.33
11366,11367,167,3,46.62
11367,11368,168,4,21.27
11368,11369,169,1,96.2
11369,11370,170,2,101.15
11370,11371,171,3,88.05
11371,11372,172,4,39.17
11372,11373,173,1,30.07
11373,11374,174,2,43.94
11374,11375,175,3,75.92
11375,11376,176,4,21.96
11376,11377,177,1,71.36
11377,11378,178,2,61.96
11378,11379,179,3,5.4
11379,11380,180,4,88.65
11380,11381,181,1,13.34
11381,11382,182,2,49.48
11382,11383,183,3,71.64
11383,11384,184,4,27.91
11384,11385,185,1,43.49
11385,11386,186,2,96.31
11386,11387,187,3,96.83
11387,11388,188,4,85.14
11388,11389,189,1,97.59
11389,11390,190,2,88.32
11390,11391,191,3,30.92
11391,11392,192,4,73.52
11392,11393,193,1,77.07
11393,11394,194,2,10.06
11394,11395,195,3,10.07
11395,11396,196,4,84.14
11396,11397,197,1,97.63
11397,11398,198,2,57.55
11398,11399,199,3,103.53
11399,11400,200,4,10.15
11400,11401,1,1,62.81
11401,11402,2,2,82.38
11402,11403,3,3,15.84
11403,11404,4,4,23.99
11404,11405,5,1,18.35
11405,11406,6,2,30.98
11406,11407,7,3,81.25
11407,11408,8,4,13.54
11408,11409,9,1,22.73
11409,11410,10,2,96.26
11410,11411,11,3,21.55
11411,11412,12,4,68.31
11412,11413,13,1,53.76
11413,11414,14,2,44.94
11414,11415,15,3,43.3
11415,11416,16,4,9.16
11416,11417,17,1,65.74
11417,11418,18,2,48.61
11418,11419,19,3,71.45
11419,11420,20,4,13.59
11420,11421,21,1,78.19
11421,11422,22,2,95.73
11422,11423,23,3,31.98
11423,11424,24,4,24.17
11424,11425,25,1,72.41
11425,11426,26,2,48.48
11426,11427,27,3,40.97
11427,11428,28,4,85.36
11428,11429,29,1,19.05
11429,11430,30,2,39.05
11430,11431,31,3,99.04
11431,11432,32,4,85.01
11432,11433,33,1,11.73
11433,11434,34,2,95.48
11434,11435,35,3,74.66
11435,11436,36,4,92.93
11436,11437,37,1,60.19
11437,11438,38,2,48.92
11438,11439,39,3,66.26
11439,11440,40,4,71.7
11440,11441,41,1,77.7
11441,11442,42,2,59.88
11442,11443,43,3,61.58
11443,11444,44,4,75.39
11444,11445,45,1,22.77
11445,11446,46,2,85.3
11446,11447,47,3,64.26
11447,11448,48,4,22.02
11448,11449,49,1,86.44
11449,11450,50,2,91.28
11450,11451,51,3,69.31
11451,11452,52,4,15.26
11452,11453,53,1,33.31
11453,11454,54,2,62.04
11454,11455,55,3,96.05
11455,11456,56,4,32.03
11456,11457,57,1,16.29
11457,11458,58,2,16.02
11458,11459,59,3,5.68
11459,11460,60,4,13.41
11460,11461,61,1,86.56
11461,11462,62,2,101.15
11462,11463,63,3,74.34
11463,11464,64,4,44.68
11464,11465,65,1,62.72
11465,11466,66,2,23.96
11466,11467,67,3,17.1
11467,11468,68,4,90.47
11468,11469,69,1,46.22
11469,11470,70,2,20.38
11470,11471,71,3,95.58
11471,11472,72,4,87.88
11472,11473,73,1,87.08
11473,11474,74,2,8.05
11474,11475,75,3,50.02
11475,11476,76,4,94.0
11476,11477,77,1,20.21
11477,11478,78,2,66.93
11478,11479,79,3,55.61
11479,11480,80,4,35.27
11480,11481,81,1,35.72
11481,11482,82,2,66.83
11482,11483,83,3,55.32
11483,11484,84,4,101.04
11484,11485,85,1,44.1
11485,11486,86,2,41.4
11486,11487,87,3,34.73
11487,11488,88,4,12.41
11488,11489,89,1,59.25
11489,11490,90,2,51.34
11490,11491,91,3,98.95
11491,11492,92,4,64.99
11492,11493,93,1,29.73
11493,11494,94,2,43.56
11494,11495,95,3,93.69
11495,11496,96,4,37.69
11496,11497,97,1,65.67
11497,11498,98,2,15.18
11498,11499,99,3,46.63
11499,11500,100,4,100.66
11500,11501,101,1,74.38
11501,11502,102,2,62.67
11502,11503,103,3,104.61
11503,11504,104,4,101.67
11504,11505,105,1,24.14
11505,11506,106,2,19.95
11506,11507,107,3,16.37
11507,11508,108,4,70.46
11508,11509,109,1,94.24
11509,11510,110,2,14.84
11510,11511,111,3,11.16
11511,11512,112,4,36.46
11512,11513,113,1,18.74
11513,11514,114,2,15.23
11514,11515,115,3,45.26
11515,11516,116,4,92.78
11516,11517,117,1,81.75
11517,11518,118,2,93.72
11518,11519,119,3,28.58
11519,11520,120,4,23.3
11520,11521,121,1,30.07
11521,11522,122,2,76.53
11522,11523,123,3,6.24
11523,11524,124,4,17.54
11524,11525,125,1,93.14
11525,11526,126,2,92.67
11526,11527,127,3,97.11
11527,11528,128,4,44.45
11528,11529,129,1,99.27
11529,11530,130,2,52.66
11530,11531,131,3,13.17
11531,11532,132,4,29.27
11532,11533,133,1,83.04
11533,11534,134,2,6.0
11534,11535,135,3,18.94
11535,11536,136,4,29.69
11536,11537,137,1,88.5
11537,11538,138,2,80.76
11538,11539,139,3,30.31
11539,11540,140,4,29.17
11540,11541,141,1,47.39
11541,11542,142,2,84.98
11542,11543,143,3,86.35
11543,11544,144,4,52.41
11544,11545,145,1,7.96
11545,11546,146,2,82.28
11546,11547,147,3,66.91
11547,11548,148,4,78.17
11548,11549,149,1,70.18
11549,11550,150,2,68.45
11550,11551,151,3,71.11
11551,11552,152,4,64.0
11552,11553,153,1,58.53
11553,11554,154,2,68.98
11554,11555,155,3,95.99
11555,11556,156,4,47.66
11556,11557,157,1,44.51
11557,11558,158,2,51.98
11558,11559,159,3,10.18
11559,11560,160,4,58.91
11560,11561,161,1,92.65
11561,11562,162,2,91.52
11562,11563,163,3,53.68
11563,11564,164,4,18.41
11564,11565,165,1,8.97
11565,11566,166,2,70.03
11566,11567,167,3,22.85
11567,11568,168,4,34.21
11568,11569,169,1,73.81
11569,11570,170,2,7.05
11570,11571,171,3,88.26
11571,11572,172,4,74.9
11572,11573,173,1,93.25
11573,11574,174,2,42.04
11574,11575,175,3,12.3
11575,11576,176,4,73.79
11576,11577,177,1,86.44
11577,11578,178,2,80.43
11578,11579,179,3,76.47
11579,11580,180,4,54.3
11580,11581,181,1,96.72
11581,11582,182,2,33.37
11582,11583,183,3,51.2
11583,11584,184,4,102.46
11584,11585,185,1,39.47
11585,11586,186,2,23.28
11586,11587,187,3,39.64
11587,11588,188,4,93.54
11588,11589,189,1,48.69
11589,11590,190,2,86.08
11590,11591,191,3,103.88
11591,11592,192,4,64.26
11592,11593,193,1,25.74
11593,11594,194,2,22.79
11594,11595,195,3,104.81
11595,11596,196,4,48.44
11596,11597,197,1,77.39
11597,11598,198,2,80.34
11598,11599,199,3,76.33
11599,11600,200,4,63.09
11600,11601,1,1,36.91
11601,11602,2,2,23.53
11602,11603,3,3,60.56
11603,11604,4,4,15.34
11604,11605,5,1,60.13
11605,11606,6,2,84.5
11606,11607,7,3,56.13
11607,11608,8,4,24.07
11608,11609,9,1,43.13
11609,11610,10,2,24.17
11610,11611,11,3,72.06
11611,11612,12,4,21.64
11612,11613,13,1,88.42
11613,11614,14,2,59.93
11614,11615,15,3,47.65
11615,11616,16,4,7.13
11616,11617,17,1,93.46
11617,11618,18,2,78.76
11618,11619,19,3,8.97
11619,11620,20,4,23.06
11620,11621,21,1,92.64
11621,11622,22,2,40.23
11622,11623,23,3,96.41
11623,11624,24,4,82.33
11624,11625,25,1,28.1
11625,11626,26,2,57.11
11626,11627,27,3,65.21
11627,11628,28,4,62.88
11628,11629,29,1,12.08
11629,11630,30,2,13.06
11630,11631,31,3,47.64
11631,11632,32,4,62.86
11632,11633,33,1,23.71
11633,11634,34,2,13.09
11634,11635,35,3,24.12
11635,11636,36,4,29.94
11636,11637,37,1,75.71
11637,11638,38,2,76.99
11638,11639,39,3,39.62
11639,11640,40,4,86.51
11640,11641,41,1,103.34
11641,11642,42,2,104.67
11642,11643,43,3,5.33
11643,11644,44,4,52.95
11644,11645,45,1,5.61
11645,11646,46,2,60.86
11646,11647,47,3,96.88
11647,11648,48,4,95.24
11648,11649,49,1,61.63
11649,11650,50,2,70.86
11650,11651,51,3,65.94
11651,11652,52,4,84.24
11652,11653,53,1,44.95
11653,11654,54,2,83.22
11654,11655,55,3,50.61
11655,11656,56,4,55.46
11656,11657,57,1,75.43
11657,11658,58,2,46.46
11658,11659,59,3,81.87
11659,11660,60,4,28.77
11660,11661,61,1,98.44
11661,11662,62,2,86.19
11662,11663,63,3,96.2
11663,11664,64,4,40.84
11664,11665,65,1,66.09
11665,11666,66,2,87.32
11666,11667,67,3,60.24
11667,11668,68,4,78.98
11668,11669,69,1,32.79
11669,11670,70,2,22.13
11670,11671,71,3,95.02
11671,11672,72,4,63.27
11672,11673,73,1,38.66
11673,11674,74,2,24.61
11674,11675,75,3,89.61
11675,11676,76,4,23.89
11676,11677,77,1,8.46
11677,11678,78,2,37.74
11678,11679,79,3,11.73
11679,11680,80,4,34.41
11680,11681,81,1,63.18
11681,11682,82,2,25.82
11682,11683,83,3,73.88
11683,11684,84,4,15.97
11684,11685,85,1,79.77
11685,11686,86,2,97.38
11686,11687,87,3,14.95
11687,11688,88,4,64.67
11688,11689,89,1,54.79
11689,11690,90,2,39.26
11690,11691,91,3,72.25
11691,11692,92,4,102.73
11692,11693,93,1,85.67
11693,11694,94,2,47.89
11694,11695,95,3,45.19
11695,11696,96,4,40.55
11696,11697,97,1,65.54
11697,11698,98,2,99.28
11698,11699,99,3,38.52
11699,11700,100,4,8.04
11700,11701,101,1,11.49
11701,11702,102,2,28.74
11702,11703,103,3,93.29
11703,11704,104,4,95.56
11704,11705,105,1,19.07
11705,11706,106,2,31.08
11706,11707,107,3,46.98
11707,11708,108,4,75.21
11708,11709,109,1,89.33
11709,11710,110,2,83.68
11710,11711,111,3,51.61
11711,11712,112,4,101.05
11712,11713,113,1,8.95
11713,11714,114,2,75.94
11714,11715,115,3,93.35
11715,11716,116,4,87.61
11716,11717,117,1,22.25
11717,11718,118,2,68.33
11718,11719,119,3,59.5
11719,11720,120,4,18.99
11720,11721,121,1,13.02
11721,11722,122,2,11.31
11722,11723,123,3,84.25
11723,11724,124,4,57.63
11724,11725,125,1,67.21
11725,11726,126,2,77.55
11726,11727,127,3,80.01
11727,11728,128,4,40.33
11728,11729,129,1,91.07
11729,11730,130,2,72.47
11730,11731,131,3,79.17
11731,11732,132,4,90.16
11732,11733,133,1,37.02
11733,11734,134,2,18.9
11734,11735,135,3,87.11
11735,11736,136,4,12.06
11736,11737,137,1,21.12
11737,11738,138,2,79.92
11738,11739,139,3,99.8
11739,11740,140,4,47.31
11740,11741,141,1,80.74
11741,11742,142,2,54.8
11742,11743,143,3,86.67
11743,11744,144,4,12.03
11744,11745,145,1,35.58
11745,11746,146,2,89.13
11746,11747,147,3,25.58
11747,11748,148,4,104.05
11748,11749,149,1,15.52
11749,11750,150,2,6.61
11750,11751,151,3,58.5
11751,11752,152,4,45.27
11752,11753,153,1,102.4
11753,11754,154,2,10.38
11754,11755,155,3,48.2
11755,11756,156,4,81.68
11756,11757,157,1,83.15
11757,11758,158,2,63.15
11758,11759,159,3,30.94
11759,11760,160,4,88.05
11760,11761,161,1,7.68
11761,11762,162,2,86.4
11762,11763,163,3,58.25
11763,11764,164,4,55.94
11764,11765,165,1,6.87
11765,11766,166,2,75.5
11766,11767,167,3,34.78
11767,11768,168,4,100.18
11768,11769,169,1,76.53
11769,11770,170,2,72.75
11770,11771,171,3,96.77
11771,11772,172,4,17.9
11772,11773,173,1,55.08
11773,11774,174,2,35.46
11774,11775,175,3,75.64
11775,11776,176,4,7.37
11776,11777,177,1,13.72
11777,11778,178,2,9.55
11778,11779,179,3,56.78
11779,11780,180,4,102.25
11780,11781,181,1,11.27
11781,11782,182,2,68.44
11782,11783,183,3,52.06
11783,11784,184,4,49.56
11784,11785,185,1,84.25
11785,11786,186,2,24.16
11786,11787,187,3,80.95
11787,11788,188,4,33.15
11788,11789,189,1,65.66
11789,11790,190,2,52.82
11790,11791,191,3,96.48
11791,11792,192,4,6.07
11792,11793,193,1,71.47
11793,11794,194,2,101.26
11794,11795,195,3,33.01
11795,11796,196,4,69.42
11796,11797,197,1,71.43
11797,11798,198,2,30.58
11798,11799,199,3,77.42
11799,11800,200,4,35.68
11800,11801,1,1,17.97
11801,11802,2,2,9.34
11802,11803,3,3,41.12
11803,11804,4,4,92.08
11804,11805,5,1,85.48
11805,11806,6,2,34.42
11806,11807,7,3,44.51
11807,11808,8,4,11.56
11808,11809,9,1,67.9
11809,11810,10,2,16.05
11810,11811,11,3,17.2
11811,11812,12,4,38.62
11812,11813,13,1,38.4
11813,11814,14,2,79.52
11814,11815,15,3,62.12
11815,11816,16,4,18.32
11816,11817,17,1,77.08
11817,11818,18,2,80.98
11818,11819,19,3,104.85
11819,11820,20,4,73.46
11820,11821,21,1,17.79
11821,11822,22,2,28.2
11822,11823,23,3,101.01
11823,11824,24,4,47.33
11824,11825,25,1,91.06
11825,11826,26,2,74.24
11826,11827,27,3,18.05
11827,11828,28,4,13.51
11828,11829,29,1,42.78
11829,11830,30,2,83.11
11830,11831,31,3,76.08
11831,11832,32,4,85.07
11832,11833,33,1,64.99
11833,11834,34,2,80.85
11834,11835,35,3,99.09
11835,11836,36,4,60.43
11836,11837,37,1,76.53
11837,11838,38,2,95.62
11838,11839,39,3,87.32
11839,11840,40,4,54.11
11840,11841,41,1,52.61
11841,11842,42,2,48.8
11842,11843,43,3,42.11
11843,11844,44,4,11.36
11844,11845,45,1,55.01
11845,11846,46,2,51.47
11846,11847,47,3,12.65
11847,11848,48,4,83.98
11848,11849,49,1,65.65
11849,11850,50,2,13.4
11850,11851,51,3,102.1
11851,11852,52,4,27.32
11852,11853,53,1,50.65
11853,11854,54,2,68.59
11854,11855,55,3,21.07
11855,11856,56,4,32.77
11856,11857,57,1,52.66
11857,11858,58,2,8.88
11858,11859,59,3,41.12
11859,11860,60,4,63.69
11860,11861,61,1,36.91
11861,11862,62,2,78.93
11862,11863,63,3,45.99
11863,11864,64,4,55.98
11864,11865,65,1,87.9
11865,11866,66,2,69.52
11866,11867,67,3,84.04
11867,11868,68,4,87.83
11868,11869,69,1,27.33
11869,11870,70,2,16.35
11870,11871,71,3,60.55
11871,11872,72,4,73.56
11872,11873,73,1,54.86
11873,11874,74,2,102.45
11874,11875,75,3,70.73
11875,11876,76,4,82.89
11876,11877,77,1,77.79
11877,11878,78,2,9.01
11878,11879,79,3,67.64
11879,11880,80,4,84.54
11880,11881,81,1,39.78
11881,11882,82,2,53.45
11882,11883,83,3,36.9
11883,11884,84,4,38.15
11884,11885,85,1,24.27
11885,11886,86,2,61.87
11886,11887,87,3,81.72
11887,11888,88,4,58.93
11888,11889,89,1,37.53
11889,11890,90,2,71.17
11890,11891,91,3,77.03
11891,11892,92,4,8.3
11892,11893,93,1,95.05
11893,11894,94,2,87.72
11894,11895,95,3,65.1
11895,11896,96,4,81.72
11896,11897,97,1,63.35
11897,11898,98,2,49.81
11898,11899,99,3,72.43
11899,11900,100,4,36.62
11900,11901,101,1,8.11
11901,11902,102,2,46.06
11902,11903,103,3,56.66
11903,11904,104,4,89.74
11904,11905,105,1,94.64
11905,11906,106,2,5.84
11906,11907,107,3,102.71
11907,11908,108,4,78.89
11908,11909,109,1,101.35
11909,11910,110,2,12.47
11910,11911,111,3,40.51
11911,11912,112,4,50.86
11912,11913,113,1,70.67
11913,11914,114,2,23.59
11914,11915,115,3,73.68
11915,11916,116,4,39.64
11916,11917,117,1,73.24
11917,11918,118,2,39.82
11918,11919,119,3,38.66
11919,11920,120,4,26.9
11920,11921,121,1,36.96
11921,11922,122,2,33.24
11922,11923,123,3,80.93
11923,11924,124,4,8.6
11924,11925,125,1,80.88
11925,11926,126,2,96.84
11926,11927,127,3,75.82
11927,11928,128,4,72.75
11928,11929,129,1,50.6
11929,11930,130,2,74.85
11930,11931,131,3,55.33
11931,11932,132,4,57.56
11932,11933,133,1,102.2
11933,11934,134,2,63.78
11934,11935,135,3,92.67
11935,11936,136,4,69.43
11936,11937,137,1,94.75
11937,11938,138,2,18.54
11938,11939,139,3,102.34
11939,11940,140,4,15.59
11940,11941,141,1,97.5
11941,11942,142,2,79.03
11942,11943,143,3,50.55
11943,11944,144,4,18.98
11944,11945,145,1,71.61
11945,11946,146,2,97.56
11946,11947,147,3,7.17
11947,11948,148,4,80.61
11948,11949,149,1,36.04
11949,11950,150,2,80.98
11950,11951,151,3,11.81
11951,11952,152,4,17.48
11952,11953,153,1,22.38
11953,11954,154,2,45.25
11954,11955,155,3,73.81
11955,11956,156,4,41.71
11956,11957,157,1,54.18
11957,11958,158,2,74.29
11958,11959,159,3,94.25
11959,11960,160,4,32.95
11960,11961,161,1,99.26
11961,11962,162,2,7.3
11962,11963,163,3,74.41
11963,11964,164,4,36.06
11964,11965,165,1,47.75
11965,11966,166,2,53.35
11966,11967,167,3,57.18
11967,11968,168,4,30.71
11968,11969,169,1,32.34
11969,11970,170,2,100.99
11970,11971,171,3,17.61
11971,11972,172,4,34.23
11972,11973,173,1,87.37
11973,11974,174,2,101.12
11974,11975,175,3,10.93
11975,11976,176,4,30.88
11976,11977,177,1,59.86
11977,11978,178,2,52.0
11978,11979,179,3,16.5
11979,11980,180,4,6.57
11980,11981,181,1,16.75
11981,11982,182,2,51.32
11982,11983,183,3,82.86
11983,11984,184,4,28.09
11984,11985,185,1,20.7
11985,11986,186,2,51.32
11986,11987,187,3,9.7
11987,11988,188,4,33.53
11988,11989,189,1,34.38
11989,11990,190,2,83.58
11990,11991,191,3,7.91
11991,11992,192,4,29.43
11992,11993,193,1,35.8
11993,11994,194,2,42.62
11994,11995,195,3,47.31
11995,11996,196,4,58.01
11996,11997,197,1,104.19
11997,11998,198,2,92.49
11998,11999,199,3,70.73
11999,12000,200,4,30.64
12000,12001,1,1,86.13
12001,12002,2,2,72.93
12002,12003,3,3,80.48
12003,12004,4,4,68.91
12004,12005,5,1,10.7
12005,12006,6,2,84.81
12006,12007,7,3,27.76
12007,12008,8,4,103.26
12008,12009,9,1,85.28
12009,12010,10,2,49.23
12010,12011,11,3,64.48
12011,12012,12,4,79.07
12012,12013,13,1,98.35
12013,12014,14,2,62.34
12014,12015,15,3,31.11
12015,12016,16,4,89.15
12016,12017,17,1,21.08
12017,12018,18,2,51.71
12018,12019,19,3,33.25
12019,12020,20,4,57.74
12020,12021,21,1,15.53
12021,12022,22,2,98.49
12022,12023,23,3,24.16
12023,12024,24,4,14.32
12024,12025,25,1,47.6
12025,12026,26,2,102.76
12026,12027,27,3,29.51
12027,12028,28,4,29.75
12028,12029,29,1,86.41
12029,12030,30,2,97.23
12030,12031,31,3,73.93
12031,12032,32,4,86.56
12032,12033,33,1,14.69
12033,12034,34,2,83.71
12034,12035,35,3,21.61
12035,12036,36,4,41.72
12036,12037,37,1,13.07
12037,12038,38,2,86.69
12038,12039,39,3,10.69
12039,12040,40,4,29.57
12040,12041,41,1,29.2
12041,12042,42,2,80.89
12042,12043,43,3,32.08
12043,12044,44,4,77.88
12044,12045,45,1,20.46
12045,12046,46,2,93.83
12046,12047,47,3,85.61
12047,12048,48,4,51.9
12048,12049,49,1,7.83
12049,12050,50,2,86.25
12050,12051,51,3,101.75
12051,12052,52,4,73.88
12052,12053,53,1,26.0
12053,12054,54,2,18.81
12054,12055,55,3,14.14
12055,12056,56,4,69.94
12056,12057,57,1,20.48
12057,12058,58,2,17.35
12058,12059,59,3,87.16
12059,12060,60,4,30.78
12060,12061,61,1,68.7
12061,12062,62,2,16.35
12062,12063,63,3,88.6
12063,12064,64,4,95.1
12064,12065,65,1,69.01
12065,12066,66,2,7.78
12066,12067,67,3,6.16
12067,12068,68,4,15.25
12068,12069,69,1,78.7
12069,12070,70,2,69.96
12070,12071,71,3,25.39
12071,12072,72,4,83.41
12072,12073,73,1,41.05
12073,12074,74,2,17.86
12074,12075,75,3,12.54
12075,12076,76,4,72.49
12076,12077,77,1,31.48
12077,12078,78,2,69.67
12078,12079,79,3,47.38
12079,12080,80,4,97.75
12080,12081,81,1,70.4
12081,12082,82,2,99.62
12082,12083,83,3,79.83
12083,12084,84,4,41.55
12084,12085,85,1,25.02
12085,12086,86,2,31.55
12086,12087,87,3,18.61
12087,12088,88,4,82.5
12088,12089,89,1,16.99
12089,12090,90,2,88.25
12090,12091,91,3,15.87
12091,12092,92,4,73.54
12092,12093,93,1,71.81
12093,12094,94,2,67.12
12094,12095,95,3,76.54
12095,12096,96,4,36.11
12096,12097,97,1,78.46
12097,12098,98,2,46.31
12098,12099,99,3,75.18
12099,12100,100,4,58.39
12100,12101,101,1,90.1
12101,12102,102,2,37.95
12102,12103,103,3,25.97
12103,12104,104,4,81.32
12104,12105,105,1,104.68
12105,12106,106,2,36.67
12106,12107,107,3,102.12
12107,12108,108,4,45.15
12108,12109,109,1,17.73
12109,12110,110,2,69.12
12110,12111,111,3,41.87
12111,12112,112,4,58.39
12112,12113,113,1,31.97
12113,12114,114,2,66.2
12114,12115,115,3,86.7
12115,12116,116,4,70.69
12116,12117,117,1,101.75
12117,12118,118,2,23.3
12118,12119,119,3,24.15
12119,12120,120,4,24.49
12120,12121,121,1,60.52
12121,12122,122,2,64.32
12122,12123,123,3,87.55
12123,12124,124,4,56.12
12124,12125,125,1,74.37
12125,12126,126,2,99.9
12126,12127,127,3,78.68
12127,12128,128,4,67.86
12128,12129,129,1,92.59
12129,12130,130,2,22.14
12130,12131,131,3,56.79
12131,12132,132,4,38.61
12132,12133,133,1,97.61
12133,12134,134,2,54.58
12134,12135,135,3,9.56
12135,12136,136,4,54.71
12136,12137,137,1,71.57
12137,12138,138,2,13.8
12138,12139,139,3,73.61
12139,12140,140,4,94.17
12140,12141,141,1,87.13
12141,12142,142,2,85.83
12142,12143,143,3,41.07
12143,12144,144,4,83.84
12144,12145,145,1,87.24
12145,12146,146,2,96.21
12146,12147,147,3,40.81
12147,12148,148,4,33.05
12148,12149,149,1,75.12
12149,12150,150,2,54.23
12150,12151,151,3,53.24
12151,12152,152,4,33.53
12152,12153,153,1,95.97
12153,12154,154,2,61.55
12154,12155,155,3,31.45
12155,12156,156,4,63.73
12156,12157,157,1,8.39
12157,12158,158,2,47.71
12158,12159,159,3,85.67
12159,12160,160,4,9.88
12160,12161,161,1,5.87
12161,12162,162,2,61.83
12162,12163,163,3,92.38
12163,12164,164,4,97.39
12164,12165,165,1,44.02
12165,12166,166,2,59.63
12166,12167,167,3,17.59
12167,12168,168,4,79.17
12168,12169,169,1,50.75
12169,12170,170,2,85.62
12170,12171,171,3,85.23
12171,12172,172,4,54.68
12172,12173,173,1,64.37
12173,12174,174,2,83.52
12174,12175,175,3,86.56
12175,12176,176,4,61.25
12176,12177,177,1,95.32
12177,12178,178,2,91.53
12178,12179,179,3,70.32
12179,12180,180,4,42.98
12180,12181,181,1,63.28
12181,12182,182,2,18.97
12182,12183,183,3,7.21
12183,12184,184,4,89.64
12184,12185,185,1,7.44
12185,12186,186,2,20.72
12186,12187,187,3,41.05
12187,12188,188,4,85.98
12188,12189,189,1,40.42
12189,12190,190,2,24.81
12190,12191,191,3,48.51
12191,12192,192,4,14.26
12192,12193,193,1,48.41
12193,12194,194,2,62.35
12194,12195,195,3,104.16
12195,12196,196,4,90.44
12196,12197,197,1,86.43
12197,12198,198,2,19.13
12198,12199,199,3,68.22
12199,12200,200,4,30.29
12200,12201,1,1,8.11
12201,12202,2,2,61.37
12202,12203,3,3,44.71
12203,12204,4,4,18.61
12204,12205,5,1,71.84
12205,12206,6,2,94.28
12206,12207,7,3,15.42
12207,12208,8,4,52.69
12208,12209,9,1,25.13
12209,12210,10,2,73.56
12210,12211,11,3,82.39
12211,12212,12,4,26.76
12212,12213,13,1,42.17
12213,12214,14,2,69.91
12214,12215,15,3,28.11
12215,12216,16,4,73.04
12216,12217,17,1,74.25
12217,12218,18,2,63.45
12218,12219,19,3,29.65
12219,12220,20,4,68.46
12220,12221,21,1,55.85
12221,12222,22,2,58.12
12222,12223,23,3,99.77
12223,12224,24,4,98.78
12224,12225,25,1,50.99
12225,12226,26,2,62.32
12226,12227,27,3,20.53
12227,12228,28,4,97.46
12228,12229,29,1,47.74
12229,12230,30,2,83.64
12230,12231,31,3,54.94
12231,12232,32,4,96.03
12232,12233,33,1,61.99
12233,12234,34,2,77.59
12234,12235,35,3,38.61
12235,12236,36,4,84.84
12236,12237,37,1,65.45
12237,12238,38,2,79.85
12238,12239,39,3,40.43
12239,12240,40,4,67.32
12240,12241,41,1,89.27
12241,12242,42,2,78.3
12242,12243,43,3,92.58
12243,12244,44,4,22.33
12244,12245,45,1,77.51
12245,12246,46,2,77.56
12246,12247,47,3,54.3
12247,12248,48,4,92.41
12248,12249,49,1,73.11
12249,12250,50,2,91.32
12250,12251,51,3,85.1
12251,12252,52,4,48.94
12252,12253,53,1,15.65
12253,12254,54,2,27.86
12254,12255,55,3,90.0
12255,12256,56,4,98.18
12256,12257,57,1,32.99
12257,12258,58,2,7.37
12258,12259,59,3,26.33
12259,12260,60,4,101.5
12260,12261,61,1,44.41
12261,12262,62,2,71.57
12262,12263,63,3,17.93
12263,12264,64,4,43.75
12264,12265,65,1,51.17
12265,12266,66,2,96.81
12266,12267,67,3,32.06
12267,12268,68,4,8.04
12268,12269,69,1,71.63
12269,12270,70,2,102.85
12270,12271,71,3,32.82
12271,12272,72,4,97.3
12272,12273,73,1,38.64
12273,12274,74,2,41.66
12274,12275,75,3,13.08
12275,12276,76,4,60.24
12276,12277,77,1,28.14
12277,12278,78,2,12.95
12278,12279,79,3,17.28
12279,12280,80,4,6.59
12280,12281,81,1,5.65
12281,12282,82,2,18.59
12282,12283,83,3,91.94
12283,12284,84,4,18.13
12284,12285,85,1,76.85
12285,12286,86,2,21.19
12286,12287,87,3,52.68
12287,12288,88,4,69.98
12288,12289,89,1,72.92
12289,12290,90,2,38.85
12290,12291,91,3,40.65
12291,12292,92,4,84.31
12292,12293,93,1,98.21
12293,12294,94,2,102.73
12294,12295,95,3,99.74
12295,12296,96,4,49.24
12296,12297,97,1,98.13
12297,12298,98,2,47.0
12298,12299,99,3,53.15
12299,12300,100,4,32.29
12300,12301,101,1,25.63
12301,12302,102,2,26.02
12302,12303,103,3,74.92
12303,12304,104,4,26.7
12304,12305,105,1,80.2
12305,12306,106,2,86.99
12306,12307,107,3,104.48
12307,12308,108,4,50.68
12308,12309,109,1,78.14
12309,12310,110,2,18.32
12310,12311,111,3,49.05
12311,12312,112,4,101.34
12312,12313,113,1,65.79
12313,12314,114,2,81.97
12314,12315,115,3,62.85
12315,12316,116,4,12.98
12316,12317,117,1,100.85
12317,12318,118,2,16.97
12318,12319,119,3,6.19
12319,12320,120,4,42.94
12320,12321,121,1,53.97
12321,12322,122,2,80.66
12322,12323,123,3,11.77
12323,12324,124,4,24.37
12324,12325,125,1,67.8
12325,12326,126,2,30.14
12326,12327,127,3,104.67
12327,12328,128,4,57.19
12328,12329,129,1,100.64
12329,12330,130,2,61.93
12330,12331,131,3,83.73
12331,12332,132,4,102.13
12332,12333,133,1,97.64
12333,12334,134,2,39.33
12334,12335,135,3,92.46
12335,12336,136,4,11.83
12336,12337,137,1,95.26
12337,12338,138,2,52.64
12338,12339,139,3,16.14
12339,12340,140,4,7.63
12340,12341,141,1,23.15
12341,12342,142,2,61.03
12342,12343,143,3,60.94
12343,12344,144,4,11.55
12344,12345,145,1,50.32
12345,12346,146,2,8.03
12346,12347,147,3,85.99
12347,12348,148,4,103.81
12348,12349,149,1,10.17
12349,12350,150,2,67.27
12350,12351,151,3,89.13
12351,12352,152,4,51.71
12352,12353,153,1,90.0
12353,12354,154,2,95.46
12354,12355,155,3,15.55
12355,12356,156,4,18.02
12356,12357,157,1,52.63
12357,12358,158,2,24.28
12358,12359,159,3,99.65
12359,12360,160,4,99.13
12360,12361,161,1,79.21
12361,12362,162,2,56.72
12362,12363,163,3,10.17
12363,12364,164,4,102.87
12364,12365,165,1,20.99
12365,12366,166,2,74.03
12366,12367,167,3,71.98
12367,12368,168,4,104.77
12368,12369,169,1,65.65
12369,12370,170,2,87.95
12370,12371,171,3,74.67
12371,12372,172,4,57.55
12372,12373,173,1,46.2
12373,12374,174,2,76.62
12374,12375,175,3,5.03
12375,12376,176,4,10.88
12376,12377,177,1,20.07
12377,12378,178,2,7.75
12378,12379,179,3,70.52
12379,12380,180,4,52.76
12380,12381,181,1,92.14
12381,12382,182,2,99.38
12382,12383,183,3,17.12
12383,12384,184,4,63.43
12384,12385,185,1,80.26
12385,12386,186,2,32.93
12386,12387,187,3,23.0
12387,12388,188,4,64.62
12388,12389,189,1,69.32
12389,12390,190,2,37.33
12390,12391,191,3,46.35
12391,12392,192,4,8.78
12392,12393,193,1,28.46
12393,12394,194,2,12.54
12394,12395,195,3,37.79
12395,12396,196,4,67.07
12396,12397,197,1,82.98
12397,12398,198,2,67.38
12398,12399,199,3,77.16
12399,12400,200,4,99.61
12400,12401,1,1,16.5
12401,12402,2,2,41.08
12402,12403,3,3,83.96
12403,12404,4,4,7.96
12404,12405,5,1,21.73
12405,12406,6,2,6.38
12406,12407,7,3,98.59
12407,12408,8,4,57.58
12408,12409,9,1,10.67
12409,12410,10,2,48.39
12410,12411,11,3,5.3
12411,12412,12,4,65.5
12412,12413,13,1,98.9
12413,12414,14,2,51.49
12414,12415,15,3,6.18
12415,12416,16,4,100.47
12416,12417,17,1,78.42
12417,12418,18,2,17.18
12418,12419,19,3,27.1
12419,12420,20,4,7.4
12420,12421,21,1,49.37
12421,12422,22,2,67.53
12422,12423,23,3,47.32
12423,12424,24,4,69.96
12424,12425,25,1,56.57
12425,12426,26,2,83.14
12426,12427,27,3,37.45
12427,12428,28,4,73.28
12428,12429,29,1,38.81
12429,12430,30,2,104.09
12430,12431,31,3,63.77
12431,12432,32,4,62.5
12432,12433,33,1,14.7
12433,12434,34,2,38.53
12434,12435,35,3,34.67
12435,12436,36,4,87.88
12436,12437,37,1,48.77
12437,12438,38,2,95.13
12438,12439,39,3,44.08
12439,12440,40,4,67.2
12440,12441,41,1,72.72
12441,12442,42,2,17.79
12442,12443,43,3,22.8
12443,12444,44,4,47.92
12444,12445,45,1,38.91
12445,12446,46,2,59.02
12446,12447,47,3,17.48
12447,12448,48,4,81.72
12448,12449,49,1,18.43
12449,12450,50,2,35.85
12450,12451,51,3,101.76
12451,12452,52,4,27.6
12452,12453,53,1,60.34
12453,12454,54,2,81.54
12454,12455,55,3,37.4
12455,12456,56,4,9.6
12456,12457,57,1,100.44
12457,12458,58,2,30.93
12458,12459,59,3,45.14
12459,12460,60,4,15.6
12460,12461,61,1,92.67
12461,12462,62,2,31.08
12462,12463,63,3,24.34
12463,12464,64,4,34.59
12464,12465,65,1,91.98
12465,12466,66,2,90.83
12466,12467,67,3,95.43
12467,12468,68,4,15.66
12468,12469,69,1,83.41
12469,12470,70,2,97.15
12470,12471,71,3,76.49
12471,12472,72,4,93.67
12472,12473,73,1,49.91
12473,12474,74,2,101.87
12474,12475,75,3,49.16
12475,12476,76,4,94.44
12476,12477,77,1,60.97
12477,12478,78,2,92.7
12478,12479,79,3,46.95
12479,12480,80,4,56.07
12480,12481,81,1,88.4
12481,12482,82,2,98.6
12482,12483,83,3,94.84
12483,12484,84,4,99.69
12484,12485,85,1,58.29
12485,12486,86,2,49.65
12486,12487,87,3,67.06
12487,12488,88,4,100.77
12488,12489,89,1,13.6
12489,12490,90,2,44.53
12490,12491,91,3,86.1
12491,12492,92,4,48.68
12492,12493,93,1,69.11
12493,12494,94,2,102.83
12494,12495,95,3,33.97
12495,12496,96,4,14.16
12496,12497,97,1,49.76
12497,12498,98,2,28.62
12498,12499,99,3,62.91
12499,12500,100,4,58.8
12500,12501,101,1,94.28
12501,12502,102,2,26.66
12502,12503,103,3,52.27
12503,12504,104,4,12.25
12504,12505,105,1,21.01
12505,12506,106,2,62.5
12506,12507,107,3,92.88
12507,12508,108,4,15.95
12508,12509,109,1,79.05
12509,12510,110,2,40.64
12510,12511,111,3,72.0
12511,12512,112,4,57.15
12512,12513,113,1,19.72
12513,12514,114,2,94.39
12514,12515,115,3,103.22
12515,12516,116,4,103.66
12516,12517,117,1,48.85
12517,12518,118,2,6.46
12518,12519,119,3,49.04
12519,12520,120,4,34.27
12520,12521,121,1,53.25
12521,12522,122,2,63.92
12522,12523,123,3,43.9
12523,12524,124,4,11.83
12524,12525,125,1,55.9
12525,12526,126,2,49.71
12526,12527,127,3,44.39
12527,12528,128,4,62.99
12528,12529,129,1,103.58
12529,12530,130,2,94.99
12530,12531,131,3,95.28
12531,12532,132,4,18.96
12532,12533,133,1,10.02
12533,12534,134,2,102.08
12534,12535,135,3,82.74
12535,12536,136,4,100.99
12536,12537,137,1,71.82
12537,12538,138,2,99.85
12538,12539,139,3,20.9
12539,12540,140,4,100.28
12540,12541,141,1,101.39
12541,12542,142,2,82.63
12542,12543,143,3,16.78
12543,12544,144,4,41.42
12544,12545,145,1,94.1
12545,12546,146,2,104.02
12546,12547,147,3,103.9
12547,12548,148,4,20.43
12548,12549,149,1,29.92
12549,12550,150,2,7.69
12550,12551,151,3,83.04
12551,12552,152,4,50.78
12552,12553,153,1,55.59
12553,12554,154,2,62.61
12554,12555,155,3,83.77
12555,12556,156,4,16.51
12556,12557,157,1,28.41
12557,12558,158,2,75.56
12558,12559,159,3,23.16
12559,12560,160,4,82.56
12560,12561,161,1,43.07
12561,12562,162,2,5.69
12562,12563,163,3,58.97
12563,12564,164,4,77.4
12564,12565,165,1,5.08
12565,12566,166,2,92.23
12566,12567,167,3,96.69
12567,12568,168,4,86.12
12568,12569,169,1,26.29
12569,12570,170,2,70.34
12570,12571,171,3,9.62
12571,12572,172,4,100.37
12572,12573,173,1,8.08
12573,12574,174,2,95.19
12574,12575,175,3,31.87
12575,12576,176,4,87.12
12576,12577,177,1,102.55
12577,12578,178,2,87.18
12578,12579,179,3,45.57
12579,12580,180,4,70.42
12580,12581,181,1,17.5
12581,12582,182,2,56.56
12582,12583,183,3,48.37
12583,12584,184,4,98.62
12584,12585,185,1,31.7
12585,12586,186,2,94.0
12586,12587,187,3,65.21
12587,12588,188,4,90.91
12588,12589,189,1,91.57
12589,12590,190,2,85.27
12590,12591,191,3,86.64
12591,12592,192,4,7.76
12592,12593,193,1,54.83
12593,12594,194,2,9.35
12594,12595,195,3,9.4
12595,12596,196,4,54.87
12596,12597,197,1,98.86
12597,12598,198,2,14.93
12598,12599,199,3,32.8
12599,12600,200,4,28.96
12600,12601,1,1,92.19
12601,12602,2,2,8.14
12602,12603,3,3,10.09
12603,12604,4,4,32.78
12604,12605,5,1,64.13
12605,12606,6,2,77.96
12606,12607,7,3,71.05
12607,12608,8,4,104.18
12608,12609,9,1,94.17
12609,12610,10,2,33.37
12610,12611,11,3,43.75
12611,12612,12,4,48.77
12612,12613,13,1,71.03
12613,12614,14,2,68.69
12614,12615,15,3,89.76
12615,12616,16,4,43.16
12616,12617,17,1,55.37
12617,12618,18,2,75.25
12618,12619,19,3,48.67
12619,12620,20,4,92.5
12620,12621,21,1,95.65
12621,12622,22,2,94.2
12622,12623,23,3,75.79
12623,12624,24,4,85.0
12624,12625,25,1,88.24
12625,12626,26,2,78.91
12626,12627,27,3,30.5
12627,12628,28,4,42.47
12628,12629,29,1,55.16
12629,12630,30,2,47.91
12630,12631,31,3,57.35
12631,12632,32,4,34.05
12632,12633,33,1,58.92
12633,12634,34,2,54.95
12634,12635,35,3,11.71
12635,12636,36,4,22.03
12636,12637,37,1,55.59
12637,12638,38,2,93.24
12638,12639,39,3,67.78
12639,12640,40,4,30.07
12640,12641,41,1,77.58
12641,12642,42,2,65.44
12642,12643,43,3,55.06
12643,12644,44,4,22.31
12644,12645,45,1,25.72
12645,12646,46,2,30.82
12646,12647,47,3,62.2
12647,12648,48,4,13.22
12648,12649,49,1,21.1
12649,12650,50,2,25.5
12650,12651,51,3,26.88
12651,12652,52,4,91.95
12652,12653,53,1,88.45
12653,12654,54,2,57.42
12654,12655,55,3,89.08
12655,12656,56,4,96.83
12656,12657,57,1,17.27
12657,12658,58,2,61.32
12658,12659,59,3,7.38
12659,12660,60,4,51.1
12660,12661,61,1,87.22
12661,12662,62,2,26.16
12662,12663,63,3,101.98
12663,12664,64,4,71.18
12664,12665,65,1,5.67
12665,12666,66,2,76.84
12666,12667,67,3,99.81
12667,12668,68,4,30.86
12668,12669,69,1,83.06
12669,12670,70,2,46.99
12670,12671,71,3,97.37
12671,12672,72,4,53.3
12672,12673,73,1,41.34
12673,12674,74,2,87.76
12674,12675,75,3,31.59
12675,12676,76,4,78.41
12676,12677,77,1,51.47
12677,12678,78,2,74.57
12678,12679,79,3,44.06
12679,12680,80,4,34.67
12680,12681,81,1,46.77
12681,12682,82,2,63.91
12682,12683,83,3,28.07
12683,12684,84,4,13.45
12684,12685,85,1,14.87
12685,12686,86,2,73.56
12686,12687,87,3,78.86
12687,12688,88,4,42.06
12688,12689,89,1,70.29
12689,12690,90,2,54.16
12690,12691,91,3,83.69
12691,12692,92,4,71.74
12692,12693,93,1,50.01
12693,12694,94,2,86.46
12694,12695,95,3,98.22
12695,12696,96,4,86.64
12696,12697,97,1,76.96
12697,12698,98,2,43.49
12698,12699,99,3,91.13
12699,12700,100,4,53.07
12700,12701,101,1,44.4
12701,12702,102,2,61.21
12702,12703,103,3,17.57
12703,12704,104,4,55.01
12704,12705,105,1,78.74
12705,12706,106,2,39.2
12706,12707,107,3,69.08
12707,12708,108,4,63.61
12708,12709,109,1,36.09
12709,12710,110,2,93.05
12710,12711,111,3,97.66
12711,12712,112,4,12.06
12712,12713,113,1,41.38
12713,12714,114,2,33.75
12714,12715,115,3,67.32
12715,12716,116,4,56.94
12716,12717,117,1,57.92
12717,12718,118,2,64.33
12718,12719,119,3,55.13
12719,12720,120,4,104.61
12720,12721,121,1,51.8
12721,12722,122,2,34.91
12722,12723,123,3,32.59
12723,12724,124,4,21.66
12724,12725,125,1,48.11
12725,12726,126,2,73.69
12726,12727,127,3,60.4
12727,12728,128,4,74.23
12728,12729,129,1,46.42
12729,12730,130,2,65.73
12730,12731,131,3,64.49
12731,12732,132,4,58.62
12732,12733,133,1,83.36
12733,12734,134,2,28.22
12734,12735,135,3,57.62
12735,12736,136,4,83.51
12736,12737,137,1,32.56
12737,12738,138,2,11.17
12738,12739,139,3,85.04
12739,12740,140,4,18.97
12740,12741,141,1,46.49
12741,12742,142,2,101.01
12742,12743,143,3,25.22
12743,12744,144,4,8.74
12744,12745,145,1,21.22
12745,12746,146,2,91.67
12746,12747,147,3,30.69
12747,12748,148,4,10.56
12748,12749,149,1,13.9
12749,12750,150,2,74.63
12750,12751,151,3,104.98
12751,12752,152,4,87.08
12752,12753,153,1,28.91
12753,12754,154,2,87.08
12754,12755,155,3,94.68
12755,12756,156,4,15.85
12756,12757,157,1,16.2
12757,12758,158,2,91.89
12758,12759,159,3,31.28
12759,12760,160,4,7.15
12760,12761,161,1,40.36
12761,12762,162,2,55.18
12762,12763,163,3,37.34
12763,12764,164,4,57.31
12764,12765,165,1,36.98
12765,12766,166,2,18.34
12766,12767,167,3,33.95
12767,12768,168,4,20.35
12768,12769,169,1,44.27
12769,12770,170,2,39.36
12770,12771,171,3,32.65
12771,12772,172,4,46.21
12772,12773,173,1,50.75
12773,12774,174,2,30.3
12774,12775,175,3,50.48
12775,12776,176,4,100.37
12776,12777,177,1,26.11
12777,12778,178,2,12.29
12778,12779,179,3,50.31
12779,12780,180,4,62.19
12780,12781,181,1,59.62
12781,12782,182,2,70.02
12782,12783,183,3,50.63
12783,12784,184,4,97.54
12784,12785,185,1,70.67
12785,12786,186,2,37.82
12786,12787,187,3,101.89
12787,12788,188,4,100.52
12788,12789,189,1,96.39
12789,12790,190,2,48.2
12790,12791,191,3,92.68
12791,12792,192,4,70.71
12792,12793,193,1,25.33
12793,12794,194,2,89.1
12794,12795,195,3,76.2
12795,12796,196,4,62.52
12796,12797,197,1,76.06
12797,12798,198,2,79.45
12798,12799,199,3,48.74
12799,12800,200,4,30.03
12800,12801,1,1,51.4
12801,12802,2,2,58.39
12802,12803,3,3,19.09
12803,12804,4,4,99.46
12804,12805,5,1,43.71
12805,12806,6,2,9.59
12806,12807,7,3,17.27
12807,12808,8,4,66.47
12808,12809,9,1,63.32
12809,12810,10,2,16.08
12810,12811,11,3,87.22
12811,12812,12,4,78.5
12812,12813,13,1,17.89
12813,12814,14,2,91.07
12814,12815,15,3,98.43
12815,12816,16,4,35.65
12816,12817,17,1,52.05
12817,12818,18,2,75.37
12818,12819,19,3,21.81
12819,12820,20,4,24.59
12820,12821,21,1,85.17
12821,12822,22,2,73.4
12822,12823,23,3,58.67
12823,12824,24,4,18.74
12824,12825,25,1,57.52
12825,12826,26,2,41.19
12826,12827,27,3,16.69
12827,12828,28,4,101.61
12828,12829,29,1,50.76
12829,12830,30,2,48.41
12830,12831,31,3,61.46
12831,12832,32,4,88.85
12832,12833,33,1,93.64
12833,12834,34,2,9.86
12834,12835,35,3,86.27
12835,12836,36,4,5.39
12836,12837,37,1,70.5
12837,12838,38,2,98.05
12838,12839,39,3,89.92
12839,12840,40,4,86.32
12840,12841,41,1,65.67
12841,12842,42,2,10.81
12842,12843,43,3,83.66
12843,12844,44,4,67.02
12844,12845,45,1,90.61
12845,12846,46,2,79.12
12846,12847,47,3,91.39
12847,12848,48,4,88.67
12848,12849,49,1,23.79
12849,12850,50,2,100.51
12850,12851,51,3,50.42
12851,12852,52,4,15.09
12852,12853,53,1,17.86
12853,12854,54,2,82.58
12854,12855,55,3,85.17
12855,12856,56,4,68.69
12856,12857,57,1,62.21
12857,12858,58,2,68.39
12858,12859,59,3,94.9
12859,12860,60,4,78.1
12860,12861,61,1,43.27
12861,12862,62,2,87.63
12862,12863,63,3,86.55
12863,12864,64,4,77.31
12864,12865,65,1,46.71
12865,12866,66,2,23.29
12866,12867,67,3,8.57
12867,12868,68,4,44.07
12868,12869,69,1,47.5
12869,12870,70,2,26.71
12870,12871,71,3,84.2
12871,12872,72,4,65.16
12872,12873,73,1,103.54
12873,12874,74,2,40.28
12874,12875,75,3,57.19
12875,12876,76,4,33.79
12876,12877,77,1,78.18
12877,12878,78,2,43.33
12878,12879,79,3,37.3
12879,12880,80,4,72.36
12880,12881,81,1,14.13
12881,12882,82,2,32.65
12882,12883,83,3,28.5
12883,12884,84,4,69.32
12884,12885,85,1,36.39
12885,12886,86,2,99.44
12886,12887,87,3,64.53
12887,12888,88,4,57.71
12888,12889,89,1,33.38
12889,12890,90,2,72.26
12890,12891,91,3,94.4
12891,12892,92,4,11.13
12892,12893,93,1,93.41
12893,12894,94,2,57.92
12894,12895,95,3,23.96
12895,12896,96,4,99.81
12896,12897,97,1,9.93
12897,12898,98,2,33.0
12898,12899,99,3,6.45
12899,12900,100,4,100.48
12900,12901,101,1,65.02
12901,12902,102,2,78.75
12902,12903,103,3,29.68
12903,12904,104,4,23.41
12904,12905,105,1,10.41
12905,12906,106,2,63.43
12906,12907,107,3,99.03
12907,12908,108,4,61.5
12908,12909,109,1,84.12
12909,12910,110,2,7.44
12910,12911,111,3,31.5
12911,12912,112,4,5.39
12912,12913,113,1,97.79
12913,12914,114,2,25.22
12914,12915,115,3,7.4
12915,12916,116,4,66.97
12916,12917,117,1,51.81
12917,12918,118,2,14.62
12918,12919,119,3,60.73
12919,12920,120,4,28.56
12920,12921,121,1,37.85
12921,12922,122,2,73.95
12922,12923,123,3,98.87
12923,12924,124,4,17.92
12924,12925,125,1,91.98
12925,12926,126,2,52.47
12926,12927,127,3,69.31
12927,12928,128,4,53.95
12928,12929,129,1,40.46
12929,12930,130,2,30.73
12930,12931,131,3,44.78
12931,12932,132,4,48.76
12932,12933,133,1,49.38
12933,12934,134,2,52.58
12934,12935,135,3,27.52
12935,12936,136,4,37.05
12936,12937,137,1,60.74
12937,12938,138,2,15.67
12938,12939,139,3,51.82
12939,12940,140,4,14.73
12940,12941,141,1,95.91
12941,12942,142,2,45.63
12942,12943,143,3,15.58
12943,12944,144,4,94.13
12944,12945,145,1,29.71
12945,12946,146,2,26.72
12946,12947,147,3,82.19
12947,12948,148,4,79.5
12948,12949,149,1,17.75
12949,12950,150,2,31.63
12950,12951,151,3,51.27
12951,12952,152,4,10.1
12952,12953,153,1,18.88
12953,12954,154,2,11.9
12954,12955,155,3,10.89
12955,12956,156,4,69.17
12956,12957,157,1,25.77
12957,12958,158,2,30.47
12958,12959,159,3,90.4
12959,12960,160,4,68.66
12960,12961,161,1,61.94
12961,12962,162,2,48.67
12962,12963,163,3,52.25
12963,12964,164,4,90.47
12964,12965,165,1,58.96
12965,12966,166,2,66.3
12966,12967,167,3,93.53
12967,12968,168,4,55.42
12968,12969,169,1,94.16
12969,12970,170,2,86.24
12970,12971,171,3,52.32
12971,12972,172,4,26.52
12972,12973,173,1,93.46
12973,12974,174,2,61.5
12974,12975,175,3,88.13
12975,12976,176,4,65.3
12976,12977,177,1,65.37
12977,12978,178,2,9.34
12978,12979,179,3,49.99
12979,12980,180,4,16.19
12980,12981,181,1,65.05
12981,12982,182,2,19.8
12982,12983,183,3,49.16
12983,12984,184,4,64.95
12984,12985,185,1,61.74
12985,12986,186,2,83.75
12986,12987,187,3,36.51
12987,12988,188,4,71.8
12988,12989,189,1,13.75
12989,12990,190,2,33.78
12990,12991,191,3,23.08
12991,12992,192,4,83.98
12992,12993,193,1,13.96
12993,12994,194,2,99.04
12994,12995,195,3,23.7
12995,12996,196,4,22.73
12996,12997,197,1,88.32
12997,12998,198,2,75.62
12998,12999,199,3,90.64
12999,13000,200,4,77.16
13000,13001,1,1,37.52
13001,13002,2,2,13.88
13002,13003,3,3,5.39
13003,13004,4,4,32.61
13004,13005,5,1,30.14
13005,13006,6,2,44.39
13006,13007,7,3,92.66
13007,13008,8,4,44.23
13008,13009,9,1,34.01
13009,13010,10,2,26.03
13010,13011,11,3,21.04
13011,13012,12,4,82.81
13012,13013,13,1,85.84
13013,13014,14,2,46.84
13014,13015,15,3,14.29
13015,13016,16,4,19.74
13016,13017,17,1,74.0
13017,13018,18,2,103.06
13018,13019,19,3,75.75
13019,13020,20,4,68.15
13020,13021,21,1,51.34
13021,13022,22,2,20.02
13022,13023,23,3,96.98
13023,13024,24,4,100.76
13024,13025,25,1,44.8
13025,13026,26,2,55.02
13026,13027,27,3,36.91
13027,13028,28,4,51.18
13028,13029,29,1,9.7
13029,13030,30,2,67.72
13030,13031,31,3,95.25
13031,13032,32,4,97.01
13032,13033,33,1,97.17
13033,13034,34,2,36.96
13034,13035,35,3,53.24
13035,13036,36,4,10.64
13036,13037,37,1,96.6
13037,13038,38,2,23.84
13038,13039,39,3,80.06
13039,13040,40,4,26.8
13040,13041,41,1,6.43
13041,13042,42,2,63.8
13042,13043,43,3,94.95
13043,13044,44,4,71.56
13044,13045,45,1,26.17
13045,13046,46,2,102.55
13046,13047,47,3,39.21
13047,13048,48,4,78.09
13048,13049,49,1,47.41
13049,13050,50,2,100.73
13050,13051,51,3,98.18
13051,13052,52,4,93.47
13052,13053,53,1,33.37
13053,13054,54,2,41.97
13054,13055,55,3,46.32
13055,13056,56,4,52.94
13056,13057,57,1,60.27
13057,13058,58,2,35.91
13058,13059,59,3,51.25
13059,13060,60,4,7.78
13060,13061,61,1,33.93
13061,13062,62,2,85.34
13062,13063,63,3,68.77
13063,13064,64,4,27.02
13064,13065,65,1,76.17
13065,13066,66,2,87.0
13066,13067,67,3,40.37
13067,13068,68,4,83.9
13068,13069,69,1,81.07
13069,13070,70,2,46.31
13070,13071,71,3,91.39
13071,13072,72,4,33.5
13072,13073,73,1,87.23
13073,13074,74,2,11.51
13074,13075,75,3,34.67
13075,13076,76,4,46.08
13076,13077,77,1,25.07
13077,13078,78,2,17.11
13078,13079,79,3,36.26
13079,13080,80,4,25.4
13080,13081,81,1,102.29
13081,13082,82,2,80.63
13082,13083,83,3,86.76
13083,13084,84,4,56.47
13084,13085,85,1,15.82
13085,13086,86,2,77.91
13086,13087,87,3,104.24
13087,13088,88,4,44.59
13088,13089,89,1,72.46
13089,13090,90,2,40.9
13090,13091,91,3,86.7
13091,13092,92,4,41.09
13092,13093,93,1,62.99
13093,13094,94,2,37.72
13094,13095,95,3,46.18
13095,13096,96,4,9.18
13096,13097,97,1,97.86
13097,13098,98,2,97.15
13098,13099,99,3,96.84
13099,13100,100,4,27.87
13100,13101,101,1,26.89
13101,13102,102,2,79.4
13102,13103,103,3,20.34
13103,13104,104,4,61.94
13104,13105,105,1,44.52
13105,13106,106,2,32.2
13106,13107,107,3,30.63
13107,13108,108,4,18.97
13108,13109,109,1,5.87
13109,13110,110,2,20.98
13110,13111,111,3,102.08
13111,13112,112,4,17.79
13112,13113,113,1,14.26
13113,13114,114,2,31.56
13114,13115,115,3,40.31
13115,13116,116,4,96.78
13116,13117,117,1,68.39
13117,13118,118,2,88.92
13118,13119,119,3,24.8
13119,13120,120,4,69.12
13120,13121,121,1,27.99
13121,13122,122,2,44.65
13122,13123,123,3,9.51
13123,13124,124,4,12.01
13124,13125,125,1,19.39
13125,13126,126,2,47.96
13126,13127,127,3,26.4
13127,13128,128,4,23.49
13128,13129,129,1,89.63
13129,13130,130,2,9.62
13130,13131,131,3,12.75
13131,13132,132,4,84.01
13132,13133,133,1,20.53
13133,13134,134,2,64.03
13134,13135,135,3,19.27
13135,13136,136,4,6.61
13136,13137,137,1,82.92
13137,13138,138,2,41.17
13138,13139,139,3,80.72
13139,13140,140,4,36.14
13140,13141,141,1,102.89
13141,13142,142,2,24.02
13142,13143,143,3,20.28
13143,13144,144,4,65.74
13144,13145,145,1,41.93
13145,13146,146,2,13.69
13146,13147,147,3,103.92
13147,13148,148,4,71.7
13148,13149,149,1,98.53
13149,13150,150,2,61.78
13150,13151,151,3,94.78
13151,13152,152,4,60.7
13152,13153,153,1,7.56
13153,13154,154,2,85.53
13154,13155,155,3,72.69
13155,13156,156,4,71.76
13156,13157,157,1,86.0
13157,13158,158,2,24.81
13158,13159,159,3,10.44
13159,13160,160,4,59.58
13160,13161,161,1,58.85
13161,13162,162,2,26.24
13162,13163,163,3,104.87
13163,13164,164,4,34.41
13164,13165,165,1,54.88
13165,13166,166,2,50.79
13166,13167,167,3,67.37
13167,13168,168,4,10.03
13168,13169,169,1,102.7
13169,13170,170,2,55.58
13170,13171,171,3,36.07
13171,13172,172,4,44.92
13172,13173,173,1,103.05
13173,13174,174,2,42.73
13174,13175,175,3,35.86
13175,13176,176,4,61.2
13176,13177,177,1,48.14
13177,13178,178,2,73.43
13178,13179,179,3,5.49
13179,13180,180,4,101.78
13180,13181,181,1,68.38
13181,13182,182,2,26.04
13182,13183,183,3,45.85
13183,13184,184,4,20.88
13184,13185,185,1,73.23
13185,13186,186,2,40.6
13186,13187,187,3,77.88
13187,13188,188,4,57.94
13188,13189,189,1,38.54
13189,13190,190,2,23.08
13190,13191,191,3,83.71
13191,13192,192,4,47.72
13192,13193,193,1,62.09
13193,13194,194,2,84.28
13194,13195,195,3,42.7
13195,13196,196,4,61.56
13196,13197,197,1,90.03
13197,13198,198,2,26.07
13198,13199,199,3,96.31
13199,13200,200,4,19.28
13200,13201,1,1,49.79
13201,13202,2,2,86.46
13202,13203,3,3,53.78
13203,13204,4,4,68.2
13204,13205,5,1,35.42
13205,13206,6,2,87.79
13206,13207,7,3,46.29
13207,13208,8,4,59.03
13208,13209,9,1,76.76
13209,13210,10,2,76.16
13210,13211,11,3,52.36
13211,13212,12,4,10.49
13212,13213,13,1,73.2
13213,13214,14,2,51.75
13214,13215,15,3,24.24
13215,13216,16,4,72.2
13216,13217,17,1,29.1
13217,13218,18,2,68.8
13218,13219,19,3,92.52
13219,13220,20,4,102.81
13220,13221,21,1,46.62
13221,13222,22,2,15.54
13222,13223,23,3,40.34
13223,13224,24,4,98.73
13224,13225,25,1,34.83
13225,13226,26,2,77.89
13226,13227,27,3,43.63
13227,13228,28,4,59.68
13228,13229,29,1,103.03
13229,13230,30,2,92.01
13230,13231,31,3,44.59
13231,13232,32,4,55.22
13232,13233,33,1,59.89
13233,13234,34,2,80.78
13234,13235,35,3,79.62
13235,13236,36,4,74.54
13236,13237,37,1,100.57
13237,13238,38,2,99.26
13238,13239,39,3,66.61
13239,13240,40,4,21.94
13240,13241,41,1,102.19
13241,13242,42,2,65.41
13242,13243,43,3,103.5
13243,13244,44,4,93.95
13244,13245,45,1,80.39
13245,13246,46,2,73.02
13246,13247,47,3,84.63
13247,13248,48,4,70.0
13248,13249,49,1,95.91
13249,13250,50,2,41.02
13250,13251,51,3,57.01
13251,13252,52,4,47.72
13252,13253,53,1,75.73
13253,13254,54,2,46.71
13254,13255,55,3,13.67
13255,13256,56,4,71.72
13256,13257,57,1,32.31
13257,13258,58,2,90.01
13258,13259,59,3,102.5
13259,13260,60,4,27.79
13260,13261,61,1,70.58
13261,13262,62,2,91.88
13262,13263,63,3,59.45
13263,13264,64,4,59.45
13264,13265,65,1,17.13
13265,13266,66,2,62.93
13266,13267,67,3,24.06
13267,13268,68,4,51.89
13268,13269,69,1,63.56
13269,13270,70,2,85.45
13270,13271,71,3,69.54
13271,13272,72,4,84.0
13272,13273,73,1,25.35
13273,13274,74,2,101.56
13274,13275,75,3,65.25
13275,13276,76,4,83.5
13276,13277,77,1,68.16
13277,13278,78,2,65.99
13278,13279,79,3,85.71
13279,13280,80,4,14.11
13280,13281,81,1,72.34
13281,13282,82,2,20.78
13282,13283,83,3,98.04
13283,13284,84,4,7.78
13284,13285,85,1,43.56
13285,13286,86,2,14.58
13286,13287,87,3,81.44
13287,13288,88,4,23.04
13288,13289,89,1,5.59
13289,13290,90,2,20.33
13290,13291,91,3,62.99
13291,13292,92,4,41.38
13292,13293,93,1,26.62
13293,13294,94,2,97.82
13294,13295,95,3,29.24
13295,13296,96,4,87.6
13296,13297,97,1,68.72
13297,13298,98,2,73.57
13298,13299,99,3,72.89
13299,13300,100,4,34.11
13300,13301,101,1,5.49
13301,13302,102,2,60.33
13302,13303,103,3,12.95
13303,13304,104,4,53.5
13304,13305,105,1,23.36
13305,13306,106,2,17.22
13306,13307,107,3,64.48
13307,13308,108,4,47.64
13308,13309,109,1,23.73
13309,13310,110,2,88.37
13310,13311,111,3,23.29
13311,13312,112,4,39.77
13312,13313,113,1,6.82
13313,13314,114,2,89.82
13314,13315,115,3,29.49
13315,13316,116,4,71.31
13316,13317,117,1,50.65
13317,13318,118,2,68.56
13318,13319,119,3,44.89
13319,13320,120,4,62.53
13320,13321,121,1,73.93
13321,13322,122,2,5.78
13322,13323,123,3,5.57
13323,13324,124,4,15.52
13324,13325,125,1,63.18
13325,13326,126,2,104.77
13326,13327,127,3,79.87
13327,13328,128,4,100.12
13328,13329,129,1,42.62
13329,13330,130,2,39.28
13330,13331,131,3,100.95
13331,13332,132,4,26.26
13332,13333,133,1,80.78
13333,13334,134,2,98.9
13334,13335,135,3,89.99
13335,13336,136,4,57.96
13336,13337,137,1,30.72
13337,13338,138,2,26.87
13338,13339,139,3,91.39
13339,13340,140,4,95.97
13340,13341,141,1,53.1
13341,13342,142,2,42.27
13342,13343,143,3,12.27
13343,13344,144,4,33.47
13344,13345,145,1,54.28
13345,13346,146,2,48.54
13346,13347,147,3,16.53
13347,13348,148,4,51.52
13348,13349,149,1,67.64
13349,13350,150,2,94.79
13350,13351,151,3,74.0
13351,13352,152,4,50.22
13352,13353,153,1,18.34
13353,13354,154,2,19.06
13354,13355,155,3,101.74
13355,13356,156,4,95.61
13356,13357,157,1,89.38
13357,13358,158,2,10.32
13358,13359,159,3,67.32
13359,13360,160,4,70.68
13360,13361,161,1,78.28
13361,13362,162,2,56.97
13362,13363,163,3,91.1
13363,13364,164,4,59.53
13364,13365,165,1,77.71
13365,13366,166,2,33.3
13366,13367,167,3,76.34
13367,13368,168,4,69.15
13368,13369,169,1,22.87
13369,13370,170,2,25.49
13370,13371,171,3,16.33
13371,13372,172,4,71.61
13372,13373,173,1,6.26
13373,13374,174,2,42.47
13374,13375,175,3,65.03
13375,13376,176,4,76.02
13376,13377,177,1,22.79
13377,13378,178,2,74.79
13378,13379,179,3,59.64
13379,13380,180,4,18.88
13380,13381,181,1,78.6
13381,13382,182,2,40.03
13382,13383,183,3,76.14
13383,13384,184,4,43.44
13384,13385,185,1,41.09
13385,13386,186,2,70.55
13386,13387,187,3,9.29
13387,13388,188,4,21.4
13388,13389,189,1,27.02
13389,13390,190,2,14.87
13390,13391,191,3,51.73
13391,13392,192,4,39.63
13392,13393,193,1,34.01
13393,13394,194,2,57.91
13394,13395,195,3,95.54
13395,13396,196,4,26.51
13396,13397,197,1,94.05
13397,13398,198,2,54.41
13398,13399,199,3,7.66
13399,13400,200,4,79.93
13400,13401,1,1,13.34
13401,13402,2,2,49.59
13402,13403,3,3,16.08
13403,13404,4,4,85.32
13404,13405,5,1,103.72
13405,13406,6,2,51.83
13406,13407,7,3,87.93
13407,13408,8,4,58.7
13408,13409,9,1,78.69
13409,13410,10,2,100.31
13410,13411,11,3,5.71
13411,13412,12,4,36.99
13412,13413,13,1,38.31
13413,13414,14,2,55.72
13414,13415,15,3,92.47
13415,13416,16,4,80.4
13416,13417,17,1,48.23
13417,13418,18,2,28.39
13418,13419,19,3,6.57
13419,13420,20,4,22.11
13420,13421,21,1,66.48
13421,13422,22,2,34.89
13422,13423,23,3,53.33
13423,13424,24,4,85.69
13424,13425,25,1,99.28
13425,13426,26,2,25.87
13426,13427,27,3,90.71
13427,13428,28,4,33.29
13428,13429,29,1,72.37
13429,13430,30,2,41.1
13430,13431,31,3,24.74
13431,13432,32,4,65.83
13432,13433,33,1,33.1
13433,13434,34,2,12.43
13434,13435,35,3,71.47
13435,13436,36,4,7.75
13436,13437,37,1,37.24
13437,13438,38,2,36.97
13438,13439,39,3,57.76
13439,13440,40,4,55.18
13440,13441,41,1,21.38
13441,13442,42,2,34.12
13442,13443,43,3,97.91
13443,13444,44,4,49.66
13444,13445,45,1,28.27
13445,13446,46,2,54.66
13446,13447,47,3,30.05
13447,13448,48,4,50.21
13448,13449,49,1,54.21
13449,13450,50,2,78.38
13450,13451,51,3,60.91
13451,13452,52,4,77.61
13452,13453,53,1,104.62
13453,13454,54,2,70.04
13454,13455,55,3,44.27
13455,13456,56,4,70.99
13456,13457,57,1,88.08
13457,13458,58,2,38.97
13458,13459,59,3,55.99
13459,13460,60,4,37.19
13460,13461,61,1,76.79
13461,13462,62,2,5.78
13462,13463,63,3,54.76
13463,13464,64,4,21.34
13464,13465,65,1,21.7
13465,13466,66,2,69.12
13466,13467,67,3,103.19
13467,13468,68,4,29.24
13468,13469,69,1,77.51
13469,13470,70,2,59.85
13470,13471,71,3,61.47
13471,13472,72,4,16.78
13472,13473,73,1,73.96
13473,13474,74,2,95.78
13474,13475,75,3,18.04
13475,13476,76,4,41.1
13476,13477,77,1,14.0
13477,13478,78,2,20.77
13478,13479,79,3,87.64
13479,13480,80,4,30.56
13480,13481,81,1,47.72
13481,13482,82,2,24.54
13482,13483,83,3,43.34
13483,13484,84,4,8.1
13484,13485,85,1,93.58
13485,13486,86,2,64.65
13486,13487,87,3,41.39
13487,13488,88,4,22.88
13488,13489,89,1,9.15
13489,13490,90,2,36.48
13490,13491,91,3,11.61
13491,13492,92,4,51.91
13492,13493,93,1,76.33
13493,13494,94,2,32.32
13494,13495,95,3,100.1
13495,13496,96,4,85.2
13496,13497,97,1,76.9
13497,13498,98,2,51.09
13498,13499,99,3,71.83
13499,13500,100,4,32.15
13500,13501,101,1,40.16
13501,13502,102,2,86.2
13502,13503,103,3,48.99
13503,13504,104,4,48.56
13504,13505,105,1,56.02
13505,13506,106,2,45.55
13506,13507,107,3,24.52
13507,13508,108,4,70.74
13508,13509,109,1,21.35
13509,13510,110,2,100.53
13510,13511,111,3,84.32
13511,13512,112,4,87.95
13512,13513,113,1,49.78
13513,13514,114,2,71.02
13514,13515,115,3,7.52
13515,13516,116,4,68.47
13516,13517,117,1,59.3
13517,13518,118,2,13.02
13518,13519,119,3,29.65
13519,13520,120,4,103.27
13520,13521,121,1,57.12
13521,13522,122,2,62.75
13522,13523,123,3,96.39
13523,13524,124,4,14.98
13524,13525,125,1,80.31
13525,13526,126,2,89.45
13526,13527,127,3,87.09
13527,13528,128,4,38.53
13528,13529,129,1,45.69
13529,13530,130,2,84.57
13530,13531,131,3,45.21
13531,13532,132,4,48.9
13532,13533,133,1,95.21
13533,13534,134,2,63.45
13534,13535,135,3,38.83
13535,13536,136,4,31.8
13536,13537,137,1,44.91
13537,13538,138,2,7.9
13538,13539,139,3,53.39
13539,13540,140,4,61.82
13540,13541,141,1,84.01
13541,13542,142,2,49.99
13542,13543,143,3,35.64
13543,13544,144,4,12.51
13544,13545,145,1,94.95
13545,13546,146,2,92.0
13546,13547,147,3,51.67
13547,13548,148,4,84.85
13548,13549,149,1,17.89
13549,13550,150,2,20.26
13550,13551,151,3,25.56
13551,13552,152,4,5.42
13552,13553,153,1,75.4
13553,13554,154,2,40.0
13554,13555,155,3,28.0
13555,13556,156,4,50.21
13556,13557,157,1,92.4
13557,13558,158,2,49.04
13558,13559,159,3,70.71
13559,13560,160,4,37.26
13560,13561,161,1,23.96
13561,13562,162,2,19.88
13562,13563,163,3,66.73
13563,13564,164,4,40.33
13564,13565,165,1,63.81
13565,13566,166,2,73.97
13566,13567,167,3,58.21
13567,13568,168,4,57.41
13568,13569,169,1,60.56
13569,13570,170,2,83.38
13570,13571,171,3,41.08
13571,13572,172,4,55.2
13572,13573,173,1,22.47
13573,13574,174,2,50.86
13574,13575,175,3,22.14
13575,13576,176,4,65.77
13576,13577,177,1,99.96
13577,13578,178,2,26.5
13578,13579,179,3,77.48
13579,13580,180,4,75.06
13580,13581,181,1,94.17
13581,13582,182,2,67.7
13582,13583,183,3,21.34
13583,13584,184,4,95.11
13584,13585,185,1,8.0
13585,13586,186,2,86.56
13586,13587,187,3,29.27
13587,13588,188,4,55.3
13588,13589,189,1,71.6
13589,13590,190,2,24.54
13590,13591,191,3,65.64
13591,13592,192,4,57.85
13592,13593,193,1,81.58
13593,13594,194,2,33.62
13594,13595,195,3,33.6
13595,13596,196,4,18.53
13596,13597,197,1,50.49
13597,13598,198,2,63.55
13598,13599,199,3,28.25
13599,13600,200,4,77.28
13600,13601,1,1,44.29
13601,13602,2,2,72.7
13602,13603,3,3,18.09
13603,13604,4,4,28.97
13604,13605,5,1,12.74
13605,13606,6,2,78.3
13606,13607,7,3,46.63
13607,13608,8,4,50.4
13608,13609,9,1,21.6
13609,13610,10,2,102.12
13610,13611,11,3,52.33
13611,13612,12,4,38.35
13612,13613,13,1,103.06
13613,13614,14,2,27.57
13614,13615,15,3,28.47
13615,13616,16,4,36.17
13616,13617,17,1,5.3
13617,13618,18,2,44.04
13618,13619,19,3,20.8
13619,13620,20,4,90.21
13620,13621,21,1,46.1
13621,13622,22,2,24.44
13622,13623,23,3,32.02
13623,13624,24,4,10.91
13624,13625,25,1,31.18
13625,13626,26,2,92.75
13626,13627,27,3,14.19
13627,13628,28,4,44.84
13628,13629,29,1,24.62
13629,13630,30,2,93.22
13630,13631,31,3,103.49
13631,13632,32,4,22.71
13632,13633,33,1,92.37
13633,13634,34,2,26.18
13634,13635,35,3,22.13
13635,13636,36,4,91.87
13636,13637,37,1,60.66
13637,13638,38,2,23.19
13638,13639,39,3,26.71
13639,13640,40,4,41.44
13640,13641,41,1,8.22
13641,13642,42,2,32.59
13642,13643,43,3,41.38
13643,13644,44,4,84.92
13644,13645,45,1,16.72
13645,13646,46,2,95.78
13646,13647,47,3,70.24
13647,13648,48,4,35.65
13648,13649,49,1,32.09
13649,13650,50,2,34.05
13650,13651,51,3,19.73
13651,13652,52,4,12.75
13652,13653,53,1,51.72
13653,13654,54,2,31.51
13654,13655,55,3,62.59
13655,13656,56,4,34.3
13656,13657,57,1,61.76
13657,13658,58,2,52.81
13658,13659,59,3,33.88
13659,13660,60,4,81.53
13660,13661,61,1,13.11
13661,13662,62,2,60.42
13662,13663,63,3,76.86
13663,13664,64,4,22.96
13664,13665,65,1,67.55
13665,13666,66,2,35.03
13666,13667,67,3,28.76
13667,13668,68,4,15.97
13668,13669,69,1,41.71
13669,13670,70,2,21.14
13670,13671,71,3,16.12
13671,13672,72,4,102.87
13672,13673,73,1,45.79
13673,13674,74,2,80.24
13674,13675,75,3,69.17
13675,13676,76,4,22.36
13676,13677,77,1,30.17
13677,13678,78,2,43.74
13678,13679,79,3,22.8
13679,13680,80,4,64.62
13680,13681,81,1,55.11
13681,13682,82,2,49.22
13682,13683,83,3,30.32
13683,13684,84,4,77.84
13684,13685,85,1,37.32
13685,13686,86,2,70.18
13686,13687,87,3,67.18
13687,13688,88,4,57.83
13688,13689,89,1,54.58
13689,13690,90,2,81.47
13690,13691,91,3,61.99
13691,13692,92,4,16.83
13692,13693,93,1,28.99
13693,13694,94,2,5.21
13694,13695,95,3,51.47
13695,13696,96,4,85.95
13696,13697,97,1,31.11
13697,13698,98,2,103.16
13698,13699,99,3,70.09
13699,13700,100,4,84.69
13700,13701,101,1,27.02
13701,13702,102,2,32.8
13702,13703,103,3,93.34
13703,13704,104,4,22.74
13704,13705,105,1,73.74
13705,13706,106,2,28.46
13706,13707,107,3,38.96
13707,13708,108,4,51.55
13708,13709,109,1,93.87
13709,13710,110,2,22.15
13710,13711,111,3,37.43
13711,13712,112,4,24.66
13712,13713,113,1,12.62
13713,13714,114,2,77.42
13714,13715,115,3,14.18
13715,13716,116,4,30.1
13716,13717,117,1,102.97
13717,13718,118,2,95.41
13718,13719,119,3,28.86
13719,13720,120,4,52.84
13720,13721,121,1,69.0
13721,13722,122,2,87.59
13722,13723,123,3,43.39
13723,13724,124,4,21.8
13724,13725,125,1,25.56
13725,13726,126,2,9.74
13726,13727,127,3,86.8
13727,13728,128,4,12.1
13728,13729,129,1,31.87
13729,13730,130,2,46.58
13730,13731,131,3,47.58
13731,13732,132,4,78.64
13732,13733,133,1,64.03
13733,13734,134,2,16.42
13734,13735,135,3,7.65
13735,13736,136,4,85.9
13736,13737,137,1,64.49
13737,13738,138,2,46.32
13738,13739,139,3,80.0
13739,13740,140,4,96.31
13740,13741,141,1,65.71
13741,13742,142,2,93.1
13742,13743,143,3,19.7
13743,13744,144,4,90.83
13744,13745,145,1,11.39
13745,13746,146,2,96.29
13746,13747,147,3,64.77
13747,13748,148,4,75.01
13748,13749,149,1,8.7
13749,13750,150,2,38.82
13750,13751,151,3,47.47
13751,13752,152,4,89.95
13752,13753,153,1,31.63
13753,13754,154,2,13.35
13754,13755,155,3,63.13
13755,13756,156,4,15.24
13756,13757,157,1,95.04
13757,13758,158,2,36.84
13758,13759,159,3,18.88
13759,13760,160,4,104.09
13760,13761,161,1,13.14
13761,13762,162,2,9.41
13762,13763,163,3,95.98
13763,13764,164,4,81.15
13764,13765,165,1,23.72
13765,13766,166,2,103.28
13766,13767,167,3,21.51
13767,13768,168,4,97.84
13768,13769,169,1,67.1
13769,13770,170,2,46.56
13770,13771,171,3,104.5
13771,13772,172,4,91.01
13772,13773,173,1,101.19
13773,13774,174,2,68.89
13774,13775,175,3,16.28
13775,13776,176,4,22.27
13776,13777,177,1,60.42
13777,13778,178,2,93.86
13778,13779,179,3,31.43
13779,13780,180,4,75.2
13780,13781,181,1,59.8
13781,13782,182,2,19.1
13782,13783,183,3,8.67
13783,13784,184,4,51.21
13784,13785,185,1,44.5
13785,13786,186,2,43.07
13786,13787,187,3,65.45
13787,13788,188,4,68.67
13788,13789,189,1,101.49
13789,13790,190,2,55.53
13790,13791,191,3,31.13
13791,13792,192,4,8.24
13792,13793,193,1,11.17
13793,13794,194,2,11.74
13794,13795,195,3,13.48
13795,13796,196,4,88.81
13796,13797,197,1,18.64
13797,13798,198,2,44.23
13798,13799,199,3,69.16
13799,13800,200,4,27.28
13800,13801,1,1,53.83
13801,13802,2,2,29.67
13802,13803,3,3,89.39
13803,13804,4,4,96.74
13804,13805,5,1,11.77
13805,13806,6,2,102.98
13806,13807,7,3,62.88
13807,13808,8,4,21.97
13808,13809,9,1,75.46
13809,13810,10,2,89.31
13810,13811,11,3,78.99
13811,13812,12,4,75.87
13812,13813,13,1,64.96
13813,13814,14,2,50.7
13814,13815,15,3,37.37
13815,13816,16,4,52.05
13816,13817,17,1,48.68
13817,13818,18,2,94.54
13818,13819,19,3,94.77
13819,13820,20,4,75.23
13820,13821,21,1,65.88
13821,13822,22,2,22.04
13822,13823,23,3,27.96
13823,13824,24,4,39.0
13824,13825,25,1,54.89
13825,13826,26,2,62.48
13826,13827,27,3,71.01
13827,13828,28,4,65.08
13828,13829,29,1,58.46
13829,13830,30,2,88.18
13830,13831,31,3,44.0
13831,13832,32,4,48.45
13832,13833,33,1,51.9
13833,13834,34,2,76.99
13834,13835,35,3,14.97
13835,13836,36,4,41.9
13836,13837,37,1,26.84
13837,13838,38,2,32.26
13838,13839,39,3,72.27
13839,13840,40,4,15.34
13840,13841,41,1,5.44
13841,13842,42,2,33.07
13842,13843,43,3,89.7
13843,13844,44,4,61.98
13844,13845,45,1,102.52
13845,13846,46,2,39.1
13846,13847,47,3,85.85
13847,13848,48,4,79.21
13848,13849,49,1,92.46
13849,13850,50,2,58.07
13850,13851,51,3,81.75
13851,13852,52,4,68.27
13852,13853,53,1,66.9
13853,13854,54,2,101.38
13854,13855,55,3,47.55
13855,13856,56,4,6.51
13856,13857,57,1,66.74
13857,13858,58,2,26.15
13858,13859,59,3,35.73
13859,13860,60,4,51.8
13860,13861,61,1,96.72
13861,13862,62,2,6.71
13862,13863,63,3,53.62
13863,13864,64,4,89.53
13864,13865,65,1,84.72
13865,13866,66,2,13.71
13866,13867,67,3,13.86
13867,13868,68,4,34.1
13868,13869,69,1,43.94
13869,13870,70,2,71.33
13870,13871,71,3,42.97
13871,13872,72,4,88.85
13872,13873,73,1,33.57
13873,13874,74,2,15.38
13874,13875,75,3,7.33
13875,13876,76,4,83.51
13876,13877,77,1,90.46
13877,13878,78,2,39.52
13878,13879,79,3,34.34
13879,13880,80,4,55.17
13880,13881,81,1,103.27
13881,13882,82,2,65.65
13882,13883,83,3,28.41
13883,13884,84,4,45.53
13884,13885,85,1,29.04
13885,13886,86,2,20.75
13886,13887,87,3,32.64
13887,13888,88,4,29.42
13888,13889,89,1,82.29
13889,13890,90,2,81.38
13890,13891,91,3,99.52
13891,13892,92,4,38.09
13892,13893,93,1,87.3
13893,13894,94,2,77.27
13894,13895,95,3,46.74
13895,13896,96,4,73.18
13896,13897,97,1,41.25
13897,13898,98,2,82.41
13898,13899,99,3,50.87
13899,13900,100,4,27.35
13900,13901,101,1,92.55
13901,13902,102,2,30.2
13902,13903,103,3,86.24
13903,13904,104,4,84.89
13904,13905,105,1,40.26
13905,13906,106,2,97.05
13906,13907,107,3,20.47
13907,13908,108,4,12.6
13908,13909,109,1,22.05
13909,13910,110,2,38.1
13910,13911,111,3,86.78
13911,13912,112,4,60.08
13912,13913,113,1,34.04
13913,13914,114,2,50.8
13914,13915,115,3,64.26
13915,13916,116,4,69.02
13916,13917,117,1,13.23
13917,13918,118,2,54.18
13918,13919,119,3,37.46
13919,13920,120,4,21.99
13920,13921,121,1,20.78
13921,13922,122,2,53.03
13922,13923,123,3,80.15
13923,13924,124,4,95.78
13924,13925,125,1,67.12
13925,13926,126,2,61.26
13926,13927,127,3,81.08
13927,13928,128,4,104.21
13928,13929,129,1,37.78
13929,13930,130,2,21.21
13930,13931,131,3,83.65
13931,13932,132,4,44.74
13932,13933,133,1,30.48
13933,13934,134,2,92.34
13934,13935,135,3,100.02
13935,13936,136,4,61.37
13936,13937,137,1,10.27
13937,13938,138,2,11.02
13938,13939,139,3,27.41
13939,13940,140,4,56.7
13940,13941,141,1,31.92
13941,13942,142,2,48.77
13942,13943,143,3,10.88
13943,13944,144,4,31.22
13944,13945,145,1,13.97
13945,13946,146,2,62.04
13946,13947,147,3,13.21
13947,13948,148,4,17.89
13948,13949,149,1,19.35
13949,13950,150,2,61.42
13950,13951,151,3,36.99
13951,13952,152,4,93.89
13952,13953,153,1,27.14
13953,13954,154,2,74.47
13954,13955,155,3,39.07
13955,13956,156,4,75.72
13956,13957,157,1,25.17
13957,13958,158,2,99.16
13958,13959,159,3,92.07
13959,13960,160,4,42.51
13960,13961,161,1,29.77
13961,13962,162,2,21.1
13962,13963,163,3,33.43
13963,13964,164,4,12.03
13964,13965,165,1,18.08
13965,13966,166,2,48.44
13966,13967,167,3,21.76
13967,13968,168,4,32.11
13968,13969,169,1,56.11
13969,13970,170,2,19.07
13970,13971,171,3,44.79
13971,13972,172,4,29.61
13972,13973,173,1,31.35
13973,13974,174,2,45.76
13974,13975,175,3,11.89
13975,13976,176,4,64.88
13976,13977,177,1,57.56
13977,13978,178,2,23.89
13978,13979,179,3,19.39
13979,13980,180,4,22.96
13980,13981,181,1,43.24
13981,13982,182,2,39.93
13982,13983,183,3,65.32
13983,13984,184,4,88.04
13984,13985,185,1,70.9
13985,13986,186,2,74.15
13986,13987,187,3,9.11
13987,13988,188,4,15.24
13988,13989,189,1,100.44
13989,13990,190,2,11.6
13990,13991,191,3,13.5
13991,13992,192,4,93.43
13992,13993,193,1,43.46
13993,13994,194,2,104.24
13994,13995,195,3,25.23
13995,13996,196,4,87.83
13996,13997,197,1,85.34
13997,13998,198,2,28.14
13998,13999,199,3,55.46
13999,14000,200,4,42.37
14000,14001,1,1,33.14
14001,14002,2,2,57.91
14002,14003,3,3,35.14
14003,14004,4,4,46.96
14004,14005,5,1,85.43
14005,14006,6,2,47.99
14006,14007,7,3,71.5
14007,14008,8,4,72.7
14008,14009,9,1,68.05
14009,14010,10,2,96.8
14010,14011,11,3,13.72
14011,14012,12,4,52.12
14012,14013,13,1,60.33
14013,14014,14,2,9.83
14014,14015,15,3,20.83
14015,14016,16,4,95.85
14016,14017,17,1,8.14
14017,14018,18,2,29.03
14018,14019,19,3,46.55
14019,14020,20,4,77.49
14020,14021,21,1,77.32
14021,14022,22,2,46.32
14022,14023,23,3,98.95
14023,14024,24,4,83.31
14024,14025,25,1,50.49
14025,14026,26,2,90.33
14026,14027,27,3,39.21
14027,14028,28,4,100.41
14028,14029,29,1,42.75
14029,14030,30,2,40.71
14030,14031,31,3,34.88
14031,14032,32,4,66.75
14032,14033,33,1,10.82
14033,14034,34,2,30.02
14034,14035,35,3,101.27
14035,14036,36,4,16.08
14036,14037,37,1,38.08
14037,14038,38,2,91.09
14038,14039,39,3,30.01
14039,14040,40,4,40.82
14040,14041,41,1,78.91
14041,14042,42,2,16.1
14042,14043,43,3,95.17
14043,14044,44,4,18.97
14044,14045,45,1,67.43
14045,14046,46,2,62.42
14046,14047,47,3,42.15
14047,14048,48,4,28.5
14048,14049,49,1,9.93
14049,14050,50,2,66.83
14050,14051,51,3,80.11
14051,14052,52,4,24.21
14052,14053,53,1,29.95
14053,14054,54,2,70.28
14054,14055,55,3,92.88
14055,14056,56,4,25.58
14056,14057,57,1,72.87
14057,14058,58,2,103.34
14058,14059,59,3,36.13
14059,14060,60,4,70.48
14060,14061,61,1,36.49
14061,14062,62,2,79.67
14062,14063,63,3,7.85
14063,14064,64,4,7.28
14064,14065,65,1,42.65
14065,14066,66,2,6.74
14066,14067,67,3,18.86
14067,14068,68,4,84.56
14068,14069,69,1,6.42
14069,14070,70,2,49.0
14070,14071,71,3,76.73
14071,14072,72,4,36.98
14072,14073,73,1,104.91
14073,14074,74,2,79.64
14074,14075,75,3,34.7
14075,14076,76,4,86.5
14076,14077,77,1,52.75
14077,14078,78,2,20.72
14078,14079,79,3,98.25
14079,14080,80,4,95.45
14080,14081,81,1,47.01
14081,14082,82,2,33.56
14082,14083,83,3,103.41
14083,14084,84,4,78.48
14084,14085,85,1,30.5
14085,14086,86,2,18.58
14086,14087,87,3,74.73
14087,14088,88,4,88.53
14088,14089,89,1,62.89
14089,14090,90,2,29.92
14090,14091,91,3,22.43
14091,14092,92,4,33.19
14092,14093,93,1,48.68
14093,14094,94,2,37.72
14094,14095,95,3,52.8
14095,14096,96,4,21.89
14096,14097,97,1,21.77
14097,14098,98,2,8.36
14098,14099,99,3,27.89
14099,14100,100,4,84.76
14100,14101,101,1,100.78
14101,14102,102,2,55.72
14102,14103,103,3,25.62
14103,14104,104,4,51.21
14104,14105,105,1,16.17
14105,14106,106,2,42.42
14106,14107,107,3,23.07
14107,14108,108,4,31.45
14108,14109,109,1,103.64
14109,14110,110,2,60.93
14110,14111,111,3,94.4
14111,14112,112,4,64.17
14112,14113,113,1,94.03
14113,14114,114,2,76.83
14114,14115,115,3,100.37
14115,14116,116,4,35.02
14116,14117,117,1,65.34
14117,14118,118,2,100.17
14118,14119,119,3,43.41
14119,14120,120,4,77.52
14120,14121,121,1,67.49
14121,14122,122,2,11.72
14122,14123,123,3,75.69
14123,14124,124,4,63.4
14124,14125,125,1,36.36
14125,14126,126,2,86.65
14126,14127,127,3,70.68
14127,14128,128,4,34.32
14128,14129,129,1,34.85
14129,14130,130,2,30.14
14130,14131,131,3,37.14
14131,14132,132,4,28.83
14132,14133,133,1,63.42
14133,14134,134,2,8.02
14134,14135,135,3,12.26
14135,14136,136,4,42.04
14136,14137,137,1,35.32
14137,14138,138,2,20.62
14138,14139,139,3,92.6
14139,14140,140,4,90.38
14140,14141,141,1,57.63
14141,14142,142,2,54.55
14142,14143,143,3,41.55
14143,14144,144,4,30.56
14144,14145,145,1,94.06
14145,14146,146,2,83.75
14146,14147,147,3,55.21
14147,14148,148,4,51.99
14148,14149,149,1,53.81
14149,14150,150,2,73.75
14150,14151,151,3,81.45
14151,14152,152,4,17.49
14152,14153,153,1,73.49
14153,14154,154,2,42.58
14154,14155,155,3,98.89
14155,14156,156,4,79.86
14156,14157,157,1,66.61
14157,14158,158,2,80.34
14158,14159,159,3,47.35
14159,14160,160,4,19.33
14160,14161,161,1,69.17
14161,14162,162,2,39.37
14162,14163,163,3,9.45
14163,14164,164,4,17.82
14164,14165,165,1,55.35
14165,14166,166,2,7.79
14166,14167,167,3,84.75
14167,14168,168,4,35.96
14168,14169,169,1,12.67
14169,14170,170,2,53.36
14170,14171,171,3,76.11
14171,14172,172,4,87.87
14172,14173,173,1,54.53
14173,14174,174,2,31.98
14174,14175,175,3,90.06
14175,14176,176,4,9.29
14176,14177,177,1,29.82
14177,14178,178,2,46.36
14178,14179,179,3,27.16
14179,14180,180,4,34.81
14180,14181,181,1,79.65
14181,14182,182,2,63.74
14182,14183,183,3,17.75
14183,14184,184,4,73.52
14184,14185,185,1,13.78
14185,14186,186,2,93.52
14186,14187,187,3,40.01
14187,14188,188,4,37.36
14188,14189,189,1,22.75
14189,14190,190,2,39.53
14190,14191,191,3,69.76
14191,14192,192,4,76.76
14192,14193,193,1,76.16
14193,14194,194,2,71.66
14194,14195,195,3,25.12
14195,14196,196,4,17.55
14196,14197,197,1,61.15
14197,14198,198,2,44.96
14198,14199,199,3,73.73
14199,14200,200,4,55.21
14200,14201,1,1,97.04
14201,14202,2,2,100.95
14202,14203,3,3,73.01
14203,14204,4,4,47.29
14204,14205,5,1,93.45
14205,14206,6,2,57.11
14206,14207,7,3,55.81
14207,14208,8,4,39.75
14208,14209,9,1,79.27
14209,14210,10,2,15.98
14210,14211,11,3,37.51
14211,14212,12,4,88.59
14212,14213,13,1,72.73
14213,14214,14,2,13.1
14214,14215,15,3,47.14
14215,14216,16,4,60.97
14216,14217,17,1,63.23
14217,14218,18,2,35.15
14218,14219,19,3,9.31
14219,14220,20,4,28.95
14220,14221,21,1,98.42
14221,14222,22,2,28.9
14222,14223,23,3,30.09
14223,14224,24,4,68.92
14224,14225,25,1,39.16
14225,14226,26,2,93.26
14226,14227,27,3,36.36
14227,14228,28,4,74.56
14228,14229,29,1,16.66
14229,14230,30,2,95.65
14230,14231,31,3,26.91
14231,14232,32,4,63.7
14232,14233,33,1,46.53
14233,14234,34,2,23.79
14234,14235,35,3,18.17
14235,14236,36,4,95.63
14236,14237,37,1,98.11
14237,14238,38,2,56.08
14238,14239,39,3,42.32
14239,14240,40,4,65.7
14240,14241,41,1,11.74
14241,14242,42,2,17.87
14242,14243,43,3,99.88
14243,14244,44,4,69.12
14244,14245,45,1,47.97
14245,14246,46,2,61.75
14246,14247,47,3,89.57
14247,14248,48,4,94.2
14248,14249,49,1,60.8
14249,14250,50,2,80.98
14250,14251,51,3,92.74
14251,14252,52,4,62.97
14252,14253,53,1,60.34
14253,14254,54,2,57.56
14254,14255,55,3,62.11
14255,14256,56,4,87.73
14256,14257,57,1,67.75
14257,14258,58,2,104.04
14258,14259,59,3,78.95
14259,14260,60,4,13.53
14260,14261,61,1,47.49
14261,14262,62,2,27.45
14262,14263,63,3,39.75
14263,14264,64,4,54.47
14264,14265,65,1,10.1
14265,14266,66,2,75.86
14266,14267,67,3,43.87
14267,14268,68,4,92.51
14268,14269,69,1,103.92
14269,14270,70,2,23.04
14270,14271,71,3,39.75
14271,14272,72,4,61.34
14272,14273,73,1,12.86
14273,14274,74,2,30.04
14274,14275,75,3,28.51
14275,14276,76,4,99.13
14276,14277,77,1,18.41
14277,14278,78,2,33.16
14278,14279,79,3,63.64
14279,14280,80,4,76.85
14280,14281,81,1,6.0
14281,14282,82,2,53.79
14282,14283,83,3,25.38
14283,14284,84,4,15.79
14284,14285,85,1,65.59
14285,14286,86,2,62.07
14286,14287,87,3,55.24
14287,14288,88,4,47.52
14288,14289,89,1,51.67
14289,14290,90,2,73.22
14290,14291,91,3,6.7
14291,14292,92,4,57.42
14292,14293,93,1,71.74
14293,14294,94,2,27.62
14294,14295,95,3,43.83
14295,14296,96,4,47.01
14296,14297,97,1,19.99
14297,14298,98,2,24.26
14298,14299,99,3,46.32
14299,14300,100,4,39.83
14300,14301,101,1,52.04
14301,14302,102,2,69.12
14302,14303,103,3,40.28
14303,14304,104,4,50.48
14304,14305,105,1,44.16
14305,14306,106,2,78.14
14306,14307,107,3,21.62
14307,14308,108,4,65.8
14308,14309,109,1,35.94
14309,14310,110,2,11.49
14310,14311,111,3,84.93
14311,14312,112,4,92.99
14312,14313,113,1,88.81
14313,14314,114,2,75.99
14314,14315,115,3,26.71
14315,14316,116,4,79.45
14316,14317,117,1,51.88
14317,14318,118,2,6.85
14318,14319,119,3,80.24
14319,14320,120,4,35.85
14320,14321,121,1,57.38
14321,14322,122,2,75.94
14322,14323,123,3,35.46
14323,14324,124,4,74.48
14324,14325,125,1,43.09
14325,14326,126,2,79.81
14326,14327,127,3,37.49
14327,14328,128,4,73.35
14328,14329,129,1,27.93
14329,14330,130,2,39.15
14330,14331,131,3,46.32
14331,14332,132,4,16.59
14332,14333,133,1,56.49
14333,14334,134,2,80.28
14334,14335,135,3,6.29
14335,14336,136,4,29.28
14336,14337,137,1,102.56
14337,14338,138,2,5.33
14338,14339,139,3,89.31
14339,14340,140,4,90.69
14340,14341,141,1,72.26
14341,14342,142,2,76.99
14342,14343,143,3,37.95
14343,14344,144,4,71.62
14344,14345,145,1,46.31
14345,14346,146,2,18.87
14346,14347,147,3,11.71
14347,14348,148,4,38.48
14348,14349,149,1,96.85
14349,14350,150,2,101.78
14350,14351,151,3,92.46
14351,14352,152,4,76.02
14352,14353,153,1,14.39
14353,14354,154,2,98.01
14354,14355,155,3,55.25
14355,14356,156,4,12.86
14356,14357,157,1,53.44
14357,14358,158,2,65.29
14358,14359,159,3,85.95
14359,14360,160,4,25.91
14360,14361,161,1,44.13
14361,14362,162,2,43.49
14362,14363,163,3,27.85
14363,14364,164,4,70.09
14364,14365,165,1,98.85
14365,14366,166,2,35.37
14366,14367,167,3,22.52
14367,14368,168,4,12.36
14368,14369,169,1,29.63
14369,14370,170,2,46.41
14370,14371,171,3,89.9
14371,14372,172,4,63.15
14372,14373,173,1,32.99
14373,14374,174,2,6.02
14374,14375,175,3,25.11
14375,14376,176,4,73.39
14376,14377,177,1,66.11
14377,14378,178,2,76.71
14378,14379,179,3,71.78
14379,14380,180,4,65.12
14380,14381,181,1,103.79
14381,14382,182,2,8.09
14382,14383,183,3,27.49
14383,14384,184,4,41.12
14384,14385,185,1,39.5
14385,14386,186,2,73.85
14386,14387,187,3,71.63
14387,14388,188,4,15.77
14388,14389,189,1,25.09
14389,14390,190,2,76.05
14390,14391,191,3,78.96
14391,14392,192,4,17.61
14392,14393,193,1,73.93
14393,14394,194,2,100.29
14394,14395,195,3,38.0
14395,14396,196,4,50.16
14396,14397,197,1,14.81
14397,14398,198,2,68.14
14398,14399,199,3,9.74
14399,14400,200,4,85.62
14400,14401,1,1,83.37
14401,14402,2,2,29.95
14402,14403,3,3,41.92
14403,14404,4,4,55.13
14404,14405,5,1,60.54
14405,14406,6,2,50.61
14406,14407,7,3,11.71
14407,14408,8,4,75.1
14408,14409,9,1,82.29
14409,14410,10,2,37.98
14410,14411,11,3,33.4
14411,14412,12,4,90.43
14412,14413,13,1,34.21
14413,14414,14,2,59.18
14414,14415,15,3,12.22
14415,14416,16,4,40.55
14416,14417,17,1,84.93
14417,14418,18,2,64.94
14418,14419,19,3,55.53
14419,14420,20,4,55.77
14420,14421,21,1,94.95
14421,14422,22,2,95.93
14422,14423,23,3,95.69
14423,14424,24,4,12.38
14424,14425,25,1,17.08
14425,14426,26,2,63.71
14426,14427,27,3,49.17
14427,14428,28,4,46.37
14428,14429,29,1,62.43
14429,14430,30,2,29.61
14430,14431,31,3,77.59
14431,14432,32,4,45.82
14432,14433,33,1,40.2
14433,14434,34,2,46.39
14434,14435,35,3,39.64
14435,14436,36,4,55.81
14436,14437,37,1,104.51
14437,14438,38,2,100.88
14438,14439,39,3,75.31
14439,14440,40,4,85.5
14440,14441,41,1,43.67
14441,14442,42,2,88.97
14442,14443,43,3,70.55
14443,14444,44,4,70.65
14444,14445,45,1,75.84
14445,14446,46,2,61.36
14446,14447,47,3,86.46
14447,14448,48,4,93.94
14448,14449,49,1,100.7
14449,14450,50,2,61.27
14450,14451,51,3,61.19
14451,14452,52,4,31.35
14452,14453,53,1,82.87
14453,14454,54,2,23.97
14454,14455,55,3,90.25
14455,14456,56,4,86.44
14456,14457,57,1,79.04
14457,14458,58,2,36.98
14458,14459,59,3,53.03
14459,14460,60,4,85.88
14460,14461,61,1,45.93
14461,14462,62,2,44.51
14462,14463,63,3,77.18
14463,14464,64,4,28.77
14464,14465,65,1,59.23
14465,14466,66,2,89.42
14466,14467,67,3,39.33
14467,14468,68,4,38.99
14468,14469,69,1,82.69
14469,14470,70,2,100.66
14470,14471,71,3,96.56
14471,14472,72,4,75.7
14472,14473,73,1,63.26
14473,14474,74,2,14.04
14474,14475,75,3,41.75
14475,14476,76,4,39.67
14476,14477,77,1,45.03
14477,14478,78,2,49.36
14478,14479,79,3,23.75
14479,14480,80,4,99.61
14480,14481,81,1,61.43
14481,14482,82,2,70.12
14482,14483,83,3,79.12
14483,14484,84,4,81.4
14484,14485,85,1,100.93
14485,14486,86,2,80.68
14486,14487,87,3,80.66
14487,14488,88,4,43.36
14488,14489,89,1,6.53
14489,14490,90,2,16.7
14490,14491,91,3,83.02
14491,14492,92,4,13.7
14492,14493,93,1,68.71
14493,14494,94,2,8.07
14494,14495,95,3,43.29
14495,14496,96,4,61.19
14496,14497,97,1,37.72
14497,14498,98,2,27.97
14498,14499,99,3,8.43
14499,14500,100,4,58.11
14500,14501,101,1,58.49
14501,14502,102,2,104.52
14502,14503,103,3,48.83
14503,14504,104,4,5.07
14504,14505,105,1,18.99
14505,14506,106,2,95.24
14506,14507,107,3,95.32
14507,14508,108,4,97.64
14508,14509,109,1,76.2
14509,14510,110,2,60.06
14510,14511,111,3,59.91
14511,14512,112,4,99.35
14512,14513,113,1,20.79
14513,14514,114,2,80.84
14514,14515,115,3,62.78
14515,14516,116,4,47.69
14516,14517,117,1,90.24
14517,14518,118,2,47.86
14518,14519,119,3,26.98
14519,14520,120,4,21.39
14520,14521,121,1,6.75
14521,14522,122,2,69.69
14522,14523,123,3,27.35
14523,14524,124,4,82.43
14524,14525,125,1,55.33
14525,14526,126,2,103.69
14526,14527,127,3,42.53
14527,14528,128,4,47.05
14528,14529,129,1,5.1
14529,14530,130,2,69.06
14530,14531,131,3,62.93
14531,14532,132,4,74.65
14532,14533,133,1,39.75
14533,14534,134,2,70.94
14534,14535,135,3,37.6
14535,14536,136,4,85.55
14536,14537,137,1,88.9
14537,14538,138,2,89.65
14538,14539,139,3,63.9
14539,14540,140,4,53.91
14540,14541,141,1,8.4
14541,14542,142,2,31.06
14542,14543,143,3,86.87
14543,14544,144,4,25.12
14544,14545,145,1,29.4
14545,14546,146,2,44.25
14546,14547,147,3,77.58
14547,14548,148,4,5.56
14548,14549,149,1,99.63
14549,14550,150,2,104.46
14550,14551,151,3,32.05
14551,14552,152,4,47.57
14552,14553,153,1,59.98
14553,14554,154,2,58.27
14554,14555,155,3,79.63
14555,14556,156,4,29.11
14556,14557,157,1,71.11
14557,14558,158,2,80.51
14558,14559,159,3,56.75
14559,14560,160,4,55.26
14560,14561,161,1,58.38
14561,14562,162,2,10.81
14562,14563,163,3,21.08
14563,14564,164,4,26.23
14564,14565,165,1,14.45
14565,14566,166,2,101.76
14566,14567,167,3,85.08
14567,14568,168,4,47.24
14568,14569,169,1,93.22
14569,14570,170,2,17.78
14570,14571,171,3,32.21
14571,14572,172,4,54.53
14572,14573,173,1,55.84
14573,14574,174,2,9.87
14574,14575,175,3,8.27
14575,14576,176,4,37.78
14576,14577,177,1,10.17
14577,14578,178,2,6.41
14578,14579,179,3,14.06
14579,14580,180,4,34.39
14580,14581,181,1,17.22
14581,14582,182,2,36.55
14582,14583,183,3,83.75
14583,14584,184,4,81.86
14584,14585,185,1,6.3
14585,14586,186,2,7.56
14586,14587,187,3,96.64
14587,14588,188,4,72.15
14588,14589,189,1,101.62
14589,14590,190,2,97.52
14590,14591,191,3,50.07
14591,14592,192,4,56.91
14592,14593,193,1,98.82
14593,14594,194,2,30.76
14594,14595,195,3,49.1
14595,14596,196,4,80.83
14596,14597,197,1,28.18
14597,14598,198,2,35.9
14598,14599,199,3,54.61
14599,14600,200,4,29.4
14600,14601,1,1,45.19
14601,14602,2,2,62.25
14602,14603,3,3,87.03
14603,14604,4,4,68.62
14604,14605,5,1,8.24
14605,14606,6,2,65.44
14606,14607,7,3,15.46
14607,14608,8,4,15.73
14608,14609,9,1,58.11
14609,14610,10,2,99.63
14610,14611,11,3,42.8
14611,14612,12,4,11.77
14612,14613,13,1,26.9
14613,14614,14,2,15.92
14614,14615,15,3,100.91
14615,14616,16,4,40.02
14616,14617,17,1,17.59
14617,14618,18,2,71.03
14618,14619,19,3,68.74
14619,14620,20,4,70.47
14620,14621,21,1,75.97
14621,14622,22,2,40.85
14622,14623,23,3,11.78
14623,14624,24,4,13.66
14624,14625,25,1,95.3
14625,14626,26,2,70.62
14626,14627,27,3,24.63
14627,14628,28,4,40.34
14628,14629,29,1,35.02
14629,14630,30,2,79.8
14630,14631,31,3,62.78
14631,14632,32,4,21.61
14632,14633,33,1,62.74
14633,14634,34,2,11.31
14634,14635,35,3,23.14
14635,14636,36,4,61.47
14636,14637,37,1,67.14
14637,14638,38,2,78.83
14638,14639,39,3,63.96
14639,14640,40,4,77.87
14640,14641,41,1,27.83
14641,14642,42,2,82.16
14642,14643,43,3,29.69
14643,14644,44,4,59.22
14644,14645,45,1,49.77
14645,14646,46,2,46.87
14646,14647,47,3,51.83
14647,14648,48,4,90.26
14648,14649,49,1,8.63
14649,14650,50,2,68.28
14650,14651,51,3,88.14
14651,14652,52,4,89.15
14652,14653,53,1,57.36
14653,14654,54,2,98.79
14654,14655,55,3,94.63
14655,14656,56,4,88.75
14656,14657,57,1,94.42
14657,14658,58,2,83.11
14658,14659,59,3,88.14
14659,14660,60,4,6.67
14660,14661,61,1,26.25
14661,14662,62,2,66.19
14662,14663,63,3,102.38
14663,14664,64,4,60.01
14664,14665,65,1,58.38
14665,14666,66,2,33.68
14666,14667,67,3,71.91
14667,14668,68,4,70.25
14668,14669,69,1,7.13
14669,14670,70,2,14.99
14670,14671,71,3,24.66
14671,14672,72,4,28.88
14672,14673,73,1,74.06
14673,14674,74,2,61.85
14674,14675,75,3,25.45
14675,14676,76,4,67.35
14676,14677,77,1,73.41
14677,14678,78,2,49.77
14678,14679,79,3,5.85
14679,14680,80,4,43.48
14680,14681,81,1,43.19
14681,14682,82,2,55.98
14682,14683,83,3,92.75
14683,14684,84,4,52.19
14684,14685,85,1,39.83
14685,14686,86,2,35.89
14686,14687,87,3,12.98
14687,14688,88,4,37.57
14688,14689,89,1,27.25
14689,14690,90,2,87.49
14690,14691,91,3,15.54
14691,14692,92,4,86.27
14692,14693,93,1,55.94
14693,14694,94,2,10.65
14694,14695,95,3,48.77
14695,14696,96,4,49.91
14696,14697,97,1,89.22
14697,14698,98,2,54.33
14698,14699,99,3,64.29
14699,14700,100,4,103.75
14700,14701,101,1,83.22
14701,14702,102,2,86.28
14702,14703,103,3,60.87
14703,14704,104,4,65.68
14704,14705,105,1,81.32
14705,14706,106,2,92.46
14706,14707,107,3,10.91
14707,14708,108,4,20.61
14708,14709,109,1,102.01
14709,14710,110,2,104.1
14710,14711,111,3,36.96
14711,14712,112,4,48.79
14712,14713,113,1,8.35
14713,14714,114,2,55.35
14714,14715,115,3,80.24
14715,14716,116,4,23.57
14716,14717,117,1,72.96
14717,14718,118,2,6.29
14718,14719,119,3,46.76
14719,14720,120,4,42.81
14720,14721,121,1,53.88
14721,14722,122,2,53.22
14722,14723,123,3,64.46
14723,14724,124,4,69.34
14724,14725,125,1,31.63
14725,14726,126,2,64.71
14726,14727,127,3,71.24
14727,14728,128,4,22.5
14728,14729,129,1,37.36
14729,14730,130,2,80.06
14730,14731,131,3,51.53
14731,14732,132,4,23.93
14732,14733,133,1,45.49
14733,14734,134,2,62.62
14734,14735,135,3,46.42
14735,14736,136,4,99.8
14736,14737,137,1,74.8
14737,14738,138,2,14.47
14738,14739,139,3,79.51
14739,14740,140,4,36.64
14740,14741,141,1,50.26
14741,14742,142,2,81.55
14742,14743,143,3,40.54
14743,14744,144,4,76.92
14744,14745,145,1,102.26
14745,14746,146,2,34.72
14746,14747,147,3,86.09
14747,14748,148,4,87.36
14748,14749,149,1,58.18
14749,14750,150,2,103.31
14750,14751,151,3,37.31
14751,14752,152,4,77.03
14752,14753,153,1,70.47
14753,14754,154,2,99.81
14754,14755,155,3,62.34
14755,14756,156,4,9.85
14756,14757,157,1,16.25
14757,14758,158,2,57.06
14758,14759,159,3,99.83
14759,14760,160,4,81.19
14760,14761,161,1,15.3
14761,14762,162,2,16.22
14762,14763,163,3,78.58
14763,14764,164,4,52.63
14764,14765,165,1,29.97
14765,14766,166,2,28.22
14766,14767,167,3,91.46
14767,14768,168,4,12.46
14768,14769,169,1,50.99
14769,14770,170,2,33.68
14770,14771,171,3,47.05
14771,14772,172,4,104.32
14772,14773,173,1,69.9
14773,14774,174,2,11.03
14774,14775,175,3,46.37
14775,14776,176,4,91.57
14776,14777,177,1,103.99
14777,14778,178,2,5.92
14778,14779,179,3,65.85
14779,14780,180,4,25.23
14780,14781,181,1,78.52
14781,14782,182,2,104.25
14782,14783,183,3,90.95
14783,14784,184,4,27.33
14784,14785,185,1,48.39
14785,14786,186,2,75.25
14786,14787,187,3,22.75
14787,14788,188,4,53.49
14788,14789,189,1,55.91
14789,14790,190,2,47.83
14790,14791,191,3,29.86
14791,14792,192,4,67.56
14792,14793,193,1,79.66
14793,14794,194,2,94.99
14794,14795,195,3,42.68
14795,14796,196,4,73.82
14796,14797,197,1,90.41
14797,14798,198,2,82.74
14798,14799,199,3,62.81
14799,14800,200,4,29.42
14800,14801,1,1,67.37
14801,14802,2,2,93.57
14802,14803,3,3,18.84
14803,14804,4,4,81.93
14804,14805,5,1,50.21
14805,14806,6,2,38.9
14806,14807,7,3,36.68
14807,14808,8,4,93.06
14808,14809,9,1,38.72
14809,14810,10,2,52.05
14810,14811,11,3,58.05
14811,14812,12,4,100.27
14812,14813,13,1,18.35
14813,14814,14,2,24.24
14814,14815,15,3,59.39
14815,14816,16,4,87.39
14816,14817,17,1,25.25
14817,14818,18,2,21.62
14818,14819,19,3,31.93
14819,14820,20,4,72.72
14820,14821,21,1,92.39
14821,14822,22,2,19.53
14822,14823,23,3,13.87
14823,14824,24,4,16.01
14824,14825,25,1,57.53
14825,14826,26,2,72.17
14826,14827,27,3,82.29
14827,14828,28,4,76.53
14828,14829,29,1,73.8
14829,14830,30,2,95.93
14830,14831,31,3,42.78
14831,14832,32,4,98.55
14832,14833,33,1,100.86
14833,14834,34,2,30.09
14834,14835,35,3,46.8
14835,14836,36,4,85.54
14836,14837,37,1,100.27
14837,14838,38,2,104.77
14838,14839,39,3,68.26
14839,14840,40,4,7.46
14840,14841,41,1,73.45
14841,14842,42,2,39.45
14842,14843,43,3,104.36
14843,14844,44,4,51.96
14844,14845,45,1,80.74
14845,14846,46,2,80.21
14846,14847,47,3,74.51
14847,14848,48,4,46.32
14848,14849,49,1,14.6
14849,14850,50,2,104.09
14850,14851,51,3,23.92
14851,14852,52,4,17.29
14852,14853,53,1,66.07
14853,14854,54,2,22.89
14854,14855,55,3,62.19
14855,14856,56,4,33.05
14856,14857,57,1,82.19
14857,14858,58,2,76.27
14858,14859,59,3,22.57
14859,14860,60,4,101.25
14860,14861,61,1,27.29
14861,14862,62,2,56.04
14862,14863,63,3,74.72
14863,14864,64,4,91.7
14864,14865,65,1,81.43
14865,14866,66,2,90.53
14866,14867,67,3,23.54
14867,14868,68,4,29.07
14868,14869,69,1,62.98
14869,14870,70,2,91.75
14870,14871,71,3,14.48
14871,14872,72,4,55.18
14872,14873,73,1,32.46
14873,14874,74,2,41.81
14874,14875,75,3,11.44
14875,14876,76,4,58.92
14876,14877,77,1,21.42
14877,14878,78,2,58.88
14878,14879,79,3,57.98
14879,14880,80,4,97.25
14880,14881,81,1,28.9
14881,14882,82,2,31.13
14882,14883,83,3,5.36
14883,14884,84,4,94.05
14884,14885,85,1,39.72
14885,14886,86,2,27.47
14886,14887,87,3,25.3
14887,14888,88,4,96.49
14888,14889,89,1,55.51
14889,14890,90,2,48.11
14890,14891,91,3,24.08
14891,14892,92,4,71.77
14892,14893,93,1,92.11
14893,14894,94,2,5.91
14894,14895,95,3,103.39
14895,14896,96,4,62.96
14896,14897,97,1,80.5
14897,14898,98,2,100.12
14898,14899,99,3,41.03
14899,14900,100,4,15.03
14900,14901,101,1,87.83
14901,14902,102,2,55.37
14902,14903,103,3,76.38
14903,14904,104,4,70.42
14904,14905,105,1,14.24
14905,14906,106,2,19.78
14906,14907,107,3,78.91
14907,14908,108,4,41.67
14908,14909,109,1,57.45
14909,14910,110,2,22.26
14910,14911,111,3,58.99
14911,14912,112,4,95.72
14912,14913,113,1,36.37
14913,14914,114,2,34.22
14914,14915,115,3,67.51
14915,14916,116,4,34.81
14916,14917,117,1,43.66
14917,14918,118,2,73.52
14918,14919,119,3,57.39
14919,14920,120,4,92.32
14920,14921,121,1,58.83
14921,14922,122,2,26.09
14922,14923,123,3,62.66
14923,14924,124,4,90.1
14924,14925,125,1,59.44
14925,14926,126,2,22.71
14926,14927,127,3,64.8
14927,14928,128,4,70.11
14928,14929,129,1,33.95
14929,14930,130,2,51.68
14930,14931,131,3,92.51
14931,14932,132,4,26.35
14932,14933,133,1,25.93
14933,14934,134,2,44.66
14934,14935,135,3,29.41
14935,14936,136,4,90.19
14936,14937,137,1,34.35
14937,14938,138,2,9.19
14938,14939,139,3,51.91
14939,14940,140,4,79.42
14940,14941,141,1,101.74
14941,14942,142,2,20.22
14942,14943,143,3,81.95
14943,14944,144,4,28.56
14944,14945,145,1,25.75
14945,14946,146,2,94.06
14946,14947,147,3,36.16
14947,14948,148,4,9.91
14948,14949,149,1,87.54
14949,14950,150,2,33.4
14950,14951,151,3,93.63
14951,14952,152,4,54.96
14952,14953,153,1,62.1
14953,14954,154,2,68.17
14954,14955,155,3,48.31
14955,14956,156,4,104.87
14956,14957,157,1,30.41
14957,14958,158,2,70.2
14958,14959,159,3,27.26
14959,14960,160,4,104.72
14960,14961,161,1,8.46
14961,14962,162,2,99.28
14962,14963,163,3,11.11
14963,14964,164,4,100.07
14964,14965,165,1,14.79
14965,14966,166,2,46.2
14966,14967,167,3,81.86
14967,14968,168,4,48.15
14968,14969,169,1,103.47
14969,14970,170,2,102.11
14970,14971,171,3,57.42
14971,14972,172,4,41.28
14972,14973,173,1,36.82
14973,14974,174,2,12.24
14974,14975,175,3,80.01
14975,14976,176,4,58.34
14976,14977,177,1,38.13
14977,14978,178,2,66.53
14978,14979,179,3,97.64
14979,14980,180,4,100.13
14980,14981,181,1,20.23
14981,14982,182,2,94.51
14982,14983,183,3,40.2
14983,14984,184,4,81.38
14984,14985,185,1,15.41
14985,14986,186,2,5.18
14986,14987,187,3,36.22
14987,14988,188,4,47.7
14988,14989,189,1,8.64
14989,14990,190,2,78.11
14990,14991,191,3,82.41
14991,14992,192,4,79.75
14992,14993,193,1,78.98
14993,14994,194,2,84.04
14994,14995,195,3,23.27
14995,14996,196,4,43.95
14996,14997,197,1,5.61
14997,14998,198,2,46.88
14998,14999,199,3,6.76
14999,15000,200,4,15.39
15000,1,1,1,31.18
15001,2,2,2,71.01
15002,3,3,3,24.93
15003,4,4,4,87.93
15004,5,5,1,67.43
15005,6,6,2,95.9
15006,7,7,3,76.91
15007,8,8,4,94.12
15008,9,9,1,18.41
15009,10,10,2,36.23
15010,11,11,3,12.26
15011,12,12,4,7.39
15012,13,13,1,43.89
15013,14,14,2,54.16
15014,15,15,3,59.43
15015,16,16,4,36.94
15016,17,17,1,52.06
15017,18,18,2,97.99
15018,19,19,3,89.84
15019,20,20,4,19.75
15020,21,21,1,12.62
15021,22,22,2,39.91
15022,23,23,3,92.49
15023,24,24,4,96.12
15024,25,25,1,32.38
15025,26,26,2,94.69
15026,27,27,3,82.42
15027,28,28,4,62.22
15028,29,29,1,39.65
15029,30,30,2,79.25
15030,31,31,3,89.71
15031,32,32,4,6.4
15032,33,33,1,12.63
15033,34,34,2,11.77
15034,35,35,3,97.5
15035,36,36,4,73.7
15036,37,37,1,80.59
15037,38,38,2,66.65
15038,39,39,3,42.49
15039,40,40,4,21.89
15040,41,41,1,71.12
15041,42,42,2,7.55
15042,43,43,3,39.61
15043,44,44,4,98.01
15044,45,45,1,8.04
15045,46,46,2,47.56
15046,47,47,3,49.45
15047,48,48,4,30.26
15048,49,49,1,38.98
15049,50,50,2,98.01
15050,51,51,3,70.71
15051,52,52,4,82.62
15052,53,53,1,54.96
15053,54,54,2,13.06
15054,55,55,3,50.51
15055,56,56,4,81.04
15056,57,57,1,40.68
15057,58,58,2,78.55
15058,59,59,3,11.6
15059,60,60,4,61.29
15060,61,61,1,84.96
15061,62,62,2,60.24
15062,63,63,3,21.58
15063,64,64,4,80.37
15064,65,65,1,62.9
15065,66,66,2,20.66
15066,67,67,3,87.07
15067,68,68,4,22.99
15068,69,69,1,100.82
15069,70,70,2,95.05
15070,71,71,3,12.22
15071,72,72,4,83.61
15072,73,73,1,23.1
15073,74,74,2,55.9
15074,75,75,3,90.95
15075,76,76,4,73.01
15076,77,77,1,18.87
15077,78,78,2,89.47
15078,79,79,3,92.29
15079,80,80,4,59.75
15080,81,81,1,17.02
15081,82,82,2,86.53
15082,83,83,3,46.71
15083,84,84,4,48.01
15084,85,85,1,38.42
15085,86,86,2,9.55
15086,87,87,3,37.76
15087,88,88,4,10.7
15088,89,89,1,78.67
15089,90,90,2,103.69
15090,91,91,3,18.59
15091,92,92,4,79.98
15092,93,93,1,65.01
15093,94,94,2,28.17
15094,95,95,3,65.08
15095,96,96,4,28.86
15096,97,97,1,29.71
15097,98,98,2,101.42
15098,99,99,3,80.04
15099,100,100,4,41.54
15100,101,101,1,79.19
15101,102,102,2,21.84
15102,103,103,3,30.06
15103,104,104,4,44.74
15104,105,105,1,20.2
15105,106,106,2,102.32
15106,107,107,3,61.12
15107,108,108,4,55.58
15108,109,109,1,33.17
15109,110,110,2,9.73
15110,111,111,3,96.26
15111,112,112,4,99.88
15112,113,113,1,101.95
15113,114,114,2,88.98
15114,115,115,3,53.18
15115,116,116,4,44.3
15116,117,117,1,30.69
15117,118,118,2,64.61
15118,119,119,3,64.19
15119,120,120,4,20.44
15120,121,121,1,78.13
15121,122,122,2,80.75
15122,123,123,3,78.74
15123,124,124,4,6.92
15124,125,125,1,27.48
15125,126,126,2,7.63
15126,127,127,3,46.09
15127,128,128,4,30.47
15128,129,129,1,14.6
15129,130,130,2,60.66
15130,131,131,3,70.54
15131,132,132,4,87.95
15132,133,133,1,64.08
15133,134,134,2,9.68
15134,135,135,3,36.93
15135,136,136,4,7.04
15136,137,137,1,102.46
15137,138,138,2,80.39
15138,139,139,3,32.24
15139,140,140,4,72.11
15140,141,141,1,90.49
15141,142,142,2,71.08
15142,143,143,3,38.46
15143,144,144,4,7.77
15144,145,145,1,36.5
15145,146,146,2,60.71
15146,147,147,3,96.13
15147,148,148,4,51.66
15148,149,149,1,22.04
15149,150,150,2,10.94
15150,151,151,3,10.2
15151,152,152,4,30.31
15152,153,153,1,30.72
15153,154,154,2,62.24
15154,155,155,3,28.15
15155,156,156,4,15.72
15156,157,157,1,12.17
15157,158,158,2,17.49
15158,159,159,3,98.97
15159,160,160,4,90.41
15160,161,161,1,5.99
15161,162,162,2,25.04
15162,163,163,3,30.62
15163,164,164,4,44.45
15164,165,165,1,72.96
15165,166,166,2,55.41
15166,167,167,3,32.7
15167,168,168,4,99.81
15168,169,169,1,44.61
15169,170,170,2,72.42
15170,171,171,3,53.68
15171,172,172,4,25.81
15172,173,173,1,34.38
15173,174,174,2,32.81
15174,175,175,3,42.84
15175,176,176,4,42.7
15176,177,177,1,5.49
15177,178,178,2,18.51
15178,179,179,3,44.38
15179,180,180,4,77.96
15180,181,181,1,81.75
15181,182,182,2,90.12
15182,183,183,3,84.49
15183,184,184,4,31.33
15184,185,185,1,19.8
15185,186,186,2,60.83
15186,187,187,3,59.32
15187,188,188,4,24.3
15188,189,189,1,56.68
15189,190,190,2,26.07
15190,191,191,3,68.94
15191,192,192,4,40.56
15192,193,193,1,90.76
15193,194,194,2,84.05
15194,195,195,3,72.84
15195,196,196,4,63.56
15196,197,197,1,33.2
15197,198,198,2,35.61
15198,199,199,3,63.09
15199,200,200,4,82.37
15200,201,1,1,16.7
15201,202,2,2,6.82
15202,203,3,3,44.59
15203,204,4,4,82.42
15204,205,5,1,37.86
15205,206,6,2,102.43
15206,207,7,3,42.35
15207,208,8,4,73.99
15208,209,9,1,48.06
15209,210,10,2,61.06
15210,211,11,3,99.71
15211,212,12,4,98.53
15212,213,13,1,26.7
15213,214,14,2,79.06
15214,215,15,3,47.74
15215,216,16,4,45.04
15216,217,17,1,57.32
15217,218,18,2,50.99
15218,219,19,3,19.95
15219,220,20,4,88.42
15220,221,21,1,60.35
15221,222,22,2,29.85
15222,223,23,3,29.41
15223,224,24,4,43.55
15224,225,25,1,31.76
15225,226,26,2,65.98
15226,227,27,3,92.92
15227,228,28,4,56.51
15228,229,29,1,80.59
15229,230,30,2,27.02
15230,231,31,3,25.92
15231,232,32,4,67.41
15232,233,33,1,102.81
15233,234,34,2,29.03
15234,235,35,3,41.67
15235,236,36,4,79.05
15236,237,37,1,93.25
15237,238,38,2,44.71
15238,239,39,3,57.19
15239,240,40,4,58.73
15240,241,41,1,39.57
15241,242,42,2,23.08
15242,243,43,3,85.58
15243,244,44,4,88.67
15244,245,45,1,92.97
15245,246,46,2,34.03
15246,247,47,3,91.51
15247,248,48,4,14.3
15248,249,49,1,30.4
15249,250,50,2,85.97
15250,251,51,3,53.88
15251,252,52,4,76.98
15252,253,53,1,50.53
15253,254,54,2,37.9
15254,255,55,3,77.75
15255,256,56,4,25.17
15256,257,57,1,91.94
15257,258,58,2,49.95
15258,259,59,3,51.32
15259,260,60,4,32.55
15260,261,61,1,63.85
15261,262,62,2,66.6
15262,263,63,3,62.59
15263,264,64,4,46.7
15264,265,65,1,58.4
15265,266,66,2,65.32
15266,267,67,3,41.46
15267,268,68,4,84.19
15268,269,69,1,102.67
15269,270,70,2,38.64
15270,271,71,3,52.93
15271,272,72,4,50.07
15272,273,73,1,65.96
15273,274,74,2,14.41
15274,275,75,3,97.95
15275,276,76,4,71.33
15276,277,77,1,82.33
15277,278,78,2,30.08
15278,279,79,3,39.31
15279,280,80,4,25.56
15280,281,81,1,94.7
15281,282,82,2,59.14
15282,283,83,3,89.89
15283,284,84,4,63.06
15284,285,85,1,97.25
15285,286,86,2,56.89
15286,287,87,3,79.58
15287,288,88,4,34.33
15288,289,89,1,15.95
15289,290,90,2,72.44
15290,291,91,3,101.64
15291,292,92,4,36.38
15292,293,93,1,67.49
15293,294,94,2,32.79
15294,295,95,3,26.46
15295,296,96,4,52.38
15296,297,97,1,76.34
15297,298,98,2,21.15
15298,299,99,3,15.41
15299,300,100,4,73.47
15300,301,101,1,71.02
15301,302,102,2,55.62
15302,303,103,3,71.18
15303,304,104,4,85.19
15304,305,105,1,72.74
15305,306,106,2,47.43
15306,307,107,3,97.32
15307,308,108,4,63.82
15308,309,109,1,43.72
15309,310,110,2,55.63
15310,311,111,3,23.1
15311,312,112,4,46.02
15312,313,113,1,35.82
15313,314,114,2,12.01
15314,315,115,3,8.2
15315,316,116,4,58.8
15316,317,117,1,38.18
15317,318,118,2,104.67
15318,319,119,3,96.72
15319,320,120,4,46.96
15320,321,121,1,98.3
15321,322,122,2,16.04
15322,323,123,3,19.54
15323,324,124,4,37.77
15324,325,125,1,52.71
15325,326,126,2,20.98
15326,327,127,3,88.19
15327,328,128,4,60.32
15328,329,129,1,19.36
15329,330,130,2,82.02
15330,331,131,3,89.01
15331,332,132,4,21.62
15332,333,133,1,54.05
15333,334,134,2,61.22
15334,335,135,3,69.13
15335,336,136,4,58.4
15336,337,137,1,41.7
15337,338,138,2,69.85
15338,339,139,3,30.83
15339,340,140,4,100.53
15340,341,141,1,63.25
15341,342,142,2,67.45
15342,343,143,3,45.43
15343,344,144,4,68.82
15344,345,145,1,34.22
15345,346,146,2,76.9
15346,347,147,3,39.77
15347,348,148,4,104.94
15348,349,149,1,82.84
15349,350,150,2,92.57
15350,351,151,3,24.33
15351,352,152,4,76.33
15352,353,153,1,11.17
15353,354,154,2,84.48
15354,355,155,3,26.45
15355,356,156,4,94.92
15356,357,157,1,25.32
15357,358,158,2,57.96
15358,359,159,3,41.84
15359,360,160,4,45.36
15360,361,161,1,54.4
15361,362,162,2,54.3
15362,363,163,3,17.33
15363,364,164,4,80.14
15364,365,165,1,88.46
15365,366,166,2,30.53
15366,367,167,3,76.0
15367,368,168,4,89.74
15368,369,169,1,32.1
15369,370,170,2,35.54
15370,371,171,3,5.48
15371,372,172,4,79.63
15372,373,173,1,32.17
15373,374,174,2,83.43
15374,375,175,3,41.96
15375,376,176,4,9.51
15376,377,177,1,28.84
15377,378,178,2,91.15
15378,379,179,3,17.3
15379,380,180,4,77.66
15380,381,181,1,36.23
15381,382,182,2,82.55
15382,383,183,3,49.45
15383,384,184,4,104.19
15384,385,185,1,53.63
15385,386,186,2,63.43
15386,387,187,3,57.41
15387,388,188,4,21.13
15388,389,189,1,78.3
15389,390,190,2,55.33
15390,391,191,3,94.84
15391,392,192,4,79.92
15392,393,193,1,35.55
15393,394,194,2,50.35
15394,395,195,3,25.61
15395,396,196,4,31.74
15396,397,197,1,104.49
15397,398,198,2,76.12
15398,399,199,3,62.57
15399,400,200,4,79.09
15400,401,1,1,19.92
15401,402,2,2,91.38
15402,403,3,3,16.49
15403,404,4,4,90.27
15404,405,5,1,96.97
15405,406,6,2,53.04
15406,407,7,3,24.49
15407,408,8,4,46.1
15408,409,9,1,68.11
15409,410,10,2,92.7
15410,411,11,3,104.18
15411,412,12,4,49.54
15412,413,13,1,98.96
15413,414,14,2,55.87
15414,415,15,3,88.58
15415,416,16,4,88.63
15416,417,17,1,75.22
15417,418,18,2,99.0
15418,419,19,3,101.75
15419,420,20,4,29.34
15420,421,21,1,71.68
15421,422,22,2,95.98
15422,423,23,3,96.03
15423,424,24,4,88.95
15424,425,25,1,37.26
15425,426,26,2,102.39
15426,427,27,3,79.49
15427,428,28,4,19.29
15428,429,29,1,69.76
15429,430,30,2,64.01
15430,431,31,3,84.61
15431,432,32,4,74.32
15432,433,33,1,54.56
15433,434,34,2,17.04
15434,435,35,3,37.38
15435,436,36,4,76.47
15436,437,37,1,5.2
15437,438,38,2,68.52
15438,439,39,3,52.55
15439,440,40,4,97.84
15440,441,41,1,75.06
15441,442,42,2,30.72
15442,443,43,3,101.3
15443,444,44,4,20.78
15444,445,45,1,42.7
15445,446,46,2,84.33
15446,447,47,3,9.67
15447,448,48,4,17.09
15448,449,49,1,95.04
15449,450,50,2,45.9
15450,451,51,3,44.68
15451,452,52,4,54.42
15452,453,53,1,40.21
15453,454,54,2,53.03
15454,455,55,3,104.97
15455,456,56,4,48.78
15456,457,57,1,104.06
15457,458,58,2,93.13
15458,459,59,3,62.57
15459,460,60,4,75.66
15460,461,61,1,73.85
15461,462,62,2,15.26
15462,463,63,3,48.0
15463,464,64,4,79.13
15464,465,65,1,37.58
15465,466,66,2,46.04
15466,467,67,3,84.68
15467,468,68,4,34.56
15468,469,69,1,104.96
15469,470,70,2,50.85
15470,471,71,3,61.95
15471,472,72,4,65.75
15472,473,73,1,7.35
15473,474,74,2,34.41
15474,475,75,3,56.17
15475,476,76,4,67.91
15476,477,77,1,53.71
15477,478,78,2,76.93
15478,479,79,3,51.19
15479,480,80,4,18.55
15480,481,81,1,91.46
15481,482,82,2,89.82
15482,483,83,3,48.84
15483,484,84,4,19.38
15484,485,85,1,39.77
15485,486,86,2,29.66
15486,487,87,3,12.19
15487,488,88,4,69.03
15488,489,89,1,104.13
15489,490,90,2,62.46
15490,491,91,3,36.86
15491,492,92,4,35.9
15492,493,93,1,47.1
15493,494,94,2,93.58
15494,495,95,3,17.61
15495,496,96,4,46.85
15496,497,97,1,87.62
15497,498,98,2,43.4
15498,499,99,3,51.74
15499,500,100,4,94.13
15500,501,101,1,20.76
15501,502,102,2,70.34
15502,503,103,3,73.21
15503,504,104,4,48.58
15504,505,105,1,7.14
15505,506,106,2,74.37
15506,507,107,3,15.75
15507,508,108,4,76.0
15508,509,109,1,75.29
15509,510,110,2,8.28
15510,511,111,3,86.31
15511,512,112,4,44.29
15512,513,113,1,11.47
15513,514,114,2,30.74
15514,515,115,3,75.16
15515,516,116,4,92.08
15516,517,117,1,52.13
15517,518,118,2,14.36
15518,519,119,3,18.51
15519,520,120,4,84.3
15520,521,121,1,72.2
15521,522,122,2,86.55
15522,523,123,3,76.22
15523,524,124,4,43.39
15524,525,125,1,48.54
15525,526,126,2,102.01
15526,527,127,3,33.65
15527,528,128,4,5.43
15528,529,129,1,28.43
15529,530,130,2,68.49
15530,531,131,3,32.77
15531,532,132,4,67.72
15532,533,133,1,70.19
15533,534,134,2,74.16
15534,535,135,3,46.19
15535,536,136,4,61.52
15536,537,137,1,27.13
15537,538,138,2,27.37
15538,539,139,3,21.67
15539,540,140,4,101.63
15540,541,141,1,79.54
15541,542,142,2,96.35
15542,543,143,3,51.64
15543,544,144,4,71.55
15544,545,145,1,41.57
15545,546,146,2,93.95
15546,547,147,3,28.98
15547,548,148,4,101.7
15548,549,149,1,8.2
15549,550,150,2,38.29
15550,551,151,3,27.44
15551,552,152,4,16.57
15552,553,153,1,42.82
15553,554,154,2,85.65
15554,555,155,3,90.73
15555,556,156,4,80.72
15556,557,157,1,96.26
15557,558,158,2,61.01
15558,559,159,3,34.66
15559,560,160,4,38.22
15560,561,161,1,42.23
15561,562,162,2,45.88
15562,563,163,3,36.53
15563,564,164,4,8.02
15564,565,165,1,6.11
15565,566,166,2,78.51
15566,567,167,3,71.56
15567,568,168,4,103.18
15568,569,169,1,5.84
15569,570,170,2,101.4
15570,571,171,3,20.64
15571,572,172,4,99.63
15572,573,173,1,8.61
15573,574,174,2,44.85
15574,575,175,3,54.27
15575,576,176,4,84.78
15576,577,177,1,33.93
15577,578,178,2,17.67
15578,579,179,3,24.1
15579,580,180,4,97.84
15580,581,181,1,63.67
15581,582,182,2,88.74
15582,583,183,3,101.73
15583,584,184,4,59.62
15584,585,185,1,48.4
15585,586,186,2,22.33
15586,587,187,3,98.37
15587,588,188,4,61.13
15588,589,189,1,64.67
15589,590,190,2,92.43
15590,591,191,3,29.65
15591,592,192,4,48.09
15592,593,193,1,8.5
15593,594,194,2,69.82
15594,595,195,3,38.47
15595,596,196,4,39.58
15596,597,197,1,41.62
15597,598,198,2,53.26
15598,599,199,3,81.14
15599,600,200,4,63.74
15600,601,1,1,80.53
15601,602,2,2,74.48
15602,603,3,3,41.32
15603,604,4,4,91.6
15604,605,5,1,25.08
15605,606,6,2,92.75
15606,607,7,3,30.05
15607,608,8,4,38.46
15608,609,9,1,11.69
15609,610,10,2,102.93
15610,611,11,3,50.43
15611,612,12,4,24.79
15612,613,13,1,81.52
15613,614,14,2,30.12
15614,615,15,3,91.81
15615,616,16,4,58.0
15616,617,17,1,6.99
15617,618,18,2,11.61
15618,619,19,3,104.36
15619,620,20,4,47.31
15620,621,21,1,20.95
15621,622,22,2,24.74
15622,623,23,3,31.88
15623,624,24,4,81.33
15624,625,25,1,44.67
15625,626,26,2,73.32
15626,627,27,3,12.69
15627,628,28,4,19.87
15628,629,29,1,74.99
15629,630,30,2,96.59
15630,631,31,3,82.0
15631,632,32,4,29.83
15632,633,33,1,86.24
15633,634,34,2,17.75
15634,635,35,3,72.51
15635,636,36,4,31.17
15636,637,37,1,92.87
15637,638,38,2,49.97
15638,639,39,3,79.15
15639,640,40,4,56.01
15640,641,41,1,103.02
15641,642,42,2,5.24
15642,643,43,3,31.98
15643,644,44,4,74.1
15644,645,45,1,21.78
15645,646,46,2,77.05
15646,647,47,3,12.23
15647,648,48,4,60.84
15648,649,49,1,32.25
15649,650,50,2,82.44
15650,651,51,3,60.56
15651,652,52,4,92.97
15652,653,53,1,70.83
15653,654,54,2,29.63
15654,655,55,3,81.81
15655,656,56,4,99.84
15656,657,57,1,60.38
15657,658,58,2,81.43
15658,659,59,3,91.45
15659,660,60,4,77.74
15660,661,61,1,78.33
15661,662,62,2,16.94
15662,663,63,3,18.58
15663,664,64,4,45.18
15664,665,65,1,16.0
15665,666,66,2,80.41
15666,667,67,3,65.15
15667,668,68,4,5.83
15668,669,69,1,6.42
15669,670,70,2,90.17
15670,671,71,3,37.36
15671,672,72,4,59.18
15672,673,73,1,64.28
15673,674,74,2,92.26
15674,675,75,3,37.97
15675,676,76,4,70.44
15676,677,77,1,103.93
15677,678,78,2,9.18
15678,679,79,3,17.07
15679,680,80,4,6.61
15680,681,81,1,26.66
15681,682,82,2,76.24
15682,683,83,3,7.52
15683,684,84,4,104.4
15684,685,85,1,60.29
15685,686,86,2,79.11
15686,687,87,3,74.49
15687,688,88,4,94.32
15688,689,89,1,38.91
15689,690,90,2,103.09
15690,691,91,3,76.02
15691,692,92,4,39.13
15692,693,93,1,69.16
15693,694,94,2,77.07
15694,695,95,3,70.73
15695,696,96,4,86.04
15696,697,97,1,64.13
15697,698,98,2,8.8
15698,699,99,3,23.44
15699,700,100,4,15.57
15700,701,101,1,28.59
15701,702,102,2,11.85
15702,703,103,3,46.09
15703,704,104,4,46.48
15704,705,105,1,35.35
15705,706,106,2,7.2
15706,707,107,3,18.71
15707,708,108,4,68.64
15708,709,109,1,21.08
15709,710,110,2,100.6
15710,711,111,3,34.06
15711,712,112,4,48.02
15712,713,113,1,49.8
15713,714,114,2,47.2
15714,715,115,3,30.83
15715,716,116,4,55.57
15716,717,117,1,19.9
15717,718,118,2,73.54
15718,719,119,3,77.72
15719,720,120,4,61.6
15720,721,121,1,91.4
15721,722,122,2,44.65
15722,723,123,3,20.87
15723,724,124,4,50.7
15724,725,125,1,85.87
15725,726,126,2,67.19
15726,727,127,3,87.36
15727,728,128,4,83.34
15728,729,129,1,31.35
15729,730,130,2,95.15
15730,731,131,3,77.44
15731,732,132,4,64.88
15732,733,133,1,89.72
15733,734,134,2,43.88
15734,735,135,3,91.2
15735,736,136,4,19.86
15736,737,137,1,29.47
15737,738,138,2,12.9
15738,739,139,3,89.34
15739,740,140,4,79.51
15740,741,141,1,41.94
15741,742,142,2,101.86
15742,743,143,3,40.4
15743,744,144,4,76.54
15744,745,145,1,92.17
15745,746,146,2,80.9
15746,747,147,3,44.07
15747,748,148,4,54.1
15748,749,149,1,91.06
15749,750,150,2,56.23
15750,751,151,3,14.66
15751,752,152,4,7.27
15752,753,153,1,103.0
15753,754,154,2,67.36
15754,755,155,3,89.94
15755,756,156,4,35.32
15756,757,157,1,97.71
15757,758,158,2,61.98
15758,759,159,3,80.38
15759,760,160,4,34.07
15760,761,161,1,15.04
15761,762,162,2,32.07
15762,763,163,3,8.95
15763,764,164,4,43.56
15764,765,165,1,92.56
15765,766,166,2,75.64
15766,767,167,3,61.35
15767,768,168,4,37.3
15768,769,169,1,84.43
15769,770,170,2,18.02
15770,771,171,3,17.71
15771,772,172,4,27.61
15772,773,173,1,52.18
15773,774,174,2,19.77
15774,775,175,3,32.12
15775,776,176,4,77.75
15776,777,177,1,103.21
15777,778,178,2,96.75
15778,779,179,3,43.55
15779,780,180,4,14.4
15780,781,181,1,23.63
15781,782,182,2,14.87
15782,783,183,3,26.76
15783,784,184,4,91.64
15784,785,185,1,41.41
15785,786,186,2,88.98
15786,787,187,3,82.93
15787,788,188,4,54.0
15788,789,189,1,37.06
15789,790,190,2,44.69
15790,791,191,3,55.4
15791,792,192,4,6.33
15792,793,193,1,37.29
15793,794,194,2,55.4
15794,795,195,3,62.66
15795,796,196,4,36.23
15796,797,197,1,101.44
15797,798,198,2,56.81
15798,799,199,3,41.9
15799,800,200,4,68.35
15800,801,1,1,97.55
15801,802,2,2,89.04
15802,803,3,3,72.53
15803,804,4,4,52.38
15804,805,5,1,58.04
15805,806,6,2,61.46
15806,807,7,3,97.79
15807,808,8,4,17.5
15808,809,9,1,22.2
15809,810,10,2,48.34
15810,811,11,3,43.31
15811,812,12,4,43.09
15812,813,13,1,24.61
15813,814,14,2,42.05
15814,815,15,3,96.54
15815,816,16,4,46.48
15816,817,17,1,19.21
15817,818,18,2,50.85
15818,819,19,3,73.83
15819,820,20,4,18.89
15820,821,21,1,46.43
15821,822,22,2,28.6
15822,823,23,3,85.62
15823,824,24,4,52.0
15824,825,25,1,28.07
15825,826,26,2,30.43
15826,827,27,3,58.24
15827,828,28,4,66.3
15828,829,29,1,65.73
15829,830,30,2,80.26
15830,831,31,3,39.44
15831,832,32,4,38.92
15832,833,33,1,104.01
15833,834,34,2,88.5
15834,835,35,3,87.12
15835,836,36,4,82.91
15836,837,37,1,8.27
15837,838,38,2,95.51
15838,839,39,3,83.34
15839,840,40,4,87.19
15840,841,41,1,89.44
15841,842,42,2,94.4
15842,843,43,3,6.77
15843,844,44,4,91.09
15844,845,45,1,54.71
15845,846,46,2,72.79
15846,847,47,3,7.67
15847,848,48,4,17.99
15848,849,49,1,34.62
15849,850,50,2,91.75
15850,851,51,3,6.77
15851,852,52,4,79.89
15852,853,53,1,71.05
15853,854,54,2,62.14
15854,855,55,3,31.75
15855,856,56,4,27.32
15856,857,57,1,41.48
15857,858,58,2,26.35
15858,859,59,3,14.55
15859,860,60,4,93.02
15860,861,61,1,69.25
15861,862,62,2,74.65
15862,863,63,3,67.13
15863,864,64,4,8.07
15864,865,65,1,26.7
15865,866,66,2,99.98
15866,867,67,3,78.6
15867,868,68,4,17.37
15868,869,69,1,57.86
15869,870,70,2,88.8
15870,871,71,3,79.84
15871,872,72,4,101.63
15872,873,73,1,90.67
15873,874,74,2,68.71
15874,875,75,3,93.84
15875,876,76,4,47.2
15876,877,77,1,53.64
15877,878,78,2,79.47
15878,879,79,3,52.07
15879,880,80,4,69.59
15880,881,81,1,18.57
15881,882,82,2,10.17
15882,883,83,3,97.67
15883,884,84,4,12.95
15884,885,85,1,92.25
15885,886,86,2,34.53
15886,887,87,3,60.13
15887,888,88,4,55.93
15888,889,89,1,29.69
15889,890,90,2,51.83
15890,891,91,3,60.78
15891,892,92,4,44.43
15892,893,93,1,84.24
15893,894,94,2,69.24
15894,895,95,3,49.7
15895,896,96,4,76.16
15896,897,97,1,83.58
15897,898,98,2,80.29
15898,899,99,3,69.44
15899,900,100,4,23.84
15900,901,101,1,98.32
15901,902,102,2,98.24
15902,903,103,3,19.25
15903,904,104,4,37.45
15904,905,105,1,64.15
15905,906,106,2,99.12
15906,907,107,3,17.97
15907,908,108,4,31.37
15908,909,109,1,41.01
15909,910,110,2,81.42
15910,911,111,3,52.69
15911,912,112,4,82.0
15912,913,113,1,50.6
15913,914,114,2,30.23
15914,915,115,3,49.59
15915,916,116,4,38.91
15916,917,117,1,21.49
15917,918,118,2,15.67
15918,919,119,3,85.45
15919,920,120,4,57.55
15920,921,121,1,39.43
15921,922,122,2,14.32
15922,923,123,3,98.57
15923,924,124,4,33.2
15924,925,125,1,35.9
15925,926,126,2,104.53
15926,927,127,3,27.73
15927,928,128,4,42.85
15928,929,129,1,58.12
15929,930,130,2,63.24
15930,931,131,3,44.62
15931,932,132,4,81.59
15932,933,133,1,53.92
15933,934,134,2,88.22
15934,935,135,3,92.32
15935,936,136,4,22.63
15936,937,137,1,83.38
15937,938,138,2,80.81
15938,939,139,3,84.58
15939,940,140,4,33.54
15940,941,141,1,38.12
15941,942,142,2,73.81
15942,943,143,3,74.19
15943,944,144,4,63.78
15944,945,145,1,61.04
15945,946,146,2,41.85
15946,947,147,3,55.3
15947,948,148,4,64.41
15948,949,149,1,49.71
15949,950,150,2,52.48
15950,951,151,3,93.05
15951,952,152,4,62.62
15952,953,153,1,100.22
15953,954,154,2,87.94
15954,955,155,3,73.25
15955,956,156,4,22.77
15956,957,157,1,39.03
15957,958,158,2,18.08
15958,959,159,3,68.9
15959,960,160,4,20.02
15960,961,161,1,102.33
15961,962,162,2,36.72
15962,963,163,3,45.73
15963,964,164,4,90.22
15964,965,165,1,76.27
15965,966,166,2,75.41
15966,967,167,3,52.42
15967,968,168,4,100.03
15968,969,169,1,46.15
15969,970,170,2,103.72
15970,971,171,3,69.48
15971,972,172,4,57.53
15972,973,173,1,84.31
15973,974,174,2,56.98
15974,975,175,3,81.17
15975,976,176,4,56.68
15976,977,177,1,48.45
15977,978,178,2,76.76
15978,979,179,3,79.63
15979,980,180,4,12.84
15980,981,181,1,27.48
15981,982,182,2,62.42
15982,983,183,3,66.84
15983,984,184,4,34.06
15984,985,185,1,68.72
15985,986,186,2,102.81
15986,987,187,3,63.58
15987,988,188,4,75.43
15988,989,189,1,11.46
15989,990,190,2,76.23
15990,991,191,3,38.53
15991,992,192,4,48.82
15992,993,193,1,27.97
15993,994,194,2,68.26
15994,995,195,3,101.12
15995,996,196,4,10.17
15996,997,197,1,66.88
15997,998,198,2,51.06
15998,999,199,3,54.43
15999,1000,200,4,62.09
16000,1001,1,1,18.76
16001,1002,2,2,72.47
16002,1003,3,3,55.52
16003,1004,4,4,83.19
16004,1005,5,1,42.91
16005,1006,6,2,88.06
16006,1007,7,3,34.21
16007,1008,8,4,100.99
16008,1009,9,1,99.37
16009,1010,10,2,92.79
16010,1011,11,3,72.9
16011,1012,12,4,62.02
16012,1013,13,1,75.8
16013,1014,14,2,60.4
16014,1015,15,3,68.17
16015,1016,16,4,86.01
16016,1017,17,1,84.43
16017,1018,18,2,7.03
16018,1019,19,3,60.01
16019,1020,20,4,69.48
16020,1021,21,1,7.32
16021,1022,22,2,8.02
16022,1023,23,3,79.24
16023,1024,24,4,22.79
16024,1025,25,1,86.7
16025,1026,26,2,71.78
16026,1027,27,3,64.62
16027,1028,28,4,44.51
16028,1029,29,1,36.97
16029,1030,30,2,37.18
16030,1031,31,3,37.34
16031,1032,32,4,39.02
16032,1033,33,1,30.34
16033,1034,34,2,63.27
16034,1035,35,3,80.48
16035,1036,36,4,9.27
16036,1037,37,1,74.93
16037,1038,38,2,49.53
16038,1039,39,3,68.25
16039,1040,40,4,83.45
16040,1041,41,1,104.09
16041,1042,42,2,6.4
16042,1043,43,3,56.13
16043,1044,44,4,5.16
16044,1045,45,1,31.52
16045,1046,46,2,99.01
16046,1047,47,3,56.48
16047,1048,48,4,53.37
16048,1049,49,1,23.34
16049,1050,50,2,20.66
16050,1051,51,3,22.45
16051,1052,52,4,90.78
16052,1053,53,1,94.98
16053,1054,54,2,34.3
16054,1055,55,3,102.6
16055,1056,56,4,74.23
16056,1057,57,1,100.86
16057,1058,58,2,47.35
16058,1059,59,3,75.38
16059,1060,60,4,17.85
16060,1061,61,1,34.74
16061,1062,62,2,56.63
16062,1063,63,3,90.35
16063,1064,64,4,99.99
16064,1065,65,1,39.53
16065,1066,66,2,50.66
16066,1067,67,3,63.63
16067,1068,68,4,20.53
16068,1069,69,1,38.19
16069,1070,70,2,23.0
16070,1071,71,3,26.71
16071,1072,72,4,96.01
16072,1073,73,1,25.57
16073,1074,74,2,99.3
16074,1075,75,3,37.75
16075,1076,76,4,99.45
16076,1077,77,1,51.33
16077,1078,78,2,72.55
16078,1079,79,3,72.98
16079,1080,80,4,54.77
16080,1081,81,1,26.27
16081,1082,82,2,95.32
16082,1083,83,3,83.7
16083,1084,84,4,18.01
16084,1085,85,1,84.92
16085,1086,86,2,81.9
16086,1087,87,3,58.2
16087,1088,88,4,53.21
16088,1089,89,1,9.81
16089,1090,90,2,71.56
16090,1091,91,3,5.91
16091,1092,92,4,75.89
16092,1093,93,1,64.03
16093,1094,94,2,64.93
16094,1095,95,3,30.68
16095,1096,96,4,52.03
16096,1097,97,1,52.74
16097,1098,98,2,67.95
16098,1099,99,3,73.57
16099,1100,100,4,23.23
16100,1101,101,1,56.0
16101,1102,102,2,100.56
16102,1103,103,3,46.29
16103,1104,104,4,99.04
16104,1105,105,1,104.13
16105,1106,106,2,64.63
16106,1107,107,3,53.14
16107,1108,108,4,31.42
16108,1109,109,1,44.43
16109,1110,110,2,93.74
16110,1111,111,3,102.93
16111,1112,112,4,65.42
16112,1113,113,1,54.75
16113,1114,114,2,71.85
16114,1115,115,3,52.46
16115,1116,116,4,84.37
16116,1117,117,1,94.79
16117,1118,118,2,80.0
16118,1119,119,3,50.95
16119,1120,120,4,80.07
16120,1121,121,1,22.03
16121,1122,122,2,81.8
16122,1123,123,3,41.83
16123,1124,124,4,47.32
16124,1125,125,1,70.64
16125,1126,126,2,29.5
16126,1127,127,3,103.96
16127,1128,128,4,10.04
16128,1129,129,1,20.36
16129,1130,130,2,80.72
16130,1131,131,3,43.69
16131,1132,132,4,103.89
16132,1133,133,1,96.72
16133,1134,134,2,42.17
16134,1135,135,3,19.44
16135,1136,136,4,41.24
16136,1137,137,1,58.2
16137,1138,138,2,77.76
16138,1139,139,3,93.95
16139,1140,140,4,53.96
16140,1141,141,1,37.02
16141,1142,142,2,6.05
16142,1143,143,3,101.96
16143,1144,144,4,80.93
16144,1145,145,1,79.61
16145,1146,146,2,71.12
16146,1147,147,3,22.59
16147,1148,148,4,73.86
16148,1149,149,1,70.25
16149,1150,150,2,34.75
16150,1151,151,3,51.13
16151,1152,152,4,43.6
16152,1153,153,1,99.73
16153,1154,154,2,46.52
16154,1155,155,3,72.84
16155,1156,156,4,98.96
16156,1157,157,1,23.34
16157,1158,158,2,42.89
16158,1159,159,3,31.03
16159,1160,160,4,74.77
16160,1161,161,1,83.87
16161,1162,162,2,25.46
16162,1163,163,3,45.49
16163,1164,164,4,98.2
16164,1165,165,1,15.73
16165,1166,166,2,62.31
16166,1167,167,3,22.61
16167,1168,168,4,101.21
16168,1169,169,1,49.14
16169,1170,170,2,44.45
16170,1171,171,3,34.81
16171,1172,172,4,27.3
16172,1173,173,1,91.75
16173,1174,174,2,8.82
16174,1175,175,3,36.84
16175,1176,176,4,67.95
16176,1177,177,1,88.68
16177,1178,178,2,44.32
16178,1179,179,3,104.21
16179,1180,180,4,26.77
16180,1181,181,1,6.65
16181,1182,182,2,70.19
16182,1183,183,3,25.09
16183,1184,184,4,19.51
16184,1185,185,1,97.56
16185,1186,186,2,84.25
16186,1187,187,3,10.38
16187,1188,188,4,72.88
16188,1189,189,1,43.88
16189,1190,190,2,10.65
16190,1191,191,3,56.04
16191,1192,192,4,92.01
16192,1193,193,1,101.51
16193,1194,194,2,85.98
16194,1195,195,3,89.69
16195,1196,196,4,10.55
16196,1197,197,1,35.05
16197,1198,198,2,95.95
16198,1199,199,3,15.81
16199,1200,200,4,25.45
16200,1201,1,1,70.4
16201,1202,2,2,81.51
16202,1203,3,3,94.2
16203,1204,4,4,24.54
16204,1205,5,1,98.22
16205,1206,6,2,77.95
16206,1207,7,3,79.86
16207,1208,8,4,104.36
16208,1209,9,1,68.1
16209,1210,10,2,65.44
16210,1211,11,3,41.49
16211,1212,12,4,21.01
16212,1213,13,1,97.19
16213,1214,14,2,93.68
16214,1215,15,3,81.54
16215,1216,16,4,64.57
16216,1217,17,1,63.07
16217,1218,18,2,59.41
16218,1219,19,3,49.07
16219,1220,20,4,51.88
16220,1221,21,1,11.12
16221,1222,22,2,41.05
16222,1223,23,3,56.68
16223,1224,24,4,63.48
16224,1225,25,1,82.03
16225,1226,26,2,52.42
16226,1227,27,3,103.57
16227,1228,28,4,74.34
16228,1229,29,1,96.99
16229,1230,30,2,43.42
16230,1231,31,3,81.56
16231,1232,32,4,98.04
16232,1233,33,1,37.57
16233,1234,34,2,75.38
16234,1235,35,3,23.31
16235,1236,36,4,87.21
16236,1237,37,1,52.83
16237,1238,38,2,9.96
16238,1239,39,3,17.73
16239,1240,40,4,29.73
16240,1241,41,1,82.59
16241,1242,42,2,87.54
16242,1243,43,3,26.21
16243,1244,44,4,17.87
16244,1245,45,1,55.93
16245,1246,46,2,24.5
16246,1247,47,3,86.54
16247,1248,48,4,47.07
16248,1249,49,1,20.66
16249,1250,50,2,29.97
16250,1251,51,3,80.78
16251,1252,52,4,89.43
16252,1253,53,1,33.71
16253,1254,54,2,40.97
16254,1255,55,3,53.2
16255,1256,56,4,74.32
16256,1257,57,1,79.18
16257,1258,58,2,104.08
16258,1259,59,3,57.63
16259,1260,60,4,22.28
16260,1261,61,1,67.54
16261,1262,62,2,42.44
16262,1263,63,3,77.24
16263,1264,64,4,40.32
16264,1265,65,1,46.37
16265,1266,66,2,13.5
16266,1267,67,3,48.57
16267,1268,68,4,103.77
16268,1269,69,1,41.46
16269,1270,70,2,60.8
16270,1271,71,3,20.65
16271,1272,72,4,27.01
16272,1273,73,1,41.86
16273,1274,74,2,93.29
16274,1275,75,3,74.08
16275,1276,76,4,37.32
16276,1277,77,1,54.02
16277,1278,78,2,7.58
16278,1279,79,3,103.83
16279,1280,80,4,48.72
16280,1281,81,1,5.57
16281,1282,82,2,71.69
16282,1283,83,3,81.78
16283,1284,84,4,59.69
16284,1285,85,1,91.98
16285,1286,86,2,22.73
16286,1287,87,3,97.84
16287,1288,88,4,84.74
16288,1289,89,1,40.68
16289,1290,90,2,19.37
16290,1291,91,3,90.39
16291,1292,92,4,57.72
16292,1293,93,1,54.79
16293,1294,94,2,42.46
16294,1295,95,3,94.38
16295,1296,96,4,40.07
16296,1297,97,1,95.55
16297,1298,98,2,69.89
16298,1299,99,3,35.03
16299,1300,100,4,99.32
16300,1301,101,1,46.05
16301,1302,102,2,71.42
16302,1303,103,3,90.05
16303,1304,104,4,54.88
16304,1305,105,1,46.24
16305,1306,106,2,72.59
16306,1307,107,3,37.1
16307,1308,108,4,50.49
16308,1309,109,1,20.09
16309,1310,110,2,56.99
16310,1311,111,3,15.27
16311,1312,112,4,5.98
16312,1313,113,1,101.49
16313,1314,114,2,104.87
16314,1315,115,3,99.92
16315,1316,116,4,77.6
16316,1317,117,1,9.93
16317,1318,118,2,59.63
16318,1319,119,3,98.46
16319,1320,120,4,53.02
16320,1321,121,1,45.31
16321,1322,122,2,36.05
16322,1323,123,3,98.56
16323,1324,124,4,40.06
16324,1325,125,1,7.56
16325,1326,126,2,72.76
16326,1327,127,3,59.29
16327,1328,128,4,70.05
16328,1329,129,1,37.01
16329,1330,130,2,6.05
16330,1331,131,3,5.15
16331,1332,132,4,95.45
16332,1333,133,1,60.61
16333,1334,134,2,73.04
16334,1335,135,3,47.05
16335,1336,136,4,64.45
16336,1337,137,1,85.37
16337,1338,138,2,31.0
16338,1339,139,3,54.95
16339,1340,140,4,12.94
16340,1341,141,1,26.21
16341,1342,142,2,58.14
16342,1343,143,3,82.19
16343,1344,144,4,59.81
16344,1345,145,1,47.68
16345,1346,146,2,24.39
16346,1347,147,3,43.41
16347,1348,148,4,68.4
16348,1349,149,1,43.87
16349,1350,150,2,38.05
16350,1351,151,3,98.6
16351,1352,152,4,28.4
16352,1353,153,1,86.72
16353,1354,154,2,49.27
16354,1355,155,3,79.38
16355,1356,156,4,45.84
16356,1357,157,1,27.89
16357,1358,158,2,100.27
16358,1359,159,3,62.72
16359,1360,160,4,91.06
16360,1361,161,1,20.62
16361,1362,162,2,91.53
16362,1363,163,3,74.24
16363,1364,164,4,96.99
16364,1365,165,1,22.03
16365,1366,166,2,16.44
16366,1367,167,3,97.49
16367,1368,168,4,39.49
16368,1369,169,1,23.13
16369,1370,170,2,53.49
16370,1371,171,3,25.67
16371,1372,172,4,93.61
16372,1373,173,1,54.87
16373,1374,174,2,33.83
16374,1375,175,3,36.32
16375,1376,176,4,37.31
16376,1377,177,1,21.46
16377,1378,178,2,65.03
16378,1379,179,3,5.87
16379,1380,180,4,95.83
16380,1381,181,1,5.39
16381,1382,182,2,52.32
16382,1383,183,3,80.15
16383,1384,184,4,7.64
16384,1385,185,1,52.82
16385,1386,186,2,95.91
16386,1387,187,3,61.37
16387,1388,188,4,21.38
16388,1389,189,1,12.6
16389,1390,190,2,40.54
16390,1391,191,3,63.75
16391,1392,192,4,50.09
16392,1393,193,1,102.65
16393,1394,194,2,45.97
16394,1395,195,3,6.61
16395,1396,196,4,58.26
16396,1397,197,1,79.15
16397,1398,198,2,36.71
16398,1399,199,3,16.49
16399,1400,200,4,60.66
16400,1401,1,1,48.91
16401,1402,2,2,34.8
16402,1403,3,3,102.7
16403,1404,4,4,28.18
16404,1405,5,1,48.58
16405,1406,6,2,25.5
16406,1407,7,3,49.12
16407,1408,8,4,57.87
16408,1409,9,1,40.01
16409,1410,10,2,50.04
16410,1411,11,3,34.94
16411,1412,12,4,79.75
16412,1413,13,1,73.3
16413,1414,14,2,39.64
16414,1415,15,3,70.46
16415,1416,16,4,41.22
16416,1417,17,1,16.65
16417,1418,18,2,16.32
16418,1419,19,3,68.17
16419,1420,20,4,58.52
16420,1421,21,1,100.92
16421,1422,22,2,31.39
16422,1423,23,3,84.26
16423,1424,24,4,65.09
16424,1425,25,1,44.03
16425,1426,26,2,96.88
16426,1427,27,3,29.32
16427,1428,28,4,61.45
16428,1429,29,1,23.11
16429,1430,30,2,52.89
16430,1431,31,3,52.75
16431,1432,32,4,53.34
16432,1433,33,1,28.7
16433,1434,34,2,69.02
16434,1435,35,3,12.94
16435,1436,36,4,27.23
16436,1437,37,1,32.42
16437,1438,38,2,50.51
16438,1439,39,3,41.92
16439,1440,40,4,95.25
16440,1441,41,1,12.27
16441,1442,42,2,90.72
16442,1443,43,3,67.08
16443,1444,44,4,97.78
16444,1445,45,1,80.6
16445,1446,46,2,88.26
16446,1447,47,3,51.91
16447,1448,48,4,42.33
16448,1449,49,1,64.26
16449,1450,50,2,71.88
16450,1451,51,3,89.83
16451,1452,52,4,27.09
16452,1453,53,1,78.05
16453,1454,54,2,86.4
16454,1455,55,3,9.05
16455,1456,56,4,82.9
16456,1457,57,1,96.81
16457,1458,58,2,37.37
16458,1459,59,3,6.23
16459,1460,60,4,33.67
16460,1461,61,1,78.94
16461,1462,62,2,48.82
16462,1463,63,3,42.98
16463,1464,64,4,60.05
16464,1465,65,1,33.44
16465,1466,66,2,37.25
16466,1467,67,3,61.73
16467,1468,68,4,62.17
16468,1469,69,1,32.72
16469,1470,70,2,97.56
16470,1471,71,3,34.04
16471,1472,72,4,17.57
16472,1473,73,1,70.77
16473,1474,74,2,91.97
16474,1475,75,3,15.31
16475,1476,76,4,18.47
16476,1477,77,1,66.01
16477,1478,78,2,29.7
16478,1479,79,3,93.33
16479,1480,80,4,10.53
16480,1481,81,1,102.9
16481,1482,82,2,45.64
16482,1483,83,3,28.67
16483,1484,84,4,42.19
16484,1485,85,1,84.14
16485,1486,86,2,92.68
16486,1487,87,3,41.84
16487,1488,88,4,99.49
16488,1489,89,1,36.38
16489,1490,90,2,95.68
16490,1491,91,3,63.53
16491,1492,92,4,59.17
16492,1493,93,1,62.03
16493,1494,94,2,104.75
16494,1495,95,3,20.64
16495,1496,96,4,23.59
16496,1497,97,1,75.39
16497,1498,98,2,64.44
16498,1499,99,3,96.62
16499,1500,100,4,57.53
16500,1501,101,1,61.01
16501,1502,102,2,81.39
16502,1503,103,3,37.52
16503,1504,104,4,52.07
16504,1505,105,1,70.16
16505,1506,106,2,60.2
16506,1507,107,3,82.83
16507,1508,108,4,83.68
16508,1509,109,1,103.42
16509,1510,110,2,51.51
16510,1511,111,3,98.94
16511,1512,112,4,29.76
16512,1513,113,1,63.8
16513,1514,114,2,51.89
16514,1515,115,3,26.95
16515,1516,116,4,69.12
16516,1517,117,1,56.55
16517,1518,118,2,29.73
16518,1519,119,3,48.73
16519,1520,120,4,43.48
16520,1521,121,1,7.72
16521,1522,122,2,54.95
16522,1523,123,3,61.94
16523,1524,124,4,54.86
16524,1525,125,1,86.04
16525,1526,126,2,97.99
16526,1527,127,3,102.61
16527,1528,128,4,84.1
16528,1529,129,1,80.41
16529,1530,130,2,73.61
16530,1531,131,3,34.23
16531,1532,132,4,104.6
16532,1533,133,1,71.18
16533,1534,134,2,49.37
16534,1535,135,3,19.05
16535,1536,136,4,44.97
16536,1537,137,1,99.52
16537,1538,138,2,94.47
16538,1539,139,3,77.93
16539,1540,140,4,102.08
16540,1541,141,1,79.04
16541,1542,142,2,73.63
16542,1543,143,3,6.72
16543,1544,144,4,49.14
16544,1545,145,1,28.13
16545,1546,146,2,23.2
16546,1547,147,3,99.96
16547,1548,148,4,45.48
16548,1549,149,1,19.77
16549,1550,150,2,56.68
16550,1551,151,3,39.56
16551,1552,152,4,43.58
16552,1553,153,1,6.57
16553,1554,154,2,67.12
16554,1555,155,3,72.07
16555,1556,156,4,78.78
16556,1557,157,1,47.54
16557,1558,158,2,17.11
16558,1559,159,3,50.88
16559,1560,160,4,36.95
16560,1561,161,1,63.41
16561,1562,162,2,89.02
16562,1563,163,3,100.72
16563,1564,164,4,99.56
16564,1565,165,1,49.23
16565,1566,166,2,32.8
16566,1567,167,3,68.75
16567,1568,168,4,60.36
16568,1569,169,1,76.67
16569,1570,170,2,64.03
16570,1571,171,3,89.63
16571,1572,172,4,60.31
16572,1573,173,1,72.06
16573,1574,174,2,103.22
16574,1575,175,3,72.13
16575,1576,176,4,35.42
16576,1577,177,1,54.48
16577,1578,178,2,76.18
16578,1579,179,3,81.48
16579,1580,180,4,74.07
16580,1581,181,1,85.64
16581,1582,182,2,41.46
16582,1583,183,3,79.17
16583,1584,184,4,38.87
16584,1585,185,1,67.67
16585,1586,186,2,19.19
16586,1587,187,3,57.16
16587,1588,188,4,92.04
16588,1589,189,1,99.56
16589,1590,190,2,8.32
16590,1591,191,3,50.34
16591,1592,192,4,74.82
16592,1593,193,1,7.4
16593,1594,194,2,13.21
16594,1595,195,3,23.99
16595,1596,196,4,9.54
16596,1597,197,1,65.6
16597,1598,198,2,49.84
16598,1599,199,3,11.48
16599,1600,200,4,17.85
16600,1601,1,1,15.68
16601,1602,2,2,43.81
16602,1603,3,3,29.23
16603,1604,4,4,49.99
16604,1605,5,1,7.81
16605,1606,6,2,98.12
16606,1607,7,3,53.35
16607,1608,8,4,99.43
16608,1609,9,1,98.69
16609,1610,10,2,27.44
16610,1611,11,3,61.92
16611,1612,12,4,86.42
16612,1613,13,1,82.09
16613,1614,14,2,16.16
16614,1615,15,3,102.85
16615,1616,16,4,77.5
16616,1617,17,1,22.06
16617,1618,18,2,13.45
16618,1619,19,3,52.31
16619,1620,20,4,52.94
16620,1621,21,1,5.25
16621,1622,22,2,93.64
16622,1623,23,3,73.85
16623,1624,24,4,61.64
16624,1625,25,1,87.89
16625,1626,26,2,57.92
16626,1627,27,3,58.07
16627,1628,28,4,8.33
16628,1629,29,1,60.93
16629,1630,30,2,73.35
16630,1631,31,3,55.19
16631,1632,32,4,102.78
16632,1633,33,1,47.51
16633,1634,34,2,98.34
16634,1635,35,3,56.59
16635,1636,36,4,17.36
16636,1637,37,1,49.3
16637,1638,38,2,24.9
16638,1639,39,3,44.47
16639,1640,40,4,38.6
16640,1641,41,1,46.38
16641,1642,42,2,98.43
16642,1643,43,3,52.48
16643,1644,44,4,42.14
16644,1645,45,1,98.4
16645,1646,46,2,61.41
16646,1647,47,3,49.89
16647,1648,48,4,29.35
16648,1649,49,1,96.4
16649,1650,50,2,84.08
16650,1651,51,3,34.06
16651,1652,52,4,86.09
16652,1653,53,1,36.85
16653,1654,54,2,79.51
16654,1655,55,3,68.88
16655,1656,56,4,93.83
16656,1657,57,1,53.14
16657,1658,58,2,70.89
16658,1659,59,3,40.38
16659,1660,60,4,6.19
16660,1661,61,1,8.91
16661,1662,62,2,37.82
16662,1663,63,3,87.51
16663,1664,64,4,79.88
16664,1665,65,1,70.1
16665,1666,66,2,78.74
16666,1667,67,3,59.81
16667,1668,68,4,7.58
16668,1669,69,1,59.06
16669,1670,70,2,37.02
16670,1671,71,3,37.53
16671,1672,72,4,49.76
16672,1673,73,1,26.12
16673,1674,74,2,53.44
16674,1675,75,3,34.2
16675,1676,76,4,40.98
16676,1677,77,1,52.26
16677,1678,78,2,19.9
16678,1679,79,3,57.64
16679,1680,80,4,20.29
16680,1681,81,1,99.12
16681,1682,82,2,6.64
16682,1683,83,3,33.63
16683,1684,84,4,41.98
16684,1685,85,1,83.92
16685,1686,86,2,78.51
16686,1687,87,3,98.63
16687,1688,88,4,35.3
16688,1689,89,1,29.47
16689,1690,90,2,45.61
16690,1691,91,3,6.38
16691,1692,92,4,72.11
16692,1693,93,1,47.81
16693,1694,94,2,73.05
16694,1695,95,3,16.46
16695,1696,96,4,39.33
16696,1697,97,1,41.67
16697,1698,98,2,43.24
16698,1699,99,3,48.67
16699,1700,100,4,28.1
16700,1701,101,1,33.45
16701,1702,102,2,75.46
16702,1703,103,3,49.05
16703,1704,104,4,70.44
16704,1705,105,1,9.5
16705,1706,106,2,9.14
16706,1707,107,3,87.93
16707,1708,108,4,38.57
16708,1709,109,1,35.09
16709,1710,110,2,99.9
16710,1711,111,3,60.37
16711,1712,112,4,18.78
16712,1713,113,1,67.62
16713,1714,114,2,7.31
16714,1715,115,3,92.41
16715,1716,116,4,62.07
16716,1717,117,1,73.18
16717,1718,118,2,97.69
16718,1719,119,3,43.44
16719,1720,120,4,65.7
16720,1721,121,1,35.78
16721,1722,122,2,29.2
16722,1723,123,3,48.71
16723,1724,124,4,39.83
16724,1725,125,1,74.6
16725,1726,126,2,94.56
16726,1727,127,3,87.44
16727,1728,128,4,99.54
16728,1729,129,1,97.03
16729,1730,130,2,27.53
16730,1731,131,3,70.54
16731,1732,132,4,26.12
16732,1733,133,1,26.75
16733,1734,134,2,34.29
16734,1735,135,3,19.01
16735,1736,136,4,21.47
16736,1737,137,1,41.28
16737,1738,138,2,82.12
16738,1739,139,3,96.63
16739,1740,140,4,14.73
16740,1741,141,1,8.84
16741,1742,142,2,77.95
16742,1743,143,3,28.57
16743,1744,144,4,11.46
16744,1745,145,1,81.32
16745,1746,146,2,34.68
16746,1747,147,3,69.28
16747,1748,148,4,23.4
16748,1749,149,1,32.21
16749,1750,150,2,68.61
16750,1751,151,3,83.34
16751,1752,152,4,68.07
16752,1753,153,1,76.02
16753,1754,154,2,45.14
16754,1755,155,3,29.78
16755,1756,156,4,65.75
16756,1757,157,1,82.04
16757,1758,158,2,77.96
16758,1759,159,3,30.98
16759,1760,160,4,26.17
16760,1761,161,1,95.72
16761,1762,162,2,76.01
16762,1763,163,3,6.82
16763,1764,164,4,75.15
16764,1765,165,1,92.3
16765,1766,166,2,77.43
16766,1767,167,3,91.78
16767,1768,168,4,59.37
16768,1769,169,1,78.66
16769,1770,170,2,54.58
16770,1771,171,3,21.57
16771,1772,172,4,36.62
16772,1773,173,1,35.16
16773,1774,174,2,73.74
16774,1775,175,3,42.65
16775,1776,176,4,78.87
16776,1777,177,1,10.09
16777,1778,178,2,62.95
16778,1779,179,3,99.52
16779,1780,180,4,26.08
16780,1781,181,1,54.78
16781,1782,182,2,6.39
16782,1783,183,3,64.0
16783,1784,184,4,101.86
16784,1785,185,1,93.75
16785,1786,186,2,101.96
16786,1787,187,3,100.92
16787,1788,188,4,96.1
16788,1789,189,1,15.26
16789,1790,190,2,94.33
16790,1791,191,3,27.98
16791,1792,192,4,67.67
16792,1793,193,1,34.41
16793,1794,194,2,65.27
16794,1795,195,3,72.94
16795,1796,196,4,59.95
16796,1797,197,1,41.48
16797,1798,198,2,15.11
16798,1799,199,3,30.24
16799,1800,200,4,31.11
16800,1801,1,1,45.89
16801,1802,2,2,104.53
16802,1803,3,3,41.97
16803,1804,4,4,28.16
16804,1805,5,1,20.48
16805,1806,6,2,39.92
16806,1807,7,3,47.17
16807,1808,8,4,17.72
16808,1809,9,1,45.24
16809,1810,10,2,55.06
16810,1811,11,3,44.47
16811,1812,12,4,82.03
16812,1813,13,1,21.18
16813,1814,14,2,80.59
16814,1815,15,3,93.64
16815,1816,16,4,40.47
16816,1817,17,1,54.82
16817,1818,18,2,79.56
16818,1819,19,3,63.44
16819,1820,20,4,35.91
16820,1821,21,1,33.01
16821,1822,22,2,8.71
16822,1823,23,3,10.99
16823,1824,24,4,61.41
16824,1825,25,1,55.56
16825,1826,26,2,83.36
16826,1827,27,3,16.97
16827,1828,28,4,95.37
16828,1829,29,1,70.2
16829,1830,30,2,13.96
16830,1831,31,3,38.69
16831,1832,32,4,54.6
16832,1833,33,1,98.28
16833,1834,34,2,8.68
16834,1835,35,3,32.77
16835,1836,36,4,43.27
16836,1837,37,1,99.37
16837,1838,38,2,13.25
16838,1839,39,3,88.43
16839,1840,40,4,82.0
16840,1841,41,1,49.78
16841,1842,42,2,94.67
16842,1843,43,3,38.3
16843,1844,44,4,89.82
16844,1845,45,1,31.25
16845,1846,46,2,15.48
16846,1847,47,3,23.54
16847,1848,48,4,31.12
16848,1849,49,1,101.85
16849,1850,50,2,73.22
16850,1851,51,3,55.02
16851,1852,52,4,68.29
16852,1853,53,1,64.96
16853,1854,54,2,84.16
16854,1855,55,3,78.85
16855,1856,56,4,33.58
16856,1857,57,1,103.6
16857,1858,58,2,30.7
16858,1859,59,3,70.99
16859,1860,60,4,88.93
16860,1861,61,1,84.82
16861,1862,62,2,16.45
16862,1863,63,3,26.92
16863,1864,64,4,78.03
16864,1865,65,1,51.29
16865,1866,66,2,9.45
16866,1867,67,3,64.49
16867,1868,68,4,53.51
16868,1869,69,1,47.86
16869,1870,70,2,7.09
16870,1871,71,3,23.94
16871,1872,72,4,59.76
16872,1873,73,1,24.23
16873,1874,74,2,29.65
16874,1875,75,3,44.22
16875,1876,76,4,37.53
16876,1877,77,1,21.48
16877,1878,78,2,94.9
16878,1879,79,3,86.68
16879,1880,80,4,72.01
16880,1881,81,1,5.24
16881,1882,82,2,85.16
16882,1883,83,3,33.13
16883,1884,84,4,72.59
16884,1885,85,1,36.1
16885,1886,86,2,31.15
16886,1887,87,3,81.29
16887,1888,88,4,32.03
16888,1889,89,1,84.68
16889,1890,90,2,48.53
16890,1891,91,3,17.4
16891,1892,92,4,40.23
16892,1893,93,1,33.24
16893,1894,94,2,37.56
16894,1895,95,3,39.15
16895,1896,96,4,13.63
16896,1897,97,1,24.75
16897,1898,98,2,86.73
16898,1899,99,3,48.02
16899,1900,100,4,20.24
16900,1901,101,1,13.83
16901,1902,102,2,58.34
16902,1903,103,3,98.89
16903,1904,104,4,91.31
16904,1905,105,1,41.01
16905,1906,106,2,12.24
16906,1907,107,3,5.89
16907,1908,108,4,71.7
16908,1909,109,1,32.32
16909,1910,110,2,18.25
16910,1911,111,3,101.77
16911,1912,112,4,41.2
16912,1913,113,1,19.14
16913,1914,114,2,53.12
16914,1915,115,3,5.66
16915,1916,116,4,45.2
16916,1917,117,1,59.12
16917,1918,118,2,68.86
16918,1919,119,3,56.06
16919,1920,120,4,32.39
16920,1921,121,1,92.68
16921,1922,122,2,97.27
16922,1923,123,3,74.71
16923,1924,124,4,48.86
16924,1925,125,1,52.08
16925,1926,126,2,20.13
16926,1927,127,3,23.81
16927,1928,128,4,35.69
16928,1929,129,1,74.23
16929,1930,130,2,23.43
16930,1931,131,3,66.83
16931,1932,132,4,53.87
16932,1933,133,1,98.63
16933,1934,134,2,78.33
16934,1935,135,3,29.82
16935,1936,136,4,45.67
16936,1937,137,1,20.84
16937,1938,138,2,29.75
16938,1939,139,3,20.47
16939,1940,140,4,45.94
16940,1941,141,1,49.88
16941,1942,142,2,96.59
16942,1943,143,3,47.95
16943,1944,144,4,34.14
16944,1945,145,1,93.21
16945,1946,146,2,38.57
16946,1947,147,3,55.66
16947,1948,148,4,55.87
16948,1949,149,1,17.36
16949,1950,150,2,68.46
16950,1951,151,3,34.29
16951,1952,152,4,43.48
16952,1953,153,1,101.95
16953,1954,154,2,69.02
16954,1955,155,3,50.78
16955,1956,156,4,34.42
16956,1957,157,1,73.6
16957,1958,158,2,102.56
16958,1959,159,3,33.95
16959,1960,160,4,65.71
16960,1961,161,1,24.39
16961,1962,162,2,12.29
16962,1963,163,3,46.71
16963,1964,164,4,39.66
16964,1965,165,1,93.48
16965,1966,166,2,20.7
16966,1967,167,3,91.63
16967,1968,168,4,77.77
16968,1969,169,1,93.45
16969,1970,170,2,45.89
16970,1971,171,3,31.06
16971,1972,172,4,86.5
16972,1973,173,1,101.39
16973,1974,174,2,5.46
16974,1975,175,3,73.67
16975,1976,176,4,27.99
16976,1977,177,1,69.91
16977,1978,178,2,94.76
16978,1979,179,3,69.62
16979,1980,180,4,25.92
16980,1981,181,1,23.67
16981,1982,182,2,24.14
16982,1983,183,3,44.68
16983,1984,184,4,95.19
16984,1985,185,1,76.12
16985,1986,186,2,25.64
16986,1987,187,3,15.73
16987,1988,188,4,50.02
16988,1989,189,1,6.48
16989,1990,190,2,29.33
16990,1991,191,3,9.12
16991,1992,192,4,25.74
16992,1993,193,1,73.06
16993,1994,194,2,27.16
16994,1995,195,3,24.97
16995,1996,196,4,70.42
16996,1997,197,1,84.55
16997,1998,198,2,71.47
16998,1999,199,3,93.7
16999,2000,200,4,14.58
17000,2001,1,1,6.57
17001,2002,2,2,44.8
17002,2003,3,3,32.95
17003,2004,4,4,86.78
17004,2005,5,1,20.75
17005,2006,6,2,47.34
17006,2007,7,3,58.77
17007,2008,8,4,91.87
17008,2009,9,1,92.13
17009,2010,10,2,27.21
17010,2011,11,3,57.85
17011,2012,12,4,74.31
17012,2013,13,1,96.44
17013,2014,14,2,69.45
17014,2015,15,3,41.54
17015,2016,16,4,24.39
17016,2017,17,1,16.03
17017,2018,18,2,32.6
17018,2019,19,3,93.53
17019,2020,20,4,94.41
17020,2021,21,1,61.34
17021,2022,22,2,59.42
17022,2023,23,3,14.42
17023,2024,24,4,53.47
17024,2025,25,1,31.01
17025,2026,26,2,13.66
17026,2027,27,3,36.75
17027,2028,28,4,85.35
17028,2029,29,1,7.15
17029,2030,30,2,42.76
17030,2031,31,3,47.63
17031,2032,32,4,55.01
17032,2033,33,1,89.6
17033,2034,34,2,28.57
17034,2035,35,3,43.01
17035,2036,36,4,10.96
17036,2037,37,1,44.72
17037,2038,38,2,100.06
17038,2039,39,3,46.04
17039,2040,40,4,103.89
17040,2041,41,1,22.46
17041,2042,42,2,19.36
17042,2043,43,3,91.28
17043,2044,44,4,54.45
17044,2045,45,1,68.91
17045,2046,46,2,18.18
17046,2047,47,3,98.31
17047,2048,48,4,100.92
17048,2049,49,1,15.48
17049,2050,50,2,83.18
17050,2051,51,3,104.31
17051,2052,52,4,19.64
17052,2053,53,1,100.83
17053,2054,54,2,47.63
17054,2055,55,3,69.12
17055,2056,56,4,99.28
17056,2057,57,1,82.63
17057,2058,58,2,38.74
17058,2059,59,3,100.55
17059,2060,60,4,17.54
17060,2061,61,1,11.03
17061,2062,62,2,33.91
17062,2063,63,3,12.74
17063,2064,64,4,91.64
17064,2065,65,1,89.44
17065,2066,66,2,94.0
17066,2067,67,3,54.64
17067,2068,68,4,70.16
17068,2069,69,1,44.47
17069,2070,70,2,75.91
17070,2071,71,3,93.43
17071,2072,72,4,11.43
17072,2073,73,1,61.43
17073,2074,74,2,66.18
17074,2075,75,3,69.26
17075,2076,76,4,23.39
17076,2077,77,1,100.6
17077,2078,78,2,58.1
17078,2079,79,3,46.84
17079,2080,80,4,42.42
17080,2081,81,1,103.06
17081,2082,82,2,26.44
17082,2083,83,3,60.23
17083,2084,84,4,81.28
17084,2085,85,1,60.72
17085,2086,86,2,85.95
17086,2087,87,3,98.29
17087,2088,88,4,16.37
17088,2089,89,1,9.2
17089,2090,90,2,100.38
17090,2091,91,3,52.1
17091,2092,92,4,24.6
17092,2093,93,1,57.55
17093,2094,94,2,102.37
17094,2095,95,3,13.28
17095,2096,96,4,33.06
17096,2097,97,1,24.77
17097,2098,98,2,6.79
17098,2099,99,3,66.91
17099,2100,100,4,65.28
17100,2101,101,1,100.41
17101,2102,102,2,7.62
17102,2103,103,3,10.2
17103,2104,104,4,89.55
17104,2105,105,1,78.89
17105,2106,106,2,44.12
17106,2107,107,3,44.78
17107,2108,108,4,8.96
17108,2109,109,1,5.73
17109,2110,110,2,22.73
17110,2111,111,3,70.2
17111,2112,112,4,33.45
17112,2113,113,1,33.54
17113,2114,114,2,87.53
17114,2115,115,3,94.28
17115,2116,116,4,49.89
17116,2117,117,1,57.34
17117,2118,118,2,58.43
17118,2119,119,3,57.96
17119,2120,120,4,22.18
17120,2121,121,1,28.1
17121,2122,122,2,51.18
17122,2123,123,3,58.29
17123,2124,124,4,93.98
17124,2125,125,1,98.93
17125,2126,126,2,20.27
17126,2127,127,3,83.47
17127,2128,128,4,25.72
17128,2129,129,1,18.52
17129,2130,130,2,50.35
17130,2131,131,3,72.9
17131,2132,132,4,101.41
17132,2133,133,1,37.8
17133,2134,134,2,8.72
17134,2135,135,3,34.67
17135,2136,136,4,72.08
17136,2137,137,1,72.6
17137,2138,138,2,60.07
17138,2139,139,3,100.07
17139,2140,140,4,94.29
17140,2141,141,1,53.93
17141,2142,142,2,93.33
17142,2143,143,3,34.16
17143,2144,144,4,69.09
17144,2145,145,1,55.59
17145,2146,146,2,45.18
17146,2147,147,3,36.13
17147,2148,148,4,65.02
17148,2149,149,1,50.45
17149,2150,150,2,10.21
17150,2151,151,3,52.56
17151,2152,152,4,67.92
17152,2153,153,1,88.02
17153,2154,154,2,22.37
17154,2155,155,3,103.23
17155,2156,156,4,80.35
17156,2157,157,1,26.67
17157,2158,158,2,46.11
17158,2159,159,3,64.87
17159,2160,160,4,57.32
17160,2161,161,1,52.8
17161,2162,162,2,40.04
17162,2163,163,3,102.81
17163,2164,164,4,69.96
17164,2165,165,1,69.83
17165,2166,166,2,33.01
17166,2167,167,3,96.81
17167,2168,168,4,59.42
17168,2169,169,1,58.97
17169,2170,170,2,41.09
17170,2171,171,3,6.36
17171,2172,172,4,79.17
17172,2173,173,1,79.77
17173,2174,174,2,101.93
17174,2175,175,3,66.71
17175,2176,176,4,10.42
17176,2177,177,1,23.83
17177,2178,178,2,49.38
17178,2179,179,3,19.48
17179,2180,180,4,68.01
17180,2181,181,1,12.78
17181,2182,182,2,27.7
17182,2183,183,3,41.26
17183,2184,184,4,63.76
17184,2185,185,1,55.03
17185,2186,186,2,33.28
17186,2187,187,3,25.95
17187,2188,188,4,16.0
17188,2189,189,1,80.74
17189,2190,190,2,72.33
17190,2191,191,3,63.07
17191,2192,192,4,31.46
17192,2193,193,1,16.55
17193,2194,194,2,13.34
17194,2195,195,3,45.57
17195,2196,196,4,14.06
17196,2197,197,1,66.81
17197,2198,198,2,24.99
17198,2199,199,3,97.13
17199,2200,200,4,25.88
17200,2201,1,1,23.56
17201,2202,2,2,89.92
17202,2203,3,3,48.48
17203,2204,4,4,103.62
17204,2205,5,1,85.95
17205,2206,6,2,43.32
17206,2207,7,3,73.66
17207,2208,8,4,25.71
17208,2209,9,1,103.97
17209,2210,10,2,79.32
17210,2211,11,3,18.05
17211,2212,12,4,43.63
17212,2213,13,1,88.79
17213,2214,14,2,27.67
17214,2215,15,3,16.7
17215,2216,16,4,14.45
17216,2217,17,1,10.25
17217,2218,18,2,59.97
17218,2219,19,3,20.62
17219,2220,20,4,15.54
17220,2221,21,1,11.38
17221,2222,22,2,13.57
17222,2223,23,3,49.89
17223,2224,24,4,65.21
17224,2225,25,1,63.21
17225,2226,26,2,36.64
17226,2227,27,3,97.12
17227,2228,28,4,30.0
17228,2229,29,1,38.44
17229,2230,30,2,16.01
17230,2231,31,3,71.59
17231,2232,32,4,62.27
17232,2233,33,1,7.88
17233,2234,34,2,12.36
17234,2235,35,3,94.6
17235,2236,36,4,6.16
17236,2237,37,1,89.15
17237,2238,38,2,80.71
17238,2239,39,3,38.27
17239,2240,40,4,82.14
17240,2241,41,1,84.79
17241,2242,42,2,28.28
17242,2243,43,3,40.81
17243,2244,44,4,85.26
17244,2245,45,1,104.77
17245,2246,46,2,41.48
17246,2247,47,3,41.91
17247,2248,48,4,52.18
17248,2249,49,1,48.22
17249,2250,50,2,41.15
17250,2251,51,3,31.37
17251,2252,52,4,28.98
17252,2253,53,1,99.52
17253,2254,54,2,20.01
17254,2255,55,3,23.57
17255,2256,56,4,97.85
17256,2257,57,1,57.73
17257,2258,58,2,80.71
17258,2259,59,3,52.89
17259,2260,60,4,14.78
17260,2261,61,1,44.69
17261,2262,62,2,37.65
17262,2263,63,3,47.34
17263,2264,64,4,21.85
17264,2265,65,1,63.11
17265,2266,66,2,101.69
17266,2267,67,3,41.63
17267,2268,68,4,49.58
17268,2269,69,1,49.38
17269,2270,70,2,13.12
17270,2271,71,3,35.1
17271,2272,72,4,9.38
17272,2273,73,1,52.08
17273,2274,74,2,54.84
17274,2275,75,3,24.16
17275,2276,76,4,17.85
17276,2277,77,1,54.6
17277,2278,78,2,73.23
17278,2279,79,3,98.0
17279,2280,80,4,89.7
17280,2281,81,1,54.32
17281,2282,82,2,84.24
17282,2283,83,3,81.84
17283,2284,84,4,21.32
17284,2285,85,1,103.5
17285,2286,86,2,36.59
17286,2287,87,3,51.46
17287,2288,88,4,96.27
17288,2289,89,1,67.44
17289,2290,90,2,96.01
17290,2291,91,3,97.45
17291,2292,92,4,64.48
17292,2293,93,1,76.42
17293,2294,94,2,45.1
17294,2295,95,3,77.87
17295,2296,96,4,91.19
17296,2297,97,1,14.86
17297,2298,98,2,102.08
17298,2299,99,3,36.72
17299,2300,100,4,100.71
17300,2301,101,1,14.36
17301,2302,102,2,30.81
17302,2303,103,3,77.33
17303,2304,104,4,16.6
17304,2305,105,1,34.28
17305,2306,106,2,85.6
17306,2307,107,3,36.18
17307,2308,108,4,41.43
17308,2309,109,1,35.54
17309,2310,110,2,46.65
17310,2311,111,3,26.68
17311,2312,112,4,96.53
17312,2313,113,1,98.52
17313,2314,114,2,49.37
17314,2315,115,3,97.31
17315,2316,116,4,52.0
17316,2317,117,1,89.16
17317,2318,118,2,76.4
17318,2319,119,3,14.24
17319,2320,120,4,94.14
17320,2321,121,1,5.05
17321,2322,122,2,45.99
17322,2323,123,3,64.71
17323,2324,124,4,36.03
17324,2325,125,1,99.39
17325,2326,126,2,70.47
17326,2327,127,3,59.27
17327,2328,128,4,52.56
17328,2329,129,1,86.44
17329,2330,130,2,24.21
17330,2331,131,3,5.74
17331,2332,132,4,17.22
17332,2333,133,1,103.05
17333,2334,134,2,14.08
17334,2335,135,3,54.29
17335,2336,136,4,93.29
17336,2337,137,1,13.93
17337,2338,138,2,7.89
17338,2339,139,3,15.43
17339,2340,140,4,70.03
17340,2341,141,1,8.68
17341,2342,142,2,15.35
17342,2343,143,3,17.57
17343,2344,144,4,26.32
17344,2345,145,1,27.17
17345,2346,146,2,14.05
17346,2347,147,3,100.24
17347,2348,148,4,68.15
17348,2349,149,1,70.0
17349,2350,150,2,50.51
17350,2351,151,3,7.96
17351,2352,152,4,29.44
17352,2353,153,1,36.79
17353,2354,154,2,63.71
17354,2355,155,3,40.77
17355,2356,156,4,88.86
17356,2357,157,1,30.95
17357,2358,158,2,8.07
17358,2359,159,3,61.97
17359,2360,160,4,71.57
17360,2361,161,1,90.21
17361,2362,162,2,97.99
17362,2363,163,3,96.09
17363,2364,164,4,34.08
17364,2365,165,1,17.99
17365,2366,166,2,44.88
17366,2367,167,3,10.73
17367,2368,168,4,94.43
17368,2369,169,1,48.77
17369,2370,170,2,86.99
17370,2371,171,3,19.86
17371,2372,172,4,34.09
17372,2373,173,1,17.3
17373,2374,174,2,92.01
17374,2375,175,3,25.58
17375,2376,176,4,81.23
17376,2377,177,1,22.25
17377,2378,178,2,101.04
17378,2379,179,3,75.74
17379,2380,180,4,89.24
17380,2381,181,1,88.62
17381,2382,182,2,30.35
17382,2383,183,3,104.86
17383,2384,184,4,36.71
17384,2385,185,1,34.16
17385,2386,186,2,44.58
17386,2387,187,3,48.65
17387,2388,188,4,32.48
17388,2389,189,1,80.29
17389,2390,190,2,19.59
17390,2391,191,3,27.88
17391,2392,192,4,89.3
17392,2393,193,1,69.42
17393,2394,194,2,94.46
17394,2395,195,3,93.23
17395,2396,196,4,17.63
17396,2397,197,1,12.33
17397,2398,198,2,12.92
17398,2399,199,3,97.06
17399,2400,200,4,31.17
17400,2401,1,1,10.48
17401,2402,2,2,56.85
17402,2403,3,3,99.93
17403,2404,4,4,64.76
17404,2405,5,1,39.77
17405,2406,6,2,67.79
17406,2407,7,3,38.79
17407,2408,8,4,19.88
17408,2409,9,1,32.91
17409,2410,10,2,73.94
17410,2411,11,3,44.09
17411,2412,12,4,19.69
17412,2413,13,1,89.55
17413,2414,14,2,54.52
17414,2415,15,3,47.47
17415,2416,16,4,37.48
17416,2417,17,1,81.12
17417,2418,18,2,28.36
17418,2419,19,3,99.66
17419,2420,20,4,80.21
17420,2421,21,1,32.03
17421,2422,22,2,84.25
17422,2423,23,3,5.95
17423,2424,24,4,8.37
17424,2425,25,1,37.36
17425,2426,26,2,87.15
17426,2427,27,3,15.34
17427,2428,28,4,74.1
17428,2429,29,1,26.32
17429,2430,30,2,103.04
17430,2431,31,3,97.84
17431,2432,32,4,15.42
17432,2433,33,1,27.38
17433,2434,34,2,72.43
17434,2435,35,3,69.08
17435,2436,36,4,79.28
17436,2437,37,1,83.98
17437,2438,38,2,68.27
17438,2439,39,3,80.69
17439,2440,40,4,6.19
17440,2441,41,1,54.64
17441,2442,42,2,64.86
17442,2443,43,3,73.39
17443,2444,44,4,68.9
17444,2445,45,1,58.55
17445,2446,46,2,62.66
17446,2447,47,3,73.45
17447,2448,48,4,37.12
17448,2449,49,1,79.77
17449,2450,50,2,10.35
17450,2451,51,3,60.74
17451,2452,52,4,81.6
17452,2453,53,1,27.74
17453,2454,54,2,6.37
17454,2455,55,3,15.65
17455,2456,56,4,72.37
17456,2457,57,1,68.4
17457,2458,58,2,101.69
17458,2459,59,3,68.87
17459,2460,60,4,53.85
17460,2461,61,1,88.78
17461,2462,62,2,29.04
17462,2463,63,3,31.75
17463,2464,64,4,27.29
17464,2465,65,1,103.57
17465,2466,66,2,87.98
17466,2467,67,3,90.66
17467,2468,68,4,51.88
17468,2469,69,1,48.2
17469,2470,70,2,65.3
17470,2471,71,3,8.44
17471,2472,72,4,71.49
17472,2473,73,1,55.2
17473,2474,74,2,41.03
17474,2475,75,3,88.61
17475,2476,76,4,41.28
17476,2477,77,1,29.14
17477,2478,78,2,71.58
17478,2479,79,3,89.17
17479,2480,80,4,53.37
17480,2481,81,1,91.26
17481,2482,82,2,9.88
17482,2483,83,3,103.35
17483,2484,84,4,84.52
17484,2485,85,1,26.43
17485,2486,86,2,6.85
17486,2487,87,3,96.19
17487,2488,88,4,16.56
17488,2489,89,1,37.75
17489,2490,90,2,44.78
17490,2491,91,3,62.23
17491,2492,92,4,49.77
17492,2493,93,1,69.43
17493,2494,94,2,78.78
17494,2495,95,3,40.85
17495,2496,96,4,61.47
17496,2497,97,1,37.76
17497,2498,98,2,83.78
17498,2499,99,3,98.81
17499,2500,100,4,8.25
17500,2501,101,1,40.01
17501,2502,102,2,97.17
17502,2503,103,3,20.32
17503,2504,104,4,11.74
17504,2505,105,1,31.69
17505,2506,106,2,77.99
17506,2507,107,3,44.06
17507,2508,108,4,55.53
17508,2509,109,1,44.67
17509,2510,110,2,25.55
17510,2511,111,3,92.88
17511,2512,112,4,65.56
17512,2513,113,1,94.17
17513,2514,114,2,33.8
17514,2515,115,3,47.6
17515,2516,116,4,68.54
17516,2517,117,1,14.04
17517,2518,118,2,39.63
17518,2519,119,3,31.94
17519,2520,120,4,86.25
17520,2521,121,1,77.11
17521,2522,122,2,97.23
17522,2523,123,3,68.63
17523,2524,124,4,98.03
17524,2525,125,1,43.12
17525,2526,126,2,78.97
17526,2527,127,3,56.28
17527,2528,128,4,94.19
17528,2529,129,1,66.14
17529,2530,130,2,56.05
17530,2531,131,3,58.27
17531,2532,132,4,78.57
17532,2533,133,1,70.61
17533,2534,134,2,44.38
17534,2535,135,3,84.91
17535,2536,136,4,13.9
17536,2537,137,1,17.27
17537,2538,138,2,101.0
17538,2539,139,3,87.17
17539,2540,140,4,51.03
17540,2541,141,1,63.26
17541,2542,142,2,65.27
17542,2543,143,3,92.82
17543,2544,144,4,19.85
17544,2545,145,1,87.6
17545,2546,146,2,21.02
17546,2547,147,3,29.14
17547,2548,148,4,13.13
17548,2549,149,1,37.93
17549,2550,150,2,53.6
17550,2551,151,3,18.7
17551,2552,152,4,5.23
17552,2553,153,1,74.01
17553,2554,154,2,88.32
17554,2555,155,3,56.91
17555,2556,156,4,39.4
17556,2557,157,1,80.67
17557,2558,158,2,47.89
17558,2559,159,3,47.46
17559,2560,160,4,73.91
17560,2561,161,1,74.93
17561,2562,162,2,100.8
17562,2563,163,3,31.12
17563,2564,164,4,23.95
17564,2565,165,1,84.12
17565,2566,166,2,54.68
17566,2567,167,3,75.84
17567,2568,168,4,23.86
17568,2569,169,1,25.16
17569,2570,170,2,70.06
17570,2571,171,3,28.25
17571,2572,172,4,54.01
17572,2573,173,1,30.44
17573,2574,174,2,95.82
17574,2575,175,3,15.12
17575,2576,176,4,94.59
17576,2577,177,1,77.24
17577,2578,178,2,6.19
17578,2579,179,3,30.26
17579,2580,180,4,8.47
17580,2581,181,1,64.39
17581,2582,182,2,94.64
17582,2583,183,3,31.09
17583,2584,184,4,41.96
17584,2585,185,1,55.82
17585,2586,186,2,11.55
17586,2587,187,3,75.89
17587,2588,188,4,33.75
17588,2589,189,1,39.24
17589,2590,190,2,102.75
17590,2591,191,3,71.25
17591,2592,192,4,104.64
17592,2593,193,1,18.59
17593,2594,194,2,100.93
17594,2595,195,3,84.36
17595,2596,196,4,27.62
17596,2597,197,1,91.99
17597,2598,198,2,69.1
17598,2599,199,3,95.7
17599,2600,200,4,91.35
17600,2601,1,1,62.47
17601,2602,2,2,40.89
17602,2603,3,3,89.84
17603,2604,4,4,73.39
17604,2605,5,1,54.17
17605,2606,6,2,65.78
17606,2607,7,3,101.78
17607,2608,8,4,65.69
17608,2609,9,1,44.54
17609,2610,10,2,72.14
17610,2611,11,3,23.21
17611,2612,12,4,26.09
17612,2613,13,1,63.5
17613,2614,14,2,50.38
17614,2615,15,3,27.25
17615,2616,16,4,77.17
17616,2617,17,1,14.95
17617,2618,18,2,101.09
17618,2619,19,3,83.49
17619,2620,20,4,12.14
17620,2621,21,1,63.3
17621,2622,22,2,13.51
17622,2623,23,3,37.06
17623,2624,24,4,15.2
17624,2625,25,1,93.81
17625,2626,26,2,12.37
17626,2627,27,3,70.56
17627,2628,28,4,10.07
17628,2629,29,1,7.94
17629,2630,30,2,37.82
17630,2631,31,3,42.3
17631,2632,32,4,81.49
17632,2633,33,1,9.44
17633,2634,34,2,91.85
17634,2635,35,3,45.5
17635,2636,36,4,62.68
17636,2637,37,1,100.47
17637,2638,38,2,88.23
17638,2639,39,3,86.25
17639,2640,40,4,76.15
17640,2641,41,1,92.69
17641,2642,42,2,22.05
17642,2643,43,3,18.94
17643,2644,44,4,77.93
17644,2645,45,1,23.14
17645,2646,46,2,90.61
17646,2647,47,3,95.63
17647,2648,48,4,60.77
17648,2649,49,1,83.54
17649,2650,50,2,57.37
17650,2651,51,3,37.18
17651,2652,52,4,75.39
17652,2653,53,1,85.53
17653,2654,54,2,10.92
17654,2655,55,3,81.81
17655,2656,56,4,81.41
17656,2657,57,1,62.55
17657,2658,58,2,25.72
17658,2659,59,3,88.1
17659,2660,60,4,15.48
17660,2661,61,1,53.0
17661,2662,62,2,103.4
17662,2663,63,3,102.49
17663,2664,64,4,61.19
17664,2665,65,1,48.96
17665,2666,66,2,56.92
17666,2667,67,3,52.97
17667,2668,68,4,21.95
17668,2669,69,1,27.52
17669,2670,70,2,103.74
17670,2671,71,3,47.43
17671,2672,72,4,99.63
17672,2673,73,1,60.39
17673,2674,74,2,19.06
17674,2675,75,3,69.95
17675,2676,76,4,56.59
17676,2677,77,1,66.73
17677,2678,78,2,85.97
17678,2679,79,3,25.91
17679,2680,80,4,11.76
17680,2681,81,1,15.67
17681,2682,82,2,28.19
17682,2683,83,3,97.54
17683,2684,84,4,89.25
17684,2685,85,1,35.16
17685,2686,86,2,76.44
17686,2687,87,3,59.45
17687,2688,88,4,83.67
17688,2689,89,1,85.41
17689,2690,90,2,59.03
17690,2691,91,3,24.73
17691,2692,92,4,68.79
17692,2693,93,1,103.46
17693,2694,94,2,48.77
17694,2695,95,3,79.04
17695,2696,96,4,28.13
17696,2697,97,1,17.33
17697,2698,98,2,27.33
17698,2699,99,3,25.89
17699,2700,100,4,11.12
17700,2701,101,1,30.02
17701,2702,102,2,31.66
17702,2703,103,3,21.91
17703,2704,104,4,89.23
17704,2705,105,1,36.32
17705,2706,106,2,8.12
17706,2707,107,3,90.63
17707,2708,108,4,93.23
17708,2709,109,1,6.53
17709,2710,110,2,37.09
17710,2711,111,3,28.26
17711,2712,112,4,40.61
17712,2713,113,1,70.0
17713,2714,114,2,55.77
17714,2715,115,3,18.02
17715,2716,116,4,25.45
17716,2717,117,1,31.38
17717,2718,118,2,77.35
17718,2719,119,3,71.71
17719,2720,120,4,82.91
17720,2721,121,1,7.74
17721,2722,122,2,60.54
17722,2723,123,3,22.92
17723,2724,124,4,70.19
17724,2725,125,1,28.23
17725,2726,126,2,104.24
17726,2727,127,3,10.8
17727,2728,128,4,98.05
17728,2729,129,1,77.92
17729,2730,130,2,58.49
17730,2731,131,3,54.22
17731,2732,132,4,64.16
17732,2733,133,1,60.33
17733,2734,134,2,21.6
17734,2735,135,3,39.06
17735,2736,136,4,53.63
17736,2737,137,1,40.41
17737,2738,138,2,51.45
17738,2739,139,3,104.21
17739,2740,140,4,47.62
17740,2741,141,1,34.48
17741,2742,142,2,37.11
17742,2743,143,3,89.98
17743,2744,144,4,99.72
17744,2745,145,1,26.64
17745,2746,146,2,8.33
17746,2747,147,3,82.18
17747,2748,148,4,43.13
17748,2749,149,1,46.61
17749,2750,150,2,94.17
17750,2751,151,3,11.09
17751,2752,152,4,94.02
17752,2753,153,1,74.81
17753,2754,154,2,26.32
17754,2755,155,3,95.54
17755,2756,156,4,14.06
17756,2757,157,1,62.31
17757,2758,158,2,103.69
17758,2759,159,3,76.86
17759,2760,160,4,74.7
17760,2761,161,1,104.89
17761,2762,162,2,103.92
17762,2763,163,3,64.03
17763,2764,164,4,38.7
17764,2765,165,1,27.02
17765,2766,166,2,64.5
17766,2767,167,3,54.01
17767,2768,168,4,77.64
17768,2769,169,1,89.1
17769,2770,170,2,30.56
17770,2771,171,3,10.71
17771,2772,172,4,53.77
17772,2773,173,1,67.28
17773,2774,174,2,102.25
17774,2775,175,3,5.84
17775,2776,176,4,99.79
17776,2777,177,1,53.56
17777,2778,178,2,68.1
17778,2779,179,3,26.12
17779,2780,180,4,46.42
17780,2781,181,1,86.08
17781,2782,182,2,63.07
17782,2783,183,3,92.91
17783,2784,184,4,94.62
17784,2785,185,1,33.68
17785,2786,186,2,96.95
17786,2787,187,3,56.74
17787,2788,188,4,9.51
17788,2789,189,1,19.39
17789,2790,190,2,14.65
17790,2791,191,3,23.25
17791,2792,192,4,32.03
17792,2793,193,1,102.38
17793,2794,194,2,34.86
17794,2795,195,3,34.86
17795,2796,196,4,60.89
17796,2797,197,1,98.17
17797,2798,198,2,29.38
17798,2799,199,3,41.02
17799,2800,200,4,83.93
17800,2801,1,1,37.13
17801,2802,2,2,81.78
17802,2803,3,3,99.5
17803,2804,4,4,88.45
17804,2805,5,1,62.55
17805,2806,6,2,65.59
17806,2807,7,3,38.53
17807,2808,8,4,94.11
17808,2809,9,1,43.46
17809,2810,10,2,96.52
17810,2811,11,3,49.12
17811,2812,12,4,68.57
17812,2813,13,1,17.94
17813,2814,14,2,86.44
17814,2815,15,3,103.66
17815,2816,16,4,95.65
17816,2817,17,1,79.8
17817,2818,18,2,8.42
17818,2819,19,3,39.56
17819,2820,20,4,59.87
17820,2821,21,1,71.14
17821,2822,22,2,65.53
17822,2823,23,3,89.71
17823,2824,24,4,36.38
17824,2825,25,1,102.53
17825,2826,26,2,37.08
17826,2827,27,3,97.04
17827,2828,28,4,58.71
17828,2829,29,1,61.84
17829,2830,30,2,80.35
17830,2831,31,3,83.96
17831,2832,32,4,89.98
17832,2833,33,1,58.96
17833,2834,34,2,85.07
17834,2835,35,3,98.41
17835,2836,36,4,31.31
17836,2837,37,1,37.18
17837,2838,38,2,37.66
17838,2839,39,3,75.4
17839,2840,40,4,104.89
17840,2841,41,1,79.41
17841,2842,42,2,76.93
17842,2843,43,3,82.98
17843,2844,44,4,87.44
17844,2845,45,1,49.73
17845,2846,46,2,34.44
17846,2847,47,3,23.54
17847,2848,48,4,101.97
17848,2849,49,1,31.03
17849,2850,50,2,97.65
17850,2851,51,3,68.58
17851,2852,52,4,95.42
17852,2853,53,1,102.37
17853,2854,54,2,97.12
17854,2855,55,3,97.32
17855,2856,56,4,71.6
17856,2857,57,1,46.98
17857,2858,58,2,84.76
17858,2859,59,3,33.06
17859,2860,60,4,61.4
17860,2861,61,1,22.43
17861,2862,62,2,16.7
17862,2863,63,3,44.36
17863,2864,64,4,54.84
17864,2865,65,1,36.6
17865,2866,66,2,78.63
17866,2867,67,3,72.96
17867,2868,68,4,8.54
17868,2869,69,1,103.1
17869,2870,70,2,12.16
17870,2871,71,3,93.43
17871,2872,72,4,91.41
17872,2873,73,1,12.84
17873,2874,74,2,92.31
17874,2875,75,3,39.91
17875,2876,76,4,67.91
17876,2877,77,1,10.22
17877,2878,78,2,68.01
17878,2879,79,3,6.91
17879,2880,80,4,12.22
17880,2881,81,1,30.48
17881,2882,82,2,83.52
17882,2883,83,3,100.34
17883,2884,84,4,40.94
17884,2885,85,1,56.91
17885,2886,86,2,5.56
17886,2887,87,3,9.9
17887,2888,88,4,9.02
17888,2889,89,1,34.38
17889,2890,90,2,7.25
17890,2891,91,3,76.32
17891,2892,92,4,30.49
17892,2893,93,1,40.88
17893,2894,94,2,67.33
17894,2895,95,3,43.5
17895,2896,96,4,84.19
17896,2897,97,1,34.57
17897,2898,98,2,101.78
17898,2899,99,3,85.97
17899,2900,100,4,40.1
17900,2901,101,1,41.13
17901,2902,102,2,6.89
17902,2903,103,3,104.35
17903,2904,104,4,60.16
17904,2905,105,1,65.5
17905,2906,106,2,90.97
17906,2907,107,3,44.63
17907,2908,108,4,18.46
17908,2909,109,1,49.35
17909,2910,110,2,11.05
17910,2911,111,3,101.62
17911,2912,112,4,58.03
17912,2913,113,1,74.67
17913,2914,114,2,65.24
17914,2915,115,3,78.85
17915,2916,116,4,13.92
17916,2917,117,1,55.71
17917,2918,118,2,22.06
17918,2919,119,3,94.25
17919,2920,120,4,84.26
17920,2921,121,1,43.41
17921,2922,122,2,22.69
17922,2923,123,3,70.79
17923,2924,124,4,10.99
17924,2925,125,1,72.5
17925,2926,126,2,41.81
17926,2927,127,3,37.99
17927,2928,128,4,7.25
17928,2929,129,1,29.03
17929,2930,130,2,38.82
17930,2931,131,3,7.15
17931,2932,132,4,91.8
17932,2933,133,1,97.97
17933,2934,134,2,12.06
17934,2935,135,3,54.73
17935,2936,136,4,12.12
17936,2937,137,1,48.28
17937,2938,138,2,32.45
17938,2939,139,3,99.94
17939,2940,140,4,53.42
17940,2941,141,1,81.62
17941,2942,142,2,77.17
17942,2943,143,3,43.73
17943,2944,144,4,23.87
17944,2945,145,1,82.03
17945,2946,146,2,86.47
17946,2947,147,3,67.58
17947,2948,148,4,74.08
17948,2949,149,1,94.27
17949,2950,150,2,82.69
17950,2951,151,3,20.63
17951,2952,152,4,29.75
17952,2953,153,1,63.39
17953,2954,154,2,45.2
17954,2955,155,3,10.79
17955,2956,156,4,41.22
17956,2957,157,1,101.34
17957,2958,158,2,14.96
17958,2959,159,3,55.99
17959,2960,160,4,97.06
17960,2961,161,1,32.81
17961,2962,162,2,64.37
17962,2963,163,3,33.29
17963,2964,164,4,81.11
17964,2965,165,1,69.36
17965,2966,166,2,65.69
17966,2967,167,3,80.91
17967,2968,168,4,30.13
17968,2969,169,1,35.83
17969,2970,170,2,99.15
17970,2971,171,3,59.22
17971,2972,172,4,23.52
17972,2973,173,1,94.47
17973,2974,174,2,11.73
17974,2975,175,3,13.8
17975,2976,176,4,84.9
17976,2977,177,1,29.21
17977,2978,178,2,49.39
17978,2979,179,3,17.7
17979,2980,180,4,99.17
17980,2981,181,1,73.28
17981,2982,182,2,32.9
17982,2983,183,3,54.31
17983,2984,184,4,76.24
17984,2985,185,1,86.7
17985,2986,186,2,20.71
17986,2987,187,3,62.83
17987,2988,188,4,79.82
17988,2989,189,1,37.46
17989,2990,190,2,62.47
17990,2991,191,3,76.76
17991,2992,192,4,31.62
17992,2993,193,1,88.44
17993,2994,194,2,102.14
17994,2995,195,3,95.95
17995,2996,196,4,62.53
17996,2997,197,1,35.57
17997,2998,198,2,93.91
17998,2999,199,3,62.44
17999,3000,200,4,35.95
18000,3001,1,1,38.98
18001,3002,2,2,81.07
18002,3003,3,3,59.44
18003,3004,4,4,94.7
18004,3005,5,1,28.46
18005,3006,6,2,102.05
18006,3007,7,3,63.0
18007,3008,8,4,69.44
18008,3009,9,1,33.92
18009,3010,10,2,79.15
18010,3011,11,3,85.06
18011,3012,12,4,54.43
18012,3013,13,1,6.83
18013,3014,14,2,100.76
18014,3015,15,3,80.19
18015,3016,16,4,52.84
18016,3017,17,1,71.61
18017,3018,18,2,72.36
18018,3019,19,3,52.73
18019,3020,20,4,85.28
18020,3021,21,1,90.37
18021,3022,22,2,52.0
18022,3023,23,3,25.58
18023,3024,24,4,58.11
18024,3025,25,1,37.16
18025,3026,26,2,32.42
18026,3027,27,3,19.8
18027,3028,28,4,16.15
18028,3029,29,1,14.96
18029,3030,30,2,58.8
18030,3031,31,3,17.26
18031,3032,32,4,17.68
18032,3033,33,1,58.82
18033,3034,34,2,49.64
18034,3035,35,3,49.15
18035,3036,36,4,85.67
18036,3037,37,1,48.25
18037,3038,38,2,74.42
18038,3039,39,3,45.03
18039,3040,40,4,10.74
18040,3041,41,1,66.06
18041,3042,42,2,63.83
18042,3043,43,3,65.14
18043,3044,44,4,94.41
18044,3045,45,1,21.37
18045,3046,46,2,88.86
18046,3047,47,3,17.62
18047,3048,48,4,62.69
18048,3049,49,1,69.86
18049,3050,50,2,26.06
18050,3051,51,3,49.83
18051,3052,52,4,91.47
18052,3053,53,1,54.62
18053,3054,54,2,97.83
18054,3055,55,3,6.55
18055,3056,56,4,84.35
18056,3057,57,1,47.05
18057,3058,58,2,90.74
18058,3059,59,3,36.86
18059,3060,60,4,16.68
18060,3061,61,1,67.84
18061,3062,62,2,89.57
18062,3063,63,3,48.61
18063,3064,64,4,83.62
18064,3065,65,1,84.65
18065,3066,66,2,78.37
18066,3067,67,3,70.21
18067,3068,68,4,87.42
18068,3069,69,1,46.57
18069,3070,70,2,9.64
18070,3071,71,3,35.3
18071,3072,72,4,32.75
18072,3073,73,1,49.53
18073,3074,74,2,101.6
18074,3075,75,3,96.67
18075,3076,76,4,104.44
18076,3077,77,1,32.17
18077,3078,78,2,40.54
18078,3079,79,3,50.03
18079,3080,80,4,89.74
18080,3081,81,1,99.46
18081,3082,82,2,10.54
18082,3083,83,3,101.93
18083,3084,84,4,104.6
18084,3085,85,1,79.99
18085,3086,86,2,74.72
18086,3087,87,3,41.0
18087,3088,88,4,101.27
18088,3089,89,1,30.6
18089,3090,90,2,33.22
18090,3091,91,3,68.99
18091,3092,92,4,83.42
18092,3093,93,1,74.2
18093,3094,94,2,92.81
18094,3095,95,3,37.07
18095,3096,96,4,86.22
18096,3097,97,1,18.22
18097,3098,98,2,43.94
18098,3099,99,3,67.99
18099,3100,100,4,54.06
18100,3101,101,1,99.98
18101,3102,102,2,31.71
18102,3103,103,3,79.63
18103,3104,104,4,31.91
18104,3105,105,1,38.66
18105,3106,106,2,38.68
18106,3107,107,3,71.91
18107,3108,108,4,52.34
18108,3109,109,1,99.22
18109,3110,110,2,98.95
18110,3111,111,3,72.31
18111,3112,112,4,26.05
18112,3113,113,1,87.81
18113,3114,114,2,73.98
18114,3115,115,3,102.16
18115,3116,116,4,5.32
18116,3117,117,1,95.47
18117,3118,118,2,38.4
18118,3119,119,3,104.97
18119,3120,120,4,94.85
18120,3121,121,1,100.2
18121,3122,122,2,83.03
18122,3123,123,3,73.58
18123,3124,124,4,21.05
18124,3125,125,1,97.85
18125,3126,126,2,52.01
18126,3127,127,3,57.8
18127,3128,128,4,75.68
18128,3129,129,1,82.46
18129,3130,130,2,52.48
18130,3131,131,3,62.18
18131,3132,132,4,72.23
18132,3133,133,1,93.07
18133,3134,134,2,54.8
18134,3135,135,3,99.68
18135,3136,136,4,60.53
18136,3137,137,1,104.1
18137,3138,138,2,89.15
18138,3139,139,3,91.34
18139,3140,140,4,78.54
18140,3141,141,1,69.51
18141,3142,142,2,47.64
18142,3143,143,3,45.31
18143,3144,144,4,28.48
18144,3145,145,1,97.51
18145,3146,146,2,86.1
18146,3147,147,3,59.03
18147,3148,148,4,83.8
18148,3149,149,1,23.74
18149,3150,150,2,51.47
18150,3151,151,3,73.13
18151,3152,152,4,35.62
18152,3153,153,1,59.1
18153,3154,154,2,69.14
18154,3155,155,3,82.03
18155,3156,156,4,101.24
18156,3157,157,1,85.4
18157,3158,158,2,33.55
18158,3159,159,3,74.2
18159,3160,160,4,9.62
18160,3161,161,1,101.05
18161,3162,162,2,65.32
18162,3163,163,3,44.81
18163,3164,164,4,15.26
18164,3165,165,1,40.49
18165,3166,166,2,52.82
18166,3167,167,3,92.07
18167,3168,168,4,51.7
18168,3169,169,1,57.55
18169,3170,170,2,18.96
18170,3171,171,3,54.1
18171,3172,172,4,47.01
18172,3173,173,1,33.79
18173,3174,174,2,104.5
18174,3175,175,3,63.64
18175,3176,176,4,43.96
18176,3177,177,1,99.48
18177,3178,178,2,47.83
18178,3179,179,3,38.37
18179,3180,180,4,90.45
18180,3181,181,1,73.66
18181,3182,182,2,85.28
18182,3183,183,3,39.31
18183,3184,184,4,22.59
18184,3185,185,1,8.61
18185,3186,186,2,43.82
18186,3187,187,3,12.4
18187,3188,188,4,47.71
18188,3189,189,1,52.64
18189,3190,190,2,11.2
18190,3191,191,3,67.49
18191,3192,192,4,19.19
18192,3193,193,1,10.35
18193,3194,194,2,71.99
18194,3195,195,3,7.11
18195,3196,196,4,11.33
18196,3197,197,1,26.58
18197,3198,198,2,90.0
18198,3199,199,3,35.79
18199,3200,200,4,78.7
18200,3201,1,1,6.84
18201,3202,2,2,25.85
18202,3203,3,3,82.08
18203,3204,4,4,34.97
18204,3205,5,1,22.78
18205,3206,6,2,103.72
18206,3207,7,3,62.42
18207,3208,8,4,76.61
18208,3209,9,1,80.79
18209,3210,10,2,32.87
18210,3211,11,3,33.14
18211,3212,12,4,60.22
18212,3213,13,1,14.03
18213,3214,14,2,42.93
18214,3215,15,3,62.72
18215,3216,16,4,40.25
18216,3217,17,1,66.08
18217,3218,18,2,16.78
18218,3219,19,3,69.49
18219,3220,20,4,22.45
18220,3221,21,1,89.71
18221,3222,22,2,47.05
18222,3223,23,3,31.28
18223,3224,24,4,29.73
18224,3225,25,1,104.09
18225,3226,26,2,59.24
18226,3227,27,3,60.33
18227,3228,28,4,104.35
18228,3229,29,1,95.57
18229,3230,30,2,31.32
18230,3231,31,3,96.48
18231,3232,32,4,64.01
18232,3233,33,1,14.59
18233,3234,34,2,13.21
18234,3235,35,3,19.51
18235,3236,36,4,85.97
18236,3237,37,1,87.64
18237,3238,38,2,61.29
18238,3239,39,3,95.59
18239,3240,40,4,103.14
18240,3241,41,1,104.28
18241,3242,42,2,65.27
18242,3243,43,3,43.48
18243,3244,44,4,48.22
18244,3245,45,1,48.27
18245,3246,46,2,62.97
18246,3247,47,3,20.42
18247,3248,48,4,62.4
18248,3249,49,1,97.72
18249,3250,50,2,87.71
18250,3251,51,3,60.76
18251,3252,52,4,25.78
18252,3253,53,1,53.17
18253,3254,54,2,93.05
18254,3255,55,3,72.59
18255,3256,56,4,93.51
18256,3257,57,1,33.7
18257,3258,58,2,20.9
18258,3259,59,3,55.09
18259,3260,60,4,43.49
18260,3261,61,1,52.4
18261,3262,62,2,52.93
18262,3263,63,3,35.65
18263,3264,64,4,59.99
18264,3265,65,1,82.8
18265,3266,66,2,10.37
18266,3267,67,3,29.36
18267,3268,68,4,86.63
18268,3269,69,1,78.1
18269,3270,70,2,92.42
18270,3271,71,3,52.49
18271,3272,72,4,18.66
18272,3273,73,1,84.29
18273,3274,74,2,104.54
18274,3275,75,3,62.55
18275,3276,76,4,86.4
18276,3277,77,1,45.1
18277,3278,78,2,40.77
18278,3279,79,3,99.88
18279,3280,80,4,38.0
18280,3281,81,1,24.79
18281,3282,82,2,47.45
18282,3283,83,3,66.74
18283,3284,84,4,19.57
18284,3285,85,1,91.19
18285,3286,86,2,70.46
18286,3287,87,3,35.52
18287,3288,88,4,82.4
18288,3289,89,1,56.1
18289,3290,90,2,74.1
18290,3291,91,3,19.36
18291,3292,92,4,100.42
18292,3293,93,1,76.87
18293,3294,94,2,81.23
18294,3295,95,3,53.74
18295,3296,96,4,93.51
18296,3297,97,1,78.38
18297,3298,98,2,92.97
18298,3299,99,3,57.65
18299,3300,100,4,88.21
18300,3301,101,1,91.06
18301,3302,102,2,12.93
18302,3303,103,3,22.15
18303,3304,104,4,57.66
18304,3305,105,1,48.62
18305,3306,106,2,21.57
18306,3307,107,3,53.76
18307,3308,108,4,30.71
18308,3309,109,1,83.85
18309,3310,110,2,43.35
18310,3311,111,3,66.66
18311,3312,112,4,10.2
18312,3313,113,1,6.8
18313,3314,114,2,42.94
18314,3315,115,3,92.2
18315,3316,116,4,83.43
18316,3317,117,1,64.68
18317,3318,118,2,91.62
18318,3319,119,3,100.72
18319,3320,120,4,43.09
18320,3321,121,1,23.26
18321,3322,122,2,79.93
18322,3323,123,3,15.03
18323,3324,124,4,36.67
18324,3325,125,1,27.04
18325,3326,126,2,71.57
18326,3327,127,3,10.02
18327,3328,128,4,6.82
18328,3329,129,1,7.02
18329,3330,130,2,12.75
18330,3331,131,3,94.58
18331,3332,132,4,51.02
18332,3333,133,1,15.23
18333,3334,134,2,11.91
18334,3335,135,3,64.51
18335,3336,136,4,85.45
18336,3337,137,1,29.94
18337,3338,138,2,73.85
18338,3339,139,3,50.64
18339,3340,140,4,103.84
18340,3341,141,1,23.0
18341,3342,142,2,41.44
18342,3343,143,3,57.91
18343,3344,144,4,14.97
18344,3345,145,1,67.03
18345,3346,146,2,27.2
18346,3347,147,3,40.76
18347,3348,148,4,8.0
18348,3349,149,1,63.24
18349,3350,150,2,42.0
18350,3351,151,3,95.26
18351,3352,152,4,71.17
18352,3353,153,1,8.04
18353,3354,154,2,16.38
18354,3355,155,3,37.33
18355,3356,156,4,35.21
18356,3357,157,1,44.57
18357,3358,158,2,89.33
18358,3359,159,3,100.44
18359,3360,160,4,14.16
18360,3361,161,1,26.89
18361,3362,162,2,10.75
18362,3363,163,3,9.63
18363,3364,164,4,74.74
18364,3365,165,1,11.56
18365,3366,166,2,71.41
18366,3367,167,3,51.12
18367,3368,168,4,61.72
18368,3369,169,1,14.23
18369,3370,170,2,100.11
18370,3371,171,3,40.95
18371,3372,172,4,100.16
18372,3373,173,1,85.19
18373,3374,174,2,104.89
18374,3375,175,3,5.68
18375,3376,176,4,99.37
18376,3377,177,1,75.56
18377,3378,178,2,75.02
18378,3379,179,3,104.77
18379,3380,180,4,102.54
18380,3381,181,1,26.31
18381,3382,182,2,26.31
18382,3383,183,3,88.38
18383,3384,184,4,53.11
18384,3385,185,1,68.36
18385,3386,186,2,9.43
18386,3387,187,3,89.15
18387,3388,188,4,92.48
18388,3389,189,1,14.77
18389,3390,190,2,93.11
18390,3391,191,3,33.94
18391,3392,192,4,22.18
18392,3393,193,1,20.65
18393,3394,194,2,87.71
18394,3395,195,3,102.95
18395,3396,196,4,66.66
18396,3397,197,1,20.81
18397,3398,198,2,91.51
18398,3399,199,3,99.93
18399,3400,200,4,72.73
18400,3401,1,1,31.11
18401,3402,2,2,103.28
18402,3403,3,3,46.59
18403,3404,4,4,25.87
18404,3405,5,1,43.13
18405,3406,6,2,31.99
18406,3407,7,3,74.25
18407,3408,8,4,47.64
18408,3409,9,1,45.29
18409,3410,10,2,22.11
18410,3411,11,3,70.03
18411,3412,12,4,90.52
18412,3413,13,1,102.58
18413,3414,14,2,32.08
18414,3415,15,3,39.14
18415,3416,16,4,77.19
18416,3417,17,1,88.45
18417,3418,18,2,87.87
18418,3419,19,3,13.35
18419,3420,20,4,88.01
18420,3421,21,1,76.12
18421,3422,22,2,8.09
18422,3423,23,3,83.62
18423,3424,24,4,100.69
18424,3425,25,1,38.9
18425,3426,26,2,13.29
18426,3427,27,3,36.58
18427,3428,28,4,29.24
18428,3429,29,1,12.01
18429,3430,30,2,16.25
18430,3431,31,3,99.37
18431,3432,32,4,66.12
18432,3433,33,1,96.13
18433,3434,34,2,101.21
18434,3435,35,3,86.27
18435,3436,36,4,45.64
18436,3437,37,1,88.05
18437,3438,38,2,20.11
18438,3439,39,3,45.62
18439,3440,40,4,83.05
18440,3441,41,1,84.88
18441,3442,42,2,75.28
18442,3443,43,3,32.4
18443,3444,44,4,97.69
18444,3445,45,1,80.66
18445,3446,46,2,104.67
18446,3447,47,3,65.7
18447,3448,48,4,46.71
18448,3449,49,1,89.73
18449,3450,50,2,30.67
18450,3451,51,3,55.24
18451,3452,52,4,94.1
18452,3453,53,1,42.6
18453,3454,54,2,36.68
18454,3455,55,3,39.99
18455,3456,56,4,88.74
18456,3457,57,1,21.91
18457,3458,58,2,35.96
18458,3459,59,3,91.49
18459,3460,60,4,80.71
18460,3461,61,1,43.68
18461,3462,62,2,92.67
18462,3463,63,3,71.29
18463,3464,64,4,74.22
18464,3465,65,1,46.5
18465,3466,66,2,15.96
18466,3467,67,3,77.89
18467,3468,68,4,54.2
18468,3469,69,1,90.27
18469,3470,70,2,92.98
18470,3471,71,3,78.87
18471,3472,72,4,20.94
18472,3473,73,1,82.72
18473,3474,74,2,15.94
18474,3475,75,3,16.58
18475,3476,76,4,61.18
18476,3477,77,1,87.73
18477,3478,78,2,14.71
18478,3479,79,3,10.55
18479,3480,80,4,101.45
18480,3481,81,1,7.11
18481,3482,82,2,12.56
18482,3483,83,3,54.92
18483,3484,84,4,83.57
18484,3485,85,1,38.03
18485,3486,86,2,96.05
18486,3487,87,3,9.2
18487,3488,88,4,22.04
18488,3489,89,1,54.19
18489,3490,90,2,59.84
18490,3491,91,3,90.03
18491,3492,92,4,37.61
18492,3493,93,1,9.66
18493,3494,94,2,32.08
18494,3495,95,3,33.97
18495,3496,96,4,95.23
18496,3497,97,1,95.61
18497,3498,98,2,32.9
18498,3499,99,3,18.74
18499,3500,100,4,102.29
18500,3501,101,1,31.06
18501,3502,102,2,19.5
18502,3503,103,3,45.44
18503,3504,104,4,84.1
18504,3505,105,1,6.88
18505,3506,106,2,58.88
18506,3507,107,3,75.0
18507,3508,108,4,89.8
18508,3509,109,1,11.48
18509,3510,110,2,86.91
18510,3511,111,3,27.73
18511,3512,112,4,71.91
18512,3513,113,1,70.79
18513,3514,114,2,102.94
18514,3515,115,3,93.2
18515,3516,116,4,46.07
18516,3517,117,1,30.21
18517,3518,118,2,66.74
18518,3519,119,3,104.4
18519,3520,120,4,9.3
18520,3521,121,1,19.3
18521,3522,122,2,11.28
18522,3523,123,3,77.56
18523,3524,124,4,71.53
18524,3525,125,1,16.64
18525,3526,126,2,19.99
18526,3527,127,3,95.65
18527,3528,128,4,5.56
18528,3529,129,1,102.59
18529,3530,130,2,70.95
18530,3531,131,3,12.86
18531,3532,132,4,70.34
18532,3533,133,1,9.41
18533,3534,134,2,58.49
18534,3535,135,3,95.17
18535,3536,136,4,27.0
18536,3537,137,1,40.99
18537,3538,138,2,52.24
18538,3539,139,3,72.17
18539,3540,140,4,27.56
18540,3541,141,1,79.82
18541,3542,142,2,83.68
18542,3543,143,3,44.14
18543,3544,144,4,78.72
18544,3545,145,1,73.32
18545,3546,146,2,36.29
18546,3547,147,3,17.15
18547,3548,148,4,50.9
18548,3549,149,1,13.35
18549,3550,150,2,8.78
18550,3551,151,3,84.65
18551,3552,152,4,48.24
18552,3553,153,1,13.03
18553,3554,154,2,88.17
18554,3555,155,3,50.72
18555,3556,156,4,80.78
18556,3557,157,1,16.09
18557,3558,158,2,79.26
18558,3559,159,3,93.06
18559,3560,160,4,5.54
18560,3561,161,1,49.88
18561,3562,162,2,52.33
18562,3563,163,3,30.04
18563,3564,164,4,55.69
18564,3565,165,1,102.39
18565,3566,166,2,41.26
18566,3567,167,3,48.68
18567,3568,168,4,57.95
18568,3569,169,1,47.79
18569,3570,170,2,53.32
18570,3571,171,3,84.91
18571,3572,172,4,48.35
18572,3573,173,1,53.81
18573,3574,174,2,73.81
18574,3575,175,3,65.41
18575,3576,176,4,20.93
18576,3577,177,1,87.76
18577,3578,178,2,60.32
18578,3579,179,3,28.26
18579,3580,180,4,63.62
18580,3581,181,1,16.73
18581,3582,182,2,25.53
18582,3583,183,3,100.07
18583,3584,184,4,64.19
18584,3585,185,1,20.1
18585,3586,186,2,41.24
18586,3587,187,3,50.25
18587,3588,188,4,22.67
18588,3589,189,1,41.35
18589,3590,190,2,53.53
18590,3591,191,3,27.2
18591,3592,192,4,47.28
18592,3593,193,1,87.88
18593,3594,194,2,96.16
18594,3595,195,3,33.04
18595,3596,196,4,73.81
18596,3597,197,1,94.53
18597,3598,198,2,72.79
18598,3599,199,3,15.23
18599,3600,200,4,73.7
18600,3601,1,1,9.49
18601,3602,2,2,64.3
18602,3603,3,3,85.84
18603,3604,4,4,85.81
18604,3605,5,1,73.81
18605,3606,6,2,67.81
18606,3607,7,3,82.33
18607,3608,8,4,64.09
18608,3609,9,1,89.74
18609,3610,10,2,103.9
18610,3611,11,3,58.95
18611,3612,12,4,14.06
18612,3613,13,1,72.12
18613,3614,14,2,21.52
18614,3615,15,3,80.53
18615,3616,16,4,84.76
18616,3617,17,1,11.08
18617,3618,18,2,26.62
18618,3619,19,3,14.6
18619,3620,20,4,6.46
18620,3621,21,1,60.94
18621,3622,22,2,8.83
18622,3623,23,3,40.77
18623,3624,24,4,87.38
18624,3625,25,1,8.85
18625,3626,26,2,11.99
18626,3627,27,3,45.34
18627,3628,28,4,69.89
18628,3629,29,1,76.77
18629,3630,30,2,78.52
18630,3631,31,3,44.82
18631,3632,32,4,29.1
18632,3633,33,1,11.23
18633,3634,34,2,95.15
18634,3635,35,3,97.71
18635,3636,36,4,66.91
18636,3637,37,1,93.5
18637,3638,38,2,67.27
18638,3639,39,3,36.8
18639,3640,40,4,44.14
18640,3641,41,1,94.9
18641,3642,42,2,80.33
18642,3643,43,3,48.56
18643,3644,44,4,46.34
18644,3645,45,1,103.26
18645,3646,46,2,45.59
18646,3647,47,3,85.52
18647,3648,48,4,39.72
18648,3649,49,1,90.97
18649,3650,50,2,97.37
18650,3651,51,3,79.62
18651,3652,52,4,43.58
18652,3653,53,1,103.69
18653,3654,54,2,18.28
18654,3655,55,3,40.97
18655,3656,56,4,103.08
18656,3657,57,1,42.57
18657,3658,58,2,53.82
18658,3659,59,3,97.61
18659,3660,60,4,85.94
18660,3661,61,1,66.88
18661,3662,62,2,22.78
18662,3663,63,3,92.31
18663,3664,64,4,40.96
18664,3665,65,1,85.51
18665,3666,66,2,104.42
18666,3667,67,3,96.37
18667,3668,68,4,43.72
18668,3669,69,1,31.82
18669,3670,70,2,66.25
18670,3671,71,3,60.91
18671,3672,72,4,98.14
18672,3673,73,1,86.94
18673,3674,74,2,87.24
18674,3675,75,3,95.6
18675,3676,76,4,91.21
18676,3677,77,1,54.8
18677,3678,78,2,14.69
18678,3679,79,3,89.01
18679,3680,80,4,96.48
18680,3681,81,1,68.6
18681,3682,82,2,33.75
18682,3683,83,3,16.73
18683,3684,84,4,10.59
18684,3685,85,1,10.09
18685,3686,86,2,5.45
18686,3687,87,3,43.95
18687,3688,88,4,58.99
18688,3689,89,1,56.53
18689,3690,90,2,104.23
18690,3691,91,3,101.77
18691,3692,92,4,29.08
18692,3693,93,1,76.15
18693,3694,94,2,85.9
18694,3695,95,3,61.36
18695,3696,96,4,100.47
18696,3697,97,1,80.65
18697,3698,98,2,32.67
18698,3699,99,3,11.2
18699,3700,100,4,75.16
18700,3701,101,1,36.32
18701,3702,102,2,70.01
18702,3703,103,3,46.41
18703,3704,104,4,75.89
18704,3705,105,1,65.92
18705,3706,106,2,90.26
18706,3707,107,3,67.87
18707,3708,108,4,93.76
18708,3709,109,1,43.38
18709,3710,110,2,61.52
18710,3711,111,3,89.91
18711,3712,112,4,29.5
18712,3713,113,1,42.3
18713,3714,114,2,84.68
18714,3715,115,3,33.46
18715,3716,116,4,51.75
18716,3717,117,1,66.06
18717,3718,118,2,10.09
18718,3719,119,3,88.03
18719,3720,120,4,36.49
18720,3721,121,1,60.45
18721,3722,122,2,29.26
18722,3723,123,3,31.28
18723,3724,124,4,6.48
18724,3725,125,1,53.86
18725,3726,126,2,57.98
18726,3727,127,3,7.36
18727,3728,128,4,89.88
18728,3729,129,1,47.55
18729,3730,130,2,41.83
18730,3731,131,3,104.78
18731,3732,132,4,5.44
18732,3733,133,1,99.4
18733,3734,134,2,9.78
18734,3735,135,3,97.11
18735,3736,136,4,84.51
18736,3737,137,1,94.71
18737,3738,138,2,16.83
18738,3739,139,3,67.32
18739,3740,140,4,97.76
18740,3741,141,1,37.78
18741,3742,142,2,54.09
18742,3743,143,3,34.88
18743,3744,144,4,25.98
18744,3745,145,1,59.21
18745,3746,146,2,82.48
18746,3747,147,3,59.19
18747,3748,148,4,22.99
18748,3749,149,1,35.75
18749,3750,150,2,43.28
18750,3751,151,3,56.05
18751,3752,152,4,55.14
18752,3753,153,1,83.41
18753,3754,154,2,49.44
18754,3755,155,3,39.45
18755,3756,156,4,27.37
18756,3757,157,1,6.31
18757,3758,158,2,74.35
18758,3759,159,3,101.21
18759,3760,160,4,41.07
18760,3761,161,1,36.96
18761,3762,162,2,41.98
18762,3763,163,3,10.61
18763,3764,164,4,23.85
18764,3765,165,1,20.7
18765,3766,166,2,51.81
18766,3767,167,3,14.19
18767,3768,168,4,48.77
18768,3769,169,1,56.01
18769,3770,170,2,72.25
18770,3771,171,3,103.03
18771,3772,172,4,39.55
18772,3773,173,1,76.96
18773,3774,174,2,17.21
18774,3775,175,3,103.34
18775,3776,176,4,67.24
18776,3777,177,1,74.16
18777,3778,178,2,92.72
18778,3779,179,3,68.51
18779,3780,180,4,13.78
18780,3781,181,1,7.45
18781,3782,182,2,79.87
18782,3783,183,3,87.17
18783,3784,184,4,15.18
18784,3785,185,1,7.21
18785,3786,186,2,76.32
18786,3787,187,3,87.48
18787,3788,188,4,54.26
18788,3789,189,1,68.2
18789,3790,190,2,9.17
18790,3791,191,3,32.48
18791,3792,192,4,102.74
18792,3793,193,1,11.77
18793,3794,194,2,47.78
18794,3795,195,3,65.37
18795,3796,196,4,88.79
18796,3797,197,1,26.63
18797,3798,198,2,82.17
18798,3799,199,3,52.28
18799,3800,200,4,75.02
18800,3801,1,1,19.54
18801,3802,2,2,82.43
18802,3803,3,3,61.18
18803,3804,4,4,94.33
18804,3805,5,1,63.39
18805,3806,6,2,49.81
18806,3807,7,3,56.09
18807,3808,8,4,88.74
18808,3809,9,1,25.31
18809,3810,10,2,61.74
18810,3811,11,3,20.09
18811,3812,12,4,41.96
18812,3813,13,1,90.08
18813,3814,14,2,65.27
18814,3815,15,3,42.55
18815,3816,16,4,10.12
18816,3817,17,1,46.28
18817,3818,18,2,46.15
18818,3819,19,3,9.54
18819,3820,20,4,13.1
18820,3821,21,1,35.17
18821,3822,22,2,86.3
18822,3823,23,3,17.31
18823,3824,24,4,52.72
18824,3825,25,1,65.97
18825,3826,26,2,34.71
18826,3827,27,3,13.65
18827,3828,28,4,69.52
18828,3829,29,1,58.52
18829,3830,30,2,86.41
18830,3831,31,3,61.75
18831,3832,32,4,94.36
18832,3833,33,1,43.94
18833,3834,34,2,33.72
18834,3835,35,3,23.97
18835,3836,36,4,34.75
18836,3837,37,1,101.79
18837,3838,38,2,39.99
18838,3839,39,3,74.33
18839,3840,40,4,13.4
18840,3841,41,1,35.62
18841,3842,42,2,78.92
18842,3843,43,3,36.51
18843,3844,44,4,101.91
18844,3845,45,1,102.5
18845,3846,46,2,32.99
18846,3847,47,3,100.23
18847,3848,48,4,60.19
18848,3849,49,1,16.73
18849,3850,50,2,8.17
18850,3851,51,3,59.3
18851,3852,52,4,36.96
18852,3853,53,1,15.89
18853,3854,54,2,34.35
18854,3855,55,3,75.12
18855,3856,56,4,83.98
18856,3857,57,1,97.91
18857,3858,58,2,15.78
18858,3859,59,3,49.77
18859,3860,60,4,60.06
18860,3861,61,1,52.89
18861,3862,62,2,46.09
18862,3863,63,3,27.83
18863,3864,64,4,102.57
18864,3865,65,1,80.97
18865,3866,66,2,17.87
18866,3867,67,3,5.78
18867,3868,68,4,20.57
18868,3869,69,1,87.47
18869,3870,70,2,29.07
18870,3871,71,3,27.2
18871,3872,72,4,56.81
18872,3873,73,1,68.14
18873,3874,74,2,28.93
18874,3875,75,3,71.14
18875,3876,76,4,43.66
18876,3877,77,1,81.85
18877,3878,78,2,37.44
18878,3879,79,3,66.06
18879,3880,80,4,76.37
18880,3881,81,1,20.36
18881,3882,82,2,6.62
18882,3883,83,3,5.58
18883,3884,84,4,82.82
18884,3885,85,1,29.52
18885,3886,86,2,88.5
18886,3887,87,3,96.69
18887,3888,88,4,97.89
18888,3889,89,1,47.87
18889,3890,90,2,35.32
18890,3891,91,3,9.01
18891,3892,92,4,54.96
18892,3893,93,1,20.28
18893,3894,94,2,9.28
18894,3895,95,3,21.02
18895,3896,96,4,36.45
18896,3897,97,1,78.37
18897,3898,98,2,65.6
18898,3899,99,3,100.24
18899,3900,100,4,25.25
18900,3901,101,1,55.35
18901,3902,102,2,40.69
18902,3903,103,3,102.1
18903,3904,104,4,53.55
18904,3905,105,1,57.99
18905,3906,106,2,89.31
18906,3907,107,3,82.46
18907,3908,108,4,102.61
18908,3909,109,1,19.72
18909,3910,110,2,23.99
18910,3911,111,3,90.44
18911,3912,112,4,61.42
18912,3913,113,1,7.95
18913,3914,114,2,65.87
18914,3915,115,3,104.32
18915,3916,116,4,59.2
18916,3917,117,1,34.46
18917,3918,118,2,55.0
18918,3919,119,3,68.09
18919,3920,120,4,51.67
18920,3921,121,1,14.93
18921,3922,122,2,74.24
18922,3923,123,3,44.62
18923,3924,124,4,15.43
18924,3925,125,1,61.34
18925,3926,126,2,71.02
18926,3927,127,3,92.63
18927,3928,128,4,70.61
18928,3929,129,1,95.13
18929,3930,130,2,88.95
18930,3931,131,3,45.38
18931,3932,132,4,57.74
18932,3933,133,1,103.52
18933,3934,134,2,22.39
18934,3935,135,3,69.89
18935,3936,136,4,11.8
18936,3937,137,1,47.36
18937,3938,138,2,99.74
18938,3939,139,3,43.72
18939,3940,140,4,6.38
18940,3941,141,1,82.5
18941,3942,142,2,94.87
18942,3943,143,3,90.35
18943,3944,144,4,55.42
18944,3945,145,1,95.81
18945,3946,146,2,11.33
18946,3947,147,3,95.69
18947,3948,148,4,53.63
18948,3949,149,1,9.69
18949,3950,150,2,77.69
18950,3951,151,3,21.34
18951,3952,152,4,22.19
18952,3953,153,1,72.2
18953,3954,154,2,42.74
18954,3955,155,3,55.36
18955,3956,156,4,7.32
18956,3957,157,1,59.59
18957,3958,158,2,12.51
18958,3959,159,3,49.96
18959,3960,160,4,18.42
18960,3961,161,1,68.13
18961,3962,162,2,15.09
18962,3963,163,3,66.11
18963,3964,164,4,83.62
18964,3965,165,1,104.34
18965,3966,166,2,49.29
18966,3967,167,3,26.69
18967,3968,168,4,9.13
18968,3969,169,1,11.23
18969,3970,170,2,26.21
18970,3971,171,3,60.88
18971,3972,172,4,5.44
18972,3973,173,1,59.61
18973,3974,174,2,90.02
18974,3975,175,3,93.5
18975,3976,176,4,30.85
18976,3977,177,1,95.83
18977,3978,178,2,103.61
18978,3979,179,3,60.1
18979,3980,180,4,9.45
18980,3981,181,1,86.99
18981,3982,182,2,99.55
18982,3983,183,3,94.74
18983,3984,184,4,58.4
18984,3985,185,1,24.24
18985,3986,186,2,46.65
18986,3987,187,3,84.59
18987,3988,188,4,58.92
18988,3989,189,1,96.79
18989,3990,190,2,50.79
18990,3991,191,3,78.62
18991,3992,192,4,18.55
18992,3993,193,1,10.99
18993,3994,194,2,15.0
18994,3995,195,3,12.02
18995,3996,196,4,104.58
18996,3997,197,1,73.77
18997,3998,198,2,47.24
18998,3999,199,3,47.25
18999,4000,200,4,77.71
19000,4001,1,1,34.76
19001,4002,2,2,37.02
19002,4003,3,3,69.0
19003,4004,4,4,93.41
19004,4005,5,1,52.65
19005,4006,6,2,73.38
19006,4007,7,3,27.26
19007,4008,8,4,7.43
19008,4009,9,1,54.87
19009,4010,10,2,60.58
19010,4011,11,3,89.19
19011,4012,12,4,26.16
19012,4013,13,1,57.4
19013,4014,14,2,97.23
19014,4015,15,3,69.24
19015,4016,16,4,38.44
19016,4017,17,1,97.2
19017,4018,18,2,29.12
19018,4019,19,3,15.69
19019,4020,20,4,46.83
19020,4021,21,1,92.69
19021,4022,22,2,57.59
19022,4023,23,3,54.65
19023,4024,24,4,33.73
19024,4025,25,1,94.53
19025,4026,26,2,38.36
19026,4027,27,3,100.47
19027,4028,28,4,53.66
19028,4029,29,1,100.05
19029,4030,30,2,14.84
19030,4031,31,3,68.17
19031,4032,32,4,48.96
19032,4033,33,1,76.44
19033,4034,34,2,33.37
19034,4035,35,3,21.71
19035,4036,36,4,102.05
19036,4037,37,1,89.07
19037,4038,38,2,71.87
19038,4039,39,3,43.77
19039,4040,40,4,18.75
19040,4041,41,1,53.05
19041,4042,42,2,65.23
19042,4043,43,3,101.55
19043,4044,44,4,30.2
19044,4045,45,1,24.64
19045,4046,46,2,16.12
19046,4047,47,3,102.6
19047,4048,48,4,20.9
19048,4049,49,1,27.6
19049,4050,50,2,85.72
19050,4051,51,3,40.19
19051,4052,52,4,91.4
19052,4053,53,1,52.76
19053,4054,54,2,48.47
19054,4055,55,3,8.2
19055,4056,56,4,35.89
19056,4057,57,1,6.4
19057,4058,58,2,96.04
19058,4059,59,3,57.09
19059,4060,60,4,76.5
19060,4061,61,1,45.1
19061,4062,62,2,94.69
19062,4063,63,3,81.4
19063,4064,64,4,38.21
19064,4065,65,1,49.9
19065,4066,66,2,45.63
19066,4067,67,3,43.62
19067,4068,68,4,16.68
19068,4069,69,1,66.45
19069,4070,70,2,53.58
19070,4071,71,3,71.22
19071,4072,72,4,89.25
19072,4073,73,1,39.29
19073,4074,74,2,17.52
19074,4075,75,3,95.3
19075,4076,76,4,71.4
19076,4077,77,1,35.07
19077,4078,78,2,31.31
19078,4079,79,3,61.22
19079,4080,80,4,47.19
19080,4081,81,1,50.44
19081,4082,82,2,66.01
19082,4083,83,3,62.26
19083,4084,84,4,10.48
19084,4085,85,1,51.32
19085,4086,86,2,18.53
19086,4087,87,3,76.86
19087,4088,88,4,52.22
19088,4089,89,1,32.13
19089,4090,90,2,48.35
19090,4091,91,3,7.35
19091,4092,92,4,36.44
19092,4093,93,1,82.35
19093,4094,94,2,15.42
19094,4095,95,3,56.68
19095,4096,96,4,48.83
19096,4097,97,1,97.42
19097,4098,98,2,28.34
19098,4099,99,3,45.72
19099,4100,100,4,58.75
19100,4101,101,1,26.86
19101,4102,102,2,28.66
19102,4103,103,3,18.5
19103,4104,104,4,25.29
19104,4105,105,1,58.64
19105,4106,106,2,80.06
19106,4107,107,3,57.47
19107,4108,108,4,18.78
19108,4109,109,1,40.82
19109,4110,110,2,93.12
19110,4111,111,3,47.32
19111,4112,112,4,55.1
19112,4113,113,1,47.13
19113,4114,114,2,61.3
19114,4115,115,3,94.34
19115,4116,116,4,103.3
19116,4117,117,1,11.04
19117,4118,118,2,41.04
19118,4119,119,3,42.29
19119,4120,120,4,31.87
19120,4121,121,1,60.46
19121,4122,122,2,60.96
19122,4123,123,3,36.22
19123,4124,124,4,54.06
19124,4125,125,1,97.61
19125,4126,126,2,75.6
19126,4127,127,3,88.24
19127,4128,128,4,62.96
19128,4129,129,1,46.04
19129,4130,130,2,53.1
19130,4131,131,3,67.69
19131,4132,132,4,5.41
19132,4133,133,1,44.88
19133,4134,134,2,10.23
19134,4135,135,3,12.71
19135,4136,136,4,87.19
19136,4137,137,1,46.26
19137,4138,138,2,33.54
19138,4139,139,3,44.04
19139,4140,140,4,87.8
19140,4141,141,1,63.55
19141,4142,142,2,48.39
19142,4143,143,3,33.47
19143,4144,144,4,83.32
19144,4145,145,1,61.66
19145,4146,146,2,90.71
19146,4147,147,3,5.64
19147,4148,148,4,64.73
19148,4149,149,1,47.97
19149,4150,150,2,40.56
19150,4151,151,3,71.6
19151,4152,152,4,92.3
19152,4153,153,1,35.89
19153,4154,154,2,99.28
19154,4155,155,3,98.55
19155,4156,156,4,29.86
19156,4157,157,1,10.47
19157,4158,158,2,52.46
19158,4159,159,3,56.89
19159,4160,160,4,31.88
19160,4161,161,1,45.01
19161,4162,162,2,70.45
19162,4163,163,3,91.92
19163,4164,164,4,77.72
19164,4165,165,1,91.22
19165,4166,166,2,70.08
19166,4167,167,3,20.63
19167,4168,168,4,87.23
19168,4169,169,1,96.13
19169,4170,170,2,36.48
19170,4171,171,3,87.13
19171,4172,172,4,18.05
19172,4173,173,1,71.52
19173,4174,174,2,59.99
19174,4175,175,3,55.64
19175,4176,176,4,94.29
19176,4177,177,1,73.65
19177,4178,178,2,87.45
19178,4179,179,3,10.65
19179,4180,180,4,82.37
19180,4181,181,1,24.83
19181,4182,182,2,15.9
19182,4183,183,3,104.19
19183,4184,184,4,42.35
19184,4185,185,1,82.41
19185,4186,186,2,44.99
19186,4187,187,3,93.66
19187,4188,188,4,9.58
19188,4189,189,1,49.74
19189,4190,190,2,67.72
19190,4191,191,3,72.88
19191,4192,192,4,45.4
19192,4193,193,1,95.77
19193,4194,194,2,91.45
19194,4195,195,3,86.38
19195,4196,196,4,14.32
19196,4197,197,1,71.89
19197,4198,198,2,30.28
19198,4199,199,3,68.93
19199,4200,200,4,40.76
19200,4201,1,1,100.05
19201,4202,2,2,45.71
19202,4203,3,3,22.61
19203,4204,4,4,102.87
19204,4205,5,1,104.39
19205,4206,6,2,95.82
19206,4207,7,3,30.72
19207,4208,8,4,36.01
19208,4209,9,1,62.53
19209,4210,10,2,35.66
19210,4211,11,3,72.15
19211,4212,12,4,38.84
19212,4213,13,1,96.76
19213,4214,14,2,72.37
19214,4215,15,3,96.45
19215,4216,16,4,11.09
19216,4217,17,1,36.99
19217,4218,18,2,24.25
19218,4219,19,3,54.91
19219,4220,20,4,54.03
19220,4221,21,1,89.98
19221,4222,22,2,12.95
19222,4223,23,3,104.6
19223,4224,24,4,6.49
19224,4225,25,1,55.83
19225,4226,26,2,75.11
19226,4227,27,3,92.72
19227,4228,28,4,24.22
19228,4229,29,1,88.85
19229,4230,30,2,95.32
19230,4231,31,3,59.94
19231,4232,32,4,77.12
19232,4233,33,1,39.34
19233,4234,34,2,64.95
19234,4235,35,3,95.03
19235,4236,36,4,54.35
19236,4237,37,1,36.64
19237,4238,38,2,98.2
19238,4239,39,3,23.73
19239,4240,40,4,31.03
19240,4241,41,1,11.98
19241,4242,42,2,39.43
19242,4243,43,3,37.31
19243,4244,44,4,101.23
19244,4245,45,1,101.44
19245,4246,46,2,78.78
19246,4247,47,3,89.05
19247,4248,48,4,21.47
19248,4249,49,1,27.84
19249,4250,50,2,85.58
19250,4251,51,3,14.9
19251,4252,52,4,97.36
19252,4253,53,1,32.38
19253,4254,54,2,28.1
19254,4255,55,3,96.03
19255,4256,56,4,29.61
19256,4257,57,1,101.62
19257,4258,58,2,18.39
19258,4259,59,3,100.96
19259,4260,60,4,50.8
19260,4261,61,1,32.93
19261,4262,62,2,69.34
19262,4263,63,3,33.73
19263,4264,64,4,27.79
19264,4265,65,1,76.76
19265,4266,66,2,19.55
19266,4267,67,3,75.22
19267,4268,68,4,39.51
19268,4269,69,1,50.65
19269,4270,70,2,47.86
19270,4271,71,3,96.89
19271,4272,72,4,54.89
19272,4273,73,1,69.36
19273,4274,74,2,33.24
19274,4275,75,3,75.74
19275,4276,76,4,34.49
19276,4277,77,1,90.68
19277,4278,78,2,52.24
19278,4279,79,3,50.44
19279,4280,80,4,31.18
19280,4281,81,1,68.65
19281,4282,82,2,44.33
19282,4283,83,3,32.39
19283,4284,84,4,67.04
19284,4285,85,1,20.03
19285,4286,86,2,91.79
19286,4287,87,3,78.87
19287,4288,88,4,55.99
19288,4289,89,1,71.15
19289,4290,90,2,34.58
19290,4291,91,3,61.29
19291,4292,92,4,6.02
19292,4293,93,1,50.07
19293,4294,94,2,94.79
19294,4295,95,3,70.91
19295,4296,96,4,12.45
19296,4297,97,1,8.22
19297,4298,98,2,62.23
19298,4299,99,3,60.9
19299,4300,100,4,34.16
19300,4301,101,1,22.37
19301,4302,102,2,55.79
19302,4303,103,3,62.89
19303,4304,104,4,29.76
19304,4305,105,1,42.93
19305,4306,106,2,30.97
19306,4307,107,3,17.11
19307,4308,108,4,55.28
19308,4309,109,1,47.37
19309,4310,110,2,55.59
19310,4311,111,3,101.04
19311,4312,112,4,51.98
19312,4313,113,1,82.48
19313,4314,114,2,101.75
19314,4315,115,3,91.66
19315,4316,116,4,22.99
19316,4317,117,1,56.57
19317,4318,118,2,12.14
19318,4319,119,3,39.24
19319,4320,120,4,41.37
19320,4321,121,1,61.38
19321,4322,122,2,61.79
19322,4323,123,3,41.17
19323,4324,124,4,89.86
19324,4325,125,1,57.88
19325,4326,126,2,31.1
19326,4327,127,3,31.45
19327,4328,128,4,103.8
19328,4329,129,1,94.22
19329,4330,130,2,40.03
19330,4331,131,3,16.7
19331,4332,132,4,19.74
19332,4333,133,1,82.06
19333,4334,134,2,33.68
19334,4335,135,3,96.91
19335,4336,136,4,32.52
19336,4337,137,1,76.67
19337,4338,138,2,51.74
19338,4339,139,3,7.68
19339,4340,140,4,82.22
19340,4341,141,1,46.44
19341,4342,142,2,70.23
19342,4343,143,3,12.11
19343,4344,144,4,78.37
19344,4345,145,1,64.09
19345,4346,146,2,66.04
19346,4347,147,3,34.25
19347,4348,148,4,37.27
19348,4349,149,1,49.98
19349,4350,150,2,79.95
19350,4351,151,3,70.58
19351,4352,152,4,31.95
19352,4353,153,1,37.61
19353,4354,154,2,7.05
19354,4355,155,3,52.26
19355,4356,156,4,104.68
19356,4357,157,1,77.82
19357,4358,158,2,17.35
19358,4359,159,3,57.3
19359,4360,160,4,12.33
19360,4361,161,1,15.08
19361,4362,162,2,12.14
19362,4363,163,3,44.34
19363,4364,164,4,68.74
19364,4365,165,1,14.47
19365,4366,166,2,71.0
19366,4367,167,3,12.87
19367,4368,168,4,30.6
19368,4369,169,1,81.82
19369,4370,170,2,102.47
19370,4371,171,3,55.52
19371,4372,172,4,26.74
19372,4373,173,1,51.44
19373,4374,174,2,102.16
19374,4375,175,3,10.18
19375,4376,176,4,10.82
19376,4377,177,1,90.57
19377,4378,178,2,49.39
19378,4379,179,3,67.17
19379,4380,180,4,99.7
19380,4381,181,1,77.15
19381,4382,182,2,68.85
19382,4383,183,3,98.26
19383,4384,184,4,43.48
19384,4385,185,1,26.73
19385,4386,186,2,49.38
19386,4387,187,3,22.93
19387,4388,188,4,30.54
19388,4389,189,1,70.68
19389,4390,190,2,81.3
19390,4391,191,3,103.81
19391,4392,192,4,18.0
19392,4393,193,1,38.47
19393,4394,194,2,20.29
19394,4395,195,3,100.78
19395,4396,196,4,54.6
19396,4397,197,1,57.53
19397,4398,198,2,30.53
19398,4399,199,3,54.11
19399,4400,200,4,53.13
19400,4401,1,1,67.15
19401,4402,2,2,84.11
19402,4403,3,3,89.77
19403,4404,4,4,29.16
19404,4405,5,1,65.43
19405,4406,6,2,56.71
19406,4407,7,3,54.46
19407,4408,8,4,37.88
19408,4409,9,1,75.04
19409,4410,10,2,70.18
19410,4411,11,3,67.03
19411,4412,12,4,67.17
19412,4413,13,1,88.58
19413,4414,14,2,24.52
19414,4415,15,3,61.57
19415,4416,16,4,15.88
19416,4417,17,1,56.92
19417,4418,18,2,41.19
19418,4419,19,3,31.77
19419,4420,20,4,91.64
19420,4421,21,1,85.65
19421,4422,22,2,59.53
19422,4423,23,3,27.45
19423,4424,24,4,55.69
19424,4425,25,1,41.23
19425,4426,26,2,102.31
19426,4427,27,3,94.03
19427,4428,28,4,20.36
19428,4429,29,1,21.56
19429,4430,30,2,85.86
19430,4431,31,3,79.24
19431,4432,32,4,6.79
19432,4433,33,1,46.94
19433,4434,34,2,96.79
19434,4435,35,3,15.47
19435,4436,36,4,65.33
19436,4437,37,1,62.73
19437,4438,38,2,21.59
19438,4439,39,3,97.85
19439,4440,40,4,49.63
19440,4441,41,1,85.1
19441,4442,42,2,88.12
19442,4443,43,3,104.39
19443,4444,44,4,100.77
19444,4445,45,1,41.11
19445,4446,46,2,38.15
19446,4447,47,3,27.39
19447,4448,48,4,101.12
19448,4449,49,1,12.07
19449,4450,50,2,69.76
19450,4451,51,3,62.41
19451,4452,52,4,82.41
19452,4453,53,1,12.12
19453,4454,54,2,71.51
19454,4455,55,3,69.11
19455,4456,56,4,86.73
19456,4457,57,1,37.95
19457,4458,58,2,43.29
19458,4459,59,3,11.36
19459,4460,60,4,88.18
19460,4461,61,1,79.94
19461,4462,62,2,90.94
19462,4463,63,3,42.95
19463,4464,64,4,68.04
19464,4465,65,1,19.25
19465,4466,66,2,85.26
19466,4467,67,3,85.18
19467,4468,68,4,83.59
19468,4469,69,1,22.15
19469,4470,70,2,57.83
19470,4471,71,3,35.77
19471,4472,72,4,66.08
19472,4473,73,1,61.31
19473,4474,74,2,93.78
19474,4475,75,3,87.17
19475,4476,76,4,72.03
19476,4477,77,1,80.53
19477,4478,78,2,92.79
19478,4479,79,3,10.64
19479,4480,80,4,5.5
19480,4481,81,1,17.06
19481,4482,82,2,17.52
19482,4483,83,3,37.56
19483,4484,84,4,56.27
19484,4485,85,1,70.18
19485,4486,86,2,92.46
19486,4487,87,3,83.56
19487,4488,88,4,24.33
19488,4489,89,1,66.41
19489,4490,90,2,5.28
19490,4491,91,3,95.03
19491,4492,92,4,93.71
19492,4493,93,1,88.47
19493,4494,94,2,43.31
19494,4495,95,3,64.81
19495,4496,96,4,22.06
19496,4497,97,1,60.63
19497,4498,98,2,68.37
19498,4499,99,3,95.69
19499,4500,100,4,73.37
19500,4501,101,1,75.89
19501,4502,102,2,97.55
19502,4503,103,3,54.79
19503,4504,104,4,72.55
19504,4505,105,1,84.34
19505,4506,106,2,82.47
19506,4507,107,3,22.9
19507,4508,108,4,96.08
19508,4509,109,1,72.63
19509,4510,110,2,52.57
19510,4511,111,3,24.44
19511,4512,112,4,12.67
19512,4513,113,1,93.18
19513,4514,114,2,21.35
19514,4515,115,3,31.01
19515,4516,116,4,84.32
19516,4517,117,1,58.91
19517,4518,118,2,18.4
19518,4519,119,3,70.63
19519,4520,120,4,49.45
19520,4521,121,1,49.61
19521,4522,122,2,24.28
19522,4523,123,3,14.7
19523,4524,124,4,91.11
19524,4525,125,1,34.98
19525,4526,126,2,70.41
19526,4527,127,3,31.77
19527,4528,128,4,83.3
19528,4529,129,1,16.5
19529,4530,130,2,75.65
19530,4531,131,3,42.56
19531,4532,132,4,32.02
19532,4533,133,1,101.91
19533,4534,134,2,62.47
19534,4535,135,3,102.22
19535,4536,136,4,81.29
19536,4537,137,1,43.44
19537,4538,138,2,68.3
19538,4539,139,3,71.91
19539,4540,140,4,60.29
19540,4541,141,1,5.63
19541,4542,142,2,62.47
19542,4543,143,3,98.22
19543,4544,144,4,87.87
19544,4545,145,1,81.69
19545,4546,146,2,49.68
19546,4547,147,3,71.48
19547,4548,148,4,89.38
19548,4549,149,1,50.05
19549,4550,150,2,97.35
19550,4551,151,3,71.58
19551,4552,152,4,46.4
19552,4553,153,1,38.14
19553,4554,154,2,69.71
19554,4555,155,3,10.88
19555,4556,156,4,72.39
19556,4557,157,1,94.57
19557,4558,158,2,20.61
19558,4559,159,3,13.87
19559,4560,160,4,95.79
19560,4561,161,1,84.03
19561,4562,162,2,98.77
19562,4563,163,3,13.96
19563,4564,164,4,58.13
19564,4565,165,1,50.29
19565,4566,166,2,104.72
19566,4567,167,3,52.69
19567,4568,168,4,62.91
19568,4569,169,1,32.39
19569,4570,170,2,87.87
19570,4571,171,3,42.33
19571,4572,172,4,47.96
19572,4573,173,1,96.18
19573,4574,174,2,66.92
19574,4575,175,3,85.6
19575,4576,176,4,77.82
19576,4577,177,1,73.63
19577,4578,178,2,84.62
19578,4579,179,3,101.86
19579,4580,180,4,76.99
19580,4581,181,1,10.46
19581,4582,182,2,32.03
19582,4583,183,3,32.21
19583,4584,184,4,5.15
19584,4585,185,1,13.12
19585,4586,186,2,103.72
19586,4587,187,3,44.22
19587,4588,188,4,42.2
19588,4589,189,1,50.36
19589,4590,190,2,74.44
19590,4591,191,3,51.14
19591,4592,192,4,46.93
19592,4593,193,1,69.24
19593,4594,194,2,81.98
19594,4595,195,3,97.81
19595,4596,196,4,41.28
19596,4597,197,1,50.8
19597,4598,198,2,24.26
19598,4599,199,3,18.93
19599,4600,200,4,69.29
19600,4601,1,1,52.97
19601,4602,2,2,35.09
19602,4603,3,3,81.45
19603,4604,4,4,38.76
19604,4605,5,1,48.32
19605,4606,6,2,37.44
19606,4607,7,3,7.1
19607,4608,8,4,80.23
19608,4609,9,1,77.65
19609,4610,10,2,29.13
19610,4611,11,3,10.45
19611,4612,12,4,83.34
19612,4613,13,1,94.12
19613,4614,14,2,47.62
19614,4615,15,3,75.27
19615,4616,16,4,16.73
19616,4617,17,1,75.3
19617,4618,18,2,68.65
19618,4619,19,3,91.38
19619,4620,20,4,88.79
19620,4621,21,1,88.77
19621,4622,22,2,100.08
19622,4623,23,3,38.44
19623,4624,24,4,89.98
19624,4625,25,1,94.74
19625,4626,26,2,26.97
19626,4627,27,3,88.53
19627,4628,28,4,6.27
19628,4629,29,1,25.38
19629,4630,30,2,92.52
19630,4631,31,3,34.63
19631,4632,32,4,59.32
19632,4633,33,1,5.01
19633,4634,34,2,54.07
19634,4635,35,3,57.82
19635,4636,36,4,68.49
19636,4637,37,1,88.21
19637,4638,38,2,19.89
19638,4639,39,3,25.24
19639,4640,40,4,98.46
19640,4641,41,1,85.31
19641,4642,42,2,42.78
19642,4643,43,3,40.16
19643,4644,44,4,10.62
19644,4645,45,1,16.16
19645,4646,46,2,89.22
19646,4647,47,3,48.18
19647,4648,48,4,17.18
19648,4649,49,1,65.39
19649,4650,50,2,27.03
19650,4651,51,3,89.74
19651,4652,52,4,50.96
19652,4653,53,1,38.17
19653,4654,54,2,10.86
19654,4655,55,3,16.84
19655,4656,56,4,51.01
19656,4657,57,1,88.99
19657,4658,58,2,68.98
19658,4659,59,3,73.11
19659,4660,60,4,49.31
19660,4661,61,1,48.07
19661,4662,62,2,25.27
19662,4663,63,3,64.44
19663,4664,64,4,102.88
19664,4665,65,1,46.24
19665,4666,66,2,8.23
19666,4667,67,3,98.01
19667,4668,68,4,43.72
19668,4669,69,1,9.87
19669,4670,70,2,51.12
19670,4671,71,3,66.59
19671,4672,72,4,87.74
19672,4673,73,1,91.3
19673,4674,74,2,19.96
19674,4675,75,3,91.28
19675,4676,76,4,56.13
19676,4677,77,1,6.84
19677,4678,78,2,71.95
19678,4679,79,3,54.01
19679,4680,80,4,56.71
19680,4681,81,1,76.21
19681,4682,82,2,50.23
19682,4683,83,3,61.32
19683,4684,84,4,55.84
19684,4685,85,1,55.47
19685,4686,86,2,30.6
19686,4687,87,3,26.68
19687,4688,88,4,39.82
19688,4689,89,1,45.33
19689,4690,90,2,58.1
19690,4691,91,3,44.17
19691,4692,92,4,73.66
19692,4693,93,1,104.62
19693,4694,94,2,49.7
19694,4695,95,3,30.36
19695,4696,96,4,55.22
19696,4697,97,1,98.88
19697,4698,98,2,28.43
19698,4699,99,3,92.27
19699,4700,100,4,99.5
19700,4701,101,1,61.99
19701,4702,102,2,49.03
19702,4703,103,3,94.94
19703,4704,104,4,30.73
19704,4705,105,1,86.44
19705,4706,106,2,64.04
19706,4707,107,3,40.49
19707,4708,108,4,16.57
19708,4709,109,1,104.43
19709,4710,110,2,90.2
19710,4711,111,3,85.19
19711,4712,112,4,26.61
19712,4713,113,1,50.23
19713,4714,114,2,20.14
19714,4715,115,3,70.79
19715,4716,116,4,11.56
19716,4717,117,1,37.75
19717,4718,118,2,49.61
19718,4719,119,3,78.19
19719,4720,120,4,101.71
19720,4721,121,1,32.7
19721,4722,122,2,58.57
19722,4723,123,3,95.63
19723,4724,124,4,23.25
19724,4725,125,1,34.38
19725,4726,126,2,88.23
19726,4727,127,3,35.86
19727,4728,128,4,65.91
19728,4729,129,1,87.99
19729,4730,130,2,84.58
19730,4731,131,3,86.31
19731,4732,132,4,69.07
19732,4733,133,1,49.94
19733,4734,134,2,47.01
19734,4735,135,3,37.61
19735,4736,136,4,61.79
19736,4737,137,1,72.01
19737,4738,138,2,21.77
19738,4739,139,3,86.02
19739,4740,140,4,26.66
19740,4741,141,1,15.58
19741,4742,142,2,95.63
19742,4743,143,3,45.83
19743,4744,144,4,28.58
19744,4745,145,1,103.34
19745,4746,146,2,13.58
19746,4747,147,3,27.27
19747,4748,148,4,93.2
19748,4749,149,1,87.97
19749,4750,150,2,11.27
19750,4751,151,3,15.62
19751,4752,152,4,77.71
19752,4753,153,1,75.92
19753,4754,154,2,43.12
19754,4755,155,3,63.02
19755,4756,156,4,7.34
19756,4757,157,1,32.58
19757,4758,158,2,49.01
19758,4759,159,3,9.82
19759,4760,160,4,48.22
19760,4761,161,1,35.53
19761,4762,162,2,64.84
19762,4763,163,3,11.0
19763,4764,164,4,39.71
19764,4765,165,1,85.54
19765,4766,166,2,11.49
19766,4767,167,3,14.82
19767,4768,168,4,81.06
19768,4769,169,1,66.62
19769,4770,170,2,95.78
19770,4771,171,3,54.45
19771,4772,172,4,61.46
19772,4773,173,1,14.31
19773,4774,174,2,91.54
19774,4775,175,3,67.6
19775,4776,176,4,12.26
19776,4777,177,1,102.74
19777,4778,178,2,21.05
19778,4779,179,3,83.96
19779,4780,180,4,58.49
19780,4781,181,1,10.43
19781,4782,182,2,67.36
19782,4783,183,3,89.39
19783,4784,184,4,47.6
19784,4785,185,1,72.82
19785,4786,186,2,69.05
19786,4787,187,3,87.69
19787,4788,188,4,57.26
19788,4789,189,1,94.25
19789,4790,190,2,88.26
19790,4791,191,3,35.83
19791,4792,192,4,13.07
19792,4793,193,1,94.65
19793,4794,194,2,47.66
19794,4795,195,3,77.25
19795,4796,196,4,14.6
19796,4797,197,1,52.69
19797,4798,198,2,51.66
19798,4799,199,3,20.21
19799,4800,200,4,65.93
19800,4801,1,1,21.32
19801,4802,2,2,5.2
19802,4803,3,3,93.86
19803,4804,4,4,51.88
19804,4805,5,1,60.71
19805,4806,6,2,7.98
19806,4807,7,3,79.04
19807,4808,8,4,79.4
19808,4809,9,1,39.46
19809,4810,10,2,20.36
19810,4811,11,3,104.89
19811,4812,12,4,6.16
19812,4813,13,1,67.31
19813,4814,14,2,52.96
19814,4815,15,3,76.17
19815,4816,16,4,63.94
19816,4817,17,1,75.22
19817,4818,18,2,75.17
19818,4819,19,3,22.66
19819,4820,20,4,104.85
19820,4821,21,1,8.35
19821,4822,22,2,10.87
19822,4823,23,3,13.35
19823,4824,24,4,11.45
19824,4825,25,1,83.64
19825,4826,26,2,91.48
19826,4827,27,3,14.24
19827,4828,28,4,39.75
19828,4829,29,1,60.84
19829,4830,30,2,48.52
19830,4831,31,3,82.32
19831,4832,32,4,73.63
19832,4833,33,1,66.08
19833,4834,34,2,68.37
19834,4835,35,3,51.82
19835,4836,36,4,31.4
19836,4837,37,1,100.97
19837,4838,38,2,66.0
19838,4839,39,3,63.98
19839,4840,40,4,89.28
19840,4841,41,1,91.38
19841,4842,42,2,98.22
19842,4843,43,3,23.11
19843,4844,44,4,41.29
19844,4845,45,1,64.91
19845,4846,46,2,8.79
19846,4847,47,3,6.0
19847,4848,48,4,91.09
19848,4849,49,1,85.98
19849,4850,50,2,28.24
19850,4851,51,3,31.24
19851,4852,52,4,67.28
19852,4853,53,1,18.39
19853,4854,54,2,19.49
19854,4855,55,3,96.93
19855,4856,56,4,53.63
19856,4857,57,1,80.98
19857,4858,58,2,10.49
19858,4859,59,3,37.74
19859,4860,60,4,35.59
19860,4861,61,1,72.9
19861,4862,62,2,47.26
19862,4863,63,3,22.23
19863,4864,64,4,66.7
19864,4865,65,1,79.35
19865,4866,66,2,79.14
19866,4867,67,3,31.39
19867,4868,68,4,74.41
19868,4869,69,1,30.61
19869,4870,70,2,83.78
19870,4871,71,3,14.14
19871,4872,72,4,57.26
19872,4873,73,1,5.42
19873,4874,74,2,17.07
19874,4875,75,3,69.8
19875,4876,76,4,38.89
19876,4877,77,1,45.54
19877,4878,78,2,32.65
19878,4879,79,3,14.97
19879,4880,80,4,101.56
19880,4881,81,1,92.01
19881,4882,82,2,15.27
19882,4883,83,3,67.26
19883,4884,84,4,81.28
19884,4885,85,1,41.25
19885,4886,86,2,41.84
19886,4887,87,3,102.63
19887,4888,88,4,20.71
19888,4889,89,1,98.51
19889,4890,90,2,52.06
19890,4891,91,3,6.39
19891,4892,92,4,80.81
19892,4893,93,1,65.98
19893,4894,94,2,29.22
19894,4895,95,3,51.28
19895,4896,96,4,94.72
19896,4897,97,1,86.58
19897,4898,98,2,19.97
19898,4899,99,3,103.06
19899,4900,100,4,27.04
19900,4901,101,1,32.88
19901,4902,102,2,30.11
19902,4903,103,3,19.47
19903,4904,104,4,78.88
19904,4905,105,1,61.89
19905,4906,106,2,84.77
19906,4907,107,3,53.26
19907,4908,108,4,62.61
19908,4909,109,1,48.25
19909,4910,110,2,99.31
19910,4911,111,3,21.58
19911,4912,112,4,5.65
19912,4913,113,1,24.73
19913,4914,114,2,27.27
19914,4915,115,3,6.9
19915,4916,116,4,47.03
19916,4917,117,1,30.9
19917,4918,118,2,74.08
19918,4919,119,3,82.13
19919,4920,120,4,77.04
19920,4921,121,1,9.43
19921,4922,122,2,94.33
19922,4923,123,3,83.19
19923,4924,124,4,22.07
19924,4925,125,1,94.23
19925,4926,126,2,9.17
19926,4927,127,3,90.79
19927,4928,128,4,59.11
19928,4929,129,1,56.94
19929,4930,130,2,23.72
19930,4931,131,3,78.47
19931,4932,132,4,57.16
19932,4933,133,1,79.85
19933,4934,134,2,62.65
19934,4935,135,3,91.73
19935,4936,136,4,79.92
19936,4937,137,1,7.33
19937,4938,138,2,47.78
19938,4939,139,3,80.27
19939,4940,140,4,68.0
19940,4941,141,1,41.12
19941,4942,142,2,55.66
19942,4943,143,3,51.3
19943,4944,144,4,26.76
19944,4945,145,1,6.95
19945,4946,146,2,11.05
19946,4947,147,3,40.21
19947,4948,148,4,18.3
19948,4949,149,1,72.64
19949,4950,150,2,46.81
19950,4951,151,3,80.57
19951,4952,152,4,98.71
19952,4953,153,1,71.44
19953,4954,154,2,102.2
19954,4955,155,3,104.36
19955,4956,156,4,42.33
19956,4957,157,1,7.01
19957,4958,158,2,13.44
19958,4959,159,3,24.8
19959,4960,160,4,18.57
19960,4961,161,1,99.11
19961,4962,162,2,79.73
19962,4963,163,3,103.82
19963,4964,164,4,26.5
19964,4965,165,1,35.07
19965,4966,166,2,14.55
19966,4967,167,3,95.45
19967,4968,168,4,33.56
19968,4969,169,1,99.31
19969,4970,170,2,52.68
19970,4971,171,3,38.75
19971,4972,172,4,42.97
19972,4973,173,1,74.8
19973,4974,174,2,55.93
19974,4975,175,3,72.56
19975,4976,176,4,26.15
19976,4977,177,1,53.76
19977,4978,178,2,28.64
19978,4979,179,3,48.96
19979,4980,180,4,64.01
19980,4981,181,1,58.71
19981,4982,182,2,5.79
19982,4983,183,3,8.1
19983,4984,184,4,85.88
19984,4985,185,1,102.11
19985,4986,186,2,38.28
19986,4987,187,3,55.59
19987,4988,188,4,58.96
19988,4989,189,1,63.33
19989,4990,190,2,78.86
19990,4991,191,3,12.53
19991,4992,192,4,22.58
19992,4993,193,1,20.0
19993,4994,194,2,83.28
19994,4995,195,3,27.3
19995,4996,196,4,70.9
19996,4997,197,1,66.17
19997,4998,198,2,85.11
19998,4999,199,3,38.01
19999,5000,200,4,73.79
20000,5001,1,1,41.38
20001,5002,2,2,24.53
20002,5003,3,3,69.52
20003,5004,4,4,84.21
20004,5005,5,1,43.89
20005,5006,6,2,85.64
20006,5007,7,3,38.22
20007,5008,8,4,20.85
20008,5009,9,1,37.77
20009,5010,10,2,43.34
20010,5011,11,3,98.93
20011,5012,12,4,20.32
20012,5013,13,1,59.17
20013,5014,14,2,92.68
20014,5015,15,3,25.55
20015,5016,16,4,33.06
20016,5017,17,1,45.78
20017,5018,18,2,30.64
20018,5019,19,3,31.88
20019,5020,20,4,103.26
20020,5021,21,1,63.81
20021,5022,22,2,73.72
20022,5023,23,3,43.66
20023,5024,24,4,25.97
20024,5025,25,1,10.69
20025,5026,26,2,12.52
20026,5027,27,3,72.78
20027,5028,28,4,99.26
20028,5029,29,1,9.44
20029,5030,30,2,77.89
20030,5031,31,3,62.03
20031,5032,32,4,84.74
20032,5033,33,1,25.24
20033,5034,34,2,64.88
20034,5035,35,3,38.99
20035,5036,36,4,8.69
20036,5037,37,1,43.43
20037,5038,38,2,89.89
20038,5039,39,3,24.97
20039,5040,40,4,77.04
20040,5041,41,1,66.64
20041,5042,42,2,12.06
20042,5043,43,3,19.57
20043,5044,44,4,63.22
20044,5045,45,1,104.99
20045,5046,46,2,42.77
20046,5047,47,3,35.61
20047,5048,48,4,23.55
20048,5049,49,1,55.68
20049,5050,50,2,75.11
20050,5051,51,3,84.5
20051,5052,52,4,15.58
20052,5053,53,1,10.72
20053,5054,54,2,47.15
20054,5055,55,3,24.07
20055,5056,56,4,6.25
20056,5057,57,1,42.66
20057,5058,58,2,38.31
20058,5059,59,3,100.35
20059,5060,60,4,80.56
20060,5061,61,1,96.29
20061,5062,62,2,36.6
20062,5063,63,3,8.46
20063,5064,64,4,63.13
20064,5065,65,1,66.35
20065,5066,66,2,12.33
20066,5067,67,3,26.43
20067,5068,68,4,21.81
20068,5069,69,1,57.87
20069,5070,70,2,66.45
20070,5071,71,3,72.51
20071,5072,72,4,87.29
20072,5073,73,1,72.74
20073,5074,74,2,99.32
20074,5075,75,3,93.96
20075,5076,76,4,80.97
20076,5077,77,1,56.9
20077,5078,78,2,43.36
20078,5079,79,3,8.11
20079,5080,80,4,11.86
20080,5081,81,1,93.44
20081,5082,82,2,5.36
20082,5083,83,3,14.95
20083,5084,84,4,64.58
20084,5085,85,1,22.44
20085,5086,86,2,100.88
20086,5087,87,3,75.4
20087,5088,88,4,7.57
20088,5089,89,1,83.0
20089,5090,90,2,46.4
20090,5091,91,3,7.93
20091,5092,92,4,70.02
20092,5093,93,1,103.16
20093,5094,94,2,71.23
20094,5095,95,3,33.62
20095,5096,96,4,83.21
20096,5097,97,1,32.2
20097,5098,98,2,85.22
20098,5099,99,3,53.8
20099,5100,100,4,82.96
20100,5101,101,1,89.04
20101,5102,102,2,22.38
20102,5103,103,3,90.89
20103,5104,104,4,76.4
20104,5105,105,1,54.44
20105,5106,106,2,54.58
20106,5107,107,3,46.67
20107,5108,108,4,91.4
20108,5109,109,1,83.13
20109,5110,110,2,27.37
20110,5111,111,3,99.27
20111,5112,112,4,76.51
20112,5113,113,1,12.59
20113,5114,114,2,97.22
20114,5115,115,3,10.48
20115,5116,116,4,35.44
20116,5117,117,1,56.25
20117,5118,118,2,34.7
20118,5119,119,3,29.07
20119,5120,120,4,82.11
20120,5121,121,1,103.34
20121,5122,122,2,62.0
20122,5123,123,3,53.82
20123,5124,124,4,100.86
20124,5125,125,1,42.58
20125,5126,126,2,76.6
20126,5127,127,3,31.14
20127,5128,128,4,16.72
20128,5129,129,1,17.15
20129,5130,130,2,80.92
20130,5131,131,3,8.29
20131,5132,132,4,86.07
20132,5133,133,1,89.82
20133,5134,134,2,52.25
20134,5135,135,3,51.27
20135,5136,136,4,64.84
20136,5137,137,1,76.34
20137,5138,138,2,74.25
20138,5139,139,3,27.84
20139,5140,140,4,17.3
20140,5141,141,1,101.45
20141,5142,142,2,40.68
20142,5143,143,3,74.18
20143,5144,144,4,35.92
20144,5145,145,1,5.74
20145,5146,146,2,10.73
20146,5147,147,3,73.6
20147,5148,148,4,15.69
20148,5149,149,1,12.22
20149,5150,150,2,57.78
20150,5151,151,3,49.78
20151,5152,152,4,80.12
20152,5153,153,1,35.84
20153,5154,154,2,75.33
20154,5155,155,3,91.87
20155,5156,156,4,54.39
20156,5157,157,1,36.47
20157,5158,158,2,59.44
20158,5159,159,3,14.19
20159,5160,160,4,12.94
20160,5161,161,1,36.75
20161,5162,162,2,86.19
20162,5163,163,3,7.42
20163,5164,164,4,26.86
20164,5165,165,1,90.7
20165,5166,166,2,16.63
20166,5167,167,3,39.41
20167,5168,168,4,91.55
20168,5169,169,1,21.75
20169,5170,170,2,44.62
20170,5171,171,3,60.32
20171,5172,172,4,61.64
20172,5173,173,1,5.97
20173,5174,174,2,39.41
20174,5175,175,3,14.69
20175,5176,176,4,9.25
20176,5177,177,1,102.36
20177,5178,178,2,87.56
20178,5179,179,3,50.97
20179,5180,180,4,70.88
20180,5181,181,1,23.09
20181,5182,182,2,37.39
20182,5183,183,3,27.55
20183,5184,184,4,91.74
20184,5185,185,1,21.99
20185,5186,186,2,24.5
20186,5187,187,3,70.23
20187,5188,188,4,12.52
20188,5189,189,1,71.25
20189,5190,190,2,100.5
20190,5191,191,3,22.66
20191,5192,192,4,90.06
20192,5193,193,1,70.27
20193,5194,194,2,61.0
20194,5195,195,3,89.73
20195,5196,196,4,88.25
20196,5197,197,1,36.17
20197,5198,198,2,12.47
20198,5199,199,3,96.59
20199,5200,200,4,32.72
20200,5201,1,1,66.61
20201,5202,2,2,13.24
20202,5203,3,3,75.45
20203,5204,4,4,86.6
20204,5205,5,1,8.59
20205,5206,6,2,51.54
20206,5207,7,3,19.28
20207,5208,8,4,54.09
20208,5209,9,1,8.63
20209,5210,10,2,79.3
20210,5211,11,3,41.45
20211,5212,12,4,74.61
20212,5213,13,1,62.14
20213,5214,14,2,60.14
20214,5215,15,3,48.39
20215,5216,16,4,89.25
20216,5217,17,1,25.47
20217,5218,18,2,73.52
20218,5219,19,3,93.5
20219,5220,20,4,27.87
20220,5221,21,1,101.06
20221,5222,22,2,41.24
20222,5223,23,3,16.2
20223,5224,24,4,45.22
20224,5225,25,1,23.75
20225,5226,26,2,18.2
20226,5227,27,3,102.41
20227,5228,28,4,8.57
20228,5229,29,1,89.31
20229,5230,30,2,62.62
20230,5231,31,3,42.79
20231,5232,32,4,16.95
20232,5233,33,1,29.43
20233,5234,34,2,92.85
20234,5235,35,3,41.32
20235,5236,36,4,12.46
20236,5237,37,1,77.92
20237,5238,38,2,38.79
20238,5239,39,3,25.69
20239,5240,40,4,70.75
20240,5241,41,1,7.93
20241,5242,42,2,44.58
20242,5243,43,3,25.3
20243,5244,44,4,91.49
20244,5245,45,1,98.42
20245,5246,46,2,88.49
20246,5247,47,3,87.7
20247,5248,48,4,19.98
20248,5249,49,1,102.55
20249,5250,50,2,52.78
20250,5251,51,3,14.34
20251,5252,52,4,89.25
20252,5253,53,1,38.8
20253,5254,54,2,68.18
20254,5255,55,3,46.96
20255,5256,56,4,38.74
20256,5257,57,1,28.65
20257,5258,58,2,9.99
20258,5259,59,3,84.54
20259,5260,60,4,27.53
20260,5261,61,1,103.03
20261,5262,62,2,100.59
20262,5263,63,3,41.19
20263,5264,64,4,32.8
20264,5265,65,1,27.13
20265,5266,66,2,15.12
20266,5267,67,3,37.01
20267,5268,68,4,55.44
20268,5269,69,1,75.26
20269,5270,70,2,7.77
20270,5271,71,3,60.26
20271,5272,72,4,15.2
20272,5273,73,1,19.16
20273,5274,74,2,42.72
20274,5275,75,3,41.06
20275,5276,76,4,14.25
20276,5277,77,1,36.01
20277,5278,78,2,56.95
20278,5279,79,3,69.84
20279,5280,80,4,31.8
20280,5281,81,1,41.27
20281,5282,82,2,101.51
20282,5283,83,3,83.16
20283,5284,84,4,27.51
20284,5285,85,1,30.57
20285,5286,86,2,68.31
20286,5287,87,3,103.54
20287,5288,88,4,91.72
20288,5289,89,1,41.08
20289,5290,90,2,76.66
20290,5291,91,3,77.63
20291,5292,92,4,100.06
20292,5293,93,1,43.85
20293,5294,94,2,79.29
20294,5295,95,3,69.28
20295,5296,96,4,10.87
20296,5297,97,1,55.2
20297,5298,98,2,81.28
20298,5299,99,3,96.49
20299,5300,100,4,7.13
20300,5301,101,1,26.36
20301,5302,102,2,5.22
20302,5303,103,3,42.53
20303,5304,104,4,39.81
20304,5305,105,1,65.0
20305,5306,106,2,59.75
20306,5307,107,3,65.4
20307,5308,108,4,45.6
20308,5309,109,1,6.58
20309,5310,110,2,64.38
20310,5311,111,3,90.16
20311,5312,112,4,81.56
20312,5313,113,1,8.23
20313,5314,114,2,101.9
20314,5315,115,3,17.0
20315,5316,116,4,103.31
20316,5317,117,1,62.84
20317,5318,118,2,21.15
20318,5319,119,3,86.48
20319,5320,120,4,51.15
20320,5321,121,1,68.4
20321,5322,122,2,85.24
20322,5323,123,3,33.06
20323,5324,124,4,14.41
20324,5325,125,1,44.15
20325,5326,126,2,20.95
20326,5327,127,3,19.54
20327,5328,128,4,68.74
20328,5329,129,1,56.52
20329,5330,130,2,99.59
20330,5331,131,3,104.16
20331,5332,132,4,78.34
20332,5333,133,1,72.39
20333,5334,134,2,39.58
20334,5335,135,3,58.79
20335,5336,136,4,79.35
20336,5337,137,1,68.65
20337,5338,138,2,88.16
20338,5339,139,3,68.9
20339,5340,140,4,83.46
20340,5341,141,1,21.47
20341,5342,142,2,19.22
20342,5343,143,3,5.35
20343,5344,144,4,89.53
20344,5345,145,1,99.57
20345,5346,146,2,102.91
20346,5347,147,3,13.03
20347,5348,148,4,7.99
20348,5349,149,1,27.74
20349,5350,150,2,83.3
20350,5351,151,3,38.94
20351,5352,152,4,33.43
20352,5353,153,1,42.66
20353,5354,154,2,34.54
20354,5355,155,3,30.25
20355,5356,156,4,83.52
20356,5357,157,1,77.26
20357,5358,158,2,76.07
20358,5359,159,3,79.62
20359,5360,160,4,16.5
20360,5361,161,1,95.69
20361,5362,162,2,98.56
20362,5363,163,3,98.77
20363,5364,164,4,38.71
20364,5365,165,1,11.44
20365,5366,166,2,34.66
20366,5367,167,3,63.05
20367,5368,168,4,40.51
20368,5369,169,1,100.72
20369,5370,170,2,101.09
20370,5371,171,3,9.97
20371,5372,172,4,67.81
20372,5373,173,1,94.77
20373,5374,174,2,103.01
20374,5375,175,3,76.89
20375,5376,176,4,40.01
20376,5377,177,1,52.05
20377,5378,178,2,102.39
20378,5379,179,3,47.47
20379,5380,180,4,96.74
20380,5381,181,1,18.52
20381,5382,182,2,49.91
20382,5383,183,3,18.9
20383,5384,184,4,30.42
20384,5385,185,1,46.28
20385,5386,186,2,14.28
20386,5387,187,3,100.39
20387,5388,188,4,66.02
20388,5389,189,1,61.55
20389,5390,190,2,99.04
20390,5391,191,3,31.11
20391,5392,192,4,10.67
20392,5393,193,1,57.15
20393,5394,194,2,31.41
20394,5395,195,3,48.06
20395,5396,196,4,34.71
20396,5397,197,1,9.12
20397,5398,198,2,88.6
20398,5399,199,3,46.83
20399,5400,200,4,48.97
20400,5401,1,1,16.23
20401,5402,2,2,10.92
20402,5403,3,3,47.79
20403,5404,4,4,21.74
20404,5405,5,1,41.3
20405,5406,6,2,38.56
20406,5407,7,3,95.81
20407,5408,8,4,25.22
20408,5409,9,1,70.84
20409,5410,10,2,23.82
20410,5411,11,3,79.3
20411,5412,12,4,50.01
20412,5413,13,1,23.65
20413,5414,14,2,23.67
20414,5415,15,3,7.82
20415,5416,16,4,62.6
20416,5417,17,1,34.92
20417,5418,18,2,11.93
20418,5419,19,3,42.0
20419,5420,20,4,72.9
20420,5421,21,1,14.62
20421,5422,22,2,29.73
20422,5423,23,3,102.78
20423,5424,24,4,66.41
20424,5425,25,1,40.1
20425,5426,26,2,59.94
20426,5427,27,3,60.45
20427,5428,28,4,60.37
20428,5429,29,1,49.56
20429,5430,30,2,66.36
20430,5431,31,3,26.13
20431,5432,32,4,89.78
20432,5433,33,1,79.29
20433,5434,34,2,66.84
20434,5435,35,3,95.38
20435,5436,36,4,7.63
20436,5437,37,1,96.72
20437,5438,38,2,81.32
20438,5439,39,3,100.2
20439,5440,40,4,21.36
20440,5441,41,1,63.5
20441,5442,42,2,70.17
20442,5443,43,3,102.56
20443,5444,44,4,48.41
20444,5445,45,1,15.91
20445,5446,46,2,86.22
20446,5447,47,3,83.14
20447,5448,48,4,99.25
20448,5449,49,1,33.49
20449,5450,50,2,32.78
20450,5451,51,3,45.88
20451,5452,52,4,99.24
20452,5453,53,1,52.95
20453,5454,54,2,30.97
20454,5455,55,3,60.5
20455,5456,56,4,40.56
20456,5457,57,1,21.96
20457,5458,58,2,94.9
20458,5459,59,3,60.51
20459,5460,60,4,97.17
20460,5461,61,1,10.8
20461,5462,62,2,73.05
20462,5463,63,3,69.88
20463,5464,64,4,104.87
20464,5465,65,1,99.26
20465,5466,66,2,29.78
20466,5467,67,3,103.42
20467,5468,68,4,101.49
20468,5469,69,1,63.03
20469,5470,70,2,20.52
20470,5471,71,3,51.85
20471,5472,72,4,6.56
20472,5473,73,1,63.01
20473,5474,74,2,93.41
20474,5475,75,3,56.46
20475,5476,76,4,16.98
20476,5477,77,1,19.43
20477,5478,78,2,39.44
20478,5479,79,3,38.49
20479,5480,80,4,88.27
20480,5481,81,1,30.09
20481,5482,82,2,57.87
20482,5483,83,3,90.83
20483,5484,84,4,37.23
20484,5485,85,1,38.36
20485,5486,86,2,6.12
20486,5487,87,3,23.57
20487,5488,88,4,97.55
20488,5489,89,1,91.9
20489,5490,90,2,59.15
20490,5491,91,3,45.94
20491,5492,92,4,88.29
20492,5493,93,1,16.78
20493,5494,94,2,81.26
20494,5495,95,3,17.22
20495,5496,96,4,88.92
20496,5497,97,1,84.17
20497,5498,98,2,57.91
20498,5499,99,3,82.9
20499,5500,100,4,23.57
20500,5501,101,1,90.62
20501,5502,102,2,85.93
20502,5503,103,3,82.14
20503,5504,104,4,93.18
20504,5505,105,1,90.02
20505,5506,106,2,38.89
20506,5507,107,3,6.51
20507,5508,108,4,48.31
20508,5509,109,1,26.93
20509,5510,110,2,6.5
20510,5511,111,3,72.07
20511,5512,112,4,27.5
20512,5513,113,1,10.31
20513,5514,114,2,61.2
20514,5515,115,3,57.73
20515,5516,116,4,6.86
20516,5517,117,1,78.76
20517,5518,118,2,68.73
20518,5519,119,3,51.39
20519,5520,120,4,45.18
20520,5521,121,1,19.23
20521,5522,122,2,73.86
20522,5523,123,3,11.52
20523,5524,124,4,91.51
20524,5525,125,1,17.3
20525,5526,126,2,6.74
20526,5527,127,3,6.27
20527,5528,128,4,53.96
20528,5529,129,1,15.15
20529,5530,130,2,50.82
20530,5531,131,3,65.19
20531,5532,132,4,102.83
20532,5533,133,1,34.32
20533,5534,134,2,96.13
20534,5535,135,3,35.65
20535,5536,136,4,98.62
20536,5537,137,1,32.73
20537,5538,138,2,89.97
20538,5539,139,3,64.11
20539,5540,140,4,103.83
20540,5541,141,1,16.64
20541,5542,142,2,35.94
20542,5543,143,3,55.98
20543,5544,144,4,84.85
20544,5545,145,1,52.08
20545,5546,146,2,60.23
20546,5547,147,3,35.52
20547,5548,148,4,16.64
20548,5549,149,1,74.18
20549,5550,150,2,68.37
20550,5551,151,3,79.51
20551,5552,152,4,42.27
20552,5553,153,1,54.53
20553,5554,154,2,65.83
20554,5555,155,3,64.95
20555,5556,156,4,51.18
20556,5557,157,1,21.35
20557,5558,158,2,42.71
20558,5559,159,3,78.69
20559,5560,160,4,27.66
20560,5561,161,1,76.6
20561,5562,162,2,26.84
20562,5563,163,3,101.33
20563,5564,164,4,99.78
20564,5565,165,1,53.9
20565,5566,166,2,9.29
20566,5567,167,3,72.64
20567,5568,168,4,68.47
20568,5569,169,1,12.88
20569,5570,170,2,71.68
20570,5571,171,3,9.03
20571,5572,172,4,45.91
20572,5573,173,1,81.48
20573,5574,174,2,73.32
20574,5575,175,3,102.56
20575,5576,176,4,97.39
20576,5577,177,1,31.56
20577,5578,178,2,73.52
20578,5579,179,3,35.82
20579,5580,180,4,7.11
20580,5581,181,1,49.83
20581,5582,182,2,56.84
20582,5583,183,3,90.59
20583,5584,184,4,20.03
20584,5585,185,1,62.73
20585,5586,186,2,55.7
20586,5587,187,3,43.47
20587,5588,188,4,74.52
20588,5589,189,1,13.58
20589,5590,190,2,68.31
20590,5591,191,3,48.15
20591,5592,192,4,98.26
20592,5593,193,1,86.03
20593,5594,194,2,67.73
20594,5595,195,3,63.3
20595,5596,196,4,52.08
20596,5597,197,1,5.74
20597,5598,198,2,73.07
20598,5599,199,3,23.61
20599,5600,200,4,28.77
20600,5601,1,1,79.94
20601,5602,2,2,49.14
20602,5603,3,3,77.89
20603,5604,4,4,26.5
20604,5605,5,1,29.94
20605,5606,6,2,9.53
20606,5607,7,3,26.79
20607,5608,8,4,12.52
20608,5609,9,1,104.53
20609,5610,10,2,24.28
20610,5611,11,3,12.51
20611,5612,12,4,39.45
20612,5613,13,1,72.4
20613,5614,14,2,76.57
20614,5615,15,3,85.48
20615,5616,16,4,79.96
20616,5617,17,1,19.29
20617,5618,18,2,17.43
20618,5619,19,3,15.87
20619,5620,20,4,104.88
20620,5621,21,1,51.13
20621,5622,22,2,97.52
20622,5623,23,3,22.06
20623,5624,24,4,49.52
20624,5625,25,1,30.53
20625,5626,26,2,58.87
20626,5627,27,3,93.58
20627,5628,28,4,80.01
20628,5629,29,1,78.3
20629,5630,30,2,36.2
20630,5631,31,3,33.06
20631,5632,32,4,101.42
20632,5633,33,1,98.17
20633,5634,34,2,84.35
20634,5635,35,3,46.76
20635,5636,36,4,35.53
20636,5637,37,1,95.27
20637,5638,38,2,103.98
20638,5639,39,3,11.42
20639,5640,40,4,14.77
20640,5641,41,1,44.64
20641,5642,42,2,58.38
20642,5643,43,3,64.25
20643,5644,44,4,45.45
20644,5645,45,1,28.14
20645,5646,46,2,68.71
20646,5647,47,3,6.88
20647,5648,48,4,59.54
20648,5649,49,1,69.71
20649,5650,50,2,93.8
20650,5651,51,3,31.85
20651,5652,52,4,59.88
20652,5653,53,1,9.53
20653,5654,54,2,34.82
20654,5655,55,3,71.79
20655,5656,56,4,52.39
20656,5657,57,1,78.58
20657,5658,58,2,94.01
20658,5659,59,3,45.46
20659,5660,60,4,95.2
20660,5661,61,1,5.98
20661,5662,62,2,57.95
20662,5663,63,3,9.72
20663,5664,64,4,72.78
20664,5665,65,1,99.4
20665,5666,66,2,94.71
20666,5667,67,3,55.83
20667,5668,68,4,67.08
20668,5669,69,1,80.11
20669,5670,70,2,72.1
20670,5671,71,3,33.13
20671,5672,72,4,99.8
20672,5673,73,1,85.64
20673,5674,74,2,23.46
20674,5675,75,3,57.69
20675,5676,76,4,22.05
20676,5677,77,1,11.56
20677,5678,78,2,25.52
20678,5679,79,3,74.25
20679,5680,80,4,8.4
20680,5681,81,1,98.93
20681,5682,82,2,59.51
20682,5683,83,3,26.75
20683,5684,84,4,85.84
20684,5685,85,1,88.45
20685,5686,86,2,12.82
20686,5687,87,3,61.4
20687,5688,88,4,73.95
20688,5689,89,1,56.63
20689,5690,90,2,24.0
20690,5691,91,3,96.09
20691,5692,92,4,81.31
20692,5693,93,1,63.95
20693,5694,94,2,25.14
20694,5695,95,3,79.44
20695,5696,96,4,5.69
20696,5697,97,1,38.94
20697,5698,98,2,69.99
20698,5699,99,3,5.33
20699,5700,100,4,94.81
20700,5701,101,1,57.47
20701,5702,102,2,78.84
20702,5703,103,3,32.72
20703,5704,104,4,16.19
20704,5705,105,1,13.09
20705,5706,106,2,33.62
20706,5707,107,3,46.24
20707,5708,108,4,63.06
20708,5709,109,1,77.54
20709,5710,110,2,24.76
20710,5711,111,3,74.04
20711,5712,112,4,45.71
20712,5713,113,1,85.99
20713,5714,114,2,25.35
20714,5715,115,3,28.39
20715,5716,116,4,77.81
20716,5717,117,1,69.9
20717,5718,118,2,93.81
20718,5719,119,3,21.14
20719,5720,120,4,53.74
20720,5721,121,1,74.56
20721,5722,122,2,60.84
20722,5723,123,3,60.83
20723,5724,124,4,41.38
20724,5725,125,1,94.81
20725,5726,126,2,70.92
20726,5727,127,3,23.54
20727,5728,128,4,73.84
20728,5729,129,1,58.49
20729,5730,130,2,8.42
20730,5731,131,3,22.49
20731,5732,132,4,25.01
20732,5733,133,1,53.67
20733,5734,134,2,45.81
20734,5735,135,3,70.17
20735,5736,136,4,29.44
20736,5737,137,1,36.09
20737,5738,138,2,96.39
20738,5739,139,3,52.36
20739,5740,140,4,57.11
20740,5741,141,1,45.37
20741,5742,142,2,20.45
20742,5743,143,3,54.31
20743,5744,144,4,64.78
20744,5745,145,1,6.44
20745,5746,146,2,20.99
20746,5747,147,3,96.34
20747,5748,148,4,73.57
20748,5749,149,1,58.08
20749,5750,150,2,12.1
20750,5751,151,3,38.85
20751,5752,152,4,8.03
20752,5753,153,1,63.77
20753,5754,154,2,46.74
20754,5755,155,3,58.7
20755,5756,156,4,22.36
20756,5757,157,1,56.07
20757,5758,158,2,29.33
20758,5759,159,3,65.96
20759,5760,160,4,27.14
20760,5761,161,1,69.81
20761,5762,162,2,37.89
20762,5763,163,3,68.42
20763,5764,164,4,27.33
20764,5765,165,1,80.68
20765,5766,166,2,10.79
20766,5767,167,3,60.62
20767,5768,168,4,20.53
20768,5769,169,1,101.01
20769,5770,170,2,23.38
20770,5771,171,3,49.8
20771,5772,172,4,100.5
20772,5773,173,1,14.64
20773,5774,174,2,47.57
20774,5775,175,3,39.84
20775,5776,176,4,64.36
20776,5777,177,1,29.51
20777,5778,178,2,82.4
20778,5779,179,3,64.01
20779,5780,180,4,77.91
20780,5781,181,1,29.3
20781,5782,182,2,101.65
20782,5783,183,3,22.43
20783,5784,184,4,48.87
20784,5785,185,1,68.23
20785,5786,186,2,86.42
20786,5787,187,3,46.43
20787,5788,188,4,90.98
20788,5789,189,1,13.55
20789,5790,190,2,48.18
20790,5791,191,3,93.94
20791,5792,192,4,88.15
20792,5793,193,1,83.11
20793,5794,194,2,20.93
20794,5795,195,3,104.34
20795,5796,196,4,86.76
20796,5797,197,1,43.88
20797,5798,198,2,60.25
20798,5799,199,3,11.45
20799,5800,200,4,62.6
20800,5801,1,1,43.57
20801,5802,2,2,8.74
20802,5803,3,3,13.47
20803,5804,4,4,75.38
20804,5805,5,1,12.75
20805,5806,6,2,20.04
20806,5807,7,3,93.74
20807,5808,8,4,5.09
20808,5809,9,1,34.49
20809,5810,10,2,15.52
20810,5811,11,3,103.45
20811,5812,12,4,91.4
20812,5813,13,1,8.71
20813,5814,14,2,61.18
20814,5815,15,3,80.73
20815,5816,16,4,17.82
20816,5817,17,1,59.85
20817,5818,18,2,35.76
20818,5819,19,3,37.97
20819,5820,20,4,23.58
20820,5821,21,1,86.63
20821,5822,22,2,59.45
20822,5823,23,3,102.52
20823,5824,24,4,47.57
20824,5825,25,1,12.02
20825,5826,26,2,97.67
20826,5827,27,3,85.3
20827,5828,28,4,17.99
20828,5829,29,1,50.21
20829,5830,30,2,101.89
20830,5831,31,3,7.53
20831,5832,32,4,46.6
20832,5833,33,1,80.81
20833,5834,34,2,66.12
20834,5835,35,3,70.02
20835,5836,36,4,38.18
20836,5837,37,1,11.63
20837,5838,38,2,29.02
20838,5839,39,3,60.73
20839,5840,40,4,90.98
20840,5841,41,1,9.92
20841,5842,42,2,40.97
20842,5843,43,3,52.45
20843,5844,44,4,12.45
20844,5845,45,1,46.29
20845,5846,46,2,59.88
20846,5847,47,3,69.44
20847,5848,48,4,100.8
20848,5849,49,1,46.52
20849,5850,50,2,98.15
20850,5851,51,3,29.37
20851,5852,52,4,29.66
20852,5853,53,1,79.13
20853,5854,54,2,88.28
20854,5855,55,3,46.65
20855,5856,56,4,13.56
20856,5857,57,1,91.06
20857,5858,58,2,32.24
20858,5859,59,3,27.14
20859,5860,60,4,53.19
20860,5861,61,1,53.17
20861,5862,62,2,54.6
20862,5863,63,3,57.46
20863,5864,64,4,61.29
20864,5865,65,1,73.8
20865,5866,66,2,32.66
20866,5867,67,3,38.92
20867,5868,68,4,28.37
20868,5869,69,1,12.37
20869,5870,70,2,102.3
20870,5871,71,3,97.88
20871,5872,72,4,56.31
20872,5873,73,1,74.79
20873,5874,74,2,48.98
20874,5875,75,3,36.21
20875,5876,76,4,92.62
20876,5877,77,1,95.4
20877,5878,78,2,24.01
20878,5879,79,3,66.95
20879,5880,80,4,103.95
20880,5881,81,1,8.75
20881,5882,82,2,18.05
20882,5883,83,3,31.7
20883,5884,84,4,5.43
20884,5885,85,1,40.14
20885,5886,86,2,89.72
20886,5887,87,3,54.65
20887,5888,88,4,11.22
20888,5889,89,1,17.05
20889,5890,90,2,52.94
20890,5891,91,3,56.7
20891,5892,92,4,66.78
20892,5893,93,1,83.95
20893,5894,94,2,63.77
20894,5895,95,3,59.66
20895,5896,96,4,12.16
20896,5897,97,1,44.8
20897,5898,98,2,15.84
20898,5899,99,3,5.34
20899,5900,100,4,28.41
20900,5901,101,1,77.08
20901,5902,102,2,25.83
20902,5903,103,3,21.18
20903,5904,104,4,34.18
20904,5905,105,1,27.28
20905,5906,106,2,84.23
20906,5907,107,3,104.28
20907,5908,108,4,77.62
20908,5909,109,1,8.09
20909,5910,110,2,26.39
20910,5911,111,3,30.55
20911,5912,112,4,67.51
20912,5913,113,1,48.7
20913,5914,114,2,94.19
20914,5915,115,3,59.89
20915,5916,116,4,5.96
20916,5917,117,1,78.12
20917,5918,118,2,36.88
20918,5919,119,3,90.86
20919,5920,120,4,6.52
20920,5921,121,1,46.32
20921,5922,122,2,90.32
20922,5923,123,3,66.47
20923,5924,124,4,64.36
20924,5925,125,1,96.79
20925,5926,126,2,5.31
20926,5927,127,3,54.6
20927,5928,128,4,77.54
20928,5929,129,1,55.24
20929,5930,130,2,67.46
20930,5931,131,3,25.66
20931,5932,132,4,13.01
20932,5933,133,1,17.79
20933,5934,134,2,35.4
20934,5935,135,3,21.65
20935,5936,136,4,52.09
20936,5937,137,1,41.71
20937,5938,138,2,34.09
20938,5939,139,3,40.9
20939,5940,140,4,9.28
20940,5941,141,1,93.74
20941,5942,142,2,45.35
20942,5943,143,3,49.83
20943,5944,144,4,41.49
20944,5945,145,1,52.48
20945,5946,146,2,57.14
20946,5947,147,3,26.22
20947,5948,148,4,19.85
20948,5949,149,1,12.12
20949,5950,150,2,6.08
20950,5951,151,3,95.66
20951,5952,152,4,54.54
20952,5953,153,1,79.82
20953,5954,154,2,5.32
20954,5955,155,3,39.09
20955,5956,156,4,10.93
20956,5957,157,1,93.92
20957,5958,158,2,104.07
20958,5959,159,3,52.88
20959,5960,160,4,57.34
20960,5961,161,1,67.56
20961,5962,162,2,100.66
20962,5963,163,3,33.38
20963,5964,164,4,10.08
20964,5965,165,1,45.47
20965,5966,166,2,82.88
20966,5967,167,3,79.64
20967,5968,168,4,97.81
20968,5969,169,1,87.8
20969,5970,170,2,45.8
20970,5971,171,3,102.38
20971,5972,172,4,72.4
20972,5973,173,1,11.68
20973,5974,174,2,39.29
20974,5975,175,3,103.34
20975,5976,176,4,49.05
20976,5977,177,1,45.59
20977,5978,178,2,85.45
20978,5979,179,3,21.45
20979,5980,180,4,34.19
20980,5981,181,1,42.45
20981,5982,182,2,65.08
20982,5983,183,3,75.24
20983,5984,184,4,14.14
20984,5985,185,1,13.46
20985,5986,186,2,26.29
20986,5987,187,3,80.91
20987,5988,188,4,94.61
20988,5989,189,1,86.69
20989,5990,190,2,91.68
20990,5991,191,3,102.51
20991,5992,192,4,37.81
20992,5993,193,1,38.24
20993,5994,194,2,84.21
20994,5995,195,3,31.29
20995,5996,196,4,83.53
20996,5997,197,1,43.45
20997,5998,198,2,24.05
20998,5999,199,3,82.48
20999,6000,200,4,23.07
21000,6001,1,1,7.14
21001,6002,2,2,24.44
21002,6003,3,3,92.11
21003,6004,4,4,59.66
21004,6005,5,1,86.29
21005,6006,6,2,36.03
21006,6007,7,3,75.44
21007,6008,8,4,100.26
21008,6009,9,1,63.84
21009,6010,10,2,42.72
21010,6011,11,3,10.02
21011,6012,12,4,75.42
21012,6013,13,1,90.49
21013,6014,14,2,77.59
21014,6015,15,3,73.55
21015,6016,16,4,56.39
21016,6017,17,1,80.78
21017,6018,18,2,56.75
21018,6019,19,3,8.62
21019,6020,20,4,15.8
21020,6021,21,1,68.94
21021,6022,22,2,24.3
21022,6023,23,3,103.11
21023,6024,24,4,98.77
21024,6025,25,1,57.64
21025,6026,26,2,31.01
21026,6027,27,3,15.53
21027,6028,28,4,85.2
21028,6029,29,1,44.03
21029,6030,30,2,95.78
21030,6031,31,3,92.98
21031,6032,32,4,91.66
21032,6033,33,1,66.25
21033,6034,34,2,91.59
21034,6035,35,3,20.82
21035,6036,36,4,79.24
21036,6037,37,1,65.73
21037,6038,38,2,92.92
21038,6039,39,3,65.07
21039,6040,40,4,73.78
21040,6041,41,1,34.43
21041,6042,42,2,99.38
21042,6043,43,3,12.02
21043,6044,44,4,21.33
21044,6045,45,1,84.11
21045,6046,46,2,32.47
21046,6047,47,3,89.99
21047,6048,48,4,37.35
21048,6049,49,1,88.14
21049,6050,50,2,65.67
21050,6051,51,3,64.66
21051,6052,52,4,96.97
21052,6053,53,1,52.55
21053,6054,54,2,39.26
21054,6055,55,3,43.74
21055,6056,56,4,90.19
21056,6057,57,1,80.58
21057,6058,58,2,53.51
21058,6059,59,3,98.85
21059,6060,60,4,10.74
21060,6061,61,1,69.06
21061,6062,62,2,99.12
21062,6063,63,3,39.85
21063,6064,64,4,91.35
21064,6065,65,1,102.52
21065,6066,66,2,49.21
21066,6067,67,3,12.37
21067,6068,68,4,73.1
21068,6069,69,1,15.92
21069,6070,70,2,83.75
21070,6071,71,3,33.48
21071,6072,72,4,28.61
21072,6073,73,1,53.57
21073,6074,74,2,53.33
21074,6075,75,3,42.96
21075,6076,76,4,53.66
21076,6077,77,1,41.13
21077,6078,78,2,63.0
21078,6079,79,3,74.32
21079,6080,80,4,25.17
21080,6081,81,1,17.86
21081,6082,82,2,100.22
21082,6083,83,3,32.13
21083,6084,84,4,65.15
21084,6085,85,1,52.94
21085,6086,86,2,51.79
21086,6087,87,3,63.94
21087,6088,88,4,52.17
21088,6089,89,1,37.84
21089,6090,90,2,50.16
21090,6091,91,3,103.18
21091,6092,92,4,85.91
21092,6093,93,1,8.01
21093,6094,94,2,65.48
21094,6095,95,3,38.45
21095,6096,96,4,72.0
21096,6097,97,1,97.26
21097,6098,98,2,58.81
21098,6099,99,3,67.46
21099,6100,100,4,73.77
21100,6101,101,1,95.22
21101,6102,102,2,25.34
21102,6103,103,3,97.58
21103,6104,104,4,57.83
21104,6105,105,1,42.71
21105,6106,106,2,63.8
21106,6107,107,3,45.37
21107,6108,108,4,32.88
21108,6109,109,1,17.11
21109,6110,110,2,72.51
21110,6111,111,3,43.69
21111,6112,112,4,31.95
21112,6113,113,1,59.59
21113,6114,114,2,47.64
21114,6115,115,3,55.62
21115,6116,116,4,104.02
21116,6117,117,1,44.08
21117,6118,118,2,92.16
21118,6119,119,3,56.94
21119,6120,120,4,52.89
21120,6121,121,1,47.39
21121,6122,122,2,61.48
21122,6123,123,3,12.87
21123,6124,124,4,100.41
21124,6125,125,1,17.22
21125,6126,126,2,74.27
21126,6127,127,3,37.36
21127,6128,128,4,8.82
21128,6129,129,1,77.48
21129,6130,130,2,67.32
21130,6131,131,3,65.99
21131,6132,132,4,73.7
21132,6133,133,1,84.0
21133,6134,134,2,31.04
21134,6135,135,3,32.88
21135,6136,136,4,50.8
21136,6137,137,1,50.27
21137,6138,138,2,41.23
21138,6139,139,3,32.27
21139,6140,140,4,77.63
21140,6141,141,1,53.04
21141,6142,142,2,46.2
21142,6143,143,3,11.09
21143,6144,144,4,38.4
21144,6145,145,1,51.01
21145,6146,146,2,69.92
21146,6147,147,3,59.96
21147,6148,148,4,32.73
21148,6149,149,1,10.48
21149,6150,150,2,36.76
21150,6151,151,3,14.04
21151,6152,152,4,66.36
21152,6153,153,1,66.1
21153,6154,154,2,98.16
21154,6155,155,3,43.18
21155,6156,156,4,5.73
21156,6157,157,1,49.88
21157,6158,158,2,21.83
21158,6159,159,3,60.89
21159,6160,160,4,93.21
21160,6161,161,1,27.84
21161,6162,162,2,46.39
21162,6163,163,3,99.96
21163,6164,164,4,65.93
21164,6165,165,1,16.51
21165,6166,166,2,95.41
21166,6167,167,3,60.98
21167,6168,168,4,69.67
21168,6169,169,1,58.49
21169,6170,170,2,53.03
21170,6171,171,3,5.04
21171,6172,172,4,76.96
21172,6173,173,1,40.82
21173,6174,174,2,15.63
21174,6175,175,3,62.57
21175,6176,176,4,72.23
21176,6177,177,1,26.55
21177,6178,178,2,85.27
21178,6179,179,3,67.79
21179,6180,180,4,103.51
21180,6181,181,1,44.37
21181,6182,182,2,99.86
21182,6183,183,3,88.75
21183,6184,184,4,98.03
21184,6185,185,1,104.98
21185,6186,186,2,52.81
21186,6187,187,3,82.16
21187,6188,188,4,82.32
21188,6189,189,1,85.99
21189,6190,190,2,86.45
21190,6191,191,3,14.2
21191,6192,192,4,103.24
21192,6193,193,1,82.77
21193,6194,194,2,11.7
21194,6195,195,3,45.33
21195,6196,196,4,45.63
21196,6197,197,1,78.11
21197,6198,198,2,78.48
21198,6199,199,3,90.08
21199,6200,200,4,46.12
21200,6201,1,1,45.38
21201,6202,2,2,28.24
21202,6203,3,3,27.65
21203,6204,4,4,61.17
21204,6205,5,1,25.76
21205,6206,6,2,58.41
21206,6207,7,3,29.18
21207,6208,8,4,98.85
21208,6209,9,1,19.24
21209,6210,10,2,84.94
21210,6211,11,3,17.98
21211,6212,12,4,73.48
21212,6213,13,1,66.5
21213,6214,14,2,47.14
21214,6215,15,3,7.72
21215,6216,16,4,30.29
21216,6217,17,1,44.65
21217,6218,18,2,85.92
21218,6219,19,3,32.68
21219,6220,20,4,53.65
21220,6221,21,1,8.03
21221,6222,22,2,36.28
21222,6223,23,3,44.41
21223,6224,24,4,31.9
21224,6225,25,1,100.55
21225,6226,26,2,29.84
21226,6227,27,3,30.67
21227,6228,28,4,61.31
21228,6229,29,1,38.65
21229,6230,30,2,15.32
21230,6231,31,3,15.89
21231,6232,32,4,51.51
21232,6233,33,1,22.04
21233,6234,34,2,95.51
21234,6235,35,3,70.21
21235,6236,36,4,89.78
21236,6237,37,1,75.06
21237,6238,38,2,91.4
21238,6239,39,3,66.57
21239,6240,40,4,94.67
21240,6241,41,1,96.79
21241,6242,42,2,21.35
21242,6243,43,3,5.92
21243,6244,44,4,7.36
21244,6245,45,1,72.41
21245,6246,46,2,21.29
21246,6247,47,3,6.88
21247,6248,48,4,29.61
21248,6249,49,1,43.53
21249,6250,50,2,7.59
21250,6251,51,3,68.3
21251,6252,52,4,44.94
21252,6253,53,1,47.63
21253,6254,54,2,46.88
21254,6255,55,3,8.94
21255,6256,56,4,97.74
21256,6257,57,1,65.11
21257,6258,58,2,92.66
21258,6259,59,3,23.81
21259,6260,60,4,83.56
21260,6261,61,1,36.61
21261,6262,62,2,85.61
21262,6263,63,3,6.46
21263,6264,64,4,32.24
21264,6265,65,1,100.29
21265,6266,66,2,97.79
21266,6267,67,3,68.73
21267,6268,68,4,37.71
21268,6269,69,1,73.95
21269,6270,70,2,74.52
21270,6271,71,3,19.54
21271,6272,72,4,47.32
21272,6273,73,1,46.72
21273,6274,74,2,89.56
21274,6275,75,3,70.17
21275,6276,76,4,22.46
21276,6277,77,1,49.91
21277,6278,78,2,96.72
21278,6279,79,3,100.48
21279,6280,80,4,62.06
21280,6281,81,1,90.0
21281,6282,82,2,85.43
21282,6283,83,3,27.62
21283,6284,84,4,87.9
21284,6285,85,1,48.59
21285,6286,86,2,89.14
21286,6287,87,3,36.07
21287,6288,88,4,20.47
21288,6289,89,1,14.37
21289,6290,90,2,31.78
21290,6291,91,3,84.65
21291,6292,92,4,49.77
21292,6293,93,1,101.32
21293,6294,94,2,13.4
21294,6295,95,3,91.88
21295,6296,96,4,76.73
21296,6297,97,1,99.46
21297,6298,98,2,93.42
21298,6299,99,3,89.12
21299,6300,100,4,96.39
21300,6301,101,1,82.13
21301,6302,102,2,10.3
21302,6303,103,3,46.44
21303,6304,104,4,11.53
21304,6305,105,1,26.38
21305,6306,106,2,58.46
21306,6307,107,3,11.3
21307,6308,108,4,70.06
21308,6309,109,1,92.82
21309,6310,110,2,53.68
21310,6311,111,3,29.57
21311,6312,112,4,23.06
21312,6313,113,1,45.79
21313,6314,114,2,87.64
21314,6315,115,3,26.2
21315,6316,116,4,68.45
21316,6317,117,1,47.8
21317,6318,118,2,75.11
21318,6319,119,3,94.75
21319,6320,120,4,33.14
21320,6321,121,1,79.78
21321,6322,122,2,17.75
21322,6323,123,3,70.91
21323,6324,124,4,11.16
21324,6325,125,1,81.08
21325,6326,126,2,59.16
21326,6327,127,3,78.74
21327,6328,128,4,46.14
21328,6329,129,1,72.54
21329,6330,130,2,48.56
21330,6331,131,3,35.27
21331,6332,132,4,10.18
21332,6333,133,1,92.27
21333,6334,134,2,99.34
21334,6335,135,3,80.37
21335,6336,136,4,66.77
21336,6337,137,1,75.54
21337,6338,138,2,56.01
21338,6339,139,3,65.16
21339,6340,140,4,94.26
21340,6341,141,1,72.96
21341,6342,142,2,87.74
21342,6343,143,3,103.21
21343,6344,144,4,38.97
21344,6345,145,1,86.53
21345,6346,146,2,31.21
21346,6347,147,3,23.02
21347,6348,148,4,67.96
21348,6349,149,1,101.4
21349,6350,150,2,47.98
21350,6351,151,3,87.94
21351,6352,152,4,58.29
21352,6353,153,1,91.35
21353,6354,154,2,85.61
21354,6355,155,3,69.65
21355,6356,156,4,54.65
21356,6357,157,1,103.97
21357,6358,158,2,13.47
21358,6359,159,3,80.86
21359,6360,160,4,83.22
21360,6361,161,1,104.91
21361,6362,162,2,33.37
21362,6363,163,3,76.16
21363,6364,164,4,84.51
21364,6365,165,1,89.68
21365,6366,166,2,29.49
21366,6367,167,3,81.47
21367,6368,168,4,82.46
21368,6369,169,1,51.32
21369,6370,170,2,32.32
21370,6371,171,3,13.82
21371,6372,172,4,91.94
21372,6373,173,1,36.73
21373,6374,174,2,42.43
21374,6375,175,3,92.69
21375,6376,176,4,93.47
21376,6377,177,1,18.86
21377,6378,178,2,31.04
21378,6379,179,3,80.82
21379,6380,180,4,72.16
21380,6381,181,1,36.53
21381,6382,182,2,31.94
21382,6383,183,3,76.24
21383,6384,184,4,12.81
21384,6385,185,1,10.95
21385,6386,186,2,66.68
21386,6387,187,3,71.19
21387,6388,188,4,69.47
21388,6389,189,1,15.86
21389,6390,190,2,67.42
21390,6391,191,3,83.23
21391,6392,192,4,39.88
21392,6393,193,1,64.19
21393,6394,194,2,26.85
21394,6395,195,3,48.96
21395,6396,196,4,37.82
21396,6397,197,1,84.07
21397,6398,198,2,28.2
21398,6399,199,3,36.56
21399,6400,200,4,32.29
21400,6401,1,1,35.94
21401,6402,2,2,101.59
21402,6403,3,3,64.59
21403,6404,4,4,30.03
21404,6405,5,1,94.2
21405,6406,6,2,80.84
21406,6407,7,3,59.7
21407,6408,8,4,73.8
21408,6409,9,1,30.42
21409,6410,10,2,6.69
21410,6411,11,3,63.45
21411,6412,12,4,21.49
21412,6413,13,1,96.1
21413,6414,14,2,80.42
21414,6415,15,3,15.75
21415,6416,16,4,40.49
21416,6417,17,1,97.49
21417,6418,18,2,100.58
21418,6419,19,3,61.02
21419,6420,20,4,29.29
21420,6421,21,1,93.05
21421,6422,22,2,39.23
21422,6423,23,3,23.89
21423,6424,24,4,7.7
21424,6425,25,1,8.79
21425,6426,26,2,80.9
21426,6427,27,3,68.4
21427,6428,28,4,81.36
21428,6429,29,1,25.92
21429,6430,30,2,23.62
21430,6431,31,3,67.28
21431,6432,32,4,92.99
21432,6433,33,1,19.22
21433,6434,34,2,94.36
21434,6435,35,3,73.14
21435,6436,36,4,81.9
21436,6437,37,1,41.77
21437,6438,38,2,39.62
21438,6439,39,3,97.85
21439,6440,40,4,104.27
21440,6441,41,1,86.9
21441,6442,42,2,93.81
21442,6443,43,3,35.15
21443,6444,44,4,54.78
21444,6445,45,1,43.46
21445,6446,46,2,39.51
21446,6447,47,3,97.41
21447,6448,48,4,59.64
21448,6449,49,1,26.96
21449,6450,50,2,103.42
21450,6451,51,3,27.94
21451,6452,52,4,29.29
21452,6453,53,1,63.05
21453,6454,54,2,33.93
21454,6455,55,3,12.16
21455,6456,56,4,62.84
21456,6457,57,1,40.11
21457,6458,58,2,102.11
21458,6459,59,3,55.46
21459,6460,60,4,40.35
21460,6461,61,1,49.49
21461,6462,62,2,48.99
21462,6463,63,3,97.11
21463,6464,64,4,83.52
21464,6465,65,1,57.93
21465,6466,66,2,90.54
21466,6467,67,3,72.89
21467,6468,68,4,61.59
21468,6469,69,1,53.23
21469,6470,70,2,77.6
21470,6471,71,3,88.04
21471,6472,72,4,29.22
21472,6473,73,1,49.57
21473,6474,74,2,24.86
21474,6475,75,3,73.21
21475,6476,76,4,12.12
21476,6477,77,1,65.25
21477,6478,78,2,48.22
21478,6479,79,3,41.14
21479,6480,80,4,69.34
21480,6481,81,1,90.72
21481,6482,82,2,73.04
21482,6483,83,3,34.24
21483,6484,84,4,80.59
21484,6485,85,1,68.5
21485,6486,86,2,78.12
21486,6487,87,3,88.26
21487,6488,88,4,80.37
21488,6489,89,1,39.15
21489,6490,90,2,46.96
21490,6491,91,3,71.93
21491,6492,92,4,72.89
21492,6493,93,1,42.72
21493,6494,94,2,51.78
21494,6495,95,3,94.6
21495,6496,96,4,96.22
21496,6497,97,1,49.75
21497,6498,98,2,98.93
21498,6499,99,3,85.72
21499,6500,100,4,55.76
21500,6501,101,1,40.67
21501,6502,102,2,50.2
21502,6503,103,3,37.82
21503,6504,104,4,84.47
21504,6505,105,1,60.22
21505,6506,106,2,8.19
21506,6507,107,3,18.22
21507,6508,108,4,53.56
21508,6509,109,1,93.61
21509,6510,110,2,71.3
21510,6511,111,3,17.69
21511,6512,112,4,30.21
21512,6513,113,1,84.31
21513,6514,114,2,63.54
21514,6515,115,3,9.7
21515,6516,116,4,51.27
21516,6517,117,1,33.75
21517,6518,118,2,63.1
21518,6519,119,3,68.28
21519,6520,120,4,87.59
21520,6521,121,1,96.96
21521,6522,122,2,30.14
21522,6523,123,3,104.56
21523,6524,124,4,24.01
21524,6525,125,1,21.77
21525,6526,126,2,19.9
21526,6527,127,3,67.91
21527,6528,128,4,30.54
21528,6529,129,1,94.61
21529,6530,130,2,31.89
21530,6531,131,3,73.21
21531,6532,132,4,28.55
21532,6533,133,1,15.12
21533,6534,134,2,53.38
21534,6535,135,3,95.89
21535,6536,136,4,70.27
21536,6537,137,1,79.9
21537,6538,138,2,5.04
21538,6539,139,3,11.76
21539,6540,140,4,10.79
21540,6541,141,1,24.59
21541,6542,142,2,44.76
21542,6543,143,3,95.98
21543,6544,144,4,66.04
21544,6545,145,1,102.04
21545,6546,146,2,12.2
21546,6547,147,3,44.48
21547,6548,148,4,85.55
21548,6549,149,1,30.27
21549,6550,150,2,17.53
21550,6551,151,3,48.36
21551,6552,152,4,102.88
21552,6553,153,1,82.66
21553,6554,154,2,44.23
21554,6555,155,3,71.23
21555,6556,156,4,32.46
21556,6557,157,1,11.63
21557,6558,158,2,7.92
21558,6559,159,3,74.44
21559,6560,160,4,26.99
21560,6561,161,1,23.3
21561,6562,162,2,39.17
21562,6563,163,3,41.67
21563,6564,164,4,103.86
21564,6565,165,1,75.72
21565,6566,166,2,59.37
21566,6567,167,3,15.64
21567,6568,168,4,73.47
21568,6569,169,1,94.5
21569,6570,170,2,80.11
21570,6571,171,3,6.14
21571,6572,172,4,5.52
21572,6573,173,1,78.65
21573,6574,174,2,13.01
21574,6575,175,3,91.58
21575,6576,176,4,27.12
21576,6577,177,1,14.06
21577,6578,178,2,20.83
21578,6579,179,3,61.87
21579,6580,180,4,9.68
21580,6581,181,1,88.91
21581,6582,182,2,54.23
21582,6583,183,3,11.95
21583,6584,184,4,78.83
21584,6585,185,1,92.63
21585,6586,186,2,76.13
21586,6587,187,3,31.78
21587,6588,188,4,99.94
21588,6589,189,1,59.98
21589,6590,190,2,7.42
21590,6591,191,3,34.68
21591,6592,192,4,60.62
21592,6593,193,1,71.34
21593,6594,194,2,14.64
21594,6595,195,3,54.07
21595,6596,196,4,26.23
21596,6597,197,1,90.13
21597,6598,198,2,35.07
21598,6599,199,3,88.68
21599,6600,200,4,30.21
21600,6601,1,1,33.08
21601,6602,2,2,16.57
21602,6603,3,3,43.08
21603,6604,4,4,84.07
21604,6605,5,1,11.13
21605,6606,6,2,50.42
21606,6607,7,3,69.39
21607,6608,8,4,54.14
21608,6609,9,1,50.31
21609,6610,10,2,58.16
21610,6611,11,3,66.86
21611,6612,12,4,12.24
21612,6613,13,1,17.22
21613,6614,14,2,16.79
21614,6615,15,3,11.0
21615,6616,16,4,21.09
21616,6617,17,1,65.81
21617,6618,18,2,55.38
21618,6619,19,3,30.72
21619,6620,20,4,67.07
21620,6621,21,1,99.4
21621,6622,22,2,58.31
21622,6623,23,3,9.65
21623,6624,24,4,15.47
21624,6625,25,1,14.5
21625,6626,26,2,11.1
21626,6627,27,3,39.48
21627,6628,28,4,44.07
21628,6629,29,1,51.5
21629,6630,30,2,91.99
21630,6631,31,3,47.86
21631,6632,32,4,38.1
21632,6633,33,1,67.98
21633,6634,34,2,50.45
21634,6635,35,3,41.47
21635,6636,36,4,64.26
21636,6637,37,1,93.64
21637,6638,38,2,85.56
21638,6639,39,3,27.49
21639,6640,40,4,67.84
21640,6641,41,1,92.07
21641,6642,42,2,37.02
21642,6643,43,3,63.91
21643,6644,44,4,77.79
21644,6645,45,1,32.95
21645,6646,46,2,53.92
21646,6647,47,3,65.32
21647,6648,48,4,13.31
21648,6649,49,1,102.28
21649,6650,50,2,86.83
21650,6651,51,3,81.1
21651,6652,52,4,76.61
21652,6653,53,1,63.4
21653,6654,54,2,67.58
21654,6655,55,3,79.23
21655,6656,56,4,99.16
21656,6657,57,1,57.93
21657,6658,58,2,58.99
21658,6659,59,3,90.31
21659,6660,60,4,36.45
21660,6661,61,1,26.72
21661,6662,62,2,9.3
21662,6663,63,3,5.45
21663,6664,64,4,36.58
21664,6665,65,1,26.4
21665,6666,66,2,31.46
21666,6667,67,3,26.2
21667,6668,68,4,31.37
21668,6669,69,1,86.78
21669,6670,70,2,22.41
21670,6671,71,3,83.75
21671,6672,72,4,89.87
21672,6673,73,1,5.21
21673,6674,74,2,20.39
21674,6675,75,3,100.3
21675,6676,76,4,51.86
21676,6677,77,1,38.76
21677,6678,78,2,49.67
21678,6679,79,3,25.23
21679,6680,80,4,75.89
21680,6681,81,1,66.61
21681,6682,82,2,85.49
21682,6683,83,3,83.99
21683,6684,84,4,13.94
21684,6685,85,1,47.44
21685,6686,86,2,57.9
21686,6687,87,3,39.15
21687,6688,88,4,15.41
21688,6689,89,1,90.38
21689,6690,90,2,19.11
21690,6691,91,3,103.62
21691,6692,92,4,25.23
21692,6693,93,1,24.25
21693,6694,94,2,85.92
21694,6695,95,3,55.7
21695,6696,96,4,13.97
21696,6697,97,1,85.15
21697,6698,98,2,22.53
21698,6699,99,3,43.83
21699,6700,100,4,27.51
21700,6701,101,1,29.82
21701,6702,102,2,7.92
21702,6703,103,3,81.67
21703,6704,104,4,10.29
21704,6705,105,1,99.6
21705,6706,106,2,96.8
21706,6707,107,3,60.34
21707,6708,108,4,102.34
21708,6709,109,1,86.37
21709,6710,110,2,103.9
21710,6711,111,3,6.3
21711,6712,112,4,93.9
21712,6713,113,1,56.55
21713,6714,114,2,47.92
21714,6715,115,3,74.46
21715,6716,116,4,15.73
21716,6717,117,1,82.18
21717,6718,118,2,55.21
21718,6719,119,3,35.26
21719,6720,120,4,75.21
21720,6721,121,1,28.17
21721,6722,122,2,44.78
21722,6723,123,3,36.86
21723,6724,124,4,87.89
21724,6725,125,1,51.44
21725,6726,126,2,53.37
21726,6727,127,3,14.28
21727,6728,128,4,18.35
21728,6729,129,1,15.7
21729,6730,130,2,45.47
21730,6731,131,3,15.57
21731,6732,132,4,61.47
21732,6733,133,1,95.0
21733,6734,134,2,101.46
21734,6735,135,3,90.1
21735,6736,136,4,92.21
21736,6737,137,1,104.92
21737,6738,138,2,95.03
21738,6739,139,3,102.42
21739,6740,140,4,96.29
21740,6741,141,1,17.87
21741,6742,142,2,38.38
21742,6743,143,3,98.21
21743,6744,144,4,53.4
21744,6745,145,1,87.81
21745,6746,146,2,50.16
21746,6747,147,3,12.27
21747,6748,148,4,50.2
21748,6749,149,1,5.66
21749,6750,150,2,44.49
21750,6751,151,3,46.04
21751,6752,152,4,69.48
21752,6753,153,1,32.41
21753,6754,154,2,104.21
21754,6755,155,3,88.15
21755,6756,156,4,15.08
21756,6757,157,1,52.27
21757,6758,158,2,28.52
21758,6759,159,3,92.49
21759,6760,160,4,88.99
21760,6761,161,1,47.77
21761,6762,162,2,61.93
21762,6763,163,3,24.14
21763,6764,164,4,51.66
21764,6765,165,1,102.7
21765,6766,166,2,39.28
21766,6767,167,3,36.75
21767,6768,168,4,49.43
21768,6769,169,1,42.98
21769,6770,170,2,63.29
21770,6771,171,3,61.96
21771,6772,172,4,74.47
21772,6773,173,1,76.74
21773,6774,174,2,86.12
21774,6775,175,3,27.11
21775,6776,176,4,87.96
21776,6777,177,1,42.39
21777,6778,178,2,43.8
21778,6779,179,3,95.05
21779,6780,180,4,8.4
21780,6781,181,1,77.51
21781,6782,182,2,102.42
21782,6783,183,3,70.08
21783,6784,184,4,70.66
21784,6785,185,1,78.96
21785,6786,186,2,8.01
21786,6787,187,3,31.5
21787,6788,188,4,77.45
21788,6789,189,1,93.18
21789,6790,190,2,40.29
21790,6791,191,3,69.65
21791,6792,192,4,11.18
21792,6793,193,1,48.99
21793,6794,194,2,69.61
21794,6795,195,3,12.67
21795,6796,196,4,69.41
21796,6797,197,1,81.76
21797,6798,198,2,67.1
21798,6799,199,3,99.6
21799,6800,200,4,77.84
21800,6801,1,1,68.12
21801,6802,2,2,27.25
21802,6803,3,3,27.36
21803,6804,4,4,70.05
21804,6805,5,1,53.77
21805,6806,6,2,54.13
21806,6807,7,3,38.68
21807,6808,8,4,64.1
21808,6809,9,1,12.53
21809,6810,10,2,14.15
21810,6811,11,3,68.86
21811,6812,12,4,69.24
21812,6813,13,1,102.67
21813,6814,14,2,39.46
21814,6815,15,3,73.47
21815,6816,16,4,90.85
21816,6817,17,1,28.01
21817,6818,18,2,82.78
21818,6819,19,3,82.36
21819,6820,20,4,14.16
21820,6821,21,1,17.57
21821,6822,22,2,80.68
21822,6823,23,3,73.34
21823,6824,24,4,62.97
21824,6825,25,1,102.23
21825,6826,26,2,95.15
21826,6827,27,3,6.73
21827,6828,28,4,23.52
21828,6829,29,1,78.51
21829,6830,30,2,55.89
21830,6831,31,3,37.09
21831,6832,32,4,74.56
21832,6833,33,1,45.86
21833,6834,34,2,10.36
21834,6835,35,3,87.83
21835,6836,36,4,95.86
21836,6837,37,1,7.67
21837,6838,38,2,98.01
21838,6839,39,3,58.51
21839,6840,40,4,40.14
21840,6841,41,1,13.38
21841,6842,42,2,57.2
21842,6843,43,3,31.31
21843,6844,44,4,25.0
21844,6845,45,1,86.57
21845,6846,46,2,25.48
21846,6847,47,3,29.97
21847,6848,48,4,48.51
21848,6849,49,1,11.12
21849,6850,50,2,104.62
21850,6851,51,3,57.23
21851,6852,52,4,49.29
21852,6853,53,1,67.9
21853,6854,54,2,80.72
21854,6855,55,3,97.11
21855,6856,56,4,33.44
21856,6857,57,1,19.5
21857,6858,58,2,95.21
21858,6859,59,3,31.06
21859,6860,60,4,75.38
21860,6861,61,1,51.38
21861,6862,62,2,19.42
21862,6863,63,3,85.07
21863,6864,64,4,54.08
21864,6865,65,1,34.02
21865,6866,66,2,7.06
21866,6867,67,3,45.71
21867,6868,68,4,54.98
21868,6869,69,1,18.05
21869,6870,70,2,69.03
21870,6871,71,3,19.01
21871,6872,72,4,57.83
21872,6873,73,1,77.94
21873,6874,74,2,57.25
21874,6875,75,3,7.42
21875,6876,76,4,76.92
21876,6877,77,1,68.84
21877,6878,78,2,63.37
21878,6879,79,3,38.56
21879,6880,80,4,47.06
21880,6881,81,1,21.88
21881,6882,82,2,75.96
21882,6883,83,3,9.05
21883,6884,84,4,36.22
21884,6885,85,1,31.48
21885,6886,86,2,83.96
21886,6887,87,3,42.76
21887,6888,88,4,48.81
21888,6889,89,1,95.58
21889,6890,90,2,27.32
21890,6891,91,3,91.16
21891,6892,92,4,23.72
21892,6893,93,1,57.12
21893,6894,94,2,18.06
21894,6895,95,3,81.85
21895,6896,96,4,89.14
21896,6897,97,1,96.15
21897,6898,98,2,44.33
21898,6899,99,3,45.24
21899,6900,100,4,31.6
21900,6901,101,1,30.61
21901,6902,102,2,15.43
21902,6903,103,3,49.23
21903,6904,104,4,91.71
21904,6905,105,1,30.23
21905,6906,106,2,97.0
21906,6907,107,3,51.76
21907,6908,108,4,39.11
21908,6909,109,1,23.21
21909,6910,110,2,81.92
21910,6911,111,3,35.34
21911,6912,112,4,89.48
21912,6913,113,1,45.11
21913,6914,114,2,84.83
21914,6915,115,3,99.01
21915,6916,116,4,16.48
21916,6917,117,1,64.27
21917,6918,118,2,11.65
21918,6919,119,3,42.07
21919,6920,120,4,51.14
21920,6921,121,1,29.75
21921,6922,122,2,73.77
21922,6923,123,3,19.36
21923,6924,124,4,60.34
21924,6925,125,1,37.77
21925,6926,126,2,69.24
21926,6927,127,3,7.92
21927,6928,128,4,67.62
21928,6929,129,1,37.71
21929,6930,130,2,67.56
21930,6931,131,3,40.44
21931,6932,132,4,93.46
21932,6933,133,1,30.98
21933,6934,134,2,38.25
21934,6935,135,3,57.65
21935,6936,136,4,9.35
21936,6937,137,1,46.6
21937,6938,138,2,36.24
21938,6939,139,3,50.96
21939,6940,140,4,34.81
21940,6941,141,1,27.58
21941,6942,142,2,71.65
21942,6943,143,3,16.89
21943,6944,144,4,50.61
21944,6945,145,1,9.65
21945,6946,146,2,58.58
21946,6947,147,3,28.49
21947,6948,148,4,40.01
21948,6949,149,1,33.62
21949,6950,150,2,22.65
21950,6951,151,3,96.73
21951,6952,152,4,83.13
21952,6953,153,1,97.02
21953,6954,154,2,41.23
21954,6955,155,3,33.69
21955,6956,156,4,100.35
21956,6957,157,1,80.7
21957,6958,158,2,58.68
21958,6959,159,3,43.69
21959,6960,160,4,6.55
21960,6961,161,1,23.9
21961,6962,162,2,41.46
21962,6963,163,3,29.83
21963,6964,164,4,15.79
21964,6965,165,1,47.39
21965,6966,166,2,87.97
21966,6967,167,3,36.14
21967,6968,168,4,15.66
21968,6969,169,1,31.2
21969,6970,170,2,15.32
21970,6971,171,3,81.56
21971,6972,172,4,70.58
21972,6973,173,1,8.26
21973,6974,174,2,14.98
21974,6975,175,3,72.36
21975,6976,176,4,51.25
21976,6977,177,1,27.24
21977,6978,178,2,69.09
21978,6979,179,3,73.05
21979,6980,180,4,12.95
21980,6981,181,1,21.94
21981,6982,182,2,62.7
21982,6983,183,3,86.94
21983,6984,184,4,28.53
21984,6985,185,1,85.5
21985,6986,186,2,56.98
21986,6987,187,3,33.17
21987,6988,188,4,103.32
21988,6989,189,1,76.0
21989,6990,190,2,72.42
21990,6991,191,3,18.47
21991,6992,192,4,52.48
21992,6993,193,1,18.55
21993,6994,194,2,49.24
21994,6995,195,3,53.98
21995,6996,196,4,15.51
21996,6997,197,1,37.17
21997,6998,198,2,69.72
21998,6999,199,3,104.56
21999,7000,200,4,24.46
22000,7001,1,1,88.38
22001,7002,2,2,5.45
22002,7003,3,3,64.06
22003,7004,4,4,73.11
22004,7005,5,1,33.18
22005,7006,6,2,53.75
22006,7007,7,3,96.01
22007,7008,8,4,30.24
22008,7009,9,1,96.21
22009,7010,10,2,5.2
22010,7011,11,3,24.23
22011,7012,12,4,84.33
22012,7013,13,1,102.08
22013,7014,14,2,80.67
22014,7015,15,3,64.51
22015,7016,16,4,21.0
22016,7017,17,1,61.62
22017,7018,18,2,9.47
22018,7019,19,3,45.24
22019,7020,20,4,87.81
22020,7021,21,1,65.5
22021,7022,22,2,81.38
22022,7023,23,3,37.58
22023,7024,24,4,79.88
22024,7025,25,1,8.29
22025,7026,26,2,74.45
22026,7027,27,3,29.51
22027,7028,28,4,47.08
22028,7029,29,1,37.2
22029,7030,30,2,87.14
22030,7031,31,3,69.0
22031,7032,32,4,60.51
22032,7033,33,1,101.62
22033,7034,34,2,57.47
22034,7035,35,3,97.88
22035,7036,36,4,28.8
22036,7037,37,1,92.86
22037,7038,38,2,37.02
22038,7039,39,3,22.84
22039,7040,40,4,46.41
22040,7041,41,1,103.75
22041,7042,42,2,60.44
22042,7043,43,3,41.51
22043,7044,44,4,59.37
22044,7045,45,1,71.91
22045,7046,46,2,17.01
22046,7047,47,3,57.57
22047,7048,48,4,60.17
22048,7049,49,1,6.35
22049,7050,50,2,74.9
22050,7051,51,3,5.01
22051,7052,52,4,38.22
22052,7053,53,1,24.51
22053,7054,54,2,58.81
22054,7055,55,3,59.62
22055,7056,56,4,44.73
22056,7057,57,1,57.39
22057,7058,58,2,52.91
22058,7059,59,3,21.03
22059,7060,60,4,77.46
22060,7061,61,1,89.7
22061,7062,62,2,20.46
22062,7063,63,3,95.84
22063,7064,64,4,104.86
22064,7065,65,1,6.01
22065,7066,66,2,12.05
22066,7067,67,3,103.5
22067,7068,68,4,59.24
22068,7069,69,1,94.96
22069,7070,70,2,47.41
22070,7071,71,3,78.79
22071,7072,72,4,98.95
22072,7073,73,1,25.51
22073,7074,74,2,75.76
22074,7075,75,3,51.74
22075,7076,76,4,99.48
22076,7077,77,1,44.16
22077,7078,78,2,16.28
22078,7079,79,3,31.91
22079,7080,80,4,39.84
22080,7081,81,1,102.79
22081,7082,82,2,11.78
22082,7083,83,3,62.84
22083,7084,84,4,61.13
22084,7085,85,1,49.53
22085,7086,86,2,88.84
22086,7087,87,3,72.9
22087,7088,88,4,17.69
22088,7089,89,1,78.39
22089,7090,90,2,66.97
22090,7091,91,3,21.67
22091,7092,92,4,87.14
22092,7093,93,1,64.44
22093,7094,94,2,89.89
22094,7095,95,3,98.22
22095,7096,96,4,71.22
22096,7097,97,1,45.89
22097,7098,98,2,38.21
22098,7099,99,3,81.89
22099,7100,100,4,28.77
22100,7101,101,1,63.38
22101,7102,102,2,75.35
22102,7103,103,3,44.04
22103,7104,104,4,60.94
22104,7105,105,1,82.14
22105,7106,106,2,68.68
22106,7107,107,3,59.06
22107,7108,108,4,69.49
22108,7109,109,1,31.93
22109,7110,110,2,37.38
22110,7111,111,3,65.9
22111,7112,112,4,10.3
22112,7113,113,1,19.08
22113,7114,114,2,82.39
22114,7115,115,3,27.97
22115,7116,116,4,28.98
22116,7117,117,1,41.32
22117,7118,118,2,57.45
22118,7119,119,3,39.84
22119,7120,120,4,89.52
22120,7121,121,1,19.85
22121,7122,122,2,56.55
22122,7123,123,3,27.11
22123,7124,124,4,45.0
22124,7125,125,1,26.55
22125,7126,126,2,56.56
22126,7127,127,3,65.9
22127,7128,128,4,93.75
22128,7129,129,1,13.16
22129,7130,130,2,64.99
22130,7131,131,3,40.01
22131,7132,132,4,101.0
22132,7133,133,1,60.51
22133,7134,134,2,41.57
22134,7135,135,3,6.86
22135,7136,136,4,68.62
22136,7137,137,1,63.7
22137,7138,138,2,13.63
22138,7139,139,3,76.96
22139,7140,140,4,65.15
22140,7141,141,1,80.8
22141,7142,142,2,103.07
22142,7143,143,3,92.52
22143,7144,144,4,90.83
22144,7145,145,1,98.5
22145,7146,146,2,34.77
22146,7147,147,3,47.86
22147,7148,148,4,61.63
22148,7149,149,1,67.72
22149,7150,150,2,20.68
22150,7151,151,3,9.21
22151,7152,152,4,51.42
22152,7153,153,1,83.07
22153,7154,154,2,55.8
22154,7155,155,3,73.22
22155,7156,156,4,73.97
22156,7157,157,1,32.48
22157,7158,158,2,90.08
22158,7159,159,3,97.21
22159,7160,160,4,13.09
22160,7161,161,1,12.1
22161,7162,162,2,100.24
22162,7163,163,3,100.84
22163,7164,164,4,52.32
22164,7165,165,1,21.17
22165,7166,166,2,32.96
22166,7167,167,3,83.32
22167,7168,168,4,35.09
22168,7169,169,1,78.87
22169,7170,170,2,32.04
22170,7171,171,3,30.75
22171,7172,172,4,89.17
22172,7173,173,1,62.63
22173,7174,174,2,22.43
22174,7175,175,3,23.38
22175,7176,176,4,96.13
22176,7177,177,1,56.68
22177,7178,178,2,44.78
22178,7179,179,3,78.5
22179,7180,180,4,89.03
22180,7181,181,1,103.01
22181,7182,182,2,54.32
22182,7183,183,3,23.54
22183,7184,184,4,7.14
22184,7185,185,1,10.58
22185,7186,186,2,68.77
22186,7187,187,3,7.25
22187,7188,188,4,50.68
22188,7189,189,1,7.07
22189,7190,190,2,61.98
22190,7191,191,3,54.77
22191,7192,192,4,91.41
22192,7193,193,1,101.44
22193,7194,194,2,70.76
22194,7195,195,3,104.43
22195,7196,196,4,49.64
22196,7197,197,1,73.56
22197,7198,198,2,70.76
22198,7199,199,3,66.69
22199,7200,200,4,38.02
22200,7201,1,1,104.45
22201,7202,2,2,95.46
22202,7203,3,3,80.94
22203,7204,4,4,92.32
22204,7205,5,1,47.17
22205,7206,6,2,7.45
22206,7207,7,3,73.76
22207,7208,8,4,31.85
22208,7209,9,1,86.8
22209,7210,10,2,77.89
22210,7211,11,3,5.14
22211,7212,12,4,38.95
22212,7213,13,1,70.33
22213,7214,14,2,16.12
22214,7215,15,3,83.04
22215,7216,16,4,43.02
22216,7217,17,1,20.23
22217,7218,18,2,75.37
22218,7219,19,3,34.34
22219,7220,20,4,69.55
22220,7221,21,1,73.36
22221,7222,22,2,83.47
22222,7223,23,3,72.84
22223,7224,24,4,5.47
22224,7225,25,1,102.31
22225,7226,26,2,39.5
22226,7227,27,3,62.22
22227,7228,28,4,8.98
22228,7229,29,1,94.63
22229,7230,30,2,49.85
22230,7231,31,3,18.9
22231,7232,32,4,74.44
22232,7233,33,1,83.11
22233,7234,34,2,10.06
22234,7235,35,3,98.88
22235,7236,36,4,85.88
22236,7237,37,1,52.3
22237,7238,38,2,53.46
22238,7239,39,3,20.93
22239,7240,40,4,33.73
22240,7241,41,1,52.92
22241,7242,42,2,33.88
22242,7243,43,3,43.63
22243,7244,44,4,100.26
22244,7245,45,1,100.71
22245,7246,46,2,99.39
22246,7247,47,3,58.14
22247,7248,48,4,38.33
22248,7249,49,1,18.2
22249,7250,50,2,58.66
22250,7251,51,3,7.96
22251,7252,52,4,66.8
22252,7253,53,1,90.87
22253,7254,54,2,72.43
22254,7255,55,3,8.7
22255,7256,56,4,74.08
22256,7257,57,1,46.76
22257,7258,58,2,31.7
22258,7259,59,3,51.02
22259,7260,60,4,67.76
22260,7261,61,1,72.48
22261,7262,62,2,55.49
22262,7263,63,3,87.0
22263,7264,64,4,93.94
22264,7265,65,1,18.46
22265,7266,66,2,72.8
22266,7267,67,3,20.69
22267,7268,68,4,6.54
22268,7269,69,1,83.1
22269,7270,70,2,61.37
22270,7271,71,3,92.56
22271,7272,72,4,50.67
22272,7273,73,1,26.48
22273,7274,74,2,82.72
22274,7275,75,3,48.27
22275,7276,76,4,60.53
22276,7277,77,1,70.25
22277,7278,78,2,23.72
22278,7279,79,3,55.13
22279,7280,80,4,53.02
22280,7281,81,1,39.42
22281,7282,82,2,49.93
22282,7283,83,3,77.77
22283,7284,84,4,39.7
22284,7285,85,1,38.19
22285,7286,86,2,46.36
22286,7287,87,3,37.38
22287,7288,88,4,43.42
22288,7289,89,1,59.06
22289,7290,90,2,7.45
22290,7291,91,3,100.65
22291,7292,92,4,81.22
22292,7293,93,1,31.74
22293,7294,94,2,101.77
22294,7295,95,3,52.7
22295,7296,96,4,21.78
22296,7297,97,1,45.09
22297,7298,98,2,92.48
22298,7299,99,3,56.02
22299,7300,100,4,16.16
22300,7301,101,1,9.5
22301,7302,102,2,10.38
22302,7303,103,3,39.34
22303,7304,104,4,31.12
22304,7305,105,1,69.11
22305,7306,106,2,39.06
22306,7307,107,3,29.93
22307,7308,108,4,33.57
22308,7309,109,1,67.17
22309,7310,110,2,39.91
22310,7311,111,3,63.5
22311,7312,112,4,68.54
22312,7313,113,1,102.58
22313,7314,114,2,33.62
22314,7315,115,3,50.51
22315,7316,116,4,33.66
22316,7317,117,1,16.83
22317,7318,118,2,74.91
22318,7319,119,3,42.19
22319,7320,120,4,37.89
22320,7321,121,1,79.52
22321,7322,122,2,26.2
22322,7323,123,3,24.58
22323,7324,124,4,9.04
22324,7325,125,1,65.34
22325,7326,126,2,38.49
22326,7327,127,3,15.59
22327,7328,128,4,11.57
22328,7329,129,1,15.44
22329,7330,130,2,44.39
22330,7331,131,3,17.06
22331,7332,132,4,58.48
22332,7333,133,1,49.09
22333,7334,134,2,92.47
22334,7335,135,3,70.5
22335,7336,136,4,39.83
22336,7337,137,1,61.38
22337,7338,138,2,21.35
22338,7339,139,3,62.49
22339,7340,140,4,98.92
22340,7341,141,1,71.52
22341,7342,142,2,29.62
22342,7343,143,3,98.1
22343,7344,144,4,20.18
22344,7345,145,1,12.66
22345,7346,146,2,71.77
22346,7347,147,3,51.03
22347,7348,148,4,101.18
22348,7349,149,1,51.2
22349,7350,150,2,13.71
22350,7351,151,3,56.98
22351,7352,152,4,91.08
22352,7353,153,1,76.38
22353,7354,154,2,42.74
22354,7355,155,3,74.71
22355,7356,156,4,51.08
22356,7357,157,1,99.08
22357,7358,158,2,24.37
22358,7359,159,3,10.16
22359,7360,160,4,31.4
22360,7361,161,1,67.37
22361,7362,162,2,5.25
22362,7363,163,3,64.31
22363,7364,164,4,38.18
22364,7365,165,1,20.53
22365,7366,166,2,14.94
22366,7367,167,3,30.83
22367,7368,168,4,73.45
22368,7369,169,1,62.34
22369,7370,170,2,32.13
22370,7371,171,3,30.29
22371,7372,172,4,65.45
22372,7373,173,1,101.93
22373,7374,174,2,35.58
22374,7375,175,3,53.0
22375,7376,176,4,74.72
22376,7377,177,1,56.68
22377,7378,178,2,63.23
22378,7379,179,3,76.53
22379,7380,180,4,46.79
22380,7381,181,1,44.1
22381,7382,182,2,78.73
22382,7383,183,3,75.06
22383,7384,184,4,57.64
22384,7385,185,1,53.05
22385,7386,186,2,50.94
22386,7387,187,3,35.71
22387,7388,188,4,77.72
22388,7389,189,1,57.35
22389,7390,190,2,10.58
22390,7391,191,3,34.29
22391,7392,192,4,13.13
22392,7393,193,1,66.83
22393,7394,194,2,68.45
22394,7395,195,3,21.26
22395,7396,196,4,11.73
22396,7397,197,1,74.43
22397,7398,198,2,88.72
22398,7399,199,3,78.61
22399,7400,200,4,69.02
22400,7401,1,1,7.77
22401,7402,2,2,37.13
22402,7403,3,3,71.33
22403,7404,4,4,18.42
22404,7405,5,1,46.99
22405,7406,6,2,42.05
22406,7407,7,3,74.69
22407,7408,8,4,54.01
22408,7409,9,1,11.21
22409,7410,10,2,95.67
22410,7411,11,3,104.5
22411,7412,12,4,58.15
22412,7413,13,1,97.95
22413,7414,14,2,97.64
22414,7415,15,3,67.12
22415,7416,16,4,58.78
22416,7417,17,1,101.85
22417,7418,18,2,49.18
22418,7419,19,3,62.32
22419,7420,20,4,42.43
22420,7421,21,1,92.1
22421,7422,22,2,14.41
22422,7423,23,3,22.06
22423,7424,24,4,56.59
22424,7425,25,1,27.71
22425,7426,26,2,54.6
22426,7427,27,3,29.18
22427,7428,28,4,91.68
22428,7429,29,1,15.92
22429,7430,30,2,57.02
22430,7431,31,3,73.98
22431,7432,32,4,39.86
22432,7433,33,1,96.87
22433,7434,34,2,15.91
22434,7435,35,3,78.66
22435,7436,36,4,81.49
22436,7437,37,1,103.91
22437,7438,38,2,37.78
22438,7439,39,3,76.68
22439,7440,40,4,25.18
22440,7441,41,1,86.09
22441,7442,42,2,74.3
22442,7443,43,3,10.58
22443,7444,44,4,79.91
22444,7445,45,1,33.9
22445,7446,46,2,36.93
22446,7447,47,3,54.99
22447,7448,48,4,96.71
22448,7449,49,1,81.59
22449,7450,50,2,104.38
22450,7451,51,3,86.1
22451,7452,52,4,51.52
22452,7453,53,1,82.15
22453,7454,54,2,38.29
22454,7455,55,3,96.04
22455,7456,56,4,33.3
22456,7457,57,1,17.56
22457,7458,58,2,87.16
22458,7459,59,3,25.12
22459,7460,60,4,54.58
22460,7461,61,1,10.47
22461,7462,62,2,25.55
22462,7463,63,3,51.47
22463,7464,64,4,68.39
22464,7465,65,1,100.68
22465,7466,66,2,17.97
22466,7467,67,3,79.36
22467,7468,68,4,9.45
22468,7469,69,1,43.03
22469,7470,70,2,83.12
22470,7471,71,3,90.32
22471,7472,72,4,43.79
22472,7473,73,1,88.04
22473,7474,74,2,32.38
22474,7475,75,3,25.76
22475,7476,76,4,72.97
22476,7477,77,1,5.21
22477,7478,78,2,69.96
22478,7479,79,3,101.64
22479,7480,80,4,79.73
22480,7481,81,1,102.05
22481,7482,82,2,25.81
22482,7483,83,3,77.46
22483,7484,84,4,44.81
22484,7485,85,1,12.38
22485,7486,86,2,45.35
22486,7487,87,3,22.92
22487,7488,88,4,85.47
22488,7489,89,1,71.4
22489,7490,90,2,54.53
22490,7491,91,3,86.15
22491,7492,92,4,38.08
22492,7493,93,1,14.46
22493,7494,94,2,77.11
22494,7495,95,3,92.59
22495,7496,96,4,31.9
22496,7497,97,1,68.98
22497,7498,98,2,77.75
22498,7499,99,3,99.71
22499,7500,100,4,90.45
22500,7501,101,1,14.53
22501,7502,102,2,18.07
22502,7503,103,3,24.8
22503,7504,104,4,43.13
22504,7505,105,1,55.73
22505,7506,106,2,9.36
22506,7507,107,3,78.02
22507,7508,108,4,84.43
22508,7509,109,1,36.2
22509,7510,110,2,41.37
22510,7511,111,3,43.85
22511,7512,112,4,68.35
22512,7513,113,1,80.12
22513,7514,114,2,87.19
22514,7515,115,3,104.17
22515,7516,116,4,38.38
22516,7517,117,1,70.51
22517,7518,118,2,20.38
22518,7519,119,3,21.85
22519,7520,120,4,8.55
22520,7521,121,1,36.96
22521,7522,122,2,77.43
22522,7523,123,3,41.02
22523,7524,124,4,86.33
22524,7525,125,1,28.72
22525,7526,126,2,81.38
22526,7527,127,3,94.49
22527,7528,128,4,101.12
22528,7529,129,1,104.34
22529,7530,130,2,66.28
22530,7531,131,3,5.43
22531,7532,132,4,41.56
22532,7533,133,1,58.08
22533,7534,134,2,65.43
22534,7535,135,3,52.33
22535,7536,136,4,89.56
22536,7537,137,1,21.51
22537,7538,138,2,31.8
22538,7539,139,3,55.66
22539,7540,140,4,8.58
22540,7541,141,1,42.4
22541,7542,142,2,61.24
22542,7543,143,3,95.26
22543,7544,144,4,104.26
22544,7545,145,1,27.55
22545,7546,146,2,38.45
22546,7547,147,3,100.0
22547,7548,148,4,45.18
22548,7549,149,1,55.91
22549,7550,150,2,64.01
22550,7551,151,3,11.33
22551,7552,152,4,82.01
22552,7553,153,1,60.65
22553,7554,154,2,93.3
22554,7555,155,3,66.25
22555,7556,156,4,82.79
22556,7557,157,1,34.71
22557,7558,158,2,84.02
22558,7559,159,3,62.98
22559,7560,160,4,9.23
22560,7561,161,1,92.42
22561,7562,162,2,76.66
22562,7563,163,3,53.83
22563,7564,164,4,100.9
22564,7565,165,1,87.56
22565,7566,166,2,89.09
22566,7567,167,3,95.74
22567,7568,168,4,5.33
22568,7569,169,1,67.37
22569,7570,170,2,78.44
22570,7571,171,3,17.58
22571,7572,172,4,67.97
22572,7573,173,1,5.1
22573,7574,174,2,72.38
22574,7575,175,3,6.0
22575,7576,176,4,30.19
22576,7577,177,1,93.45
22577,7578,178,2,42.03
22578,7579,179,3,15.26
22579,7580,180,4,85.73
22580,7581,181,1,6.55
22581,7582,182,2,46.24
22582,7583,183,3,88.88
22583,7584,184,4,39.7
22584,7585,185,1,37.32
22585,7586,186,2,64.53
22586,7587,187,3,66.19
22587,7588,188,4,101.64
22588,7589,189,1,8.89
22589,7590,190,2,44.77
22590,7591,191,3,58.49
22591,7592,192,4,44.69
22592,7593,193,1,64.07
22593,7594,194,2,91.53
22594,7595,195,3,79.87
22595,7596,196,4,76.26
22596,7597,197,1,21.38
22597,7598,198,2,21.92
22598,7599,199,3,23.17
22599,7600,200,4,30.21
22600,7601,1,1,6.81
22601,7602,2,2,44.93
22602,7603,3,3,74.02
22603,7604,4,4,62.42
22604,7605,5,1,91.74
22605,7606,6,2,87.66
22606,7607,7,3,90.26
22607,7608,8,4,51.93
22608,7609,9,1,89.58
22609,7610,10,2,78.9
22610,7611,11,3,29.62
22611,7612,12,4,80.88
22612,7613,13,1,38.99
22613,7614,14,2,12.85
22614,7615,15,3,72.17
22615,7616,16,4,85.29
22616,7617,17,1,89.51
22617,7618,18,2,103.2
22618,7619,19,3,19.7
22619,7620,20,4,9.94
22620,7621,21,1,88.63
22621,7622,22,2,59.76
22622,7623,23,3,15.88
22623,7624,24,4,86.57
22624,7625,25,1,26.63
22625,7626,26,2,60.38
22626,7627,27,3,72.93
22627,7628,28,4,96.62
22628,7629,29,1,81.03
22629,7630,30,2,31.96
22630,7631,31,3,76.58
22631,7632,32,4,18.16
22632,7633,33,1,33.76
22633,7634,34,2,37.99
22634,7635,35,3,18.64
22635,7636,36,4,31.12
22636,7637,37,1,64.46
22637,7638,38,2,22.08
22638,7639,39,3,28.99
22639,7640,40,4,19.87
22640,7641,41,1,74.13
22641,7642,42,2,82.4
22642,7643,43,3,10.57
22643,7644,44,4,7.72
22644,7645,45,1,24.07
22645,7646,46,2,49.76
22646,7647,47,3,98.82
22647,7648,48,4,22.13
22648,7649,49,1,70.93
22649,7650,50,2,21.11
22650,7651,51,3,71.23
22651,7652,52,4,38.29
22652,7653,53,1,69.07
22653,7654,54,2,88.62
22654,7655,55,3,61.72
22655,7656,56,4,76.41
22656,7657,57,1,28.33
22657,7658,58,2,28.03
22658,7659,59,3,21.18
22659,7660,60,4,37.27
22660,7661,61,1,43.06
22661,7662,62,2,68.62
22662,7663,63,3,53.47
22663,7664,64,4,46.08
22664,7665,65,1,63.84
22665,7666,66,2,94.43
22666,7667,67,3,74.63
22667,7668,68,4,32.48
22668,7669,69,1,78.53
22669,7670,70,2,84.98
22670,7671,71,3,33.59
22671,7672,72,4,94.96
22672,7673,73,1,58.74
22673,7674,74,2,101.65
22674,7675,75,3,91.04
22675,7676,76,4,91.82
22676,7677,77,1,50.84
22677,7678,78,2,98.39
22678,7679,79,3,26.55
22679,7680,80,4,11.91
22680,7681,81,1,32.51
22681,7682,82,2,60.18
22682,7683,83,3,5.03
22683,7684,84,4,51.49
22684,7685,85,1,64.74
22685,7686,86,2,44.21
22686,7687,87,3,94.61
22687,7688,88,4,28.75
22688,7689,89,1,10.47
22689,7690,90,2,53.52
22690,7691,91,3,23.77
22691,7692,92,4,17.2
22692,7693,93,1,101.96
22693,7694,94,2,47.31
22694,7695,95,3,88.95
22695,7696,96,4,21.39
22696,7697,97,1,11.89
22697,7698,98,2,79.59
22698,7699,99,3,96.41
22699,7700,100,4,24.78
22700,7701,101,1,23.7
22701,7702,102,2,19.56
22702,7703,103,3,37.13
22703,7704,104,4,64.82
22704,7705,105,1,59.52
22705,7706,106,2,52.07
22706,7707,107,3,50.05
22707,7708,108,4,50.49
22708,7709,109,1,59.39
22709,7710,110,2,79.12
22710,7711,111,3,74.12
22711,7712,112,4,24.42
22712,7713,113,1,55.25
22713,7714,114,2,11.4
22714,7715,115,3,48.22
22715,7716,116,4,64.4
22716,7717,117,1,21.58
22717,7718,118,2,104.16
22718,7719,119,3,99.61
22719,7720,120,4,90.41
22720,7721,121,1,24.68
22721,7722,122,2,77.07
22722,7723,123,3,13.27
22723,7724,124,4,55.01
22724,7725,125,1,97.78
22725,7726,126,2,22.66
22726,7727,127,3,21.33
22727,7728,128,4,38.79
22728,7729,129,1,104.44
22729,7730,130,2,43.48
22730,7731,131,3,53.53
22731,7732,132,4,7.74
22732,7733,133,1,63.09
22733,7734,134,2,75.54
22734,7735,135,3,96.94
22735,7736,136,4,86.82
22736,7737,137,1,9.24
22737,7738,138,2,76.91
22738,7739,139,3,14.59
22739,7740,140,4,32.79
22740,7741,141,1,12.44
22741,7742,142,2,36.15
22742,7743,143,3,97.44
22743,7744,144,4,23.55
22744,7745,145,1,103.73
22745,7746,146,2,30.16
22746,7747,147,3,41.97
22747,7748,148,4,49.28
22748,7749,149,1,7.63
22749,7750,150,2,71.53
22750,7751,151,3,69.5
22751,7752,152,4,27.05
22752,7753,153,1,75.62
22753,7754,154,2,95.51
22754,7755,155,3,74.73
22755,7756,156,4,39.85
22756,7757,157,1,32.95
22757,7758,158,2,95.89
22758,7759,159,3,74.41
22759,7760,160,4,66.36
22760,7761,161,1,23.92
22761,7762,162,2,69.27
22762,7763,163,3,50.91
22763,7764,164,4,16.29
22764,7765,165,1,97.31
22765,7766,166,2,90.91
22766,7767,167,3,60.28
22767,7768,168,4,86.25
22768,7769,169,1,93.48
22769,7770,170,2,91.38
22770,7771,171,3,25.72
22771,7772,172,4,57.23
22772,7773,173,1,55.85
22773,7774,174,2,99.33
22774,7775,175,3,41.52
22775,7776,176,4,67.41
22776,7777,177,1,78.14
22777,7778,178,2,85.66
22778,7779,179,3,65.94
22779,7780,180,4,39.03
22780,7781,181,1,81.24
22781,7782,182,2,62.93
22782,7783,183,3,79.46
22783,7784,184,4,39.03
22784,7785,185,1,53.22
22785,7786,186,2,62.04
22786,7787,187,3,10.92
22787,7788,188,4,74.93
22788,7789,189,1,23.52
22789,7790,190,2,85.86
22790,7791,191,3,52.7
22791,7792,192,4,27.5
22792,7793,193,1,79.11
22793,7794,194,2,73.09
22794,7795,195,3,6.4
22795,7796,196,4,53.21
22796,7797,197,1,60.96
22797,7798,198,2,92.4
22798,7799,199,3,12.0
22799,7800,200,4,48.57
22800,7801,1,1,86.34
22801,7802,2,2,55.3
22802,7803,3,3,34.8
22803,7804,4,4,73.13
22804,7805,5,1,33.51
22805,7806,6,2,76.91
22806,7807,7,3,80.32
22807,7808,8,4,21.82
22808,7809,9,1,66.98
22809,7810,10,2,31.89
22810,7811,11,3,29.96
22811,7812,12,4,41.67
22812,7813,13,1,69.63
22813,7814,14,2,91.94
22814,7815,15,3,9.13
22815,7816,16,4,68.8
22816,7817,17,1,43.1
22817,7818,18,2,18.64
22818,7819,19,3,88.84
22819,7820,20,4,50.81
22820,7821,21,1,98.87
22821,7822,22,2,98.52
22822,7823,23,3,5.07
22823,7824,24,4,22.27
22824,7825,25,1,86.88
22825,7826,26,2,72.75
22826,7827,27,3,41.9
22827,7828,28,4,85.18
22828,7829,29,1,71.8
22829,7830,30,2,31.42
22830,7831,31,3,67.59
22831,7832,32,4,84.6
22832,7833,33,1,79.6
22833,7834,34,2,11.21
22834,7835,35,3,80.04
22835,7836,36,4,41.8
22836,7837,37,1,78.89
22837,7838,38,2,22.79
22838,7839,39,3,35.33
22839,7840,40,4,12.17
22840,7841,41,1,47.28
22841,7842,42,2,45.82
22842,7843,43,3,47.09
22843,7844,44,4,69.49
22844,7845,45,1,7.62
22845,7846,46,2,69.74
22846,7847,47,3,61.96
22847,7848,48,4,31.53
22848,7849,49,1,9.94
22849,7850,50,2,36.31
22850,7851,51,3,45.23
22851,7852,52,4,53.39
22852,7853,53,1,29.84
22853,7854,54,2,47.43
22854,7855,55,3,31.66
22855,7856,56,4,89.14
22856,7857,57,1,89.24
22857,7858,58,2,37.49
22858,7859,59,3,24.86
22859,7860,60,4,76.51
22860,7861,61,1,7.35
22861,7862,62,2,37.02
22862,7863,63,3,90.03
22863,7864,64,4,78.25
22864,7865,65,1,19.02
22865,7866,66,2,45.8
22866,7867,67,3,11.72
22867,7868,68,4,103.85
22868,7869,69,1,34.84
22869,7870,70,2,10.87
22870,7871,71,3,71.58
22871,7872,72,4,94.47
22872,7873,73,1,81.64
22873,7874,74,2,88.24
22874,7875,75,3,52.85
22875,7876,76,4,39.52
22876,7877,77,1,93.96
22877,7878,78,2,76.13
22878,7879,79,3,24.01
22879,7880,80,4,16.98
22880,7881,81,1,65.87
22881,7882,82,2,38.51
22882,7883,83,3,89.33
22883,7884,84,4,46.13
22884,7885,85,1,29.75
22885,7886,86,2,96.04
22886,7887,87,3,66.91
22887,7888,88,4,94.33
22888,7889,89,1,41.52
22889,7890,90,2,77.66
22890,7891,91,3,99.82
22891,7892,92,4,79.74
22892,7893,93,1,23.63
22893,7894,94,2,104.14
22894,7895,95,3,21.34
22895,7896,96,4,90.99
22896,7897,97,1,45.19
22897,7898,98,2,63.65
22898,7899,99,3,33.17
22899,7900,100,4,59.9
22900,7901,101,1,11.17
22901,7902,102,2,48.83
22902,7903,103,3,67.61
22903,7904,104,4,43.13
22904,7905,105,1,33.18
22905,7906,106,2,55.63
22906,7907,107,3,67.73
22907,7908,108,4,91.91
22908,7909,109,1,8.7
22909,7910,110,2,103.27
22910,7911,111,3,78.71
22911,7912,112,4,51.02
22912,7913,113,1,12.93
22913,7914,114,2,8.98
22914,7915,115,3,11.92
22915,7916,116,4,8.67
22916,7917,117,1,18.52
22917,7918,118,2,104.95
22918,7919,119,3,101.99
22919,7920,120,4,57.37
22920,7921,121,1,5.93
22921,7922,122,2,44.17
22922,7923,123,3,69.02
22923,7924,124,4,99.24
22924,7925,125,1,15.48
22925,7926,126,2,78.89
22926,7927,127,3,53.24
22927,7928,128,4,76.65
22928,7929,129,1,70.29
22929,7930,130,2,7.55
22930,7931,131,3,30.62
22931,7932,132,4,11.96
22932,7933,133,1,10.46
22933,7934,134,2,101.89
22934,7935,135,3,77.31
22935,7936,136,4,48.93
22936,7937,137,1,74.86
22937,7938,138,2,73.77
22938,7939,139,3,78.2
22939,7940,140,4,85.56
22940,7941,141,1,96.75
22941,7942,142,2,22.3
22942,7943,143,3,8.08
22943,7944,144,4,61.84
22944,7945,145,1,25.8
22945,7946,146,2,76.29
22946,7947,147,3,46.42
22947,7948,148,4,10.66
22948,7949,149,1,31.49
22949,7950,150,2,18.01
22950,7951,151,3,10.9
22951,7952,152,4,9.01
22952,7953,153,1,89.74
22953,7954,154,2,73.51
22954,7955,155,3,25.69
22955,7956,156,4,7.92
22956,7957,157,1,39.8
22957,7958,158,2,83.58
22958,7959,159,3,26.7
22959,7960,160,4,41.44
22960,7961,161,1,57.22
22961,7962,162,2,50.57
22962,7963,163,3,36.65
22963,7964,164,4,43.7
22964,7965,165,1,6.54
22965,7966,166,2,48.07
22966,7967,167,3,101.67
22967,7968,168,4,40.77
22968,7969,169,1,16.58
22969,7970,170,2,16.6
22970,7971,171,3,57.24
22971,7972,172,4,39.56
22972,7973,173,1,12.2
22973,7974,174,2,45.31
22974,7975,175,3,61.68
22975,7976,176,4,17.04
22976,7977,177,1,76.94
22977,7978,178,2,98.13
22978,7979,179,3,52.41
22979,7980,180,4,73.53
22980,7981,181,1,11.5
22981,7982,182,2,82.84
22982,7983,183,3,58.99
22983,7984,184,4,16.49
22984,7985,185,1,101.46
22985,7986,186,2,17.22
22986,7987,187,3,12.93
22987,7988,188,4,75.94
22988,7989,189,1,22.42
22989,7990,190,2,77.49
22990,7991,191,3,89.61
22991,7992,192,4,30.61
22992,7993,193,1,80.14
22993,7994,194,2,66.63
22994,7995,195,3,31.32
22995,7996,196,4,8.58
22996,7997,197,1,15.5
22997,7998,198,2,90.7
22998,7999,199,3,101.35
22999,8000,200,4,6.04
23000,8001,1,1,30.48
23001,8002,2,2,74.75
23002,8003,3,3,54.89
23003,8004,4,4,99.7
23004,8005,5,1,39.78
23005,8006,6,2,17.15
23006,8007,7,3,74.88
23007,8008,8,4,54.68
23008,8009,9,1,54.93
23009,8010,10,2,12.44
23010,8011,11,3,19.56
23011,8012,12,4,48.87
23012,8013,13,1,37.19
23013,8014,14,2,8.18
23014,8015,15,3,69.8
23015,8016,16,4,35.62
23016,8017,17,1,86.37
23017,8018,18,2,79.76
23018,8019,19,3,35.06
23019,8020,20,4,7.0
23020,8021,21,1,56.76
23021,8022,22,2,76.92
23022,8023,23,3,8.45
23023,8024,24,4,65.97
23024,8025,25,1,72.43
23025,8026,26,2,17.83
23026,8027,27,3,81.58
23027,8028,28,4,28.02
23028,8029,29,1,28.48
23029,8030,30,2,8.9
23030,8031,31,3,72.22
23031,8032,32,4,97.28
23032,8033,33,1,63.23
23033,8034,34,2,70.49
23034,8035,35,3,62.51
23035,8036,36,4,83.21
23036,8037,37,1,88.32
23037,8038,38,2,64.08
23038,8039,39,3,14.84
23039,8040,40,4,82.3
23040,8041,41,1,88.73
23041,8042,42,2,82.26
23042,8043,43,3,7.57
23043,8044,44,4,64.51
23044,8045,45,1,73.3
23045,8046,46,2,16.43
23046,8047,47,3,88.46
23047,8048,48,4,91.14
23048,8049,49,1,50.17
23049,8050,50,2,75.73
23050,8051,51,3,104.39
23051,8052,52,4,63.72
23052,8053,53,1,71.18
23053,8054,54,2,89.53
23054,8055,55,3,69.29
23055,8056,56,4,56.63
23056,8057,57,1,49.75
23057,8058,58,2,94.86
23058,8059,59,3,78.3
23059,8060,60,4,38.54
23060,8061,61,1,64.12
23061,8062,62,2,95.39
23062,8063,63,3,67.26
23063,8064,64,4,85.05
23064,8065,65,1,31.47
23065,8066,66,2,24.17
23066,8067,67,3,75.77
23067,8068,68,4,87.08
23068,8069,69,1,19.86
23069,8070,70,2,47.64
23070,8071,71,3,69.48
23071,8072,72,4,52.92
23072,8073,73,1,58.25
23073,8074,74,2,75.98
23074,8075,75,3,67.54
23075,8076,76,4,90.42
23076,8077,77,1,88.98
23077,8078,78,2,94.42
23078,8079,79,3,59.87
23079,8080,80,4,92.87
23080,8081,81,1,8.75
23081,8082,82,2,12.01
23082,8083,83,3,81.59
23083,8084,84,4,61.55
23084,8085,85,1,77.96
23085,8086,86,2,74.88
23086,8087,87,3,51.83
23087,8088,88,4,86.92
23088,8089,89,1,23.9
23089,8090,90,2,78.59
23090,8091,91,3,54.27
23091,8092,92,4,54.77
23092,8093,93,1,56.67
23093,8094,94,2,71.32
23094,8095,95,3,50.55
23095,8096,96,4,55.76
23096,8097,97,1,6.16
23097,8098,98,2,5.3
23098,8099,99,3,74.12
23099,8100,100,4,18.48
23100,8101,101,1,101.06
23101,8102,102,2,55.33
23102,8103,103,3,84.24
23103,8104,104,4,68.31
23104,8105,105,1,13.32
23105,8106,106,2,74.46
23106,8107,107,3,93.64
23107,8108,108,4,24.1
23108,8109,109,1,81.2
23109,8110,110,2,104.34
23110,8111,111,3,50.44
23111,8112,112,4,22.84
23112,8113,113,1,61.19
23113,8114,114,2,72.18
23114,8115,115,3,84.15
23115,8116,116,4,43.53
23116,8117,117,1,87.86
23117,8118,118,2,43.74
23118,8119,119,3,21.4
23119,8120,120,4,13.23
23120,8121,121,1,87.63
23121,8122,122,2,96.7
23122,8123,123,3,63.96
23123,8124,124,4,101.72
23124,8125,125,1,78.35
23125,8126,126,2,72.92
23126,8127,127,3,43.14
23127,8128,128,4,89.27
23128,8129,129,1,45.12
23129,8130,130,2,93.16
23130,8131,131,3,61.23
23131,8132,132,4,91.35
23132,8133,133,1,100.11
23133,8134,134,2,47.33
23134,8135,135,3,16.04
23135,8136,136,4,13.74
23136,8137,137,1,101.43
23137,8138,138,2,60.47
23138,8139,139,3,5.16
23139,8140,140,4,28.94
23140,8141,141,1,7.7
23141,8142,142,2,61.8
23142,8143,143,3,70.83
23143,8144,144,4,72.16
23144,8145,145,1,104.94
23145,8146,146,2,44.11
23146,8147,147,3,53.34
23147,8148,148,4,80.74
23148,8149,149,1,7.06
23149,8150,150,2,57.86
23150,8151,151,3,27.85
23151,8152,152,4,85.43
23152,8153,153,1,26.85
23153,8154,154,2,63.32
23154,8155,155,3,69.82
23155,8156,156,4,39.64
23156,8157,157,1,44.11
23157,8158,158,2,75.22
23158,8159,159,3,69.28
23159,8160,160,4,54.32
23160,8161,161,1,5.86
23161,8162,162,2,76.6
23162,8163,163,3,40.42
23163,8164,164,4,57.61
23164,8165,165,1,7.65
23165,8166,166,2,8.69
23166,8167,167,3,88.15
23167,8168,168,4,9.87
23168,8169,169,1,65.84
23169,8170,170,2,59.84
23170,8171,171,3,9.31
23171,8172,172,4,67.57
23172,8173,173,1,23.68
23173,8174,174,2,9.8
23174,8175,175,3,75.97
23175,8176,176,4,81.16
23176,8177,177,1,87.95
23177,8178,178,2,40.15
23178,8179,179,3,102.61
23179,8180,180,4,42.08
23180,8181,181,1,48.11
23181,8182,182,2,34.5
23182,8183,183,3,85.0
23183,8184,184,4,63.5
23184,8185,185,1,79.88
23185,8186,186,2,82.48
23186,8187,187,3,89.42
23187,8188,188,4,31.12
23188,8189,189,1,46.78
23189,8190,190,2,44.24
23190,8191,191,3,42.18
23191,8192,192,4,74.92
23192,8193,193,1,64.62
23193,8194,194,2,80.16
23194,8195,195,3,63.44
23195,8196,196,4,101.87
23196,8197,197,1,49.02
23197,8198,198,2,14.22
23198,8199,199,3,16.77
23199,8200,200,4,68.03
23200,8201,1,1,15.96
23201,8202,2,2,94.83
23202,8203,3,3,36.05
23203,8204,4,4,92.74
23204,8205,5,1,26.05
23205,8206,6,2,54.33
23206,8207,7,3,31.35
23207,8208,8,4,6.43
23208,8209,9,1,18.39
23209,8210,10,2,99.55
23210,8211,11,3,49.99
23211,8212,12,4,32.91
23212,8213,13,1,88.35
23213,8214,14,2,74.55
23214,8215,15,3,102.41
23215,8216,16,4,81.68
23216,8217,17,1,48.55
23217,8218,18,2,38.28
23218,8219,19,3,7.33
23219,8220,20,4,74.31
23220,8221,21,1,71.79
23221,8222,22,2,9.06
23222,8223,23,3,23.83
23223,8224,24,4,54.37
23224,8225,25,1,69.17
23225,8226,26,2,24.91
23226,8227,27,3,92.45
23227,8228,28,4,38.24
23228,8229,29,1,49.58
23229,8230,30,2,69.46
23230,8231,31,3,71.48
23231,8232,32,4,18.23
23232,8233,33,1,22.74
23233,8234,34,2,37.22
23234,8235,35,3,76.62
23235,8236,36,4,29.78
23236,8237,37,1,60.89
23237,8238,38,2,8.58
23238,8239,39,3,24.78
23239,8240,40,4,63.32
23240,8241,41,1,26.29
23241,8242,42,2,54.57
23242,8243,43,3,60.52
23243,8244,44,4,49.21
23244,8245,45,1,41.01
23245,8246,46,2,44.56
23246,8247,47,3,100.15
23247,8248,48,4,90.34
23248,8249,49,1,82.2
23249,8250,50,2,37.5
23250,8251,51,3,12.5
23251,8252,52,4,36.55
23252,8253,53,1,30.87
23253,8254,54,2,74.87
23254,8255,55,3,102.87
23255,8256,56,4,33.45
23256,8257,57,1,64.85
23257,8258,58,2,18.66
23258,8259,59,3,5.1
23259,8260,60,4,15.47
23260,8261,61,1,10.67
23261,8262,62,2,59.57
23262,8263,63,3,81.26
23263,8264,64,4,76.52
23264,8265,65,1,25.75
23265,8266,66,2,58.98
23266,8267,67,3,90.62
23267,8268,68,4,16.57
23268,8269,69,1,29.91
23269,8270,70,2,19.33
23270,8271,71,3,91.54
23271,8272,72,4,55.28
23272,8273,73,1,89.71
23273,8274,74,2,30.71
23274,8275,75,3,14.68
23275,8276,76,4,81.84
23276,8277,77,1,5.96
23277,8278,78,2,73.54
23278,8279,79,3,7.46
23279,8280,80,4,51.4
23280,8281,81,1,53.91
23281,8282,82,2,57.03
23282,8283,83,3,85.66
23283,8284,84,4,40.35
23284,8285,85,1,93.66
23285,8286,86,2,44.86
23286,8287,87,3,61.25
23287,8288,88,4,54.87
23288,8289,89,1,44.62
23289,8290,90,2,36.24
23290,8291,91,3,94.58
23291,8292,92,4,9.8
23292,8293,93,1,27.34
23293,8294,94,2,64.0
23294,8295,95,3,79.49
23295,8296,96,4,75.61
23296,8297,97,1,93.69
23297,8298,98,2,76.75
23298,8299,99,3,48.42
23299,8300,100,4,69.69
23300,8301,101,1,17.51
23301,8302,102,2,21.89
23302,8303,103,3,51.62
23303,8304,104,4,89.01
23304,8305,105,1,49.39
23305,8306,106,2,48.15
23306,8307,107,3,6.87
23307,8308,108,4,31.86
23308,8309,109,1,69.82
23309,8310,110,2,90.72
23310,8311,111,3,8.76
23311,8312,112,4,77.42
23312,8313,113,1,6.93
23313,8314,114,2,89.93
23314,8315,115,3,57.32
23315,8316,116,4,35.23
23316,8317,117,1,84.52
23317,8318,118,2,40.57
23318,8319,119,3,38.11
23319,8320,120,4,19.21
23320,8321,121,1,14.1
23321,8322,122,2,58.04
23322,8323,123,3,36.71
23323,8324,124,4,59.09
23324,8325,125,1,85.83
23325,8326,126,2,95.32
23326,8327,127,3,92.35
23327,8328,128,4,67.48
23328,8329,129,1,94.77
23329,8330,130,2,89.98
23330,8331,131,3,71.87
23331,8332,132,4,49.98
23332,8333,133,1,32.44
23333,8334,134,2,24.02
23334,8335,135,3,65.65
23335,8336,136,4,11.34
23336,8337,137,1,9.26
23337,8338,138,2,28.33
23338,8339,139,3,34.4
23339,8340,140,4,49.09
23340,8341,141,1,13.43
23341,8342,142,2,68.9
23342,8343,143,3,35.37
23343,8344,144,4,27.39
23344,8345,145,1,76.61
23345,8346,146,2,27.46
23346,8347,147,3,72.59
23347,8348,148,4,49.12
23348,8349,149,1,28.18
23349,8350,150,2,82.11
23350,8351,151,3,69.6
23351,8352,152,4,67.05
23352,8353,153,1,89.57
23353,8354,154,2,56.21
23354,8355,155,3,48.84
23355,8356,156,4,27.27
23356,8357,157,1,78.82
23357,8358,158,2,65.29
23358,8359,159,3,49.28
23359,8360,160,4,80.38
23360,8361,161,1,15.47
23361,8362,162,2,76.53
23362,8363,163,3,70.39
23363,8364,164,4,22.97
23364,8365,165,1,62.24
23365,8366,166,2,6.3
23366,8367,167,3,33.55
23367,8368,168,4,64.36
23368,8369,169,1,69.23
23369,8370,170,2,58.72
23370,8371,171,3,84.62
23371,8372,172,4,20.71
23372,8373,173,1,25.27
23373,8374,174,2,44.95
23374,8375,175,3,100.05
23375,8376,176,4,12.84
23376,8377,177,1,11.94
23377,8378,178,2,102.65
23378,8379,179,3,100.99
23379,8380,180,4,16.14
23380,8381,181,1,86.43
23381,8382,182,2,54.19
23382,8383,183,3,78.51
23383,8384,184,4,87.06
23384,8385,185,1,98.14
23385,8386,186,2,45.89
23386,8387,187,3,13.86
23387,8388,188,4,42.81
23388,8389,189,1,94.22
23389,8390,190,2,92.37
23390,8391,191,3,55.57
23391,8392,192,4,67.17
23392,8393,193,1,55.2
23393,8394,194,2,21.01
23394,8395,195,3,36.04
23395,8396,196,4,78.5
23396,8397,197,1,89.75
23397,8398,198,2,41.05
23398,8399,199,3,18.08
23399,8400,200,4,62.66
23400,8401,1,1,60.68
23401,8402,2,2,37.96
23402,8403,3,3,75.24
23403,8404,4,4,96.66
23404,8405,5,1,67.8
23405,8406,6,2,35.05
23406,8407,7,3,34.46
23407,8408,8,4,38.67
23408,8409,9,1,73.94
23409,8410,10,2,93.13
23410,8411,11,3,60.05
23411,8412,12,4,24.36
23412,8413,13,1,93.36
23413,8414,14,2,24.85
23414,8415,15,3,30.38
23415,8416,16,4,103.01
23416,8417,17,1,104.01
23417,8418,18,2,65.27
23418,8419,19,3,7.27
23419,8420,20,4,16.98
23420,8421,21,1,30.75
23421,8422,22,2,65.72
23422,8423,23,3,44.13
23423,8424,24,4,9.35
23424,8425,25,1,65.5
23425,8426,26,2,45.44
23426,8427,27,3,38.07
23427,8428,28,4,27.51
23428,8429,29,1,73.73
23429,8430,30,2,75.97
23430,8431,31,3,27.29
23431,8432,32,4,12.67
23432,8433,33,1,71.28
23433,8434,34,2,25.14
23434,8435,35,3,52.94
23435,8436,36,4,51.63
23436,8437,37,1,65.09
23437,8438,38,2,104.05
23438,8439,39,3,66.8
23439,8440,40,4,84.59
23440,8441,41,1,75.55
23441,8442,42,2,74.6
23442,8443,43,3,56.64
23443,8444,44,4,99.38
23444,8445,45,1,12.57
23445,8446,46,2,11.21
23446,8447,47,3,76.08
23447,8448,48,4,68.73
23448,8449,49,1,27.59
23449,8450,50,2,101.14
23450,8451,51,3,97.99
23451,8452,52,4,32.72
23452,8453,53,1,36.87
23453,8454,54,2,22.93
23454,8455,55,3,57.78
23455,8456,56,4,65.29
23456,8457,57,1,69.56
23457,8458,58,2,30.15
23458,8459,59,3,32.34
23459,8460,60,4,13.7
23460,8461,61,1,25.87
23461,8462,62,2,82.87
23462,8463,63,3,61.01
23463,8464,64,4,15.81
23464,8465,65,1,70.06
23465,8466,66,2,80.28
23466,8467,67,3,75.85
23467,8468,68,4,19.47
23468,8469,69,1,40.01
23469,8470,70,2,50.79
23470,8471,71,3,96.49
23471,8472,72,4,27.24
23472,8473,73,1,89.42
23473,8474,74,2,9.58
23474,8475,75,3,25.0
23475,8476,76,4,40.55
23476,8477,77,1,72.33
23477,8478,78,2,70.04
23478,8479,79,3,85.25
23479,8480,80,4,49.33
23480,8481,81,1,47.78
23481,8482,82,2,49.65
23482,8483,83,3,38.29
23483,8484,84,4,5.06
23484,8485,85,1,82.73
23485,8486,86,2,24.01
23486,8487,87,3,79.99
23487,8488,88,4,53.42
23488,8489,89,1,95.78
23489,8490,90,2,68.7
23490,8491,91,3,94.27
23491,8492,92,4,43.38
23492,8493,93,1,10.96
23493,8494,94,2,26.99
23494,8495,95,3,90.86
23495,8496,96,4,25.9
23496,8497,97,1,104.74
23497,8498,98,2,11.8
23498,8499,99,3,23.08
23499,8500,100,4,30.32
23500,8501,101,1,33.08
23501,8502,102,2,104.51
23502,8503,103,3,81.45
23503,8504,104,4,14.32
23504,8505,105,1,48.45
23505,8506,106,2,27.39
23506,8507,107,3,66.58
23507,8508,108,4,48.67
23508,8509,109,1,75.88
23509,8510,110,2,69.13
23510,8511,111,3,55.83
23511,8512,112,4,81.93
23512,8513,113,1,84.54
23513,8514,114,2,20.63
23514,8515,115,3,74.95
23515,8516,116,4,70.26
23516,8517,117,1,46.66
23517,8518,118,2,59.57
23518,8519,119,3,12.52
23519,8520,120,4,57.75
23520,8521,121,1,74.54
23521,8522,122,2,73.12
23522,8523,123,3,79.46
23523,8524,124,4,52.41
23524,8525,125,1,11.02
23525,8526,126,2,43.68
23526,8527,127,3,31.04
23527,8528,128,4,96.24
23528,8529,129,1,7.95
23529,8530,130,2,54.26
23530,8531,131,3,30.49
23531,8532,132,4,13.6
23532,8533,133,1,42.79
23533,8534,134,2,7.57
23534,8535,135,3,77.57
23535,8536,136,4,11.14
23536,8537,137,1,77.84
23537,8538,138,2,20.51
23538,8539,139,3,46.23
23539,8540,140,4,56.08
23540,8541,141,1,25.23
23541,8542,142,2,89.9
23542,8543,143,3,38.01
23543,8544,144,4,65.05
23544,8545,145,1,97.08
23545,8546,146,2,87.9
23546,8547,147,3,49.61
23547,8548,148,4,29.94
23548,8549,149,1,85.72
23549,8550,150,2,60.69
23550,8551,151,3,52.76
23551,8552,152,4,43.24
23552,8553,153,1,31.07
23553,8554,154,2,18.41
23554,8555,155,3,34.77
23555,8556,156,4,104.74
23556,8557,157,1,81.19
23557,8558,158,2,33.31
23558,8559,159,3,16.45
23559,8560,160,4,24.33
23560,8561,161,1,32.25
23561,8562,162,2,92.81
23562,8563,163,3,82.96
23563,8564,164,4,58.17
23564,8565,165,1,83.18
23565,8566,166,2,46.82
23566,8567,167,3,40.61
23567,8568,168,4,86.3
23568,8569,169,1,82.15
23569,8570,170,2,101.41
23570,8571,171,3,23.08
23571,8572,172,4,27.28
23572,8573,173,1,71.76
23573,8574,174,2,52.87
23574,8575,175,3,43.85
23575,8576,176,4,50.43
23576,8577,177,1,81.16
23577,8578,178,2,39.1
23578,8579,179,3,87.49
23579,8580,180,4,6.39
23580,8581,181,1,82.91
23581,8582,182,2,63.41
23582,8583,183,3,101.86
23583,8584,184,4,80.6
23584,8585,185,1,102.04
23585,8586,186,2,29.68
23586,8587,187,3,49.89
23587,8588,188,4,67.02
23588,8589,189,1,37.92
23589,8590,190,2,44.93
23590,8591,191,3,34.84
23591,8592,192,4,98.91
23592,8593,193,1,23.12
23593,8594,194,2,9.91
23594,8595,195,3,62.84
23595,8596,196,4,48.8
23596,8597,197,1,38.17
23597,8598,198,2,93.54
23598,8599,199,3,54.49
23599,8600,200,4,44.77
23600,8601,1,1,55.43
23601,8602,2,2,75.87
23602,8603,3,3,25.09
23603,8604,4,4,71.16
23604,8605,5,1,81.72
23605,8606,6,2,90.41
23606,8607,7,3,6.12
23607,8608,8,4,99.49
23608,8609,9,1,77.86
23609,8610,10,2,51.85
23610,8611,11,3,82.25
23611,8612,12,4,92.38
23612,8613,13,1,21.44
23613,8614,14,2,49.63
23614,8615,15,3,32.26
23615,8616,16,4,29.0
23616,8617,17,1,59.02
23617,8618,18,2,95.47
23618,8619,19,3,19.67
23619,8620,20,4,92.06
23620,8621,21,1,50.07
23621,8622,22,2,90.13
23622,8623,23,3,40.32
23623,8624,24,4,73.96
23624,8625,25,1,28.33
23625,8626,26,2,70.14
23626,8627,27,3,69.86
23627,8628,28,4,31.65
23628,8629,29,1,7.47
23629,8630,30,2,87.3
23630,8631,31,3,66.99
23631,8632,32,4,71.23
23632,8633,33,1,94.86
23633,8634,34,2,29.01
23634,8635,35,3,36.79
23635,8636,36,4,32.03
23636,8637,37,1,89.73
23637,8638,38,2,85.31
23638,8639,39,3,11.07
23639,8640,40,4,66.53
23640,8641,41,1,104.55
23641,8642,42,2,30.95
23642,8643,43,3,93.76
23643,8644,44,4,81.47
23644,8645,45,1,35.15
23645,8646,46,2,47.43
23646,8647,47,3,57.52
23647,8648,48,4,75.26
23648,8649,49,1,93.99
23649,8650,50,2,67.01
23650,8651,51,3,100.77
23651,8652,52,4,68.63
23652,8653,53,1,9.68
23653,8654,54,2,76.22
23654,8655,55,3,45.06
23655,8656,56,4,93.84
23656,8657,57,1,89.07
23657,8658,58,2,98.81
23658,8659,59,3,22.41
23659,8660,60,4,21.56
23660,8661,61,1,48.92
23661,8662,62,2,51.53
23662,8663,63,3,16.14
23663,8664,64,4,49.54
23664,8665,65,1,50.61
23665,8666,66,2,53.04
23666,8667,67,3,99.29
23667,8668,68,4,13.51
23668,8669,69,1,93.92
23669,8670,70,2,17.26
23670,8671,71,3,93.32
23671,8672,72,4,20.69
23672,8673,73,1,79.06
23673,8674,74,2,26.16
23674,8675,75,3,98.24
23675,8676,76,4,89.47
23676,8677,77,1,28.45
23677,8678,78,2,57.75
23678,8679,79,3,54.52
23679,8680,80,4,11.31
23680,8681,81,1,7.01
23681,8682,82,2,68.98
23682,8683,83,3,26.55
23683,8684,84,4,12.54
23684,8685,85,1,74.08
23685,8686,86,2,16.74
23686,8687,87,3,47.52
23687,8688,88,4,91.71
23688,8689,89,1,76.83
23689,8690,90,2,47.42
23690,8691,91,3,36.07
23691,8692,92,4,72.43
23692,8693,93,1,44.71
23693,8694,94,2,77.44
23694,8695,95,3,57.27
23695,8696,96,4,62.72
23696,8697,97,1,78.23
23697,8698,98,2,52.95
23698,8699,99,3,97.25
23699,8700,100,4,22.23
23700,8701,101,1,78.66
23701,8702,102,2,55.22
23702,8703,103,3,23.02
23703,8704,104,4,51.44
23704,8705,105,1,102.37
23705,8706,106,2,68.0
23706,8707,107,3,17.6
23707,8708,108,4,54.4
23708,8709,109,1,70.23
23709,8710,110,2,93.98
23710,8711,111,3,60.2
23711,8712,112,4,49.0
23712,8713,113,1,103.69
23713,8714,114,2,50.58
23714,8715,115,3,44.24
23715,8716,116,4,49.31
23716,8717,117,1,68.79
23717,8718,118,2,56.88
23718,8719,119,3,62.08
23719,8720,120,4,51.03
23720,8721,121,1,19.09
23721,8722,122,2,50.61
23722,8723,123,3,42.06
23723,8724,124,4,22.25
23724,8725,125,1,100.66
23725,8726,126,2,104.66
23726,8727,127,3,64.77
23727,8728,128,4,10.52
23728,8729,129,1,104.76
23729,8730,130,2,83.51
23730,8731,131,3,23.91
23731,8732,132,4,80.85
23732,8733,133,1,27.27
23733,8734,134,2,49.15
23734,8735,135,3,30.11
23735,8736,136,4,31.94
23736,8737,137,1,104.56
23737,8738,138,2,52.83
23738,8739,139,3,92.2
23739,8740,140,4,80.61
23740,8741,141,1,101.41
23741,8742,142,2,39.59
23742,8743,143,3,36.47
23743,8744,144,4,104.19
23744,8745,145,1,90.75
23745,8746,146,2,99.86
23746,8747,147,3,60.74
23747,8748,148,4,87.67
23748,8749,149,1,38.32
23749,8750,150,2,49.46
23750,8751,151,3,83.22
23751,8752,152,4,101.79
23752,8753,153,1,50.09
23753,8754,154,2,7.6
23754,8755,155,3,50.62
23755,8756,156,4,70.32
23756,8757,157,1,102.51
23757,8758,158,2,65.57
23758,8759,159,3,87.67
23759,8760,160,4,16.7
23760,8761,161,1,14.72
23761,8762,162,2,89.78
23762,8763,163,3,95.17
23763,8764,164,4,34.77
23764,8765,165,1,29.38
23765,8766,166,2,24.64
23766,8767,167,3,45.02
23767,8768,168,4,34.6
23768,8769,169,1,39.88
23769,8770,170,2,103.77
23770,8771,171,3,90.52
23771,8772,172,4,101.1
23772,8773,173,1,29.48
23773,8774,174,2,74.44
23774,8775,175,3,78.77
23775,8776,176,4,77.44
23776,8777,177,1,22.48
23777,8778,178,2,78.28
23778,8779,179,3,8.31
23779,8780,180,4,21.05
23780,8781,181,1,99.79
23781,8782,182,2,74.81
23782,8783,183,3,50.12
23783,8784,184,4,81.93
23784,8785,185,1,64.58
23785,8786,186,2,34.22
23786,8787,187,3,63.88
23787,8788,188,4,65.53
23788,8789,189,1,89.91
23789,8790,190,2,81.3
23790,8791,191,3,80.66
23791,8792,192,4,52.12
23792,8793,193,1,28.25
23793,8794,194,2,75.29
23794,8795,195,3,53.01
23795,8796,196,4,41.04
23796,8797,197,1,58.29
23797,8798,198,2,77.56
23798,8799,199,3,41.97
23799,8800,200,4,24.62
23800,8801,1,1,9.11
23801,8802,2,2,94.9
23802,8803,3,3,85.16
23803,8804,4,4,26.64
23804,8805,5,1,35.66
23805,8806,6,2,43.84
23806,8807,7,3,96.44
23807,8808,8,4,24.3
23808,8809,9,1,44.61
23809,8810,10,2,52.08
23810,8811,11,3,56.03
23811,8812,12,4,73.65
23812,8813,13,1,103.33
23813,8814,14,2,28.05
23814,8815,15,3,55.06
23815,8816,16,4,28.53
23816,8817,17,1,68.27
23817,8818,18,2,88.24
23818,8819,19,3,103.3
23819,8820,20,4,36.19
23820,8821,21,1,35.94
23821,8822,22,2,62.95
23822,8823,23,3,92.64
23823,8824,24,4,8.04
23824,8825,25,1,45.38
23825,8826,26,2,100.46
23826,8827,27,3,80.16
23827,8828,28,4,83.4
23828,8829,29,1,90.94
23829,8830,30,2,81.14
23830,8831,31,3,61.45
23831,8832,32,4,68.38
23832,8833,33,1,42.7
23833,8834,34,2,75.97
23834,8835,35,3,7.3
23835,8836,36,4,19.06
23836,8837,37,1,104.22
23837,8838,38,2,34.45
23838,8839,39,3,66.6
23839,8840,40,4,91.38
23840,8841,41,1,80.63
23841,8842,42,2,13.96
23842,8843,43,3,87.95
23843,8844,44,4,31.64
23844,8845,45,1,31.26
23845,8846,46,2,26.25
23846,8847,47,3,81.12
23847,8848,48,4,68.07
23848,8849,49,1,10.01
23849,8850,50,2,65.21
23850,8851,51,3,53.33
23851,8852,52,4,94.97
23852,8853,53,1,10.98
23853,8854,54,2,62.9
23854,8855,55,3,25.7
23855,8856,56,4,53.01
23856,8857,57,1,92.49
23857,8858,58,2,14.44
23858,8859,59,3,98.11
23859,8860,60,4,26.55
23860,8861,61,1,20.1
23861,8862,62,2,64.2
23862,8863,63,3,55.53
23863,8864,64,4,63.75
23864,8865,65,1,87.06
23865,8866,66,2,64.58
23866,8867,67,3,88.41
23867,8868,68,4,9.09
23868,8869,69,1,41.91
23869,8870,70,2,5.26
23870,8871,71,3,71.65
23871,8872,72,4,83.03
23872,8873,73,1,102.65
23873,8874,74,2,67.17
23874,8875,75,3,99.02
23875,8876,76,4,54.01
23876,8877,77,1,47.58
23877,8878,78,2,48.46
23878,8879,79,3,103.76
23879,8880,80,4,11.09
23880,8881,81,1,67.81
23881,8882,82,2,43.82
23882,8883,83,3,8.44
23883,8884,84,4,28.75
23884,8885,85,1,36.04
23885,8886,86,2,101.69
23886,8887,87,3,8.08
23887,8888,88,4,91.44
23888,8889,89,1,37.67
23889,8890,90,2,103.3
23890,8891,91,3,32.01
23891,8892,92,4,47.0
23892,8893,93,1,6.69
23893,8894,94,2,85.39
23894,8895,95,3,81.88
23895,8896,96,4,16.85
23896,8897,97,1,91.92
23897,8898,98,2,32.42
23898,8899,99,3,96.77
23899,8900,100,4,46.63
23900,8901,101,1,96.57
23901,8902,102,2,54.36
23902,8903,103,3,24.6
23903,8904,104,4,15.24
23904,8905,105,1,93.24
23905,8906,106,2,16.97
23906,8907,107,3,103.58
23907,8908,108,4,31.61
23908,8909,109,1,38.24
23909,8910,110,2,68.14
23910,8911,111,3,70.56
23911,8912,112,4,67.33
23912,8913,113,1,62.79
23913,8914,114,2,80.86
23914,8915,115,3,52.4
23915,8916,116,4,78.54
23916,8917,117,1,15.78
23917,8918,118,2,42.89
23918,8919,119,3,104.12
23919,8920,120,4,93.52
23920,8921,121,1,84.93
23921,8922,122,2,9.72
23922,8923,123,3,91.43
23923,8924,124,4,28.49
23924,8925,125,1,34.28
23925,8926,126,2,54.01
23926,8927,127,3,46.63
23927,8928,128,4,100.43
23928,8929,129,1,61.9
23929,8930,130,2,6.81
23930,8931,131,3,89.09
23931,8932,132,4,41.86
23932,8933,133,1,62.39
23933,8934,134,2,59.2
23934,8935,135,3,25.4
23935,8936,136,4,44.79
23936,8937,137,1,95.1
23937,8938,138,2,104.01
23938,8939,139,3,93.99
23939,8940,140,4,103.71
23940,8941,141,1,47.05
23941,8942,142,2,56.98
23942,8943,143,3,15.74
23943,8944,144,4,13.21
23944,8945,145,1,94.38
23945,8946,146,2,87.42
23946,8947,147,3,26.67
23947,8948,148,4,79.19
23948,8949,149,1,6.8
23949,8950,150,2,43.5
23950,8951,151,3,26.02
23951,8952,152,4,34.94
23952,8953,153,1,68.17
23953,8954,154,2,103.3
23954,8955,155,3,70.52
23955,8956,156,4,94.49
23956,8957,157,1,54.29
23957,8958,158,2,17.61
23958,8959,159,3,5.3
23959,8960,160,4,63.34
23960,8961,161,1,8.34
23961,8962,162,2,16.65
23962,8963,163,3,24.64
23963,8964,164,4,25.15
23964,8965,165,1,68.07
23965,8966,166,2,102.46
23966,8967,167,3,7.9
23967,8968,168,4,27.04
23968,8969,169,1,84.44
23969,8970,170,2,39.39
23970,8971,171,3,48.2
23971,8972,172,4,22.28
23972,8973,173,1,35.83
23973,8974,174,2,103.87
23974,8975,175,3,61.06
23975,8976,176,4,79.21
23976,8977,177,1,61.16
23977,8978,178,2,101.62
23978,8979,179,3,87.02
23979,8980,180,4,58.95
23980,8981,181,1,91.42
23981,8982,182,2,35.04
23982,8983,183,3,64.59
23983,8984,184,4,9.32
23984,8985,185,1,46.18
23985,8986,186,2,60.14
23986,8987,187,3,75.1
23987,8988,188,4,37.27
23988,8989,189,1,103.16
23989,8990,190,2,14.73
23990,8991,191,3,45.45
23991,8992,192,4,78.22
23992,8993,193,1,21.3
23993,8994,194,2,33.28
23994,8995,195,3,89.34
23995,8996,196,4,94.23
23996,8997,197,1,68.86
23997,8998,198,2,50.05
23998,8999,199,3,84.28
23999,9000,200,4,100.34
24000,9001,1,1,33.92
24001,9002,2,2,13.06
24002,9003,3,3,69.02
24003,9004,4,4,25.49
24004,9005,5,1,24.9
24005,9006,6,2,14.81
24006,9007,7,3,5.15
24007,9008,8,4,56.31
24008,9009,9,1,82.61
24009,9010,10,2,12.36
24010,9011,11,3,44.64
24011,9012,12,4,81.92
24012,9013,13,1,54.76
24013,9014,14,2,73.72
24014,9015,15,3,67.45
24015,9016,16,4,72.81
24016,9017,17,1,41.03
24017,9018,18,2,12.25
24018,9019,19,3,55.74
24019,9020,20,4,88.25
24020,9021,21,1,72.65
24021,9022,22,2,90.05
24022,9023,23,3,42.87
24023,9024,24,4,92.53
24024,9025,25,1,9.28
24025,9026,26,2,74.5
24026,9027,27,3,23.91
24027,9028,28,4,31.04
24028,9029,29,1,63.99
24029,9030,30,2,8.27
24030,9031,31,3,84.29
24031,9032,32,4,72.69
24032,9033,33,1,58.11
24033,9034,34,2,103.71
24034,9035,35,3,37.66
24035,9036,36,4,96.16
24036,9037,37,1,58.98
24037,9038,38,2,68.44
24038,9039,39,3,53.41
24039,9040,40,4,84.08
24040,9041,41,1,65.87
24041,9042,42,2,86.89
24042,9043,43,3,59.43
24043,9044,44,4,24.17
24044,9045,45,1,7.37
24045,9046,46,2,50.22
24046,9047,47,3,25.62
24047,9048,48,4,13.25
24048,9049,49,1,10.17
24049,9050,50,2,101.72
24050,9051,51,3,84.01
24051,9052,52,4,45.95
24052,9053,53,1,69.25
24053,9054,54,2,35.59
24054,9055,55,3,40.48
24055,9056,56,4,74.19
24056,9057,57,1,50.69
24057,9058,58,2,57.05
24058,9059,59,3,99.74
24059,9060,60,4,12.76
24060,9061,61,1,23.89
24061,9062,62,2,102.51
24062,9063,63,3,77.28
24063,9064,64,4,39.91
24064,9065,65,1,70.38
24065,9066,66,2,97.42
24066,9067,67,3,6.43
24067,9068,68,4,10.73
24068,9069,69,1,12.19
24069,9070,70,2,15.1
24070,9071,71,3,76.04
24071,9072,72,4,75.95
24072,9073,73,1,12.5
24073,9074,74,2,92.86
24074,9075,75,3,5.24
24075,9076,76,4,101.83
24076,9077,77,1,56.47
24077,9078,78,2,40.78
24078,9079,79,3,77.82
24079,9080,80,4,15.92
24080,9081,81,1,90.03
24081,9082,82,2,101.55
24082,9083,83,3,18.52
24083,9084,84,4,24.23
24084,9085,85,1,30.08
24085,9086,86,2,97.52
24086,9087,87,3,5.84
24087,9088,88,4,77.51
24088,9089,89,1,33.44
24089,9090,90,2,37.54
24090,9091,91,3,36.83
24091,9092,92,4,93.41
24092,9093,93,1,74.97
24093,9094,94,2,43.52
24094,9095,95,3,37.32
24095,9096,96,4,41.11
24096,9097,97,1,12.83
24097,9098,98,2,31.89
24098,9099,99,3,98.68
24099,9100,100,4,71.32
24100,9101,101,1,76.65
24101,9102,102,2,74.24
24102,9103,103,3,78.35
24103,9104,104,4,61.4
24104,9105,105,1,49.54
24105,9106,106,2,11.27
24106,9107,107,3,89.03
24107,9108,108,4,66.22
24108,9109,109,1,71.13
24109,9110,110,2,17.12
24110,9111,111,3,19.56
24111,9112,112,4,30.57
24112,9113,113,1,54.63
24113,9114,114,2,48.13
24114,9115,115,3,16.07
24115,9116,116,4,93.48
24116,9117,117,1,35.79
24117,9118,118,2,101.95
24118,9119,119,3,20.76
24119,9120,120,4,80.01
24120,9121,121,1,8.78
24121,9122,122,2,45.62
24122,9123,123,3,39.28
24123,9124,124,4,80.71
24124,9125,125,1,98.14
24125,9126,126,2,46.13
24126,9127,127,3,12.64
24127,9128,128,4,17.34
24128,9129,129,1,86.78
24129,9130,130,2,46.29
24130,9131,131,3,76.44
24131,9132,132,4,34.86
24132,9133,133,1,13.8
24133,9134,134,2,75.27
24134,9135,135,3,68.71
24135,9136,136,4,5.18
24136,9137,137,1,11.43
24137,9138,138,2,75.96
24138,9139,139,3,26.93
24139,9140,140,4,74.6
24140,9141,141,1,17.26
24141,9142,142,2,50.48
24142,9143,143,3,87.56
24143,9144,144,4,38.73
24144,9145,145,1,41.87
24145,9146,146,2,103.69
24146,9147,147,3,70.05
24147,9148,148,4,95.57
24148,9149,149,1,23.68
24149,9150,150,2,59.84
24150,9151,151,3,69.71
24151,9152,152,4,103.43
24152,9153,153,1,24.22
24153,9154,154,2,55.49
24154,9155,155,3,14.94
24155,9156,156,4,29.08
24156,9157,157,1,33.16
24157,9158,158,2,94.09
24158,9159,159,3,22.52
24159,9160,160,4,55.53
24160,9161,161,1,80.0
24161,9162,162,2,31.38
24162,9163,163,3,65.28
24163,9164,164,4,10.58
24164,9165,165,1,103.14
24165,9166,166,2,56.24
24166,9167,167,3,104.58
24167,9168,168,4,78.04
24168,9169,169,1,82.87
24169,9170,170,2,6.36
24170,9171,171,3,78.01
24171,9172,172,4,41.72
24172,9173,173,1,66.48
24173,9174,174,2,95.36
24174,9175,175,3,77.94
24175,9176,176,4,32.03
24176,9177,177,1,57.47
24177,9178,178,2,11.87
24178,9179,179,3,59.34
24179,9180,180,4,44.73
24180,9181,181,1,38.14
24181,9182,182,2,49.56
24182,9183,183,3,22.91
24183,9184,184,4,7.63
24184,9185,185,1,55.19
24185,9186,186,2,23.5
24186,9187,187,3,33.67
24187,9188,188,4,97.43
24188,9189,189,1,100.34
24189,9190,190,2,88.27
24190,9191,191,3,42.27
24191,9192,192,4,12.96
24192,9193,193,1,100.75
24193,9194,194,2,39.98
24194,9195,195,3,51.06
24195,9196,196,4,91.92
24196,9197,197,1,55.89
24197,9198,198,2,88.73
24198,9199,199,3,92.53
24199,9200,200,4,42.31
24200,9201,1,1,38.62
24201,9202,2,2,60.18
24202,9203,3,3,64.3
24203,9204,4,4,76.82
24204,9205,5,1,84.01
24205,9206,6,2,21.75
24206,9207,7,3,47.42
24207,9208,8,4,29.68
24208,9209,9,1,36.74
24209,9210,10,2,18.77
24210,9211,11,3,53.39
24211,9212,12,4,17.82
24212,9213,13,1,35.55
24213,9214,14,2,31.45
24214,9215,15,3,57.45
24215,9216,16,4,97.62
24216,9217,17,1,72.0
24217,9218,18,2,61.65
24218,9219,19,3,10.97
24219,9220,20,4,21.21
24220,9221,21,1,94.11
24221,9222,22,2,66.72
24222,9223,23,3,69.36
24223,9224,24,4,50.9
24224,9225,25,1,22.23
24225,9226,26,2,36.44
24226,9227,27,3,15.64
24227,9228,28,4,69.79
24228,9229,29,1,76.9
24229,9230,30,2,19.56
24230,9231,31,3,36.24
24231,9232,32,4,38.56
24232,9233,33,1,54.06
24233,9234,34,2,80.35
24234,9235,35,3,103.75
24235,9236,36,4,29.42
24236,9237,37,1,34.1
24237,9238,38,2,100.88
24238,9239,39,3,91.34
24239,9240,40,4,18.72
24240,9241,41,1,42.29
24241,9242,42,2,11.06
24242,9243,43,3,11.05
24243,9244,44,4,18.85
24244,9245,45,1,89.99
24245,9246,46,2,26.96
24246,9247,47,3,6.52
24247,9248,48,4,16.31
24248,9249,49,1,11.59
24249,9250,50,2,47.43
24250,9251,51,3,88.28
24251,9252,52,4,23.49
24252,9253,53,1,33.2
24253,9254,54,2,51.5
24254,9255,55,3,52.81
24255,9256,56,4,72.79
24256,9257,57,1,72.7
24257,9258,58,2,101.45
24258,9259,59,3,42.13
24259,9260,60,4,71.38
24260,9261,61,1,66.72
24261,9262,62,2,78.9
24262,9263,63,3,94.16
24263,9264,64,4,101.58
24264,9265,65,1,7.35
24265,9266,66,2,71.06
24266,9267,67,3,47.74
24267,9268,68,4,79.05
24268,9269,69,1,61.34
24269,9270,70,2,44.95
24270,9271,71,3,98.5
24271,9272,72,4,52.3
24272,9273,73,1,63.37
24273,9274,74,2,101.61
24274,9275,75,3,98.65
24275,9276,76,4,74.58
24276,9277,77,1,40.15
24277,9278,78,2,72.19
24278,9279,79,3,48.6
24279,9280,80,4,82.98
24280,9281,81,1,12.79
24281,9282,82,2,26.17
24282,9283,83,3,6.54
24283,9284,84,4,49.78
24284,9285,85,1,48.45
24285,9286,86,2,34.0
24286,9287,87,3,67.26
24287,9288,88,4,50.17
24288,9289,89,1,75.06
24289,9290,90,2,75.65
24290,9291,91,3,24.0
24291,9292,92,4,61.47
24292,9293,93,1,55.6
24293,9294,94,2,99.56
24294,9295,95,3,49.29
24295,9296,96,4,96.07
24296,9297,97,1,66.6
24297,9298,98,2,33.27
24298,9299,99,3,36.42
24299,9300,100,4,70.82
24300,9301,101,1,83.09
24301,9302,102,2,68.5
24302,9303,103,3,17.81
24303,9304,104,4,14.52
24304,9305,105,1,19.4
24305,9306,106,2,89.34
24306,9307,107,3,88.17
24307,9308,108,4,86.46
24308,9309,109,1,102.3
24309,9310,110,2,78.22
24310,9311,111,3,19.24
24311,9312,112,4,100.62
24312,9313,113,1,41.93
24313,9314,114,2,61.99
24314,9315,115,3,27.34
24315,9316,116,4,69.89
24316,9317,117,1,95.98
24317,9318,118,2,26.02
24318,9319,119,3,60.19
24319,9320,120,4,85.82
24320,9321,121,1,28.23
24321,9322,122,2,16.17
24322,9323,123,3,94.5
24323,9324,124,4,100.0
24324,9325,125,1,48.14
24325,9326,126,2,45.61
24326,9327,127,3,91.26
24327,9328,128,4,92.97
24328,9329,129,1,52.17
24329,9330,130,2,72.82
24330,9331,131,3,96.12
24331,9332,132,4,46.33
24332,9333,133,1,53.66
24333,9334,134,2,53.77
24334,9335,135,3,16.2
24335,9336,136,4,104.6
24336,9337,137,1,85.71
24337,9338,138,2,63.0
24338,9339,139,3,94.75
24339,9340,140,4,84.18
24340,9341,141,1,16.77
24341,9342,142,2,54.41
24342,9343,143,3,95.26
24343,9344,144,4,17.84
24344,9345,145,1,63.29
24345,9346,146,2,96.35
24346,9347,147,3,54.47
24347,9348,148,4,37.2
24348,9349,149,1,41.89
24349,9350,150,2,97.23
24350,9351,151,3,45.07
24351,9352,152,4,23.18
24352,9353,153,1,35.14
24353,9354,154,2,26.02
24354,9355,155,3,92.01
24355,9356,156,4,77.39
24356,9357,157,1,35.23
24357,9358,158,2,84.7
24358,9359,159,3,58.77
24359,9360,160,4,103.01
24360,9361,161,1,76.13
24361,9362,162,2,79.08
24362,9363,163,3,90.07
24363,9364,164,4,49.6
24364,9365,165,1,86.24
24365,9366,166,2,51.17
24366,9367,167,3,60.14
24367,9368,168,4,39.64
24368,9369,169,1,7.58
24369,9370,170,2,72.01
24370,9371,171,3,40.7
24371,9372,172,4,74.37
24372,9373,173,1,67.71
24373,9374,174,2,11.75
24374,9375,175,3,102.49
24375,9376,176,4,89.5
24376,9377,177,1,57.86
24377,9378,178,2,68.21
24378,9379,179,3,32.91
24379,9380,180,4,11.04
24380,9381,181,1,78.33
24381,9382,182,2,87.53
24382,9383,183,3,82.39
24383,9384,184,4,65.24
24384,9385,185,1,22.0
24385,9386,186,2,35.68
24386,9387,187,3,28.11
24387,9388,188,4,65.74
24388,9389,189,1,25.49
24389,9390,190,2,43.97
24390,9391,191,3,100.69
24391,9392,192,4,33.66
24392,9393,193,1,58.87
24393,9394,194,2,44.72
24394,9395,195,3,104.83
24395,9396,196,4,50.85
24396,9397,197,1,16.95
24397,9398,198,2,57.4
24398,9399,199,3,45.71
24399,9400,200,4,57.61
24400,9401,1,1,78.98
24401,9402,2,2,76.68
24402,9403,3,3,69.46
24403,9404,4,4,34.58
24404,9405,5,1,49.54
24405,9406,6,2,33.82
24406,9407,7,3,46.76
24407,9408,8,4,102.24
24408,9409,9,1,79.09
24409,9410,10,2,42.49
24410,9411,11,3,17.54
24411,9412,12,4,94.6
24412,9413,13,1,74.16
24413,9414,14,2,29.24
24414,9415,15,3,68.4
24415,9416,16,4,15.23
24416,9417,17,1,56.65
24417,9418,18,2,85.32
24418,9419,19,3,57.0
24419,9420,20,4,36.76
24420,9421,21,1,54.55
24421,9422,22,2,90.5
24422,9423,23,3,17.09
24423,9424,24,4,26.36
24424,9425,25,1,38.51
24425,9426,26,2,67.79
24426,9427,27,3,92.45
24427,9428,28,4,40.19
24428,9429,29,1,71.19
24429,9430,30,2,64.72
24430,9431,31,3,68.68
24431,9432,32,4,7.99
24432,9433,33,1,51.03
24433,9434,34,2,83.37
24434,9435,35,3,11.1
24435,9436,36,4,94.34
24436,9437,37,1,69.19
24437,9438,38,2,88.24
24438,9439,39,3,68.09
24439,9440,40,4,42.33
24440,9441,41,1,101.87
24441,9442,42,2,7.68
24442,9443,43,3,6.97
24443,9444,44,4,53.49
24444,9445,45,1,15.39
24445,9446,46,2,97.81
24446,9447,47,3,15.43
24447,9448,48,4,52.08
24448,9449,49,1,101.15
24449,9450,50,2,63.78
24450,9451,51,3,15.84
24451,9452,52,4,23.34
24452,9453,53,1,67.64
24453,9454,54,2,40.74
24454,9455,55,3,49.78
24455,9456,56,4,17.72
24456,9457,57,1,10.23
24457,9458,58,2,41.6
24458,9459,59,3,83.81
24459,9460,60,4,96.51
24460,9461,61,1,21.26
24461,9462,62,2,90.13
24462,9463,63,3,15.46
24463,9464,64,4,51.91
24464,9465,65,1,68.47
24465,9466,66,2,40.52
24466,9467,67,3,37.07
24467,9468,68,4,97.31
24468,9469,69,1,45.36
24469,9470,70,2,96.25
24470,9471,71,3,80.93
24471,9472,72,4,79.89
24472,9473,73,1,26.6
24473,9474,74,2,35.78
24474,9475,75,3,55.53
24475,9476,76,4,18.52
24476,9477,77,1,20.39
24477,9478,78,2,23.48
24478,9479,79,3,10.13
24479,9480,80,4,12.28
24480,9481,81,1,46.84
24481,9482,82,2,95.45
24482,9483,83,3,45.58
24483,9484,84,4,50.76
24484,9485,85,1,42.6
24485,9486,86,2,20.64
24486,9487,87,3,11.17
24487,9488,88,4,87.86
24488,9489,89,1,73.66
24489,9490,90,2,77.42
24490,9491,91,3,56.35
24491,9492,92,4,46.94
24492,9493,93,1,67.29
24493,9494,94,2,50.14
24494,9495,95,3,28.19
24495,9496,96,4,22.02
24496,9497,97,1,8.35
24497,9498,98,2,62.36
24498,9499,99,3,104.13
24499,9500,100,4,102.42
24500,9501,101,1,78.48
24501,9502,102,2,39.25
24502,9503,103,3,77.07
24503,9504,104,4,104.0
24504,9505,105,1,24.51
24505,9506,106,2,22.94
24506,9507,107,3,42.45
24507,9508,108,4,5.11
24508,9509,109,1,77.83
24509,9510,110,2,9.17
24510,9511,111,3,94.36
24511,9512,112,4,43.83
24512,9513,113,1,67.84
24513,9514,114,2,72.3
24514,9515,115,3,81.81
24515,9516,116,4,38.58
24516,9517,117,1,59.1
24517,9518,118,2,30.34
24518,9519,119,3,71.94
24519,9520,120,4,17.66
24520,9521,121,1,44.69
24521,9522,122,2,63.04
24522,9523,123,3,31.44
24523,9524,124,4,15.35
24524,9525,125,1,79.27
24525,9526,126,2,85.04
24526,9527,127,3,84.48
24527,9528,128,4,72.74
24528,9529,129,1,8.32
24529,9530,130,2,61.97
24530,9531,131,3,54.17
24531,9532,132,4,79.67
24532,9533,133,1,34.75
24533,9534,134,2,99.76
24534,9535,135,3,46.19
24535,9536,136,4,29.5
24536,9537,137,1,23.65
24537,9538,138,2,88.65
24538,9539,139,3,16.98
24539,9540,140,4,101.32
24540,9541,141,1,51.62
24541,9542,142,2,17.46
24542,9543,143,3,42.63
24543,9544,144,4,64.02
24544,9545,145,1,22.88
24545,9546,146,2,62.66
24546,9547,147,3,7.75
24547,9548,148,4,57.3
24548,9549,149,1,40.36
24549,9550,150,2,13.06
24550,9551,151,3,32.06
24551,9552,152,4,84.66
24552,9553,153,1,32.05
24553,9554,154,2,22.81
24554,9555,155,3,8.28
24555,9556,156,4,87.68
24556,9557,157,1,95.21
24557,9558,158,2,26.7
24558,9559,159,3,84.0
24559,9560,160,4,9.53
24560,9561,161,1,50.54
24561,9562,162,2,21.84
24562,9563,163,3,19.34
24563,9564,164,4,51.68
24564,9565,165,1,66.79
24565,9566,166,2,99.93
24566,9567,167,3,92.04
24567,9568,168,4,96.25
24568,9569,169,1,61.64
24569,9570,170,2,78.39
24570,9571,171,3,53.66
24571,9572,172,4,34.31
24572,9573,173,1,59.07
24573,9574,174,2,44.75
24574,9575,175,3,13.2
24575,9576,176,4,82.38
24576,9577,177,1,103.45
24577,9578,178,2,74.1
24578,9579,179,3,52.12
24579,9580,180,4,91.65
24580,9581,181,1,50.02
24581,9582,182,2,26.34
24582,9583,183,3,55.27
24583,9584,184,4,92.53
24584,9585,185,1,10.74
24585,9586,186,2,15.38
24586,9587,187,3,85.65
24587,9588,188,4,8.31
24588,9589,189,1,40.01
24589,9590,190,2,73.7
24590,9591,191,3,63.05
24591,9592,192,4,99.5
24592,9593,193,1,57.96
24593,9594,194,2,41.41
24594,9595,195,3,101.51
24595,9596,196,4,19.79
24596,9597,197,1,51.55
24597,9598,198,2,38.54
24598,9599,199,3,31.98
24599,9600,200,4,84.57
24600,9601,1,1,85.19
24601,9602,2,2,44.75
24602,9603,3,3,29.22
24603,9604,4,4,23.71
24604,9605,5,1,32.87
24605,9606,6,2,73.13
24606,9607,7,3,44.91
24607,9608,8,4,30.03
24608,9609,9,1,8.46
24609,9610,10,2,89.42
24610,9611,11,3,97.63
24611,9612,12,4,76.29
24612,9613,13,1,46.81
24613,9614,14,2,44.6
24614,9615,15,3,79.36
24615,9616,16,4,37.49
24616,9617,17,1,36.1
24617,9618,18,2,51.71
24618,9619,19,3,29.76
24619,9620,20,4,70.87
24620,9621,21,1,62.08
24621,9622,22,2,10.57
24622,9623,23,3,17.08
24623,9624,24,4,93.39
24624,9625,25,1,72.03
24625,9626,26,2,12.74
24626,9627,27,3,43.55
24627,9628,28,4,87.93
24628,9629,29,1,80.79
24629,9630,30,2,36.19
24630,9631,31,3,71.94
24631,9632,32,4,12.29
24632,9633,33,1,19.88
24633,9634,34,2,66.07
24634,9635,35,3,47.73
24635,9636,36,4,80.78
24636,9637,37,1,69.92
24637,9638,38,2,41.67
24638,9639,39,3,34.38
24639,9640,40,4,63.7
24640,9641,41,1,9.45
24641,9642,42,2,84.62
24642,9643,43,3,24.84
24643,9644,44,4,51.49
24644,9645,45,1,8.31
24645,9646,46,2,66.79
24646,9647,47,3,46.44
24647,9648,48,4,97.46
24648,9649,49,1,8.29
24649,9650,50,2,6.06
24650,9651,51,3,37.14
24651,9652,52,4,82.85
24652,9653,53,1,88.2
24653,9654,54,2,28.77
24654,9655,55,3,50.11
24655,9656,56,4,23.68
24656,9657,57,1,80.3
24657,9658,58,2,44.7
24658,9659,59,3,31.85
24659,9660,60,4,37.55
24660,9661,61,1,104.08
24661,9662,62,2,44.72
24662,9663,63,3,34.41
24663,9664,64,4,81.0
24664,9665,65,1,94.01
24665,9666,66,2,92.23
24666,9667,67,3,13.5
24667,9668,68,4,64.32
24668,9669,69,1,96.14
24669,9670,70,2,37.02
24670,9671,71,3,44.29
24671,9672,72,4,28.53
24672,9673,73,1,91.15
24673,9674,74,2,72.33
24674,9675,75,3,53.52
24675,9676,76,4,12.13
24676,9677,77,1,16.54
24677,9678,78,2,86.42
24678,9679,79,3,55.87
24679,9680,80,4,16.41
24680,9681,81,1,39.76
24681,9682,82,2,76.14
24682,9683,83,3,73.16
24683,9684,84,4,22.85
24684,9685,85,1,101.75
24685,9686,86,2,12.72
24686,9687,87,3,64.69
24687,9688,88,4,99.41
24688,9689,89,1,81.28
24689,9690,90,2,18.07
24690,9691,91,3,89.81
24691,9692,92,4,19.2
24692,9693,93,1,39.82
24693,9694,94,2,59.63
24694,9695,95,3,12.07
24695,9696,96,4,49.31
24696,9697,97,1,84.06
24697,9698,98,2,52.84
24698,9699,99,3,97.89
24699,9700,100,4,13.66
24700,9701,101,1,45.52
24701,9702,102,2,72.96
24702,9703,103,3,21.18
24703,9704,104,4,71.99
24704,9705,105,1,91.28
24705,9706,106,2,97.91
24706,9707,107,3,89.07
24707,9708,108,4,94.81
24708,9709,109,1,57.05
24709,9710,110,2,91.26
24710,9711,111,3,28.56
24711,9712,112,4,48.29
24712,9713,113,1,54.97
24713,9714,114,2,60.96
24714,9715,115,3,28.49
24715,9716,116,4,71.29
24716,9717,117,1,9.77
24717,9718,118,2,25.1
24718,9719,119,3,86.36
24719,9720,120,4,24.45
24720,9721,121,1,56.12
24721,9722,122,2,44.24
24722,9723,123,3,68.55
24723,9724,124,4,40.17
24724,9725,125,1,68.45
24725,9726,126,2,23.25
24726,9727,127,3,43.91
24727,9728,128,4,57.24
24728,9729,129,1,43.25
24729,9730,130,2,56.77
24730,9731,131,3,59.21
24731,9732,132,4,7.21
24732,9733,133,1,63.88
24733,9734,134,2,46.71
24734,9735,135,3,28.86
24735,9736,136,4,7.52
24736,9737,137,1,23.64
24737,9738,138,2,19.31
24738,9739,139,3,104.88
24739,9740,140,4,6.35
24740,9741,141,1,25.17
24741,9742,142,2,45.92
24742,9743,143,3,86.42
24743,9744,144,4,33.09
24744,9745,145,1,92.37
24745,9746,146,2,66.88
24746,9747,147,3,61.03
24747,9748,148,4,28.49
24748,9749,149,1,27.21
24749,9750,150,2,85.17
24750,9751,151,3,31.49
24751,9752,152,4,73.22
24752,9753,153,1,26.59
24753,9754,154,2,52.23
24754,9755,155,3,49.96
24755,9756,156,4,22.65
24756,9757,157,1,87.78
24757,9758,158,2,27.77
24758,9759,159,3,22.54
24759,9760,160,4,19.39
24760,9761,161,1,45.76
24761,9762,162,2,77.38
24762,9763,163,3,55.33
24763,9764,164,4,32.83
24764,9765,165,1,62.06
24765,9766,166,2,31.0
24766,9767,167,3,54.87
24767,9768,168,4,46.66
24768,9769,169,1,92.6
24769,9770,170,2,66.07
24770,9771,171,3,77.89
24771,9772,172,4,81.09
24772,9773,173,1,98.99
24773,9774,174,2,78.1
24774,9775,175,3,92.22
24775,9776,176,4,56.08
24776,9777,177,1,19.13
24777,9778,178,2,35.94
24778,9779,179,3,72.9
24779,9780,180,4,22.39
24780,9781,181,1,96.66
24781,9782,182,2,13.55
24782,9783,183,3,104.21
24783,9784,184,4,87.9
24784,9785,185,1,66.17
24785,9786,186,2,15.48
24786,9787,187,3,96.0
24787,9788,188,4,46.64
24788,9789,189,1,12.53
24789,9790,190,2,55.12
24790,9791,191,3,63.95
24791,9792,192,4,55.62
24792,9793,193,1,80.12
24793,9794,194,2,64.98
24794,9795,195,3,61.13
24795,9796,196,4,11.24
24796,9797,197,1,6.94
24797,9798,198,2,25.79
24798,9799,199,3,44.4
24799,9800,200,4,22.7
24800,9801,1,1,19.66
24801,9802,2,2,31.87
24802,9803,3,3,35.21
24803,9804,4,4,87.91
24804,9805,5,1,23.57
24805,9806,6,2,40.94
24806,9807,7,3,30.9
24807,9808,8,4,43.97
24808,9809,9,1,28.26
24809,9810,10,2,18.39
24810,9811,11,3,75.37
24811,9812,12,4,75.61
24812,9813,13,1,22.94
24813,9814,14,2,94.57
24814,9815,15,3,15.19
24815,9816,16,4,36.54
24816,9817,17,1,39.83
24817,9818,18,2,19.6
24818,9819,19,3,10.02
24819,9820,20,4,14.63
24820,9821,21,1,66.85
24821,9822,22,2,62.85
24822,9823,23,3,82.73
24823,9824,24,4,23.59
24824,9825,25,1,98.23
24825,9826,26,2,49.26
24826,9827,27,3,41.15
24827,9828,28,4,13.53
24828,9829,29,1,71.51
24829,9830,30,2,38.83
24830,9831,31,3,75.23
24831,9832,32,4,83.07
24832,9833,33,1,11.85
24833,9834,34,2,5.42
24834,9835,35,3,44.9
24835,9836,36,4,82.49
24836,9837,37,1,34.62
24837,9838,38,2,64.29
24838,9839,39,3,37.5
24839,9840,40,4,15.62
24840,9841,41,1,24.93
24841,9842,42,2,47.52
24842,9843,43,3,86.33
24843,9844,44,4,5.47
24844,9845,45,1,78.54
24845,9846,46,2,39.1
24846,9847,47,3,51.43
24847,9848,48,4,89.38
24848,9849,49,1,69.14
24849,9850,50,2,45.61
24850,9851,51,3,79.39
24851,9852,52,4,95.68
24852,9853,53,1,52.89
24853,9854,54,2,102.62
24854,9855,55,3,14.35
24855,9856,56,4,13.57
24856,9857,57,1,96.26
24857,9858,58,2,18.46
24858,9859,59,3,5.38
24859,9860,60,4,20.5
24860,9861,61,1,78.68
24861,9862,62,2,16.87
24862,9863,63,3,75.98
24863,9864,64,4,58.73
24864,9865,65,1,102.34
24865,9866,66,2,37.96
24866,9867,67,3,41.49
24867,9868,68,4,10.42
24868,9869,69,1,46.08
24869,9870,70,2,26.73
24870,9871,71,3,63.03
24871,9872,72,4,71.44
24872,9873,73,1,55.86
24873,9874,74,2,104.69
24874,9875,75,3,83.78
24875,9876,76,4,101.99
24876,9877,77,1,50.81
24877,9878,78,2,78.74
24878,9879,79,3,47.05
24879,9880,80,4,92.4
24880,9881,81,1,40.52
24881,9882,82,2,66.87
24882,9883,83,3,80.22
24883,9884,84,4,12.52
24884,9885,85,1,100.79
24885,9886,86,2,42.91
24886,9887,87,3,87.47
24887,9888,88,4,63.53
24888,9889,89,1,45.6
24889,9890,90,2,79.06
24890,9891,91,3,18.79
24891,9892,92,4,42.82
24892,9893,93,1,103.34
24893,9894,94,2,62.21
24894,9895,95,3,62.34
24895,9896,96,4,84.87
24896,9897,97,1,73.63
24897,9898,98,2,89.75
24898,9899,99,3,28.45
24899,9900,100,4,71.66
24900,9901,101,1,78.8
24901,9902,102,2,24.71
24902,9903,103,3,72.99
24903,9904,104,4,102.38
24904,9905,105,1,34.68
24905,9906,106,2,15.36
24906,9907,107,3,46.81
24907,9908,108,4,47.98
24908,9909,109,1,16.96
24909,9910,110,2,51.79
24910,9911,111,3,81.4
24911,9912,112,4,75.82
24912,9913,113,1,32.34
24913,9914,114,2,23.11
24914,9915,115,3,14.88
24915,9916,116,4,23.59
24916,9917,117,1,35.15
24917,9918,118,2,101.71
24918,9919,119,3,15.77
24919,9920,120,4,76.66
24920,9921,121,1,64.03
24921,9922,122,2,52.96
24922,9923,123,3,102.33
24923,9924,124,4,14.26
24924,9925,125,1,78.26
24925,9926,126,2,85.22
24926,9927,127,3,62.63
24927,9928,128,4,96.68
24928,9929,129,1,30.74
24929,9930,130,2,25.4
24930,9931,131,3,50.37
24931,9932,132,4,15.09
24932,9933,133,1,71.16
24933,9934,134,2,64.09
24934,9935,135,3,41.54
24935,9936,136,4,28.64
24936,9937,137,1,60.95
24937,9938,138,2,6.47
24938,9939,139,3,78.55
24939,9940,140,4,28.52
24940,9941,141,1,52.4
24941,9942,142,2,7.44
24942,9943,143,3,36.41
24943,9944,144,4,78.6
24944,9945,145,1,37.26
24945,9946,146,2,101.53
24946,9947,147,3,36.78
24947,9948,148,4,47.65
24948,9949,149,1,25.18
24949,9950,150,2,72.21
24950,9951,151,3,34.48
24951,9952,152,4,27.52
24952,9953,153,1,74.68
24953,9954,154,2,101.3
24954,9955,155,3,65.54
24955,9956,156,4,101.37
24956,9957,157,1,101.63
24957,9958,158,2,94.38
24958,9959,159,3,43.07
24959,9960,160,4,97.98
24960,9961,161,1,24.56
24961,9962,162,2,39.82
24962,9963,163,3,49.62
24963,9964,164,4,13.51
24964,9965,165,1,40.85
24965,9966,166,2,31.05
24966,9967,167,3,104.11
24967,9968,168,4,29.31
24968,9969,169,1,68.89
24969,9970,170,2,55.59
24970,9971,171,3,94.95
24971,9972,172,4,37.36
24972,9973,173,1,15.78
24973,9974,174,2,85.08
24974,9975,175,3,59.45
24975,9976,176,4,101.39
24976,9977,177,1,73.93
24977,9978,178,2,19.71
24978,9979,179,3,44.81
24979,9980,180,4,58.94
24980,9981,181,1,61.96
24981,9982,182,2,69.5
24982,9983,183,3,95.23
24983,9984,184,4,30.47
24984,9985,185,1,82.25
24985,9986,186,2,73.77
24986,9987,187,3,22.37
24987,9988,188,4,56.22
24988,9989,189,1,35.36
24989,9990,190,2,51.09
24990,9991,191,3,72.43
24991,9992,192,4,46.76
24992,9993,193,1,100.42
24993,9994,194,2,103.01
24994,9995,195,3,80.65
24995,9996,196,4,71.38
24996,9997,197,1,56.42
24997,9998,198,2,13.53
24998,9999,199,3,79.36
24999,10000,200,4,41.91
25000,10001,1,1,34.33
25001,10002,2,2,65.5
25002,10003,3,3,15.68
25003,10004,4,4,35.24
25004,10005,5,1,29.88
25005,10006,6,2,46.82
25006,10007,7,3,14.98
25007,10008,8,4,26.7
25008,10009,9,1,56.73
25009,10010,10,2,48.36
25010,10011,11,3,83.67
25011,10012,12,4,46.43
25012,10013,13,1,74.23
25013,10014,14,2,89.87
25014,10015,15,3,13.17
25015,10016,16,4,15.05
25016,10017,17,1,87.6
25017,10018,18,2,36.87
25018,10019,19,3,29.1
25019,10020,20,4,50.27
25020,10021,21,1,6.98
25021,10022,22,2,80.23
25022,10023,23,3,84.33
25023,10024,24,4,88.12
25024,10025,25,1,43.26
25025,10026,26,2,12.82
25026,10027,27,3,54.82
25027,10028,28,4,30.97
25028,10029,29,1,5.41
25029,10030,30,2,65.55
25030,10031,31,3,96.44
25031,10032,32,4,42.49
25032,10033,33,1,28.93
25033,10034,34,2,12.81
25034,10035,35,3,15.8
25035,10036,36,4,83.94
25036,10037,37,1,86.53
25037,10038,38,2,64.48
25038,10039,39,3,90.63
25039,10040,40,4,71.3
25040,10041,41,1,43.79
25041,10042,42,2,81.96
25042,10043,43,3,19.04
25043,10044,44,4,64.41
25044,10045,45,1,49.63
25045,10046,46,2,19.08
25046,10047,47,3,10.26
25047,10048,48,4,13.91
25048,10049,49,1,48.0
25049,10050,50,2,66.29
25050,10051,51,3,11.52
25051,10052,52,4,80.59
25052,10053,53,1,15.57
25053,10054,54,2,42.7
25054,10055,55,3,49.38
25055,10056,56,4,97.56
25056,10057,57,1,68.28
25057,10058,58,2,36.35
25058,10059,59,3,73.95
25059,10060,60,4,60.82
25060,10061,61,1,74.02
25061,10062,62,2,54.14
25062,10063,63,3,30.85
25063,10064,64,4,93.87
25064,10065,65,1,93.35
25065,10066,66,2,65.75
25066,10067,67,3,19.38
25067,10068,68,4,41.36
25068,10069,69,1,29.68
25069,10070,70,2,17.07
25070,10071,71,3,102.45
25071,10072,72,4,37.62
25072,10073,73,1,5.12
25073,10074,74,2,44.11
25074,10075,75,3,15.28
25075,10076,76,4,16.22
25076,10077,77,1,75.6
25077,10078,78,2,59.15
25078,10079,79,3,78.32
25079,10080,80,4,98.05
25080,10081,81,1,9.89
25081,10082,82,2,65.3
25082,10083,83,3,51.61
25083,10084,84,4,89.54
25084,10085,85,1,52.68
25085,10086,86,2,33.13
25086,10087,87,3,49.0
25087,10088,88,4,86.85
25088,10089,89,1,68.23
25089,10090,90,2,63.19
25090,10091,91,3,13.9
25091,10092,92,4,17.95
25092,10093,93,1,98.37
25093,10094,94,2,80.24
25094,10095,95,3,66.65
25095,10096,96,4,44.23
25096,10097,97,1,45.87
25097,10098,98,2,78.12
25098,10099,99,3,26.81
25099,10100,100,4,38.01
25100,10101,101,1,37.21
25101,10102,102,2,55.71
25102,10103,103,3,57.29
25103,10104,104,4,23.98
25104,10105,105,1,99.05
25105,10106,106,2,19.86
25106,10107,107,3,66.97
25107,10108,108,4,47.75
25108,10109,109,1,56.17
25109,10110,110,2,94.4
25110,10111,111,3,90.96
25111,10112,112,4,25.27
25112,10113,113,1,40.89
25113,10114,114,2,74.93
25114,10115,115,3,72.11
25115,10116,116,4,66.76
25116,10117,117,1,15.81
25117,10118,118,2,65.65
25118,10119,119,3,93.2
25119,10120,120,4,51.61
25120,10121,121,1,29.72
25121,10122,122,2,41.2
25122,10123,123,3,98.12
25123,10124,124,4,75.36
25124,10125,125,1,70.75
25125,10126,126,2,19.8
25126,10127,127,3,38.41
25127,10128,128,4,69.72
25128,10129,129,1,103.83
25129,10130,130,2,27.66
25130,10131,131,3,74.23
25131,10132,132,4,24.61
25132,10133,133,1,45.52
25133,10134,134,2,55.26
25134,10135,135,3,14.7
25135,10136,136,4,51.15
25136,10137,137,1,16.59
25137,10138,138,2,85.76
25138,10139,139,3,42.09
25139,10140,140,4,26.22
25140,10141,141,1,68.69
25141,10142,142,2,64.7
25142,10143,143,3,38.28
25143,10144,144,4,102.72
25144,10145,145,1,65.55
25145,10146,146,2,97.52
25146,10147,147,3,85.68
25147,10148,148,4,47.5
25148,10149,149,1,61.81
25149,10150,150,2,66.53
25150,10151,151,3,55.26
25151,10152,152,4,70.73
25152,10153,153,1,65.69
25153,10154,154,2,58.81
25154,10155,155,3,28.55
25155,10156,156,4,85.21
25156,10157,157,1,65.67
25157,10158,158,2,78.1
25158,10159,159,3,75.39
25159,10160,160,4,57.05
25160,10161,161,1,37.53
25161,10162,162,2,67.79
25162,10163,163,3,17.14
25163,10164,164,4,63.04
25164,10165,165,1,75.08
25165,10166,166,2,81.87
25166,10167,167,3,34.92
25167,10168,168,4,26.93
25168,10169,169,1,36.22
25169,10170,170,2,61.6
25170,10171,171,3,16.87
25171,10172,172,4,20.89
25172,10173,173,1,12.12
25173,10174,174,2,30.24
25174,10175,175,3,77.22
25175,10176,176,4,102.88
25176,10177,177,1,8.32
25177,10178,178,2,45.14
25178,10179,179,3,89.26
25179,10180,180,4,19.7
25180,10181,181,1,95.98
25181,10182,182,2,60.02
25182,10183,183,3,100.21
25183,10184,184,4,54.46
25184,10185,185,1,8.3
25185,10186,186,2,7.26
25186,10187,187,3,82.8
25187,10188,188,4,20.89
25188,10189,189,1,71.97
25189,10190,190,2,53.49
25190,10191,191,3,74.07
25191,10192,192,4,104.18
25192,10193,193,1,84.03
25193,10194,194,2,25.11
25194,10195,195,3,30.15
25195,10196,196,4,51.19
25196,10197,197,1,43.04
25197,10198,198,2,86.35
25198,10199,199,3,86.44
25199,10200,200,4,10.0
25200,10201,1,1,50.28
25201,10202,2,2,101.46
25202,10203,3,3,93.15
25203,10204,4,4,62.03
25204,10205,5,1,65.77
25205,10206,6,2,37.05
25206,10207,7,3,71.71
25207,10208,8,4,5.05
25208,10209,9,1,7.82
25209,10210,10,2,75.4
25210,10211,11,3,40.36
25211,10212,12,4,86.7
25212,10213,13,1,96.02
25213,10214,14,2,67.15
25214,10215,15,3,33.29
25215,10216,16,4,53.77
25216,10217,17,1,87.66
25217,10218,18,2,101.63
25218,10219,19,3,33.05
25219,10220,20,4,85.47
25220,10221,21,1,15.25
25221,10222,22,2,77.64
25222,10223,23,3,32.19
25223,10224,24,4,76.21
25224,10225,25,1,11.25
25225,10226,26,2,9.99
25226,10227,27,3,20.29
25227,10228,28,4,20.15
25228,10229,29,1,10.26
25229,10230,30,2,19.35
25230,10231,31,3,36.77
25231,10232,32,4,80.71
25232,10233,33,1,26.06
25233,10234,34,2,7.84
25234,10235,35,3,22.93
25235,10236,36,4,73.83
25236,10237,37,1,9.48
25237,10238,38,2,83.3
25238,10239,39,3,14.37
25239,10240,40,4,49.12
25240,10241,41,1,95.29
25241,10242,42,2,87.9
25242,10243,43,3,49.58
25243,10244,44,4,66.69
25244,10245,45,1,10.48
25245,10246,46,2,39.74
25246,10247,47,3,42.01
25247,10248,48,4,17.65
25248,10249,49,1,53.16
25249,10250,50,2,23.78
25250,10251,51,3,66.8
25251,10252,52,4,30.25
25252,10253,53,1,101.02
25253,10254,54,2,54.45
25254,10255,55,3,53.01
25255,10256,56,4,82.0
25256,10257,57,1,36.33
25257,10258,58,2,97.83
25258,10259,59,3,33.32
25259,10260,60,4,18.64
25260,10261,61,1,43.22
25261,10262,62,2,24.56
25262,10263,63,3,87.33
25263,10264,64,4,29.56
25264,10265,65,1,94.88
25265,10266,66,2,68.45
25266,10267,67,3,59.4
25267,10268,68,4,35.75
25268,10269,69,1,78.03
25269,10270,70,2,46.44
25270,10271,71,3,11.62
25271,10272,72,4,96.89
25272,10273,73,1,25.72
25273,10274,74,2,34.1
25274,10275,75,3,24.98
25275,10276,76,4,10.31
25276,10277,77,1,18.79
25277,10278,78,2,13.92
25278,10279,79,3,9.11
25279,10280,80,4,47.22
25280,10281,81,1,9.9
25281,10282,82,2,71.18
25282,10283,83,3,83.99
25283,10284,84,4,71.15
25284,10285,85,1,78.93
25285,10286,86,2,85.45
25286,10287,87,3,9.1
25287,10288,88,4,41.61
25288,10289,89,1,79.43
25289,10290,90,2,29.31
25290,10291,91,3,104.54
25291,10292,92,4,97.73
25292,10293,93,1,16.88
25293,10294,94,2,53.53
25294,10295,95,3,53.4
25295,10296,96,4,93.41
25296,10297,97,1,103.08
25297,10298,98,2,25.39
25298,10299,99,3,76.83
25299,10300,100,4,70.14
25300,10301,101,1,98.53
25301,10302,102,2,75.87
25302,10303,103,3,9.25
25303,10304,104,4,80.81
25304,10305,105,1,88.43
25305,10306,106,2,96.6
25306,10307,107,3,16.1
25307,10308,108,4,76.97
25308,10309,109,1,20.19
25309,10310,110,2,102.61
25310,10311,111,3,67.56
25311,10312,112,4,58.13
25312,10313,113,1,14.2
25313,10314,114,2,43.29
25314,10315,115,3,6.69
25315,10316,116,4,48.38
25316,10317,117,1,23.83
25317,10318,118,2,21.5
25318,10319,119,3,26.97
25319,10320,120,4,57.81
25320,10321,121,1,42.62
25321,10322,122,2,104.14
25322,10323,123,3,71.58
25323,10324,124,4,16.35
25324,10325,125,1,13.5
25325,10326,126,2,85.56
25326,10327,127,3,7.73
25327,10328,128,4,85.24
25328,10329,129,1,97.9
25329,10330,130,2,20.43
25330,10331,131,3,92.01
25331,10332,132,4,96.84
25332,10333,133,1,60.71
25333,10334,134,2,93.73
25334,10335,135,3,104.72
25335,10336,136,4,72.99
25336,10337,137,1,95.98
25337,10338,138,2,82.04
25338,10339,139,3,19.04
25339,10340,140,4,89.01
25340,10341,141,1,84.31
25341,10342,142,2,49.97
25342,10343,143,3,93.28
25343,10344,144,4,28.98
25344,10345,145,1,40.77
25345,10346,146,2,35.96
25346,10347,147,3,70.94
25347,10348,148,4,95.35
25348,10349,149,1,65.57
25349,10350,150,2,73.16
25350,10351,151,3,39.87
25351,10352,152,4,95.99
25352,10353,153,1,50.14
25353,10354,154,2,23.48
25354,10355,155,3,44.07
25355,10356,156,4,64.18
25356,10357,157,1,61.56
25357,10358,158,2,44.21
25358,10359,159,3,35.62
25359,10360,160,4,6.67
25360,10361,161,1,20.68
25361,10362,162,2,55.22
25362,10363,163,3,31.24
25363,10364,164,4,67.3
25364,10365,165,1,10.76
25365,10366,166,2,12.03
25366,10367,167,3,68.37
25367,10368,168,4,67.3
25368,10369,169,1,31.13
25369,10370,170,2,6.0
25370,10371,171,3,9.44
25371,10372,172,4,69.27
25372,10373,173,1,70.49
25373,10374,174,2,67.21
25374,10375,175,3,41.52
25375,10376,176,4,52.93
25376,10377,177,1,57.12
25377,10378,178,2,42.63
25378,10379,179,3,29.15
25379,10380,180,4,39.0
25380,10381,181,1,62.63
25381,10382,182,2,68.92
25382,10383,183,3,99.03
25383,10384,184,4,88.18
25384,10385,185,1,7.46
25385,10386,186,2,90.02
25386,10387,187,3,53.08
25387,10388,188,4,27.02
25388,10389,189,1,96.97
25389,10390,190,2,23.43
25390,10391,191,3,43.4
25391,10392,192,4,103.64
25392,10393,193,1,87.0
25393,10394,194,2,99.8
25394,10395,195,3,34.55
25395,10396,196,4,71.98
25396,10397,197,1,90.91
25397,10398,198,2,74.23
25398,10399,199,3,62.65
25399,10400,200,4,44.12
25400,10401,1,1,66.57
25401,10402,2,2,75.43
25402,10403,3,3,28.55
25403,10404,4,4,60.73
25404,10405,5,1,59.78
25405,10406,6,2,77.46
25406,10407,7,3,78.91
25407,10408,8,4,7.72
25408,10409,9,1,5.16
25409,10410,10,2,97.28
25410,10411,11,3,103.2
25411,10412,12,4,74.94
25412,10413,13,1,95.35
25413,10414,14,2,97.47
25414,10415,15,3,72.98
25415,10416,16,4,72.86
25416,10417,17,1,35.27
25417,10418,18,2,35.82
25418,10419,19,3,89.92
25419,10420,20,4,54.13
25420,10421,21,1,19.12
25421,10422,22,2,49.66
25422,10423,23,3,10.69
25423,10424,24,4,15.48
25424,10425,25,1,77.78
25425,10426,26,2,74.14
25426,10427,27,3,90.55
25427,10428,28,4,51.62
25428,10429,29,1,102.35
25429,10430,30,2,72.85
25430,10431,31,3,22.01
25431,10432,32,4,77.26
25432,10433,33,1,50.21
25433,10434,34,2,37.82
25434,10435,35,3,66.23
25435,10436,36,4,18.39
25436,10437,37,1,82.74
25437,10438,38,2,79.82
25438,10439,39,3,67.71
25439,10440,40,4,98.82
25440,10441,41,1,57.96
25441,10442,42,2,62.42
25442,10443,43,3,7.61
25443,10444,44,4,103.49
25444,10445,45,1,22.59
25445,10446,46,2,74.11
25446,10447,47,3,15.58
25447,10448,48,4,10.22
25448,10449,49,1,68.99
25449,10450,50,2,18.12
25450,10451,51,3,81.19
25451,10452,52,4,10.48
25452,10453,53,1,20.02
25453,10454,54,2,80.24
25454,10455,55,3,64.74
25455,10456,56,4,22.23
25456,10457,57,1,39.16
25457,10458,58,2,88.26
25458,10459,59,3,37.67
25459,10460,60,4,40.72
25460,10461,61,1,101.91
25461,10462,62,2,20.58
25462,10463,63,3,26.46
25463,10464,64,4,10.58
25464,10465,65,1,10.58
25465,10466,66,2,81.26
25466,10467,67,3,47.63
25467,10468,68,4,97.7
25468,10469,69,1,70.52
25469,10470,70,2,26.16
25470,10471,71,3,75.19
25471,10472,72,4,84.68
25472,10473,73,1,20.84
25473,10474,74,2,15.35
25474,10475,75,3,43.71
25475,10476,76,4,48.69
25476,10477,77,1,58.25
25477,10478,78,2,66.12
25478,10479,79,3,16.81
25479,10480,80,4,21.42
25480,10481,81,1,33.57
25481,10482,82,2,21.04
25482,10483,83,3,90.33
25483,10484,84,4,26.41
25484,10485,85,1,41.44
25485,10486,86,2,94.06
25486,10487,87,3,39.76
25487,10488,88,4,22.71
25488,10489,89,1,67.26
25489,10490,90,2,41.75
25490,10491,91,3,44.79
25491,10492,92,4,40.05
25492,10493,93,1,20.96
25493,10494,94,2,63.01
25494,10495,95,3,22.11
25495,10496,96,4,98.5
25496,10497,97,1,37.62
25497,10498,98,2,64.83
25498,10499,99,3,63.35
25499,10500,100,4,78.4
25500,10501,101,1,35.39
25501,10502,102,2,34.7
25502,10503,103,3,80.07
25503,10504,104,4,54.85
25504,10505,105,1,96.86
25505,10506,106,2,81.1
25506,10507,107,3,47.76
25507,10508,108,4,24.6
25508,10509,109,1,50.19
25509,10510,110,2,60.56
25510,10511,111,3,76.0
25511,10512,112,4,87.29
25512,10513,113,1,39.89
25513,10514,114,2,46.74
25514,10515,115,3,34.21
25515,10516,116,4,55.81
25516,10517,117,1,59.34
25517,10518,118,2,95.97
25518,10519,119,3,104.51
25519,10520,120,4,48.7
25520,10521,121,1,63.36
25521,10522,122,2,94.87
25522,10523,123,3,37.33
25523,10524,124,4,54.67
25524,10525,125,1,77.29
25525,10526,126,2,37.16
25526,10527,127,3,61.07
25527,10528,128,4,91.16
25528,10529,129,1,99.11
25529,10530,130,2,10.23
25530,10531,131,3,51.4
25531,10532,132,4,77.97
25532,10533,133,1,63.11
25533,10534,134,2,97.34
25534,10535,135,3,91.43
25535,10536,136,4,11.66
25536,10537,137,1,42.41
25537,10538,138,2,69.12
25538,10539,139,3,36.3
25539,10540,140,4,18.73
25540,10541,141,1,104.77
25541,10542,142,2,38.14
25542,10543,143,3,55.31
25543,10544,144,4,5.28
25544,10545,145,1,92.26
25545,10546,146,2,47.48
25546,10547,147,3,42.79
25547,10548,148,4,66.04
25548,10549,149,1,66.73
25549,10550,150,2,9.64
25550,10551,151,3,77.95
25551,10552,152,4,9.71
25552,10553,153,1,82.67
25553,10554,154,2,73.86
25554,10555,155,3,45.72
25555,10556,156,4,5.67
25556,10557,157,1,100.2
25557,10558,158,2,43.97
25558,10559,159,3,55.72
25559,10560,160,4,83.22
25560,10561,161,1,87.87
25561,10562,162,2,55.45
25562,10563,163,3,8.17
25563,10564,164,4,34.58
25564,10565,165,1,46.75
25565,10566,166,2,81.3
25566,10567,167,3,38.02
25567,10568,168,4,90.89
25568,10569,169,1,67.96
25569,10570,170,2,21.28
25570,10571,171,3,68.94
25571,10572,172,4,20.79
25572,10573,173,1,38.46
25573,10574,174,2,15.99
25574,10575,175,3,81.6
25575,10576,176,4,86.35
25576,10577,177,1,61.11
25577,10578,178,2,22.46
25578,10579,179,3,86.7
25579,10580,180,4,77.14
25580,10581,181,1,31.55
25581,10582,182,2,87.01
25582,10583,183,3,102.91
25583,10584,184,4,92.88
25584,10585,185,1,18.44
25585,10586,186,2,54.26
25586,10587,187,3,29.35
25587,10588,188,4,100.63
25588,10589,189,1,14.59
25589,10590,190,2,92.13
25590,10591,191,3,56.15
25591,10592,192,4,31.36
25592,10593,193,1,90.3
25593,10594,194,2,68.0
25594,10595,195,3,36.51
25595,10596,196,4,14.75
25596,10597,197,1,72.29
25597,10598,198,2,99.78
25598,10599,199,3,32.58
25599,10600,200,4,80.38
25600,10601,1,1,61.03
25601,10602,2,2,29.04
25602,10603,3,3,103.48
25603,10604,4,4,36.31
25604,10605,5,1,94.76
25605,10606,6,2,103.99
25606,10607,7,3,27.71
25607,10608,8,4,55.02
25608,10609,9,1,71.08
25609,10610,10,2,62.05
25610,10611,11,3,67.73
25611,10612,12,4,65.29
25612,10613,13,1,66.41
25613,10614,14,2,80.23
25614,10615,15,3,48.33
25615,10616,16,4,39.74
25616,10617,17,1,99.4
25617,10618,18,2,97.22
25618,10619,19,3,69.51
25619,10620,20,4,65.0
25620,10621,21,1,38.97
25621,10622,22,2,18.35
25622,10623,23,3,76.55
25623,10624,24,4,70.23
25624,10625,25,1,37.17
25625,10626,26,2,17.97
25626,10627,27,3,5.7
25627,10628,28,4,74.3
25628,10629,29,1,11.57
25629,10630,30,2,13.98
25630,10631,31,3,71.74
25631,10632,32,4,80.41
25632,10633,33,1,50.75
25633,10634,34,2,81.61
25634,10635,35,3,17.25
25635,10636,36,4,33.71
25636,10637,37,1,65.72
25637,10638,38,2,28.88
25638,10639,39,3,47.36
25639,10640,40,4,7.55
25640,10641,41,1,59.28
25641,10642,42,2,76.8
25642,10643,43,3,97.93
25643,10644,44,4,10.38
25644,10645,45,1,71.95
25645,10646,46,2,33.18
25646,10647,47,3,104.53
25647,10648,48,4,37.22
25648,10649,49,1,80.19
25649,10650,50,2,68.51
25650,10651,51,3,15.2
25651,10652,52,4,70.44
25652,10653,53,1,94.99
25653,10654,54,2,101.21
25654,10655,55,3,11.16
25655,10656,56,4,89.69
25656,10657,57,1,41.21
25657,10658,58,2,54.08
25658,10659,59,3,82.65
25659,10660,60,4,25.79
25660,10661,61,1,96.11
25661,10662,62,2,104.21
25662,10663,63,3,40.76
25663,10664,64,4,78.54
25664,10665,65,1,21.8
25665,10666,66,2,6.65
25666,10667,67,3,34.97
25667,10668,68,4,6.67
25668,10669,69,1,55.89
25669,10670,70,2,34.44
25670,10671,71,3,13.98
25671,10672,72,4,56.37
25672,10673,73,1,59.53
25673,10674,74,2,97.62
25674,10675,75,3,45.71
25675,10676,76,4,32.14
25676,10677,77,1,8.6
25677,10678,78,2,51.52
25678,10679,79,3,49.29
25679,10680,80,4,37.44
25680,10681,81,1,8.48
25681,10682,82,2,42.33
25682,10683,83,3,16.94
25683,10684,84,4,104.26
25684,10685,85,1,17.08
25685,10686,86,2,9.82
25686,10687,87,3,25.51
25687,10688,88,4,41.97
25688,10689,89,1,49.77
25689,10690,90,2,51.59
25690,10691,91,3,5.22
25691,10692,92,4,88.61
25692,10693,93,1,49.28
25693,10694,94,2,83.4
25694,10695,95,3,104.53
25695,10696,96,4,70.74
25696,10697,97,1,7.96
25697,10698,98,2,90.76
25698,10699,99,3,45.19
25699,10700,100,4,95.82
25700,10701,101,1,47.38
25701,10702,102,2,32.56
25702,10703,103,3,26.13
25703,10704,104,4,41.51
25704,10705,105,1,15.06
25705,10706,106,2,86.71
25706,10707,107,3,31.26
25707,10708,108,4,91.22
25708,10709,109,1,25.5
25709,10710,110,2,89.78
25710,10711,111,3,36.32
25711,10712,112,4,82.64
25712,10713,113,1,41.0
25713,10714,114,2,87.98
25714,10715,115,3,58.81
25715,10716,116,4,21.01
25716,10717,117,1,51.3
25717,10718,118,2,11.16
25718,10719,119,3,45.92
25719,10720,120,4,66.94
25720,10721,121,1,18.14
25721,10722,122,2,18.65
25722,10723,123,3,64.9
25723,10724,124,4,70.63
25724,10725,125,1,87.06
25725,10726,126,2,43.87
25726,10727,127,3,72.28
25727,10728,128,4,94.12
25728,10729,129,1,64.8
25729,10730,130,2,48.5
25730,10731,131,3,7.08
25731,10732,132,4,57.37
25732,10733,133,1,22.81
25733,10734,134,2,47.47
25734,10735,135,3,6.94
25735,10736,136,4,21.97
25736,10737,137,1,27.53
25737,10738,138,2,86.43
25738,10739,139,3,70.8
25739,10740,140,4,7.71
25740,10741,141,1,67.39
25741,10742,142,2,91.8
25742,10743,143,3,41.54
25743,10744,144,4,63.64
25744,10745,145,1,82.77
25745,10746,146,2,63.35
25746,10747,147,3,38.43
25747,10748,148,4,83.11
25748,10749,149,1,25.55
25749,10750,150,2,31.09
25750,10751,151,3,31.14
25751,10752,152,4,24.47
25752,10753,153,1,39.61
25753,10754,154,2,68.48
25754,10755,155,3,47.31
25755,10756,156,4,25.45
25756,10757,157,1,40.85
25757,10758,158,2,91.66
25758,10759,159,3,74.5
25759,10760,160,4,31.86
25760,10761,161,1,74.27
25761,10762,162,2,29.27
25762,10763,163,3,59.06
25763,10764,164,4,52.36
25764,10765,165,1,75.67
25765,10766,166,2,54.8
25766,10767,167,3,5.27
25767,10768,168,4,61.12
25768,10769,169,1,13.86
25769,10770,170,2,83.35
25770,10771,171,3,73.85
25771,10772,172,4,75.5
25772,10773,173,1,13.74
25773,10774,174,2,77.09
25774,10775,175,3,28.36
25775,10776,176,4,52.33
25776,10777,177,1,37.58
25777,10778,178,2,71.85
25778,10779,179,3,20.98
25779,10780,180,4,25.2
25780,10781,181,1,31.59
25781,10782,182,2,21.64
25782,10783,183,3,13.15
25783,10784,184,4,95.52
25784,10785,185,1,6.25
25785,10786,186,2,51.53
25786,10787,187,3,80.84
25787,10788,188,4,14.83
25788,10789,189,1,53.97
25789,10790,190,2,53.52
25790,10791,191,3,65.17
25791,10792,192,4,29.0
25792,10793,193,1,79.57
25793,10794,194,2,53.53
25794,10795,195,3,86.3
25795,10796,196,4,69.59
25796,10797,197,1,89.17
25797,10798,198,2,77.47
25798,10799,199,3,24.2
25799,10800,200,4,99.75
25800,10801,1,1,22.27
25801,10802,2,2,10.05
25802,10803,3,3,55.75
25803,10804,4,4,19.17
25804,10805,5,1,92.92
25805,10806,6,2,35.52
25806,10807,7,3,56.91
25807,10808,8,4,70.88
25808,10809,9,1,76.63
25809,10810,10,2,91.15
25810,10811,11,3,16.22
25811,10812,12,4,54.08
25812,10813,13,1,82.63
25813,10814,14,2,82.83
25814,10815,15,3,14.81
25815,10816,16,4,93.07
25816,10817,17,1,63.61
25817,10818,18,2,52.58
25818,10819,19,3,85.31
25819,10820,20,4,8.44
25820,10821,21,1,34.09
25821,10822,22,2,19.12
25822,10823,23,3,92.04
25823,10824,24,4,104.16
25824,10825,25,1,64.12
25825,10826,26,2,6.49
25826,10827,27,3,83.17
25827,10828,28,4,68.2
25828,10829,29,1,56.12
25829,10830,30,2,21.41
25830,10831,31,3,32.5
25831,10832,32,4,14.75
25832,10833,33,1,9.37
25833,10834,34,2,17.44
25834,10835,35,3,85.07
25835,10836,36,4,70.35
25836,10837,37,1,99.63
25837,10838,38,2,27.31
25838,10839,39,3,67.68
25839,10840,40,4,14.57
25840,10841,41,1,54.44
25841,10842,42,2,72.6
25842,10843,43,3,25.96
25843,10844,44,4,8.49
25844,10845,45,1,103.7
25845,10846,46,2,95.75
25846,10847,47,3,88.96
25847,10848,48,4,78.89
25848,10849,49,1,52.3
25849,10850,50,2,22.06
25850,10851,51,3,75.72
25851,10852,52,4,68.91
25852,10853,53,1,54.8
25853,10854,54,2,27.3
25854,10855,55,3,97.17
25855,10856,56,4,57.06
25856,10857,57,1,28.26
25857,10858,58,2,55.08
25858,10859,59,3,81.01
25859,10860,60,4,9.69
25860,10861,61,1,67.82
25861,10862,62,2,38.47
25862,10863,63,3,20.6
25863,10864,64,4,100.6
25864,10865,65,1,73.89
25865,10866,66,2,66.63
25866,10867,67,3,60.3
25867,10868,68,4,104.93
25868,10869,69,1,45.4
25869,10870,70,2,13.13
25870,10871,71,3,43.54
25871,10872,72,4,50.17
25872,10873,73,1,68.39
25873,10874,74,2,46.71
25874,10875,75,3,9.36
25875,10876,76,4,18.69
25876,10877,77,1,15.58
25877,10878,78,2,18.27
25878,10879,79,3,5.99
25879,10880,80,4,88.98
25880,10881,81,1,70.64
25881,10882,82,2,48.27
25882,10883,83,3,76.9
25883,10884,84,4,68.61
25884,10885,85,1,71.78
25885,10886,86,2,26.31
25886,10887,87,3,20.24
25887,10888,88,4,62.5
25888,10889,89,1,16.63
25889,10890,90,2,74.61
25890,10891,91,3,93.86
25891,10892,92,4,38.27
25892,10893,93,1,68.3
25893,10894,94,2,15.04
25894,10895,95,3,28.98
25895,10896,96,4,30.63
25896,10897,97,1,65.57
25897,10898,98,2,59.18
25898,10899,99,3,73.87
25899,10900,100,4,103.4
25900,10901,101,1,87.05
25901,10902,102,2,37.62
25902,10903,103,3,63.99
25903,10904,104,4,86.99
25904,10905,105,1,13.26
25905,10906,106,2,87.53
25906,10907,107,3,33.53
25907,10908,108,4,99.05
25908,10909,109,1,98.04
25909,10910,110,2,30.66
25910,10911,111,3,32.16
25911,10912,112,4,96.14
25912,10913,113,1,63.39
25913,10914,114,2,78.53
25914,10915,115,3,48.92
25915,10916,116,4,40.18
25916,10917,117,1,51.62
25917,10918,118,2,19.67
25918,10919,119,3,94.93
25919,10920,120,4,10.51
25920,10921,121,1,53.95
25921,10922,122,2,83.69
25922,10923,123,3,35.66
25923,10924,124,4,17.55
25924,10925,125,1,15.78
25925,10926,126,2,88.66
25926,10927,127,3,46.19
25927,10928,128,4,61.9
25928,10929,129,1,63.68
25929,10930,130,2,99.13
25930,10931,131,3,86.33
25931,10932,132,4,37.56
25932,10933,133,1,92.3
25933,10934,134,2,35.11
25934,10935,135,3,35.52
25935,10936,136,4,74.38
25936,10937,137,1,41.31
25937,10938,138,2,35.95
25938,10939,139,3,11.82
25939,10940,140,4,34.24
25940,10941,141,1,36.82
25941,10942,142,2,36.71
25942,10943,143,3,75.33
25943,10944,144,4,56.16
25944,10945,145,1,56.08
25945,10946,146,2,71.63
25946,10947,147,3,44.39
25947,10948,148,4,42.89
25948,10949,149,1,91.46
25949,10950,150,2,93.48
25950,10951,151,3,66.04
25951,10952,152,4,94.51
25952,10953,153,1,30.0
25953,10954,154,2,103.12
25954,10955,155,3,52.57
25955,10956,156,4,60.81
25956,10957,157,1,20.53
25957,10958,158,2,28.76
25958,10959,159,3,64.6
25959,10960,160,4,27.38
25960,10961,161,1,48.69
25961,10962,162,2,65.94
25962,10963,163,3,99.84
25963,10964,164,4,39.02
25964,10965,165,1,57.69
25965,10966,166,2,66.52
25966,10967,167,3,53.77
25967,10968,168,4,53.37
25968,10969,169,1,104.94
25969,10970,170,2,79.84
25970,10971,171,3,104.65
25971,10972,172,4,78.78
25972,10973,173,1,104.86
25973,10974,174,2,30.14
25974,10975,175,3,20.16
25975,10976,176,4,30.74
25976,10977,177,1,21.42
25977,10978,178,2,36.73
25978,10979,179,3,81.26
25979,10980,180,4,84.58
25980,10981,181,1,76.66
25981,10982,182,2,90.18
25982,10983,183,3,72.74
25983,10984,184,4,32.51
25984,10985,185,1,14.79
25985,10986,186,2,33.8
25986,10987,187,3,18.74
25987,10988,188,4,27.96
25988,10989,189,1,91.5
25989,10990,190,2,50.53
25990,10991,191,3,19.62
25991,10992,192,4,49.45
25992,10993,193,1,96.4
25993,10994,194,2,64.92
25994,10995,195,3,39.55
25995,10996,196,4,87.31
25996,10997,197,1,9.93
25997,10998,198,2,72.48
25998,10999,199,3,90.59
25999,11000,200,4,28.62
26000,11001,1,1,28.47
26001,11002,2,2,96.7
26002,11003,3,3,65.41
26003,11004,4,4,71.4
26004,11005,5,1,60.55
26005,11006,6,2,53.96
26006,11007,7,3,50.6
26007,11008,8,4,27.61
26008,11009,9,1,42.28
26009,11010,10,2,14.7
26010,11011,11,3,5.06
26011,11012,12,4,39.15
26012,11013,13,1,57.94
26013,11014,14,2,101.77
26014,11015,15,3,51.0
26015,11016,16,4,40.64
26016,11017,17,1,97.88
26017,11018,18,2,94.25
26018,11019,19,3,83.56
26019,11020,20,4,101.93
26020,11021,21,1,99.42
26021,11022,22,2,20.91
26022,11023,23,3,13.76
26023,11024,24,4,65.36
26024,11025,25,1,85.01
26025,11026,26,2,82.09
26026,11027,27,3,41.96
26027,11028,28,4,15.01
26028,11029,29,1,11.09
26029,11030,30,2,57.33
26030,11031,31,3,81.52
26031,11032,32,4,61.39
26032,11033,33,1,73.91
26033,11034,34,2,56.59
26034,11035,35,3,76.0
26035,11036,36,4,14.33
26036,11037,37,1,17.25
26037,11038,38,2,14.97
26038,11039,39,3,100.43
26039,11040,40,4,67.04
26040,11041,41,1,23.13
26041,11042,42,2,17.01
26042,11043,43,3,86.79
26043,11044,44,4,76.08
26044,11045,45,1,28.51
26045,11046,46,2,18.49
26046,11047,47,3,69.25
26047,11048,48,4,46.17
26048,11049,49,1,23.97
26049,11050,50,2,70.8
26050,11051,51,3,63.82
26051,11052,52,4,70.59
26052,11053,53,1,103.2
26053,11054,54,2,38.94
26054,11055,55,3,86.08
26055,11056,56,4,24.55
26056,11057,57,1,33.38
26057,11058,58,2,72.72
26058,11059,59,3,76.23
26059,11060,60,4,81.87
26060,11061,61,1,49.48
26061,11062,62,2,67.54
26062,11063,63,3,32.04
26063,11064,64,4,87.87
26064,11065,65,1,92.17
26065,11066,66,2,72.5
26066,11067,67,3,26.57
26067,11068,68,4,34.1
26068,11069,69,1,32.7
26069,11070,70,2,24.6
26070,11071,71,3,67.66
26071,11072,72,4,82.22
26072,11073,73,1,89.91
26073,11074,74,2,91.59
26074,11075,75,3,66.29
26075,11076,76,4,13.1
26076,11077,77,1,79.05
26077,11078,78,2,81.29
26078,11079,79,3,27.5
26079,11080,80,4,42.62
26080,11081,81,1,27.16
26081,11082,82,2,34.34
26082,11083,83,3,27.74
26083,11084,84,4,70.77
26084,11085,85,1,70.53
26085,11086,86,2,71.49
26086,11087,87,3,81.49
26087,11088,88,4,22.07
26088,11089,89,1,30.45
26089,11090,90,2,55.27
26090,11091,91,3,88.9
26091,11092,92,4,78.67
26092,11093,93,1,97.28
26093,11094,94,2,16.88
26094,11095,95,3,18.54
26095,11096,96,4,96.07
26096,11097,97,1,21.7
26097,11098,98,2,54.58
26098,11099,99,3,86.12
26099,11100,100,4,99.24
26100,11101,101,1,48.17
26101,11102,102,2,65.01
26102,11103,103,3,12.81
26103,11104,104,4,19.65
26104,11105,105,1,90.14
26105,11106,106,2,61.89
26106,11107,107,3,55.31
26107,11108,108,4,86.53
26108,11109,109,1,22.92
26109,11110,110,2,81.52
26110,11111,111,3,104.64
26111,11112,112,4,34.09
26112,11113,113,1,67.35
26113,11114,114,2,22.65
26114,11115,115,3,8.73
26115,11116,116,4,43.39
26116,11117,117,1,63.29
26117,11118,118,2,86.46
26118,11119,119,3,40.57
26119,11120,120,4,86.61
26120,11121,121,1,59.04
26121,11122,122,2,13.53
26122,11123,123,3,98.4
26123,11124,124,4,61.55
26124,11125,125,1,54.3
26125,11126,126,2,62.63
26126,11127,127,3,15.67
26127,11128,128,4,45.57
26128,11129,129,1,90.45
26129,11130,130,2,10.63
26130,11131,131,3,15.66
26131,11132,132,4,58.49
26132,11133,133,1,10.26
26133,11134,134,2,32.6
26134,11135,135,3,102.35
26135,11136,136,4,80.14
26136,11137,137,1,51.68
26137,11138,138,2,43.99
26138,11139,139,3,16.71
26139,11140,140,4,91.53
26140,11141,141,1,27.23
26141,11142,142,2,43.9
26142,11143,143,3,38.95
26143,11144,144,4,52.14
26144,11145,145,1,14.21
26145,11146,146,2,103.29
26146,11147,147,3,6.93
26147,11148,148,4,43.59
26148,11149,149,1,46.1
26149,11150,150,2,58.74
26150,11151,151,3,52.15
26151,11152,152,4,36.23
26152,11153,153,1,63.56
26153,11154,154,2,98.13
26154,11155,155,3,52.48
26155,11156,156,4,69.29
26156,11157,157,1,59.87
26157,11158,158,2,90.76
26158,11159,159,3,50.1
26159,11160,160,4,68.89
26160,11161,161,1,84.42
26161,11162,162,2,79.51
26162,11163,163,3,59.68
26163,11164,164,4,85.19
26164,11165,165,1,41.61
26165,11166,166,2,12.45
26166,11167,167,3,43.84
26167,11168,168,4,91.1
26168,11169,169,1,97.59
26169,11170,170,2,15.72
26170,11171,171,3,64.22
26171,11172,172,4,12.78
26172,11173,173,1,20.89
26173,11174,174,2,45.7
26174,11175,175,3,103.23
26175,11176,176,4,52.46
26176,11177,177,1,18.41
26177,11178,178,2,87.54
26178,11179,179,3,14.34
26179,11180,180,4,64.58
26180,11181,181,1,57.13
26181,11182,182,2,8.13
26182,11183,183,3,92.05
26183,11184,184,4,100.5
26184,11185,185,1,77.01
26185,11186,186,2,10.27
26186,11187,187,3,43.06
26187,11188,188,4,28.25
26188,11189,189,1,7.46
26189,11190,190,2,8.71
26190,11191,191,3,83.23
26191,11192,192,4,72.34
26192,11193,193,1,60.7
26193,11194,194,2,98.27
26194,11195,195,3,72.65
26195,11196,196,4,21.01
26196,11197,197,1,104.59
26197,11198,198,2,62.58
26198,11199,199,3,37.6
26199,11200,200,4,89.89
26200,11201,1,1,85.15
26201,11202,2,2,38.67
26202,11203,3,3,86.68
26203,11204,4,4,75.39
26204,11205,5,1,32.86
26205,11206,6,2,42.61
26206,11207,7,3,86.17
26207,11208,8,4,48.25
26208,11209,9,1,14.22
26209,11210,10,2,42.06
26210,11211,11,3,94.94
26211,11212,12,4,100.22
26212,11213,13,1,10.36
26213,11214,14,2,43.49
26214,11215,15,3,27.53
26215,11216,16,4,104.9
26216,11217,17,1,97.54
26217,11218,18,2,93.94
26218,11219,19,3,20.86
26219,11220,20,4,98.13
26220,11221,21,1,49.1
26221,11222,22,2,103.82
26222,11223,23,3,30.56
26223,11224,24,4,47.41
26224,11225,25,1,91.69
26225,11226,26,2,79.54
26226,11227,27,3,17.57
26227,11228,28,4,45.93
26228,11229,29,1,74.8
26229,11230,30,2,43.98
26230,11231,31,3,54.3
26231,11232,32,4,69.4
26232,11233,33,1,63.8
26233,11234,34,2,32.75
26234,11235,35,3,40.57
26235,11236,36,4,80.16
26236,11237,37,1,98.97
26237,11238,38,2,80.61
26238,11239,39,3,34.42
26239,11240,40,4,80.68
26240,11241,41,1,74.21
26241,11242,42,2,41.0
26242,11243,43,3,83.17
26243,11244,44,4,31.07
26244,11245,45,1,103.76
26245,11246,46,2,41.62
26246,11247,47,3,65.43
26247,11248,48,4,58.24
26248,11249,49,1,42.54
26249,11250,50,2,27.94
26250,11251,51,3,13.31
26251,11252,52,4,89.2
26252,11253,53,1,100.98
26253,11254,54,2,97.69
26254,11255,55,3,9.0
26255,11256,56,4,69.68
26256,11257,57,1,34.01
26257,11258,58,2,80.07
26258,11259,59,3,56.16
26259,11260,60,4,53.58
26260,11261,61,1,99.55
26261,11262,62,2,11.91
26262,11263,63,3,47.82
26263,11264,64,4,17.29
26264,11265,65,1,43.01
26265,11266,66,2,39.32
26266,11267,67,3,93.8
26267,11268,68,4,61.62
26268,11269,69,1,42.05
26269,11270,70,2,97.7
26270,11271,71,3,14.59
26271,11272,72,4,79.22
26272,11273,73,1,78.1
26273,11274,74,2,73.19
26274,11275,75,3,33.0
26275,11276,76,4,23.36
26276,11277,77,1,5.48
26277,11278,78,2,39.73
26278,11279,79,3,72.66
26279,11280,80,4,31.11
26280,11281,81,1,89.06
26281,11282,82,2,51.53
26282,11283,83,3,102.57
26283,11284,84,4,11.08
26284,11285,85,1,57.47
26285,11286,86,2,88.77
26286,11287,87,3,7.68
26287,11288,88,4,85.46
26288,11289,89,1,29.1
26289,11290,90,2,57.73
26290,11291,91,3,79.84
26291,11292,92,4,94.24
26292,11293,93,1,103.6
26293,11294,94,2,69.49
26294,11295,95,3,99.96
26295,11296,96,4,47.72
26296,11297,97,1,37.07
26297,11298,98,2,68.36
26298,11299,99,3,49.83
26299,11300,100,4,81.55
26300,11301,101,1,49.9
26301,11302,102,2,61.52
26302,11303,103,3,81.12
26303,11304,104,4,53.31
26304,11305,105,1,18.3
26305,11306,106,2,78.37
26306,11307,107,3,97.2
26307,11308,108,4,68.2
26308,11309,109,1,69.8
26309,11310,110,2,10.78
26310,11311,111,3,81.87
26311,11312,112,4,35.32
26312,11313,113,1,43.46
26313,11314,114,2,21.76
26314,11315,115,3,52.74
26315,11316,116,4,45.36
26316,11317,117,1,30.58
26317,11318,118,2,102.96
26318,11319,119,3,93.62
26319,11320,120,4,57.8
26320,11321,121,1,11.17
26321,11322,122,2,74.28
26322,11323,123,3,97.19
26323,11324,124,4,57.25
26324,11325,125,1,69.09
26325,11326,126,2,48.11
26326,11327,127,3,85.21
26327,11328,128,4,97.64
26328,11329,129,1,81.3
26329,11330,130,2,28.26
26330,11331,131,3,80.94
26331,11332,132,4,15.7
26332,11333,133,1,57.99
26333,11334,134,2,59.33
26334,11335,135,3,45.41
26335,11336,136,4,48.91
26336,11337,137,1,72.47
26337,11338,138,2,97.48
26338,11339,139,3,64.54
26339,11340,140,4,42.31
26340,11341,141,1,15.75
26341,11342,142,2,100.42
26342,11343,143,3,65.24
26343,11344,144,4,27.24
26344,11345,145,1,95.56
26345,11346,146,2,20.87
26346,11347,147,3,33.34
26347,11348,148,4,53.23
26348,11349,149,1,69.57
26349,11350,150,2,69.25
26350,11351,151,3,66.69
26351,11352,152,4,20.43
26352,11353,153,1,38.62
26353,11354,154,2,26.64
26354,11355,155,3,94.97
26355,11356,156,4,7.03
26356,11357,157,1,5.84
26357,11358,158,2,19.69
26358,11359,159,3,84.68
26359,11360,160,4,101.13
26360,11361,161,1,41.82
26361,11362,162,2,66.24
26362,11363,163,3,43.57
26363,11364,164,4,36.82
26364,11365,165,1,85.16
26365,11366,166,2,60.95
26366,11367,167,3,53.58
26367,11368,168,4,50.24
26368,11369,169,1,41.62
26369,11370,170,2,86.46
26370,11371,171,3,9.16
26371,11372,172,4,76.83
26372,11373,173,1,42.63
26373,11374,174,2,27.13
26374,11375,175,3,68.12
26375,11376,176,4,11.51
26376,11377,177,1,36.18
26377,11378,178,2,45.74
26378,11379,179,3,84.04
26379,11380,180,4,15.83
26380,11381,181,1,100.78
26381,11382,182,2,20.77
26382,11383,183,3,61.44
26383,11384,184,4,101.99
26384,11385,185,1,33.9
26385,11386,186,2,70.78
26386,11387,187,3,26.13
26387,11388,188,4,54.31
26388,11389,189,1,58.06
26389,11390,190,2,6.42
26390,11391,191,3,61.83
26391,11392,192,4,77.0
26392,11393,193,1,20.37
26393,11394,194,2,78.0
26394,11395,195,3,82.32
26395,11396,196,4,57.43
26396,11397,197,1,64.14
26397,11398,198,2,8.98
26398,11399,199,3,101.03
26399,11400,200,4,50.61
26400,11401,1,1,88.25
26401,11402,2,2,93.46
26402,11403,3,3,80.04
26403,11404,4,4,99.96
26404,11405,5,1,53.45
26405,11406,6,2,66.91
26406,11407,7,3,15.13
26407,11408,8,4,31.45
26408,11409,9,1,88.35
26409,11410,10,2,64.11
26410,11411,11,3,60.19
26411,11412,12,4,52.61
26412,11413,13,1,74.8
26413,11414,14,2,52.58
26414,11415,15,3,102.11
26415,11416,16,4,15.56
26416,11417,17,1,46.61
26417,11418,18,2,62.11
26418,11419,19,3,19.32
26419,11420,20,4,39.5
26420,11421,21,1,21.94
26421,11422,22,2,35.95
26422,11423,23,3,97.65
26423,11424,24,4,13.43
26424,11425,25,1,6.62
26425,11426,26,2,44.97
26426,11427,27,3,65.93
26427,11428,28,4,70.18
26428,11429,29,1,49.25
26429,11430,30,2,34.21
26430,11431,31,3,5.16
26431,11432,32,4,73.9
26432,11433,33,1,10.5
26433,11434,34,2,56.36
26434,11435,35,3,18.23
26435,11436,36,4,67.97
26436,11437,37,1,73.91
26437,11438,38,2,44.82
26438,11439,39,3,79.37
26439,11440,40,4,12.13
26440,11441,41,1,5.87
26441,11442,42,2,14.38
26442,11443,43,3,57.66
26443,11444,44,4,38.87
26444,11445,45,1,29.37
26445,11446,46,2,50.38
26446,11447,47,3,5.65
26447,11448,48,4,11.24
26448,11449,49,1,7.07
26449,11450,50,2,5.62
26450,11451,51,3,19.97
26451,11452,52,4,19.05
26452,11453,53,1,77.49
26453,11454,54,2,21.93
26454,11455,55,3,44.58
26455,11456,56,4,87.88
26456,11457,57,1,92.4
26457,11458,58,2,99.39
26458,11459,59,3,9.18
26459,11460,60,4,14.58
26460,11461,61,1,79.52
26461,11462,62,2,17.19
26462,11463,63,3,101.65
26463,11464,64,4,12.67
26464,11465,65,1,96.45
26465,11466,66,2,59.61
26466,11467,67,3,11.82
26467,11468,68,4,42.88
26468,11469,69,1,24.59
26469,11470,70,2,31.86
26470,11471,71,3,63.8
26471,11472,72,4,5.52
26472,11473,73,1,43.2
26473,11474,74,2,51.32
26474,11475,75,3,66.6
26475,11476,76,4,95.1
26476,11477,77,1,89.31
26477,11478,78,2,8.97
26478,11479,79,3,103.07
26479,11480,80,4,33.16
26480,11481,81,1,35.49
26481,11482,82,2,13.16
26482,11483,83,3,85.33
26483,11484,84,4,82.7
26484,11485,85,1,47.55
26485,11486,86,2,88.59
26486,11487,87,3,60.86
26487,11488,88,4,79.37
26488,11489,89,1,41.28
26489,11490,90,2,61.74
26490,11491,91,3,30.73
26491,11492,92,4,18.51
26492,11493,93,1,101.99
26493,11494,94,2,64.01
26494,11495,95,3,37.94
26495,11496,96,4,68.11
26496,11497,97,1,17.15
26497,11498,98,2,49.61
26498,11499,99,3,15.85
26499,11500,100,4,94.82
26500,11501,101,1,53.47
26501,11502,102,2,91.76
26502,11503,103,3,20.59
26503,11504,104,4,37.68
26504,11505,105,1,90.38
26505,11506,106,2,83.67
26506,11507,107,3,64.51
26507,11508,108,4,36.61
26508,11509,109,1,8.6
26509,11510,110,2,20.7
26510,11511,111,3,32.54
26511,11512,112,4,78.88
26512,11513,113,1,95.1
26513,11514,114,2,13.36
26514,11515,115,3,56.83
26515,11516,116,4,101.44
26516,11517,117,1,19.19
26517,11518,118,2,37.56
26518,11519,119,3,84.95
26519,11520,120,4,68.65
26520,11521,121,1,10.04
26521,11522,122,2,74.53
26522,11523,123,3,99.75
26523,11524,124,4,66.77
26524,11525,125,1,102.09
26525,11526,126,2,5.2
26526,11527,127,3,93.01
26527,11528,128,4,34.44
26528,11529,129,1,101.84
26529,11530,130,2,70.08
26530,11531,131,3,18.83
26531,11532,132,4,26.53
26532,11533,133,1,101.49
26533,11534,134,2,22.94
26534,11535,135,3,16.54
26535,11536,136,4,51.29
26536,11537,137,1,37.03
26537,11538,138,2,55.32
26538,11539,139,3,54.77
26539,11540,140,4,17.49
26540,11541,141,1,73.63
26541,11542,142,2,24.43
26542,11543,143,3,5.24
26543,11544,144,4,6.66
26544,11545,145,1,14.01
26545,11546,146,2,25.64
26546,11547,147,3,85.2
26547,11548,148,4,18.03
26548,11549,149,1,28.51
26549,11550,150,2,82.81
26550,11551,151,3,46.53
26551,11552,152,4,47.53
26552,11553,153,1,78.2
26553,11554,154,2,86.66
26554,11555,155,3,33.01
26555,11556,156,4,56.81
26556,11557,157,1,21.72
26557,11558,158,2,56.03
26558,11559,159,3,53.92
26559,11560,160,4,6.09
26560,11561,161,1,96.2
26561,11562,162,2,66.49
26562,11563,163,3,9.39
26563,11564,164,4,88.41
26564,11565,165,1,34.93
26565,11566,166,2,48.24
26566,11567,167,3,8.13
26567,11568,168,4,62.86
26568,11569,169,1,43.67
26569,11570,170,2,44.14
26570,11571,171,3,49.91
26571,11572,172,4,88.67
26572,11573,173,1,22.46
26573,11574,174,2,42.83
26574,11575,175,3,68.28
26575,11576,176,4,99.73
26576,11577,177,1,75.91
26577,11578,178,2,89.9
26578,11579,179,3,99.55
26579,11580,180,4,36.19
26580,11581,181,1,65.99
26581,11582,182,2,12.01
26582,11583,183,3,103.07
26583,11584,184,4,9.16
26584,11585,185,1,84.2
26585,11586,186,2,54.28
26586,11587,187,3,103.4
26587,11588,188,4,34.78
26588,11589,189,1,104.77
26589,11590,190,2,37.76
26590,11591,191,3,30.7
26591,11592,192,4,88.05
26592,11593,193,1,37.07
26593,11594,194,2,55.21
26594,11595,195,3,31.47
26595,11596,196,4,35.47
26596,11597,197,1,45.7
26597,11598,198,2,51.78
26598,11599,199,3,76.7
26599,11600,200,4,16.8
26600,11601,1,1,73.79
26601,11602,2,2,95.02
26602,11603,3,3,50.02
26603,11604,4,4,39.46
26604,11605,5,1,30.47
26605,11606,6,2,51.56
26606,11607,7,3,79.64
26607,11608,8,4,26.19
26608,11609,9,1,89.23
26609,11610,10,2,57.11
26610,11611,11,3,89.89
26611,11612,12,4,81.98
26612,11613,13,1,19.6
26613,11614,14,2,83.3
26614,11615,15,3,22.35
26615,11616,16,4,51.84
26616,11617,17,1,42.76
26617,11618,18,2,101.09
26618,11619,19,3,30.71
26619,11620,20,4,78.36
26620,11621,21,1,68.16
26621,11622,22,2,17.81
26622,11623,23,3,91.12
26623,11624,24,4,81.85
26624,11625,25,1,82.04
26625,11626,26,2,33.96
26626,11627,27,3,47.83
26627,11628,28,4,35.54
26628,11629,29,1,67.8
26629,11630,30,2,69.76
26630,11631,31,3,23.91
26631,11632,32,4,77.95
26632,11633,33,1,77.01
26633,11634,34,2,20.53
26634,11635,35,3,15.01
26635,11636,36,4,35.03
26636,11637,37,1,43.47
26637,11638,38,2,37.64
26638,11639,39,3,90.11
26639,11640,40,4,101.5
26640,11641,41,1,34.39
26641,11642,42,2,94.91
26642,11643,43,3,25.12
26643,11644,44,4,104.01
26644,11645,45,1,22.22
26645,11646,46,2,102.85
26646,11647,47,3,18.65
26647,11648,48,4,29.88
26648,11649,49,1,83.95
26649,11650,50,2,38.29
26650,11651,51,3,29.47
26651,11652,52,4,39.91
26652,11653,53,1,46.72
26653,11654,54,2,85.91
26654,11655,55,3,103.58
26655,11656,56,4,82.42
26656,11657,57,1,57.39
26657,11658,58,2,101.33
26658,11659,59,3,81.52
26659,11660,60,4,86.6
26660,11661,61,1,82.04
26661,11662,62,2,72.08
26662,11663,63,3,35.33
26663,11664,64,4,95.16
26664,11665,65,1,19.88
26665,11666,66,2,5.53
26666,11667,67,3,83.72
26667,11668,68,4,27.11
26668,11669,69,1,74.98
26669,11670,70,2,59.72
26670,11671,71,3,16.3
26671,11672,72,4,28.28
26672,11673,73,1,68.56
26673,11674,74,2,68.88
26674,11675,75,3,12.32
26675,11676,76,4,66.15
26676,11677,77,1,95.02
26677,11678,78,2,72.2
26678,11679,79,3,53.18
26679,11680,80,4,5.8
26680,11681,81,1,96.42
26681,11682,82,2,92.66
26682,11683,83,3,16.52
26683,11684,84,4,12.9
26684,11685,85,1,79.87
26685,11686,86,2,57.83
26686,11687,87,3,68.67
26687,11688,88,4,88.77
26688,11689,89,1,26.19
26689,11690,90,2,40.37
26690,11691,91,3,65.96
26691,11692,92,4,21.05
26692,11693,93,1,12.33
26693,11694,94,2,40.82
26694,11695,95,3,51.26
26695,11696,96,4,77.24
26696,11697,97,1,45.5
26697,11698,98,2,8.91
26698,11699,99,3,82.58
26699,11700,100,4,42.64
26700,11701,101,1,94.84
26701,11702,102,2,49.85
26702,11703,103,3,68.76
26703,11704,104,4,7.27
26704,11705,105,1,93.7
26705,11706,106,2,87.03
26706,11707,107,3,65.55
26707,11708,108,4,83.56
26708,11709,109,1,18.71
26709,11710,110,2,92.18
26710,11711,111,3,42.06
26711,11712,112,4,8.85
26712,11713,113,1,98.85
26713,11714,114,2,60.67
26714,11715,115,3,14.25
26715,11716,116,4,8.04
26716,11717,117,1,62.82
26717,11718,118,2,31.48
26718,11719,119,3,27.1
26719,11720,120,4,8.55
26720,11721,121,1,50.94
26721,11722,122,2,27.53
26722,11723,123,3,80.0
26723,11724,124,4,72.73
26724,11725,125,1,38.59
26725,11726,126,2,61.59
26726,11727,127,3,19.6
26727,11728,128,4,69.32
26728,11729,129,1,67.85
26729,11730,130,2,60.36
26730,11731,131,3,88.42
26731,11732,132,4,57.61
26732,11733,133,1,43.26
26733,11734,134,2,24.77
26734,11735,135,3,21.5
26735,11736,136,4,44.36
26736,11737,137,1,49.53
26737,11738,138,2,78.66
26738,11739,139,3,74.5
26739,11740,140,4,15.05
26740,11741,141,1,35.94
26741,11742,142,2,12.92
26742,11743,143,3,11.14
26743,11744,144,4,38.97
26744,11745,145,1,90.95
26745,11746,146,2,55.29
26746,11747,147,3,90.32
26747,11748,148,4,91.11
26748,11749,149,1,104.25
26749,11750,150,2,32.63
26750,11751,151,3,31.61
26751,11752,152,4,102.68
26752,11753,153,1,23.59
26753,11754,154,2,77.12
26754,11755,155,3,34.18
26755,11756,156,4,64.19
26756,11757,157,1,8.07
26757,11758,158,2,42.64
26758,11759,159,3,104.48
26759,11760,160,4,30.73
26760,11761,161,1,43.15
26761,11762,162,2,16.2
26762,11763,163,3,99.05
26763,11764,164,4,55.62
26764,11765,165,1,25.18
26765,11766,166,2,95.52
26766,11767,167,3,55.63
26767,11768,168,4,79.6
26768,11769,169,1,46.3
26769,11770,170,2,35.05
26770,11771,171,3,77.42
26771,11772,172,4,74.05
26772,11773,173,1,77.63
26773,11774,174,2,88.31
26774,11775,175,3,95.83
26775,11776,176,4,92.21
26776,11777,177,1,40.58
26777,11778,178,2,33.44
26778,11779,179,3,52.46
26779,11780,180,4,29.61
26780,11781,181,1,84.05
26781,11782,182,2,34.28
26782,11783,183,3,92.71
26783,11784,184,4,18.36
26784,11785,185,1,55.83
26785,11786,186,2,63.94
26786,11787,187,3,85.11
26787,11788,188,4,21.19
26788,11789,189,1,35.52
26789,11790,190,2,86.68
26790,11791,191,3,50.82
26791,11792,192,4,61.39
26792,11793,193,1,99.26
26793,11794,194,2,59.32
26794,11795,195,3,23.71
26795,11796,196,4,84.76
26796,11797,197,1,38.99
26797,11798,198,2,74.19
26798,11799,199,3,7.64
26799,11800,200,4,70.12
26800,11801,1,1,32.96
26801,11802,2,2,17.21
26802,11803,3,3,5.94
26803,11804,4,4,35.02
26804,11805,5,1,64.16
26805,11806,6,2,44.95
26806,11807,7,3,15.95
26807,11808,8,4,87.97
26808,11809,9,1,52.32
26809,11810,10,2,57.67
26810,11811,11,3,85.02
26811,11812,12,4,42.18
26812,11813,13,1,61.59
26813,11814,14,2,88.62
26814,11815,15,3,8.13
26815,11816,16,4,39.64
26816,11817,17,1,75.35
26817,11818,18,2,59.64
26818,11819,19,3,43.43
26819,11820,20,4,17.81
26820,11821,21,1,79.41
26821,11822,22,2,64.46
26822,11823,23,3,89.96
26823,11824,24,4,26.5
26824,11825,25,1,61.65
26825,11826,26,2,85.12
26826,11827,27,3,97.64
26827,11828,28,4,78.1
26828,11829,29,1,5.84
26829,11830,30,2,79.61
26830,11831,31,3,67.88
26831,11832,32,4,17.79
26832,11833,33,1,39.64
26833,11834,34,2,40.12
26834,11835,35,3,24.53
26835,11836,36,4,38.47
26836,11837,37,1,70.88
26837,11838,38,2,91.64
26838,11839,39,3,41.92
26839,11840,40,4,74.32
26840,11841,41,1,50.44
26841,11842,42,2,87.23
26842,11843,43,3,71.82
26843,11844,44,4,26.82
26844,11845,45,1,22.57
26845,11846,46,2,40.88
26846,11847,47,3,36.15
26847,11848,48,4,58.08
26848,11849,49,1,89.03
26849,11850,50,2,85.67
26850,11851,51,3,17.3
26851,11852,52,4,104.98
26852,11853,53,1,78.81
26853,11854,54,2,16.7
26854,11855,55,3,49.49
26855,11856,56,4,17.19
26856,11857,57,1,28.76
26857,11858,58,2,25.62
26858,11859,59,3,60.72
26859,11860,60,4,46.13
26860,11861,61,1,94.16
26861,11862,62,2,88.23
26862,11863,63,3,68.2
26863,11864,64,4,17.43
26864,11865,65,1,13.65
26865,11866,66,2,47.87
26866,11867,67,3,35.9
26867,11868,68,4,27.03
26868,11869,69,1,54.55
26869,11870,70,2,59.76
26870,11871,71,3,11.99
26871,11872,72,4,98.18
26872,11873,73,1,28.1
26873,11874,74,2,100.09
26874,11875,75,3,93.4
26875,11876,76,4,26.58
26876,11877,77,1,94.6
26877,11878,78,2,71.9
26878,11879,79,3,73.09
26879,11880,80,4,13.38
26880,11881,81,1,10.64
26881,11882,82,2,39.98
26882,11883,83,3,87.09
26883,11884,84,4,58.85
26884,11885,85,1,82.13
26885,11886,86,2,104.43
26886,11887,87,3,38.08
26887,11888,88,4,20.9
26888,11889,89,1,95.86
26889,11890,90,2,26.29
26890,11891,91,3,47.45
26891,11892,92,4,33.06
26892,11893,93,1,72.33
26893,11894,94,2,25.21
26894,11895,95,3,17.47
26895,11896,96,4,13.24
26896,11897,97,1,20.42
26897,11898,98,2,69.41
26898,11899,99,3,66.64
26899,11900,100,4,98.33
26900,11901,101,1,47.07
26901,11902,102,2,58.35
26902,11903,103,3,77.23
26903,11904,104,4,52.56
26904,11905,105,1,34.33
26905,11906,106,2,71.66
26906,11907,107,3,52.21
26907,11908,108,4,38.05
26908,11909,109,1,36.45
26909,11910,110,2,44.7
26910,11911,111,3,48.97
26911,11912,112,4,18.68
26912,11913,113,1,74.3
26913,11914,114,2,48.96
26914,11915,115,3,99.4
26915,11916,116,4,99.48
26916,11917,117,1,8.61
26917,11918,118,2,43.38
26918,11919,119,3,66.6
26919,11920,120,4,15.38
26920,11921,121,1,98.32
26921,11922,122,2,17.84
26922,11923,123,3,78.28
26923,11924,124,4,36.37
26924,11925,125,1,90.53
26925,11926,126,2,44.58
26926,11927,127,3,37.96
26927,11928,128,4,91.12
26928,11929,129,1,34.13
26929,11930,130,2,47.04
26930,11931,131,3,87.16
26931,11932,132,4,28.66
26932,11933,133,1,14.93
26933,11934,134,2,95.52
26934,11935,135,3,13.72
26935,11936,136,4,43.15
26936,11937,137,1,68.72
26937,11938,138,2,59.19
26938,11939,139,3,36.22
26939,11940,140,4,7.85
26940,11941,141,1,43.68
26941,11942,142,2,89.3
26942,11943,143,3,14.94
26943,11944,144,4,9.13
26944,11945,145,1,76.66
26945,11946,146,2,70.63
26946,11947,147,3,5.98
26947,11948,148,4,29.55
26948,11949,149,1,102.69
26949,11950,150,2,29.98
26950,11951,151,3,28.09
26951,11952,152,4,41.93
26952,11953,153,1,17.24
26953,11954,154,2,37.53
26954,11955,155,3,22.17
26955,11956,156,4,64.47
26956,11957,157,1,13.9
26957,11958,158,2,86.92
26958,11959,159,3,44.9
26959,11960,160,4,24.93
26960,11961,161,1,94.5
26961,11962,162,2,88.65
26962,11963,163,3,78.47
26963,11964,164,4,29.05
26964,11965,165,1,67.01
26965,11966,166,2,100.48
26966,11967,167,3,12.85
26967,11968,168,4,72.02
26968,11969,169,1,56.12
26969,11970,170,2,73.16
26970,11971,171,3,100.32
26971,11972,172,4,35.79
26972,11973,173,1,91.98
26973,11974,174,2,7.97
26974,11975,175,3,51.42
26975,11976,176,4,34.23
26976,11977,177,1,38.69
26977,11978,178,2,72.55
26978,11979,179,3,94.74
26979,11980,180,4,50.07
26980,11981,181,1,53.87
26981,11982,182,2,97.03
26982,11983,183,3,17.11
26983,11984,184,4,93.86
26984,11985,185,1,94.87
26985,11986,186,2,87.18
26986,11987,187,3,79.83
26987,11988,188,4,84.14
26988,11989,189,1,91.78
26989,11990,190,2,55.14
26990,11991,191,3,14.71
26991,11992,192,4,29.45
26992,11993,193,1,80.78
26993,11994,194,2,93.57
26994,11995,195,3,27.17
26995,11996,196,4,83.53
26996,11997,197,1,93.89
26997,11998,198,2,75.58
26998,11999,199,3,24.69
26999,12000,200,4,38.25
27000,12001,1,1,78.46
27001,12002,2,2,51.33
27002,12003,3,3,55.56
27003,12004,4,4,42.97
27004,12005,5,1,92.48
27005,12006,6,2,50.32
27006,12007,7,3,10.84
27007,12008,8,4,87.73
27008,12009,9,1,91.64
27009,12010,10,2,7.32
27010,12011,11,3,76.91
27011,12012,12,4,43.18
27012,12013,13,1,47.68
27013,12014,14,2,98.63
27014,12015,15,3,62.56
27015,12016,16,4,72.38
27016,12017,17,1,6.93
27017,12018,18,2,98.65
27018,12019,19,3,76.18
27019,12020,20,4,47.65
27020,12021,21,1,99.86
27021,12022,22,2,47.09
27022,12023,23,3,66.63
27023,12024,24,4,42.25
27024,12025,25,1,90.95
27025,12026,26,2,78.52
27026,12027,27,3,18.59
27027,12028,28,4,81.32
27028,12029,29,1,30.46
27029,12030,30,2,32.11
27030,12031,31,3,15.73
27031,12032,32,4,75.91
27032,12033,33,1,11.41
27033,12034,34,2,72.25
27034,12035,35,3,6.4
27035,12036,36,4,80.26
27036,12037,37,1,31.0
27037,12038,38,2,61.88
27038,12039,39,3,57.04
27039,12040,40,4,56.48
27040,12041,41,1,26.04
27041,12042,42,2,63.31
27042,12043,43,3,82.2
27043,12044,44,4,10.01
27044,12045,45,1,5.53
27045,12046,46,2,11.73
27046,12047,47,3,71.01
27047,12048,48,4,20.54
27048,12049,49,1,95.17
27049,12050,50,2,53.83
27050,12051,51,3,43.75
27051,12052,52,4,26.67
27052,12053,53,1,93.74
27053,12054,54,2,17.18
27054,12055,55,3,26.55
27055,12056,56,4,72.7
27056,12057,57,1,68.14
27057,12058,58,2,19.51
27058,12059,59,3,13.12
27059,12060,60,4,14.51
27060,12061,61,1,64.24
27061,12062,62,2,85.68
27062,12063,63,3,60.9
27063,12064,64,4,90.6
27064,12065,65,1,100.36
27065,12066,66,2,58.43
27066,12067,67,3,92.52
27067,12068,68,4,17.86
27068,12069,69,1,46.33
27069,12070,70,2,5.27
27070,12071,71,3,89.77
27071,12072,72,4,100.51
27072,12073,73,1,51.54
27073,12074,74,2,41.2
27074,12075,75,3,47.1
27075,12076,76,4,5.8
27076,12077,77,1,56.14
27077,12078,78,2,101.52
27078,12079,79,3,48.1
27079,12080,80,4,48.95
27080,12081,81,1,89.22
27081,12082,82,2,79.94
27082,12083,83,3,17.61
27083,12084,84,4,18.12
27084,12085,85,1,64.71
27085,12086,86,2,13.65
27086,12087,87,3,17.87
27087,12088,88,4,56.83
27088,12089,89,1,27.48
27089,12090,90,2,56.04
27090,12091,91,3,95.7
27091,12092,92,4,103.7
27092,12093,93,1,45.37
27093,12094,94,2,48.65
27094,12095,95,3,84.36
27095,12096,96,4,13.04
27096,12097,97,1,99.81
27097,12098,98,2,25.09
27098,12099,99,3,25.62
27099,12100,100,4,89.57
27100,12101,101,1,81.78
27101,12102,102,2,51.09
27102,12103,103,3,33.96
27103,12104,104,4,29.6
27104,12105,105,1,28.93
27105,12106,106,2,18.76
27106,12107,107,3,102.14
27107,12108,108,4,79.38
27108,12109,109,1,72.64
27109,12110,110,2,47.67
27110,12111,111,3,23.24
27111,12112,112,4,85.15
27112,12113,113,1,39.27
27113,12114,114,2,29.7
27114,12115,115,3,54.19
27115,12116,116,4,70.92
27116,12117,117,1,11.26
27117,12118,118,2,91.14
27118,12119,119,3,92.81
27119,12120,120,4,37.05
27120,12121,121,1,80.35
27121,12122,122,2,47.39
27122,12123,123,3,82.4
27123,12124,124,4,16.03
27124,12125,125,1,26.45
27125,12126,126,2,15.97
27126,12127,127,3,21.95
27127,12128,128,4,14.56
27128,12129,129,1,37.97
27129,12130,130,2,58.48
27130,12131,131,3,24.43
27131,12132,132,4,22.22
27132,12133,133,1,14.3
27133,12134,134,2,78.81
27134,12135,135,3,99.51
27135,12136,136,4,33.73
27136,12137,137,1,28.43
27137,12138,138,2,38.37
27138,12139,139,3,23.78
27139,12140,140,4,33.33
27140,12141,141,1,6.24
27141,12142,142,2,52.34
27142,12143,143,3,104.17
27143,12144,144,4,46.58
27144,12145,145,1,68.47
27145,12146,146,2,55.5
27146,12147,147,3,37.58
27147,12148,148,4,35.15
27148,12149,149,1,79.49
27149,12150,150,2,47.79
27150,12151,151,3,36.53
27151,12152,152,4,75.89
27152,12153,153,1,58.88
27153,12154,154,2,16.49
27154,12155,155,3,89.73
27155,12156,156,4,90.5
27156,12157,157,1,53.84
27157,12158,158,2,66.48
27158,12159,159,3,60.77
27159,12160,160,4,22.69
27160,12161,161,1,80.81
27161,12162,162,2,94.43
27162,12163,163,3,95.55
27163,12164,164,4,56.01
27164,12165,165,1,98.94
27165,12166,166,2,100.84
27166,12167,167,3,32.95
27167,12168,168,4,9.0
27168,12169,169,1,82.9
27169,12170,170,2,10.81
27170,12171,171,3,81.95
27171,12172,172,4,39.04
27172,12173,173,1,25.8
27173,12174,174,2,81.41
27174,12175,175,3,42.92
27175,12176,176,4,10.39
27176,12177,177,1,75.46
27177,12178,178,2,46.58
27178,12179,179,3,74.33
27179,12180,180,4,66.97
27180,12181,181,1,96.98
27181,12182,182,2,73.97
27182,12183,183,3,26.91
27183,12184,184,4,54.04
27184,12185,185,1,31.65
27185,12186,186,2,52.93
27186,12187,187,3,54.2
27187,12188,188,4,27.85
27188,12189,189,1,13.68
27189,12190,190,2,38.95
27190,12191,191,3,28.84
27191,12192,192,4,85.16
27192,12193,193,1,88.58
27193,12194,194,2,97.21
27194,12195,195,3,82.68
27195,12196,196,4,29.89
27196,12197,197,1,91.39
27197,12198,198,2,13.73
27198,12199,199,3,47.39
27199,12200,200,4,82.65
27200,12201,1,1,87.7
27201,12202,2,2,18.53
27202,12203,3,3,78.03
27203,12204,4,4,102.75
27204,12205,5,1,67.08
27205,12206,6,2,49.55
27206,12207,7,3,88.89
27207,12208,8,4,41.67
27208,12209,9,1,81.44
27209,12210,10,2,99.92
27210,12211,11,3,82.33
27211,12212,12,4,92.67
27212,12213,13,1,86.8
27213,12214,14,2,68.18
27214,12215,15,3,91.7
27215,12216,16,4,94.2
27216,12217,17,1,28.31
27217,12218,18,2,102.9
27218,12219,19,3,49.06
27219,12220,20,4,73.01
27220,12221,21,1,50.41
27221,12222,22,2,36.14
27222,12223,23,3,14.5
27223,12224,24,4,91.23
27224,12225,25,1,94.6
27225,12226,26,2,73.37
27226,12227,27,3,30.19
27227,12228,28,4,63.54
27228,12229,29,1,95.2
27229,12230,30,2,79.93
27230,12231,31,3,81.19
27231,12232,32,4,56.98
27232,12233,33,1,103.63
27233,12234,34,2,10.5
27234,12235,35,3,6.22
27235,12236,36,4,72.13
27236,12237,37,1,96.46
27237,12238,38,2,8.52
27238,12239,39,3,78.57
27239,12240,40,4,38.53
27240,12241,41,1,80.53
27241,12242,42,2,23.32
27242,12243,43,3,78.6
27243,12244,44,4,16.34
27244,12245,45,1,93.28
27245,12246,46,2,24.81
27246,12247,47,3,77.99
27247,12248,48,4,18.52
27248,12249,49,1,100.96
27249,12250,50,2,10.3
27250,12251,51,3,12.97
27251,12252,52,4,6.08
27252,12253,53,1,44.74
27253,12254,54,2,33.14
27254,12255,55,3,48.56
27255,12256,56,4,40.96
27256,12257,57,1,89.25
27257,12258,58,2,55.16
27258,12259,59,3,31.68
27259,12260,60,4,55.88
27260,12261,61,1,55.82
27261,12262,62,2,76.61
27262,12263,63,3,69.25
27263,12264,64,4,51.7
27264,12265,65,1,59.91
27265,12266,66,2,103.8
27266,12267,67,3,39.97
27267,12268,68,4,55.06
27268,12269,69,1,75.45
27269,12270,70,2,54.16
27270,12271,71,3,78.25
27271,12272,72,4,40.55
27272,12273,73,1,75.06
27273,12274,74,2,52.71
27274,12275,75,3,14.9
27275,12276,76,4,92.38
27276,12277,77,1,13.66
27277,12278,78,2,96.74
27278,12279,79,3,65.16
27279,12280,80,4,34.37
27280,12281,81,1,11.7
27281,12282,82,2,91.75
27282,12283,83,3,10.42
27283,12284,84,4,42.56
27284,12285,85,1,75.85
27285,12286,86,2,99.01
27286,12287,87,3,84.99
27287,12288,88,4,68.86
27288,12289,89,1,62.11
27289,12290,90,2,40.44
27290,12291,91,3,7.08
27291,12292,92,4,91.03
27292,12293,93,1,101.27
27293,12294,94,2,77.27
27294,12295,95,3,78.59
27295,12296,96,4,25.42
27296,12297,97,1,18.29
27297,12298,98,2,54.32
27298,12299,99,3,56.67
27299,12300,100,4,44.77
27300,12301,101,1,57.02
27301,12302,102,2,47.57
27302,12303,103,3,102.12
27303,12304,104,4,103.25
27304,12305,105,1,62.13
27305,12306,106,2,35.17
27306,12307,107,3,6.77
27307,12308,108,4,27.9
27308,12309,109,1,99.21
27309,12310,110,2,98.93
27310,12311,111,3,38.1
27311,12312,112,4,69.15
27312,12313,113,1,104.6
27313,12314,114,2,92.82
27314,12315,115,3,96.59
27315,12316,116,4,31.15
27316,12317,117,1,14.66
27317,12318,118,2,80.49
27318,12319,119,3,8.93
27319,12320,120,4,49.3
27320,12321,121,1,45.7
27321,12322,122,2,89.39
27322,12323,123,3,104.85
27323,12324,124,4,27.3
27324,12325,125,1,38.73
27325,12326,126,2,88.92
27326,12327,127,3,33.22
27327,12328,128,4,42.36
27328,12329,129,1,48.72
27329,12330,130,2,29.87
27330,12331,131,3,103.95
27331,12332,132,4,80.31
27332,12333,133,1,46.76
27333,12334,134,2,73.93
27334,12335,135,3,104.38
27335,12336,136,4,58.99
27336,12337,137,1,83.66
27337,12338,138,2,99.19
27338,12339,139,3,72.97
27339,12340,140,4,21.46
27340,12341,141,1,76.85
27341,12342,142,2,52.79
27342,12343,143,3,35.1
27343,12344,144,4,36.73
27344,12345,145,1,57.15
27345,12346,146,2,47.42
27346,12347,147,3,49.42
27347,12348,148,4,11.99
27348,12349,149,1,74.48
27349,12350,150,2,61.78
27350,12351,151,3,46.12
27351,12352,152,4,42.67
27352,12353,153,1,16.35
27353,12354,154,2,68.67
27354,12355,155,3,90.74
27355,12356,156,4,38.53
27356,12357,157,1,68.1
27357,12358,158,2,45.4
27358,12359,159,3,11.82
27359,12360,160,4,33.07
27360,12361,161,1,27.67
27361,12362,162,2,90.07
27362,12363,163,3,39.44
27363,12364,164,4,24.74
27364,12365,165,1,71.51
27365,12366,166,2,56.21
27366,12367,167,3,24.12
27367,12368,168,4,92.94
27368,12369,169,1,60.85
27369,12370,170,2,88.49
27370,12371,171,3,62.64
27371,12372,172,4,63.6
27372,12373,173,1,91.62
27373,12374,174,2,29.5
27374,12375,175,3,97.98
27375,12376,176,4,22.83
27376,12377,177,1,103.48
27377,12378,178,2,10.05
27378,12379,179,3,56.98
27379,12380,180,4,38.18
27380,12381,181,1,97.26
27381,12382,182,2,36.18
27382,12383,183,3,102.24
27383,12384,184,4,7.95
27384,12385,185,1,22.54
27385,12386,186,2,15.4
27386,12387,187,3,72.74
27387,12388,188,4,8.2
27388,12389,189,1,45.45
27389,12390,190,2,30.15
27390,12391,191,3,93.45
27391,12392,192,4,84.82
27392,12393,193,1,77.28
27393,12394,194,2,26.77
27394,12395,195,3,25.46
27395,12396,196,4,86.72
27396,12397,197,1,19.91
27397,12398,198,2,11.26
27398,12399,199,3,93.44
27399,12400,200,4,48.98
27400,12401,1,1,85.19
27401,12402,2,2,62.23
27402,12403,3,3,53.23
27403,12404,4,4,87.64
27404,12405,5,1,21.24
27405,12406,6,2,12.49
27406,12407,7,3,53.03
27407,12408,8,4,93.24
27408,12409,9,1,65.55
27409,12410,10,2,97.71
27410,12411,11,3,86.46
27411,12412,12,4,77.72
27412,12413,13,1,34.43
27413,12414,14,2,19.11
27414,12415,15,3,99.65
27415,12416,16,4,65.97
27416,12417,17,1,14.85
27417,12418,18,2,86.56
27418,12419,19,3,54.5
27419,12420,20,4,54.57
27420,12421,21,1,31.76
27421,12422,22,2,81.7
27422,12423,23,3,13.09
27423,12424,24,4,39.07
27424,12425,25,1,13.69
27425,12426,26,2,53.01
27426,12427,27,3,38.71
27427,12428,28,4,6.98
27428,12429,29,1,98.32
27429,12430,30,2,73.39
27430,12431,31,3,47.18
27431,12432,32,4,13.02
27432,12433,33,1,19.38
27433,12434,34,2,73.74
27434,12435,35,3,71.24
27435,12436,36,4,77.66
27436,12437,37,1,32.44
27437,12438,38,2,43.95
27438,12439,39,3,13.03
27439,12440,40,4,95.03
27440,12441,41,1,74.91
27441,12442,42,2,102.38
27442,12443,43,3,36.9
27443,12444,44,4,66.03
27444,12445,45,1,44.22
27445,12446,46,2,53.14
27446,12447,47,3,32.64
27447,12448,48,4,53.42
27448,12449,49,1,103.91
27449,12450,50,2,36.64
27450,12451,51,3,74.01
27451,12452,52,4,95.17
27452,12453,53,1,48.35
27453,12454,54,2,55.74
27454,12455,55,3,21.29
27455,12456,56,4,82.02
27456,12457,57,1,89.77
27457,12458,58,2,49.17
27458,12459,59,3,42.2
27459,12460,60,4,80.08
27460,12461,61,1,51.25
27461,12462,62,2,72.61
27462,12463,63,3,102.22
27463,12464,64,4,17.3
27464,12465,65,1,11.58
27465,12466,66,2,64.07
27466,12467,67,3,101.74
27467,12468,68,4,90.43
27468,12469,69,1,70.57
27469,12470,70,2,65.51
27470,12471,71,3,13.64
27471,12472,72,4,42.97
27472,12473,73,1,79.29
27473,12474,74,2,5.1
27474,12475,75,3,91.27
27475,12476,76,4,103.06
27476,12477,77,1,68.69
27477,12478,78,2,5.14
27478,12479,79,3,22.13
27479,12480,80,4,48.86
27480,12481,81,1,91.18
27481,12482,82,2,82.49
27482,12483,83,3,78.66
27483,12484,84,4,35.61
27484,12485,85,1,23.3
27485,12486,86,2,55.58
27486,12487,87,3,89.77
27487,12488,88,4,99.9
27488,12489,89,1,5.01
27489,12490,90,2,101.94
27490,12491,91,3,26.94
27491,12492,92,4,59.51
27492,12493,93,1,55.07
27493,12494,94,2,80.47
27494,12495,95,3,47.0
27495,12496,96,4,83.31
27496,12497,97,1,33.68
27497,12498,98,2,94.81
27498,12499,99,3,39.05
27499,12500,100,4,61.4
27500,12501,101,1,78.78
27501,12502,102,2,13.77
27502,12503,103,3,81.28
27503,12504,104,4,59.05
27504,12505,105,1,59.28
27505,12506,106,2,78.26
27506,12507,107,3,88.21
27507,12508,108,4,65.11
27508,12509,109,1,56.12
27509,12510,110,2,74.7
27510,12511,111,3,65.22
27511,12512,112,4,24.34
27512,12513,113,1,22.84
27513,12514,114,2,25.95
27514,12515,115,3,63.13
27515,12516,116,4,21.69
27516,12517,117,1,60.29
27517,12518,118,2,98.15
27518,12519,119,3,55.12
27519,12520,120,4,7.56
27520,12521,121,1,73.5
27521,12522,122,2,52.04
27522,12523,123,3,42.22
27523,12524,124,4,103.83
27524,12525,125,1,84.25
27525,12526,126,2,58.13
27526,12527,127,3,83.61
27527,12528,128,4,33.69
27528,12529,129,1,53.41
27529,12530,130,2,74.37
27530,12531,131,3,43.65
27531,12532,132,4,37.43
27532,12533,133,1,5.43
27533,12534,134,2,19.33
27534,12535,135,3,79.72
27535,12536,136,4,46.86
27536,12537,137,1,25.51
27537,12538,138,2,96.1
27538,12539,139,3,16.16
27539,12540,140,4,17.9
27540,12541,141,1,22.33
27541,12542,142,2,102.85
27542,12543,143,3,42.06
27543,12544,144,4,30.87
27544,12545,145,1,18.81
27545,12546,146,2,47.16
27546,12547,147,3,35.59
27547,12548,148,4,28.85
27548,12549,149,1,84.78
27549,12550,150,2,78.09
27550,12551,151,3,5.3
27551,12552,152,4,33.12
27552,12553,153,1,95.6
27553,12554,154,2,41.99
27554,12555,155,3,78.91
27555,12556,156,4,69.43
27556,12557,157,1,28.24
27557,12558,158,2,33.65
27558,12559,159,3,62.01
27559,12560,160,4,70.95
27560,12561,161,1,47.39
27561,12562,162,2,22.73
27562,12563,163,3,85.79
27563,12564,164,4,30.32
27564,12565,165,1,48.84
27565,12566,166,2,5.24
27566,12567,167,3,103.0
27567,12568,168,4,20.22
27568,12569,169,1,73.04
27569,12570,170,2,55.23
27570,12571,171,3,53.13
27571,12572,172,4,12.03
27572,12573,173,1,9.9
27573,12574,174,2,30.51
27574,12575,175,3,57.56
27575,12576,176,4,89.55
27576,12577,177,1,57.82
27577,12578,178,2,80.79
27578,12579,179,3,32.28
27579,12580,180,4,67.9
27580,12581,181,1,70.52
27581,12582,182,2,28.93
27582,12583,183,3,65.3
27583,12584,184,4,43.91
27584,12585,185,1,52.83
27585,12586,186,2,29.46
27586,12587,187,3,92.34
27587,12588,188,4,83.14
27588,12589,189,1,68.97
27589,12590,190,2,80.59
27590,12591,191,3,66.28
27591,12592,192,4,25.31
27592,12593,193,1,55.55
27593,12594,194,2,77.44
27594,12595,195,3,57.7
27595,12596,196,4,86.89
27596,12597,197,1,60.39
27597,12598,198,2,26.03
27598,12599,199,3,76.97
27599,12600,200,4,44.86
27600,12601,1,1,63.09
27601,12602,2,2,57.93
27602,12603,3,3,39.55
27603,12604,4,4,17.28
27604,12605,5,1,49.74
27605,12606,6,2,60.73
27606,12607,7,3,76.99
27607,12608,8,4,101.68
27608,12609,9,1,15.25
27609,12610,10,2,104.79
27610,12611,11,3,39.86
27611,12612,12,4,79.28
27612,12613,13,1,29.95
27613,12614,14,2,8.71
27614,12615,15,3,85.83
27615,12616,16,4,68.5
27616,12617,17,1,88.38
27617,12618,18,2,68.18
27618,12619,19,3,28.56
27619,12620,20,4,59.34
27620,12621,21,1,54.05
27621,12622,22,2,78.28
27622,12623,23,3,40.99
27623,12624,24,4,16.4
27624,12625,25,1,65.36
27625,12626,26,2,7.51
27626,12627,27,3,99.2
27627,12628,28,4,30.57
27628,12629,29,1,96.48
27629,12630,30,2,45.39
27630,12631,31,3,71.69
27631,12632,32,4,97.96
27632,12633,33,1,97.92
27633,12634,34,2,22.65
27634,12635,35,3,95.87
27635,12636,36,4,83.0
27636,12637,37,1,77.47
27637,12638,38,2,10.75
27638,12639,39,3,44.46
27639,12640,40,4,20.4
27640,12641,41,1,76.96
27641,12642,42,2,45.83
27642,12643,43,3,68.12
27643,12644,44,4,23.51
27644,12645,45,1,13.82
27645,12646,46,2,10.66
27646,12647,47,3,45.42
27647,12648,48,4,50.69
27648,12649,49,1,103.09
27649,12650,50,2,85.65
27650,12651,51,3,58.83
27651,12652,52,4,46.33
27652,12653,53,1,49.31
27653,12654,54,2,76.2
27654,12655,55,3,75.12
27655,12656,56,4,53.22
27656,12657,57,1,58.28
27657,12658,58,2,11.76
27658,12659,59,3,65.88
27659,12660,60,4,40.89
27660,12661,61,1,62.62
27661,12662,62,2,31.48
27662,12663,63,3,48.02
27663,12664,64,4,99.96
27664,12665,65,1,62.42
27665,12666,66,2,61.85
27666,12667,67,3,26.72
27667,12668,68,4,41.16
27668,12669,69,1,74.22
27669,12670,70,2,33.06
27670,12671,71,3,71.86
27671,12672,72,4,20.78
27672,12673,73,1,30.63
27673,12674,74,2,43.79
27674,12675,75,3,10.53
27675,12676,76,4,28.54
27676,12677,77,1,20.14
27677,12678,78,2,103.39
27678,12679,79,3,74.29
27679,12680,80,4,54.81
27680,12681,81,1,43.95
27681,12682,82,2,15.87
27682,12683,83,3,58.65
27683,12684,84,4,82.99
27684,12685,85,1,16.1
27685,12686,86,2,58.65
27686,12687,87,3,45.89
27687,12688,88,4,44.35
27688,12689,89,1,26.15
27689,12690,90,2,63.03
27690,12691,91,3,7.14
27691,12692,92,4,28.82
27692,12693,93,1,41.43
27693,12694,94,2,52.26
27694,12695,95,3,31.44
27695,12696,96,4,45.3
27696,12697,97,1,25.39
27697,12698,98,2,60.07
27698,12699,99,3,52.58
27699,12700,100,4,19.74
27700,12701,101,1,44.67
27701,12702,102,2,74.96
27702,12703,103,3,37.28
27703,12704,104,4,6.12
27704,12705,105,1,18.99
27705,12706,106,2,97.87
27706,12707,107,3,75.69
27707,12708,108,4,89.35
27708,12709,109,1,55.81
27709,12710,110,2,76.2
27710,12711,111,3,40.49
27711,12712,112,4,82.48
27712,12713,113,1,84.21
27713,12714,114,2,7.7
27714,12715,115,3,67.19
27715,12716,116,4,63.88
27716,12717,117,1,56.1
27717,12718,118,2,48.37
27718,12719,119,3,73.68
27719,12720,120,4,75.0
27720,12721,121,1,21.1
27721,12722,122,2,74.73
27722,12723,123,3,31.77
27723,12724,124,4,84.74
27724,12725,125,1,103.89
27725,12726,126,2,74.01
27726,12727,127,3,97.98
27727,12728,128,4,11.48
27728,12729,129,1,31.73
27729,12730,130,2,7.87
27730,12731,131,3,55.32
27731,12732,132,4,51.72
27732,12733,133,1,27.35
27733,12734,134,2,77.08
27734,12735,135,3,53.78
27735,12736,136,4,32.32
27736,12737,137,1,88.63
27737,12738,138,2,100.13
27738,12739,139,3,37.16
27739,12740,140,4,104.14
27740,12741,141,1,89.09
27741,12742,142,2,66.86
27742,12743,143,3,44.18
27743,12744,144,4,76.58
27744,12745,145,1,53.73
27745,12746,146,2,77.16
27746,12747,147,3,62.39
27747,12748,148,4,68.6
27748,12749,149,1,50.65
27749,12750,150,2,19.95
27750,12751,151,3,19.14
27751,12752,152,4,47.93
27752,12753,153,1,92.03
27753,12754,154,2,42.89
27754,12755,155,3,72.5
27755,12756,156,4,80.62
27756,12757,157,1,37.38
27757,12758,158,2,29.2
27758,12759,159,3,99.98
27759,12760,160,4,6.05
27760,12761,161,1,54.68
27761,12762,162,2,18.58
27762,12763,163,3,82.52
27763,12764,164,4,79.22
27764,12765,165,1,90.61
27765,12766,166,2,52.63
27766,12767,167,3,46.95
27767,12768,168,4,92.31
27768,12769,169,1,103.97
27769,12770,170,2,52.04
27770,12771,171,3,94.29
27771,12772,172,4,48.69
27772,12773,173,1,61.3
27773,12774,174,2,90.64
27774,12775,175,3,74.19
27775,12776,176,4,94.71
27776,12777,177,1,15.83
27777,12778,178,2,40.83
27778,12779,179,3,92.08
27779,12780,180,4,42.73
27780,12781,181,1,64.43
27781,12782,182,2,5.98
27782,12783,183,3,98.06
27783,12784,184,4,56.57
27784,12785,185,1,92.27
27785,12786,186,2,20.49
27786,12787,187,3,100.66
27787,12788,188,4,8.75
27788,12789,189,1,39.2
27789,12790,190,2,5.64
27790,12791,191,3,7.53
27791,12792,192,4,66.19
27792,12793,193,1,82.03
27793,12794,194,2,66.78
27794,12795,195,3,13.09
27795,12796,196,4,39.8
27796,12797,197,1,57.97
27797,12798,198,2,97.73
27798,12799,199,3,97.79
27799,12800,200,4,26.9
27800,12801,1,1,63.54
27801,12802,2,2,71.17
27802,12803,3,3,91.5
27803,12804,4,4,91.66
27804,12805,5,1,30.61
27805,12806,6,2,40.59
27806,12807,7,3,48.61
27807,12808,8,4,23.27
27808,12809,9,1,23.15
27809,12810,10,2,14.59
27810,12811,11,3,79.31
27811,12812,12,4,58.61
27812,12813,13,1,66.5
27813,12814,14,2,32.96
27814,12815,15,3,13.39
27815,12816,16,4,67.19
27816,12817,17,1,82.36
27817,12818,18,2,62.46
27818,12819,19,3,70.6
27819,12820,20,4,95.99
27820,12821,21,1,45.2
27821,12822,22,2,64.97
27822,12823,23,3,25.86
27823,12824,24,4,10.18
27824,12825,25,1,60.16
27825,12826,26,2,36.68
27826,12827,27,3,63.38
27827,12828,28,4,63.73
27828,12829,29,1,9.16
27829,12830,30,2,6.33
27830,12831,31,3,78.8
27831,12832,32,4,72.38
27832,12833,33,1,48.54
27833,12834,34,2,41.93
27834,12835,35,3,11.52
27835,12836,36,4,88.95
27836,12837,37,1,87.22
27837,12838,38,2,25.87
27838,12839,39,3,95.35
27839,12840,40,4,70.08
27840,12841,41,1,11.37
27841,12842,42,2,19.02
27842,12843,43,3,90.16
27843,12844,44,4,34.13
27844,12845,45,1,75.49
27845,12846,46,2,55.25
27846,12847,47,3,16.31
27847,12848,48,4,50.34
27848,12849,49,1,24.07
27849,12850,50,2,7.49
27850,12851,51,3,42.58
27851,12852,52,4,84.48
27852,12853,53,1,27.92
27853,12854,54,2,58.04
27854,12855,55,3,11.92
27855,12856,56,4,36.4
27856,12857,57,1,59.52
27857,12858,58,2,93.92
27858,12859,59,3,85.54
27859,12860,60,4,63.3
27860,12861,61,1,80.77
27861,12862,62,2,93.88
27862,12863,63,3,44.65
27863,12864,64,4,55.53
27864,12865,65,1,101.18
27865,12866,66,2,28.46
27866,12867,67,3,83.08
27867,12868,68,4,23.71
27868,12869,69,1,33.69
27869,12870,70,2,41.06
27870,12871,71,3,12.47
27871,12872,72,4,40.92
27872,12873,73,1,37.04
27873,12874,74,2,91.44
27874,12875,75,3,60.96
27875,12876,76,4,23.98
27876,12877,77,1,15.68
27877,12878,78,2,14.59
27878,12879,79,3,70.26
27879,12880,80,4,10.34
27880,12881,81,1,75.17
27881,12882,82,2,59.63
27882,12883,83,3,79.43
27883,12884,84,4,57.83
27884,12885,85,1,47.1
27885,12886,86,2,31.34
27886,12887,87,3,98.57
27887,12888,88,4,11.8
27888,12889,89,1,102.33
27889,12890,90,2,32.23
27890,12891,91,3,6.55
27891,12892,92,4,92.39
27892,12893,93,1,59.36
27893,12894,94,2,99.04
27894,12895,95,3,47.79
27895,12896,96,4,104.01
27896,12897,97,1,50.91
27897,12898,98,2,67.22
27898,12899,99,3,23.67
27899,12900,100,4,54.96
27900,12901,101,1,89.45
27901,12902,102,2,10.14
27902,12903,103,3,100.29
27903,12904,104,4,30.35
27904,12905,105,1,50.74
27905,12906,106,2,57.95
27906,12907,107,3,8.69
27907,12908,108,4,44.91
27908,12909,109,1,20.32
27909,12910,110,2,7.74
27910,12911,111,3,83.59
27911,12912,112,4,77.68
27912,12913,113,1,88.37
27913,12914,114,2,44.25
27914,12915,115,3,5.68
27915,12916,116,4,69.87
27916,12917,117,1,35.87
27917,12918,118,2,67.61
27918,12919,119,3,92.16
27919,12920,120,4,41.07
27920,12921,121,1,90.91
27921,12922,122,2,18.85
27922,12923,123,3,93.96
27923,12924,124,4,83.01
27924,12925,125,1,82.86
27925,12926,126,2,27.12
27926,12927,127,3,38.45
27927,12928,128,4,46.7
27928,12929,129,1,67.84
27929,12930,130,2,90.98
27930,12931,131,3,48.28
27931,12932,132,4,10.53
27932,12933,133,1,103.53
27933,12934,134,2,41.01
27934,12935,135,3,103.45
27935,12936,136,4,66.76
27936,12937,137,1,88.44
27937,12938,138,2,90.26
27938,12939,139,3,69.39
27939,12940,140,4,74.62
27940,12941,141,1,47.82
27941,12942,142,2,53.47
27942,12943,143,3,94.13
27943,12944,144,4,26.28
27944,12945,145,1,85.44
27945,12946,146,2,62.29
27946,12947,147,3,101.74
27947,12948,148,4,63.36
27948,12949,149,1,97.67
27949,12950,150,2,35.84
27950,12951,151,3,31.66
27951,12952,152,4,51.17
27952,12953,153,1,92.63
27953,12954,154,2,89.33
27954,12955,155,3,9.17
27955,12956,156,4,24.07
27956,12957,157,1,91.96
27957,12958,158,2,13.26
27958,12959,159,3,84.07
27959,12960,160,4,82.6
27960,12961,161,1,78.19
27961,12962,162,2,98.17
27962,12963,163,3,85.8
27963,12964,164,4,6.83
27964,12965,165,1,17.47
27965,12966,166,2,18.81
27966,12967,167,3,47.26
27967,12968,168,4,83.17
27968,12969,169,1,54.71
27969,12970,170,2,95.93
27970,12971,171,3,81.93
27971,12972,172,4,35.85
27972,12973,173,1,30.12
27973,12974,174,2,70.23
27974,12975,175,3,21.83
27975,12976,176,4,15.07
27976,12977,177,1,86.34
27977,12978,178,2,63.09
27978,12979,179,3,18.08
27979,12980,180,4,69.8
27980,12981,181,1,81.19
27981,12982,182,2,18.37
27982,12983,183,3,53.5
27983,12984,184,4,24.21
27984,12985,185,1,68.24
27985,12986,186,2,60.22
27986,12987,187,3,83.28
27987,12988,188,4,99.84
27988,12989,189,1,83.89
27989,12990,190,2,5.74
27990,12991,191,3,95.62
27991,12992,192,4,58.72
27992,12993,193,1,14.77
27993,12994,194,2,31.32
27994,12995,195,3,102.82
27995,12996,196,4,29.99
27996,12997,197,1,58.4
27997,12998,198,2,81.83
27998,12999,199,3,6.31
27999,13000,200,4,35.87
28000,13001,1,1,26.69
28001,13002,2,2,24.61
28002,13003,3,3,93.21
28003,13004,4,4,56.5
28004,13005,5,1,31.43
28005,13006,6,2,20.34
28006,13007,7,3,41.44
28007,13008,8,4,36.99
28008,13009,9,1,101.44
28009,13010,10,2,95.73
28010,13011,11,3,44.27
28011,13012,12,4,81.04
28012,13013,13,1,8.41
28013,13014,14,2,70.84
28014,13015,15,3,38.37
28015,13016,16,4,60.38
28016,13017,17,1,8.14
28017,13018,18,2,76.55
28018,13019,19,3,95.74
28019,13020,20,4,62.58
28020,13021,21,1,39.97
28021,13022,22,2,93.05
28022,13023,23,3,80.37
28023,13024,24,4,59.45
28024,13025,25,1,37.76
28025,13026,26,2,88.22
28026,13027,27,3,91.52
28027,13028,28,4,10.31
28028,13029,29,1,14.25
28029,13030,30,2,36.4
28030,13031,31,3,27.09
28031,13032,32,4,59.35
28032,13033,33,1,73.83
28033,13034,34,2,85.48
28034,13035,35,3,38.3
28035,13036,36,4,59.05
28036,13037,37,1,60.98
28037,13038,38,2,9.93
28038,13039,39,3,53.09
28039,13040,40,4,67.1
28040,13041,41,1,96.08
28041,13042,42,2,85.02
28042,13043,43,3,66.92
28043,13044,44,4,77.4
28044,13045,45,1,15.66
28045,13046,46,2,33.2
28046,13047,47,3,58.05
28047,13048,48,4,56.96
28048,13049,49,1,85.7
28049,13050,50,2,39.76
28050,13051,51,3,80.77
28051,13052,52,4,68.46
28052,13053,53,1,83.71
28053,13054,54,2,16.42
28054,13055,55,3,34.5
28055,13056,56,4,47.77
28056,13057,57,1,14.27
28057,13058,58,2,64.66
28058,13059,59,3,64.39
28059,13060,60,4,30.25
28060,13061,61,1,50.41
28061,13062,62,2,8.55
28062,13063,63,3,91.77
28063,13064,64,4,45.67
28064,13065,65,1,41.34
28065,13066,66,2,89.34
28066,13067,67,3,96.07
28067,13068,68,4,44.09
28068,13069,69,1,58.63
28069,13070,70,2,41.2
28070,13071,71,3,90.67
28071,13072,72,4,36.37
28072,13073,73,1,38.25
28073,13074,74,2,82.73
28074,13075,75,3,68.38
28075,13076,76,4,44.9
28076,13077,77,1,54.76
28077,13078,78,2,85.27
28078,13079,79,3,47.56
28079,13080,80,4,41.06
28080,13081,81,1,67.07
28081,13082,82,2,40.22
28082,13083,83,3,64.95
28083,13084,84,4,21.87
28084,13085,85,1,27.86
28085,13086,86,2,33.16
28086,13087,87,3,82.39
28087,13088,88,4,18.28
28088,13089,89,1,94.41
28089,13090,90,2,61.1
28090,13091,91,3,88.47
28091,13092,92,4,23.1
28092,13093,93,1,43.12
28093,13094,94,2,102.25
28094,13095,95,3,56.04
28095,13096,96,4,35.97
28096,13097,97,1,69.62
28097,13098,98,2,57.65
28098,13099,99,3,44.21
28099,13100,100,4,36.21
28100,13101,101,1,93.65
28101,13102,102,2,59.87
28102,13103,103,3,28.37
28103,13104,104,4,26.79
28104,13105,105,1,38.52
28105,13106,106,2,99.05
28106,13107,107,3,70.92
28107,13108,108,4,80.19
28108,13109,109,1,25.08
28109,13110,110,2,70.83
28110,13111,111,3,13.21
28111,13112,112,4,24.97
28112,13113,113,1,72.76
28113,13114,114,2,24.7
28114,13115,115,3,48.1
28115,13116,116,4,86.52
28116,13117,117,1,99.62
28117,13118,118,2,94.67
28118,13119,119,3,21.39
28119,13120,120,4,55.68
28120,13121,121,1,52.48
28121,13122,122,2,34.71
28122,13123,123,3,50.62
28123,13124,124,4,88.04
28124,13125,125,1,83.87
28125,13126,126,2,49.56
28126,13127,127,3,79.81
28127,13128,128,4,27.67
28128,13129,129,1,67.06
28129,13130,130,2,85.63
28130,13131,131,3,16.02
28131,13132,132,4,81.37
28132,13133,133,1,12.61
28133,13134,134,2,74.89
28134,13135,135,3,91.77
28135,13136,136,4,60.76
28136,13137,137,1,93.11
28137,13138,138,2,39.62
28138,13139,139,3,59.63
28139,13140,140,4,71.63
28140,13141,141,1,57.27
28141,13142,142,2,99.77
28142,13143,143,3,86.39
28143,13144,144,4,71.15
28144,13145,145,1,17.01
28145,13146,146,2,68.46
28146,13147,147,3,80.13
28147,13148,148,4,74.62
28148,13149,149,1,73.08
28149,13150,150,2,35.44
28150,13151,151,3,57.77
28151,13152,152,4,35.74
28152,13153,153,1,32.39
28153,13154,154,2,91.53
28154,13155,155,3,24.53
28155,13156,156,4,52.67
28156,13157,157,1,62.47
28157,13158,158,2,46.99
28158,13159,159,3,79.59
28159,13160,160,4,39.72
28160,13161,161,1,39.15
28161,13162,162,2,53.51
28162,13163,163,3,62.17
28163,13164,164,4,89.86
28164,13165,165,1,43.49
28165,13166,166,2,55.68
28166,13167,167,3,29.29
28167,13168,168,4,33.92
28168,13169,169,1,19.93
28169,13170,170,2,17.43
28170,13171,171,3,55.6
28171,13172,172,4,64.73
28172,13173,173,1,31.07
28173,13174,174,2,36.32
28174,13175,175,3,63.5
28175,13176,176,4,99.91
28176,13177,177,1,17.6
28177,13178,178,2,15.45
28178,13179,179,3,97.19
28179,13180,180,4,56.39
28180,13181,181,1,48.2
28181,13182,182,2,36.13
28182,13183,183,3,30.11
28183,13184,184,4,11.67
28184,13185,185,1,47.59
28185,13186,186,2,82.33
28186,13187,187,3,72.08
28187,13188,188,4,9.8
28188,13189,189,1,88.2
28189,13190,190,2,71.75
28190,13191,191,3,30.19
28191,13192,192,4,96.01
28192,13193,193,1,35.43
28193,13194,194,2,37.54
28194,13195,195,3,104.93
28195,13196,196,4,54.23
28196,13197,197,1,101.04
28197,13198,198,2,89.31
28198,13199,199,3,7.01
28199,13200,200,4,86.9
28200,13201,1,1,43.12
28201,13202,2,2,14.56
28202,13203,3,3,48.54
28203,13204,4,4,72.32
28204,13205,5,1,42.96
28205,13206,6,2,99.51
28206,13207,7,3,104.37
28207,13208,8,4,40.07
28208,13209,9,1,52.4
28209,13210,10,2,23.78
28210,13211,11,3,47.55
28211,13212,12,4,102.18
28212,13213,13,1,32.01
28213,13214,14,2,77.38
28214,13215,15,3,13.86
28215,13216,16,4,31.71
28216,13217,17,1,67.93
28217,13218,18,2,55.68
28218,13219,19,3,6.56
28219,13220,20,4,5.58
28220,13221,21,1,16.13
28221,13222,22,2,42.43
28222,13223,23,3,69.24
28223,13224,24,4,70.7
28224,13225,25,1,34.91
28225,13226,26,2,39.48
28226,13227,27,3,36.16
28227,13228,28,4,40.84
28228,13229,29,1,32.98
28229,13230,30,2,90.72
28230,13231,31,3,70.15
28231,13232,32,4,37.69
28232,13233,33,1,82.48
28233,13234,34,2,59.26
28234,13235,35,3,90.75
28235,13236,36,4,43.37
28236,13237,37,1,8.63
28237,13238,38,2,92.21
28238,13239,39,3,22.48
28239,13240,40,4,44.4
28240,13241,41,1,77.65
28241,13242,42,2,89.49
28242,13243,43,3,56.75
28243,13244,44,4,58.51
28244,13245,45,1,29.12
28245,13246,46,2,57.05
28246,13247,47,3,93.49
28247,13248,48,4,43.26
28248,13249,49,1,59.09
28249,13250,50,2,57.95
28250,13251,51,3,90.76
28251,13252,52,4,76.35
28252,13253,53,1,102.9
28253,13254,54,2,70.21
28254,13255,55,3,7.32
28255,13256,56,4,64.45
28256,13257,57,1,8.15
28257,13258,58,2,97.81
28258,13259,59,3,83.76
28259,13260,60,4,77.35
28260,13261,61,1,43.52
28261,13262,62,2,30.07
28262,13263,63,3,5.32
28263,13264,64,4,7.19
28264,13265,65,1,5.69
28265,13266,66,2,72.16
28266,13267,67,3,31.17
28267,13268,68,4,76.32
28268,13269,69,1,17.44
28269,13270,70,2,66.02
28270,13271,71,3,9.76
28271,13272,72,4,13.36
28272,13273,73,1,56.32
28273,13274,74,2,28.08
28274,13275,75,3,10.28
28275,13276,76,4,22.74
28276,13277,77,1,68.81
28277,13278,78,2,42.76
28278,13279,79,3,76.45
28279,13280,80,4,18.87
28280,13281,81,1,104.88
28281,13282,82,2,23.33
28282,13283,83,3,25.67
28283,13284,84,4,54.62
28284,13285,85,1,88.27
28285,13286,86,2,66.31
28286,13287,87,3,37.4
28287,13288,88,4,31.17
28288,13289,89,1,25.75
28289,13290,90,2,96.68
28290,13291,91,3,43.58
28291,13292,92,4,9.48
28292,13293,93,1,63.51
28293,13294,94,2,31.04
28294,13295,95,3,28.38
28295,13296,96,4,26.08
28296,13297,97,1,89.34
28297,13298,98,2,21.43
28298,13299,99,3,80.76
28299,13300,100,4,70.69
28300,13301,101,1,41.61
28301,13302,102,2,63.97
28302,13303,103,3,10.24
28303,13304,104,4,84.38
28304,13305,105,1,81.15
28305,13306,106,2,91.12
28306,13307,107,3,101.14
28307,13308,108,4,61.33
28308,13309,109,1,93.86
28309,13310,110,2,81.89
28310,13311,111,3,89.35
28311,13312,112,4,14.65
28312,13313,113,1,72.7
28313,13314,114,2,39.67
28314,13315,115,3,66.46
28315,13316,116,4,48.43
28316,13317,117,1,19.51
28317,13318,118,2,10.92
28318,13319,119,3,42.98
28319,13320,120,4,11.19
28320,13321,121,1,7.55
28321,13322,122,2,61.17
28322,13323,123,3,75.66
28323,13324,124,4,20.63
28324,13325,125,1,30.53
28325,13326,126,2,6.11
28326,13327,127,3,36.43
28327,13328,128,4,30.84
28328,13329,129,1,74.92
28329,13330,130,2,16.45
28330,13331,131,3,90.25
28331,13332,132,4,34.1
28332,13333,133,1,84.11
28333,13334,134,2,65.8
28334,13335,135,3,90.46
28335,13336,136,4,75.12
28336,13337,137,1,48.42
28337,13338,138,2,46.99
28338,13339,139,3,76.72
28339,13340,140,4,102.35
28340,13341,141,1,102.8
28341,13342,142,2,20.64
28342,13343,143,3,41.07
28343,13344,144,4,33.85
28344,13345,145,1,87.64
28345,13346,146,2,47.8
28346,13347,147,3,9.21
28347,13348,148,4,17.72
28348,13349,149,1,80.25
28349,13350,150,2,62.52
28350,13351,151,3,23.32
28351,13352,152,4,23.93
28352,13353,153,1,30.98
28353,13354,154,2,41.0
28354,13355,155,3,51.25
28355,13356,156,4,96.32
28356,13357,157,1,23.76
28357,13358,158,2,69.63
28358,13359,159,3,36.92
28359,13360,160,4,62.31
28360,13361,161,1,41.73
28361,13362,162,2,95.47
28362,13363,163,3,61.52
28363,13364,164,4,20.56
28364,13365,165,1,11.38
28365,13366,166,2,53.26
28366,13367,167,3,91.72
28367,13368,168,4,37.21
28368,13369,169,1,64.65
28369,13370,170,2,67.27
28370,13371,171,3,50.84
28371,13372,172,4,44.81
28372,13373,173,1,36.47
28373,13374,174,2,21.24
28374,13375,175,3,89.6
28375,13376,176,4,86.03
28376,13377,177,1,72.32
28377,13378,178,2,66.79
28378,13379,179,3,38.31
28379,13380,180,4,48.56
28380,13381,181,1,58.61
28381,13382,182,2,47.82
28382,13383,183,3,45.78
28383,13384,184,4,39.71
28384,13385,185,1,50.41
28385,13386,186,2,26.02
28386,13387,187,3,78.52
28387,13388,188,4,12.83
28388,13389,189,1,17.76
28389,13390,190,2,12.14
28390,13391,191,3,27.45
28391,13392,192,4,81.02
28392,13393,193,1,74.98
28393,13394,194,2,56.58
28394,13395,195,3,40.64
28395,13396,196,4,26.02
28396,13397,197,1,82.7
28397,13398,198,2,83.52
28398,13399,199,3,22.86
28399,13400,200,4,35.13
28400,13401,1,1,78.71
28401,13402,2,2,26.45
28402,13403,3,3,84.28
28403,13404,4,4,33.85
28404,13405,5,1,82.55
28405,13406,6,2,38.15
28406,13407,7,3,83.42
28407,13408,8,4,33.85
28408,13409,9,1,55.65
28409,13410,10,2,76.22
28410,13411,11,3,28.11
28411,13412,12,4,47.49
28412,13413,13,1,57.03
28413,13414,14,2,25.02
28414,13415,15,3,74.31
28415,13416,16,4,41.2
28416,13417,17,1,42.16
28417,13418,18,2,33.64
28418,13419,19,3,8.59
28419,13420,20,4,90.71
28420,13421,21,1,98.82
28421,13422,22,2,73.92
28422,13423,23,3,98.2
28423,13424,24,4,38.96
28424,13425,25,1,101.45
28425,13426,26,2,40.2
28426,13427,27,3,54.02
28427,13428,28,4,73.03
28428,13429,29,1,33.65
28429,13430,30,2,42.98
28430,13431,31,3,99.56
28431,13432,32,4,7.13
28432,13433,33,1,83.63
28433,13434,34,2,100.29
28434,13435,35,3,77.38
28435,13436,36,4,69.03
28436,13437,37,1,85.92
28437,13438,38,2,78.49
28438,13439,39,3,20.16
28439,13440,40,4,79.88
28440,13441,41,1,52.02
28441,13442,42,2,101.25
28442,13443,43,3,52.58
28443,13444,44,4,37.09
28444,13445,45,1,94.15
28445,13446,46,2,6.72
28446,13447,47,3,9.64
28447,13448,48,4,96.0
28448,13449,49,1,8.89
28449,13450,50,2,26.33
28450,13451,51,3,7.03
28451,13452,52,4,22.95
28452,13453,53,1,15.26
28453,13454,54,2,18.99
28454,13455,55,3,63.21
28455,13456,56,4,101.12
28456,13457,57,1,15.66
28457,13458,58,2,14.65
28458,13459,59,3,86.31
28459,13460,60,4,64.63
28460,13461,61,1,27.45
28461,13462,62,2,24.1
28462,13463,63,3,60.55
28463,13464,64,4,96.12
28464,13465,65,1,14.87
28465,13466,66,2,102.62
28466,13467,67,3,98.55
28467,13468,68,4,45.93
28468,13469,69,1,28.07
28469,13470,70,2,18.31
28470,13471,71,3,79.38
28471,13472,72,4,79.65
28472,13473,73,1,16.38
28473,13474,74,2,31.41
28474,13475,75,3,25.29
28475,13476,76,4,52.48
28476,13477,77,1,38.61
28477,13478,78,2,8.63
28478,13479,79,3,37.18
28479,13480,80,4,88.47
28480,13481,81,1,44.28
28481,13482,82,2,59.36
28482,13483,83,3,49.06
28483,13484,84,4,60.04
28484,13485,85,1,85.98
28485,13486,86,2,81.58
28486,13487,87,3,101.0
28487,13488,88,4,72.9
28488,13489,89,1,68.89
28489,13490,90,2,81.16
28490,13491,91,3,15.04
28491,13492,92,4,22.86
28492,13493,93,1,58.67
28493,13494,94,2,23.62
28494,13495,95,3,95.64
28495,13496,96,4,75.63
28496,13497,97,1,44.32
28497,13498,98,2,38.77
28498,13499,99,3,84.31
28499,13500,100,4,46.45
28500,13501,101,1,73.05
28501,13502,102,2,25.76
28502,13503,103,3,76.73
28503,13504,104,4,87.24
28504,13505,105,1,61.26
28505,13506,106,2,23.83
28506,13507,107,3,8.51
28507,13508,108,4,92.87
28508,13509,109,1,39.12
28509,13510,110,2,13.29
28510,13511,111,3,50.5
28511,13512,112,4,22.6
28512,13513,113,1,75.32
28513,13514,114,2,15.02
28514,13515,115,3,34.33
28515,13516,116,4,38.85
28516,13517,117,1,50.41
28517,13518,118,2,103.8
28518,13519,119,3,60.92
28519,13520,120,4,51.93
28520,13521,121,1,68.88
28521,13522,122,2,21.16
28522,13523,123,3,43.1
28523,13524,124,4,92.95
28524,13525,125,1,92.88
28525,13526,126,2,37.97
28526,13527,127,3,33.42
28527,13528,128,4,103.74
28528,13529,129,1,63.33
28529,13530,130,2,6.45
28530,13531,131,3,66.2
28531,13532,132,4,66.59
28532,13533,133,1,48.36
28533,13534,134,2,65.7
28534,13535,135,3,12.83
28535,13536,136,4,77.43
28536,13537,137,1,6.25
28537,13538,138,2,74.59
28538,13539,139,3,48.66
28539,13540,140,4,98.8
28540,13541,141,1,104.12
28541,13542,142,2,61.95
28542,13543,143,3,65.67
28543,13544,144,4,26.73
28544,13545,145,1,57.46
28545,13546,146,2,15.82
28546,13547,147,3,61.95
28547,13548,148,4,69.61
28548,13549,149,1,93.69
28549,13550,150,2,67.77
28550,13551,151,3,34.04
28551,13552,152,4,102.0
28552,13553,153,1,96.12
28553,13554,154,2,51.01
28554,13555,155,3,43.88
28555,13556,156,4,22.33
28556,13557,157,1,101.32
28557,13558,158,2,13.35
28558,13559,159,3,74.59
28559,13560,160,4,5.88
28560,13561,161,1,19.2
28561,13562,162,2,14.1
28562,13563,163,3,38.69
28563,13564,164,4,54.44
28564,13565,165,1,96.28
28565,13566,166,2,56.97
28566,13567,167,3,44.65
28567,13568,168,4,26.77
28568,13569,169,1,97.2
28569,13570,170,2,50.31
28570,13571,171,3,38.32
28571,13572,172,4,25.27
28572,13573,173,1,92.95
28573,13574,174,2,8.43
28574,13575,175,3,55.47
28575,13576,176,4,86.49
28576,13577,177,1,65.45
28577,13578,178,2,45.84
28578,13579,179,3,48.45
28579,13580,180,4,48.28
28580,13581,181,1,93.76
28581,13582,182,2,58.3
28582,13583,183,3,86.35
28583,13584,184,4,88.33
28584,13585,185,1,31.86
28585,13586,186,2,11.96
28586,13587,187,3,43.52
28587,13588,188,4,96.38
28588,13589,189,1,10.94
28589,13590,190,2,72.12
28590,13591,191,3,45.51
28591,13592,192,4,91.32
28592,13593,193,1,80.45
28593,13594,194,2,35.47
28594,13595,195,3,66.58
28595,13596,196,4,89.24
28596,13597,197,1,25.67
28597,13598,198,2,66.36
28598,13599,199,3,45.26
28599,13600,200,4,41.37
28600,13601,1,1,84.04
28601,13602,2,2,79.91
28602,13603,3,3,12.82
28603,13604,4,4,38.99
28604,13605,5,1,48.89
28605,13606,6,2,11.64
28606,13607,7,3,9.52
28607,13608,8,4,25.49
28608,13609,9,1,10.5
28609,13610,10,2,71.12
28610,13611,11,3,19.39
28611,13612,12,4,38.05
28612,13613,13,1,46.44
28613,13614,14,2,60.72
28614,13615,15,3,67.96
28615,13616,16,4,103.97
28616,13617,17,1,81.33
28617,13618,18,2,59.8
28618,13619,19,3,65.98
28619,13620,20,4,65.79
28620,13621,21,1,103.87
28621,13622,22,2,91.76
28622,13623,23,3,34.94
28623,13624,24,4,30.59
28624,13625,25,1,21.11
28625,13626,26,2,14.98
28626,13627,27,3,61.74
28627,13628,28,4,81.91
28628,13629,29,1,21.71
28629,13630,30,2,15.14
28630,13631,31,3,39.56
28631,13632,32,4,91.98
28632,13633,33,1,98.31
28633,13634,34,2,48.32
28634,13635,35,3,47.43
28635,13636,36,4,69.27
28636,13637,37,1,81.13
28637,13638,38,2,80.66
28638,13639,39,3,94.54
28639,13640,40,4,15.75
28640,13641,41,1,9.45
28641,13642,42,2,32.25
28642,13643,43,3,70.33
28643,13644,44,4,92.28
28644,13645,45,1,77.06
28645,13646,46,2,77.83
28646,13647,47,3,66.88
28647,13648,48,4,16.54
28648,13649,49,1,17.41
28649,13650,50,2,101.41
28650,13651,51,3,79.52
28651,13652,52,4,34.18
28652,13653,53,1,40.83
28653,13654,54,2,10.96
28654,13655,55,3,39.87
28655,13656,56,4,71.52
28656,13657,57,1,75.4
28657,13658,58,2,72.45
28658,13659,59,3,52.92
28659,13660,60,4,32.28
28660,13661,61,1,21.15
28661,13662,62,2,65.14
28662,13663,63,3,45.15
28663,13664,64,4,26.92
28664,13665,65,1,46.46
28665,13666,66,2,12.22
28666,13667,67,3,23.26
28667,13668,68,4,85.37
28668,13669,69,1,35.32
28669,13670,70,2,18.57
28670,13671,71,3,74.21
28671,13672,72,4,73.93
28672,13673,73,1,74.94
28673,13674,74,2,78.98
28674,13675,75,3,22.83
28675,13676,76,4,39.06
28676,13677,77,1,64.97
28677,13678,78,2,77.39
28678,13679,79,3,6.31
28679,13680,80,4,33.92
28680,13681,81,1,30.35
28681,13682,82,2,58.69
28682,13683,83,3,13.37
28683,13684,84,4,33.32
28684,13685,85,1,67.91
28685,13686,86,2,18.82
28686,13687,87,3,72.27
28687,13688,88,4,97.91
28688,13689,89,1,74.93
28689,13690,90,2,87.25
28690,13691,91,3,85.51
28691,13692,92,4,45.02
28692,13693,93,1,70.13
28693,13694,94,2,80.15
28694,13695,95,3,23.57
28695,13696,96,4,84.35
28696,13697,97,1,99.71
28697,13698,98,2,48.25
28698,13699,99,3,90.61
28699,13700,100,4,6.92
28700,13701,101,1,14.79
28701,13702,102,2,69.75
28702,13703,103,3,15.21
28703,13704,104,4,20.24
28704,13705,105,1,83.33
28705,13706,106,2,81.92
28706,13707,107,3,43.98
28707,13708,108,4,98.57
28708,13709,109,1,93.37
28709,13710,110,2,82.93
28710,13711,111,3,58.69
28711,13712,112,4,65.54
28712,13713,113,1,53.82
28713,13714,114,2,21.14
28714,13715,115,3,65.8
28715,13716,116,4,89.21
28716,13717,117,1,63.69
28717,13718,118,2,6.53
28718,13719,119,3,48.53
28719,13720,120,4,29.68
28720,13721,121,1,91.68
28721,13722,122,2,15.15
28722,13723,123,3,88.06
28723,13724,124,4,36.82
28724,13725,125,1,12.74
28725,13726,126,2,51.92
28726,13727,127,3,69.94
28727,13728,128,4,28.57
28728,13729,129,1,48.99
28729,13730,130,2,18.53
28730,13731,131,3,89.56
28731,13732,132,4,94.53
28732,13733,133,1,28.92
28733,13734,134,2,64.86
28734,13735,135,3,5.17
28735,13736,136,4,43.93
28736,13737,137,1,35.84
28737,13738,138,2,69.72
28738,13739,139,3,51.77
28739,13740,140,4,52.86
28740,13741,141,1,39.56
28741,13742,142,2,51.08
28742,13743,143,3,81.86
28743,13744,144,4,24.83
28744,13745,145,1,13.64
28745,13746,146,2,18.84
28746,13747,147,3,73.47
28747,13748,148,4,37.33
28748,13749,149,1,29.01
28749,13750,150,2,7.48
28750,13751,151,3,24.97
28751,13752,152,4,91.87
28752,13753,153,1,38.67
28753,13754,154,2,43.28
28754,13755,155,3,96.27
28755,13756,156,4,46.57
28756,13757,157,1,49.5
28757,13758,158,2,30.14
28758,13759,159,3,95.11
28759,13760,160,4,24.08
28760,13761,161,1,95.62
28761,13762,162,2,11.99
28762,13763,163,3,15.04
28763,13764,164,4,14.14
28764,13765,165,1,46.46
28765,13766,166,2,27.68
28766,13767,167,3,34.07
28767,13768,168,4,58.94
28768,13769,169,1,83.96
28769,13770,170,2,35.11
28770,13771,171,3,19.1
28771,13772,172,4,70.6
28772,13773,173,1,24.75
28773,13774,174,2,41.8
28774,13775,175,3,93.33
28775,13776,176,4,6.76
28776,13777,177,1,93.05
28777,13778,178,2,66.49
28778,13779,179,3,104.68
28779,13780,180,4,69.2
28780,13781,181,1,70.31
28781,13782,182,2,36.12
28782,13783,183,3,61.84
28783,13784,184,4,29.68
28784,13785,185,1,40.58
28785,13786,186,2,43.1
28786,13787,187,3,39.26
28787,13788,188,4,90.89
28788,13789,189,1,75.95
28789,13790,190,2,48.21
28790,13791,191,3,13.8
28791,13792,192,4,45.09
28792,13793,193,1,46.87
28793,13794,194,2,95.7
28794,13795,195,3,24.58
28795,13796,196,4,13.35
28796,13797,197,1,97.78
28797,13798,198,2,37.48
28798,13799,199,3,23.38
28799,13800,200,4,80.49
28800,13801,1,1,18.57
28801,13802,2,2,18.92
28802,13803,3,3,37.51
28803,13804,4,4,26.63
28804,13805,5,1,35.88
28805,13806,6,2,70.99
28806,13807,7,3,77.52
28807,13808,8,4,87.39
28808,13809,9,1,64.56
28809,13810,10,2,81.22
28810,13811,11,3,61.81
28811,13812,12,4,76.2
28812,13813,13,1,64.61
28813,13814,14,2,45.63
28814,13815,15,3,102.35
28815,13816,16,4,50.61
28816,13817,17,1,59.98
28817,13818,18,2,104.85
28818,13819,19,3,27.12
28819,13820,20,4,22.63
28820,13821,21,1,71.9
28821,13822,22,2,54.62
28822,13823,23,3,102.93
28823,13824,24,4,43.76
28824,13825,25,1,5.65
28825,13826,26,2,48.32
28826,13827,27,3,13.83
28827,13828,28,4,24.63
28828,13829,29,1,74.21
28829,13830,30,2,83.66
28830,13831,31,3,69.07
28831,13832,32,4,37.35
28832,13833,33,1,9.09
28833,13834,34,2,35.82
28834,13835,35,3,103.0
28835,13836,36,4,55.3
28836,13837,37,1,5.83
28837,13838,38,2,99.65
28838,13839,39,3,94.0
28839,13840,40,4,6.45
28840,13841,41,1,44.99
28841,13842,42,2,19.17
28842,13843,43,3,68.44
28843,13844,44,4,100.86
28844,13845,45,1,70.07
28845,13846,46,2,62.11
28846,13847,47,3,30.27
28847,13848,48,4,91.57
28848,13849,49,1,72.58
28849,13850,50,2,17.54
28850,13851,51,3,99.85
28851,13852,52,4,67.85
28852,13853,53,1,25.1
28853,13854,54,2,97.86
28854,13855,55,3,98.43
28855,13856,56,4,21.71
28856,13857,57,1,98.26
28857,13858,58,2,78.04
28858,13859,59,3,23.75
28859,13860,60,4,92.37
28860,13861,61,1,99.72
28861,13862,62,2,31.15
28862,13863,63,3,36.33
28863,13864,64,4,33.49
28864,13865,65,1,43.75
28865,13866,66,2,46.82
28866,13867,67,3,69.79
28867,13868,68,4,81.78
28868,13869,69,1,66.12
28869,13870,70,2,48.35
28870,13871,71,3,70.91
28871,13872,72,4,43.99
28872,13873,73,1,67.96
28873,13874,74,2,97.7
28874,13875,75,3,43.64
28875,13876,76,4,56.38
28876,13877,77,1,75.93
28877,13878,78,2,5.48
28878,13879,79,3,83.79
28879,13880,80,4,74.09
28880,13881,81,1,25.61
28881,13882,82,2,18.26
28882,13883,83,3,66.5
28883,13884,84,4,61.09
28884,13885,85,1,85.24
28885,13886,86,2,76.88
28886,13887,87,3,99.92
28887,13888,88,4,86.18
28888,13889,89,1,87.99
28889,13890,90,2,5.12
28890,13891,91,3,69.1
28891,13892,92,4,46.7
28892,13893,93,1,91.1
28893,13894,94,2,17.06
28894,13895,95,3,61.67
28895,13896,96,4,12.05
28896,13897,97,1,90.67
28897,13898,98,2,33.31
28898,13899,99,3,14.4
28899,13900,100,4,59.01
28900,13901,101,1,16.96
28901,13902,102,2,78.47
28902,13903,103,3,40.47
28903,13904,104,4,100.09
28904,13905,105,1,102.47
28905,13906,106,2,78.9
28906,13907,107,3,84.62
28907,13908,108,4,59.47
28908,13909,109,1,63.32
28909,13910,110,2,37.63
28910,13911,111,3,74.1
28911,13912,112,4,44.83
28912,13913,113,1,86.91
28913,13914,114,2,56.54
28914,13915,115,3,23.39
28915,13916,116,4,20.77
28916,13917,117,1,55.17
28917,13918,118,2,61.63
28918,13919,119,3,76.07
28919,13920,120,4,12.16
28920,13921,121,1,82.87
28921,13922,122,2,80.33
28922,13923,123,3,61.56
28923,13924,124,4,43.04
28924,13925,125,1,11.99
28925,13926,126,2,98.56
28926,13927,127,3,66.5
28927,13928,128,4,67.06
28928,13929,129,1,24.0
28929,13930,130,2,78.17
28930,13931,131,3,100.32
28931,13932,132,4,50.18
28932,13933,133,1,64.91
28933,13934,134,2,96.11
28934,13935,135,3,55.47
28935,13936,136,4,84.69
28936,13937,137,1,9.33
28937,13938,138,2,61.85
28938,13939,139,3,24.12
28939,13940,140,4,86.4
28940,13941,141,1,92.85
28941,13942,142,2,27.26
28942,13943,143,3,78.59
28943,13944,144,4,100.57
28944,13945,145,1,78.67
28945,13946,146,2,86.81
28946,13947,147,3,101.03
28947,13948,148,4,78.44
28948,13949,149,1,12.84
28949,13950,150,2,9.93
28950,13951,151,3,51.88
28951,13952,152,4,7.45
28952,13953,153,1,89.3
28953,13954,154,2,18.9
28954,13955,155,3,28.44
28955,13956,156,4,57.82
28956,13957,157,1,86.52
28957,13958,158,2,41.26
28958,13959,159,3,62.33
28959,13960,160,4,38.06
28960,13961,161,1,92.22
28961,13962,162,2,14.74
28962,13963,163,3,73.71
28963,13964,164,4,64.25
28964,13965,165,1,20.41
28965,13966,166,2,100.24
28966,13967,167,3,51.47
28967,13968,168,4,19.72
28968,13969,169,1,9.57
28969,13970,170,2,25.47
28970,13971,171,3,42.17
28971,13972,172,4,60.34
28972,13973,173,1,27.26
28973,13974,174,2,62.63
28974,13975,175,3,66.73
28975,13976,176,4,40.94
28976,13977,177,1,15.56
28977,13978,178,2,17.0
28978,13979,179,3,29.11
28979,13980,180,4,81.45
28980,13981,181,1,67.0
28981,13982,182,2,54.71
28982,13983,183,3,79.14
28983,13984,184,4,96.93
28984,13985,185,1,29.36
28985,13986,186,2,87.37
28986,13987,187,3,50.77
28987,13988,188,4,20.73
28988,13989,189,1,60.13
28989,13990,190,2,51.78
28990,13991,191,3,103.03
28991,13992,192,4,99.22
28992,13993,193,1,87.16
28993,13994,194,2,29.59
28994,13995,195,3,5.77
28995,13996,196,4,60.14
28996,13997,197,1,34.3
28997,13998,198,2,18.02
28998,13999,199,3,82.04
28999,14000,200,4,85.98
29000,14001,1,1,80.8
29001,14002,2,2,88.61
29002,14003,3,3,37.9
29003,14004,4,4,35.46
29004,14005,5,1,73.63
29005,14006,6,2,84.62
29006,14007,7,3,42.68
29007,14008,8,4,50.95
29008,14009,9,1,24.8
29009,14010,10,2,94.84
29010,14011,11,3,20.52
29011,14012,12,4,7.32
29012,14013,13,1,57.78
29013,14014,14,2,35.94
29014,14015,15,3,72.62
29015,14016,16,4,89.44
29016,14017,17,1,68.6
29017,14018,18,2,85.95
29018,14019,19,3,66.44
29019,14020,20,4,17.34
29020,14021,21,1,55.57
29021,14022,22,2,48.9
29022,14023,23,3,10.04
29023,14024,24,4,89.3
29024,14025,25,1,56.39
29025,14026,26,2,11.3
29026,14027,27,3,6.01
29027,14028,28,4,5.47
29028,14029,29,1,32.17
29029,14030,30,2,97.21
29030,14031,31,3,26.85
29031,14032,32,4,16.96
29032,14033,33,1,33.96
29033,14034,34,2,13.42
29034,14035,35,3,75.55
29035,14036,36,4,16.62
29036,14037,37,1,103.99
29037,14038,38,2,75.08
29038,14039,39,3,68.3
29039,14040,40,4,64.09
29040,14041,41,1,29.92
29041,14042,42,2,24.5
29042,14043,43,3,67.56
29043,14044,44,4,104.57
29044,14045,45,1,104.87
29045,14046,46,2,80.3
29046,14047,47,3,32.96
29047,14048,48,4,100.95
29048,14049,49,1,10.28
29049,14050,50,2,33.23
29050,14051,51,3,28.9
29051,14052,52,4,92.33
29052,14053,53,1,49.1
29053,14054,54,2,87.58
29054,14055,55,3,64.06
29055,14056,56,4,62.04
29056,14057,57,1,93.68
29057,14058,58,2,101.47
29058,14059,59,3,19.21
29059,14060,60,4,57.01
29060,14061,61,1,102.65
29061,14062,62,2,69.99
29062,14063,63,3,81.22
29063,14064,64,4,16.15
29064,14065,65,1,83.41
29065,14066,66,2,13.65
29066,14067,67,3,42.78
29067,14068,68,4,26.31
29068,14069,69,1,73.39
29069,14070,70,2,45.85
29070,14071,71,3,22.89
29071,14072,72,4,88.09
29072,14073,73,1,56.96
29073,14074,74,2,57.62
29074,14075,75,3,38.04
29075,14076,76,4,91.41
29076,14077,77,1,99.44
29077,14078,78,2,70.48
29078,14079,79,3,47.78
29079,14080,80,4,18.27
29080,14081,81,1,55.59
29081,14082,82,2,24.58
29082,14083,83,3,6.39
29083,14084,84,4,95.02
29084,14085,85,1,37.01
29085,14086,86,2,76.19
29086,14087,87,3,34.43
29087,14088,88,4,8.77
29088,14089,89,1,52.58
29089,14090,90,2,97.72
29090,14091,91,3,22.52
29091,14092,92,4,90.3
29092,14093,93,1,38.46
29093,14094,94,2,31.78
29094,14095,95,3,76.87
29095,14096,96,4,17.86
29096,14097,97,1,98.11
29097,14098,98,2,84.61
29098,14099,99,3,26.03
29099,14100,100,4,39.99
29100,14101,101,1,85.25
29101,14102,102,2,28.43
29102,14103,103,3,54.31
29103,14104,104,4,12.33
29104,14105,105,1,84.9
29105,14106,106,2,46.14
29106,14107,107,3,83.74
29107,14108,108,4,32.8
29108,14109,109,1,48.37
29109,14110,110,2,87.25
29110,14111,111,3,32.47
29111,14112,112,4,52.89
29112,14113,113,1,87.31
29113,14114,114,2,22.06
29114,14115,115,3,96.07
29115,14116,116,4,10.87
29116,14117,117,1,95.17
29117,14118,118,2,82.61
29118,14119,119,3,93.74
29119,14120,120,4,88.2
29120,14121,121,1,69.89
29121,14122,122,2,98.99
29122,14123,123,3,57.14
29123,14124,124,4,90.91
29124,14125,125,1,90.7
29125,14126,126,2,91.21
29126,14127,127,3,73.51
29127,14128,128,4,88.91
29128,14129,129,1,60.09
29129,14130,130,2,57.57
29130,14131,131,3,96.57
29131,14132,132,4,87.66
29132,14133,133,1,10.32
29133,14134,134,2,33.52
29134,14135,135,3,9.56
29135,14136,136,4,24.13
29136,14137,137,1,79.55
29137,14138,138,2,30.0
29138,14139,139,3,38.78
29139,14140,140,4,83.54
29140,14141,141,1,102.17
29141,14142,142,2,55.94
29142,14143,143,3,56.02
29143,14144,144,4,6.47
29144,14145,145,1,83.46
29145,14146,146,2,101.18
29146,14147,147,3,58.79
29147,14148,148,4,89.91
29148,14149,149,1,74.32
29149,14150,150,2,38.66
29150,14151,151,3,27.78
29151,14152,152,4,13.16
29152,14153,153,1,54.52
29153,14154,154,2,43.25
29154,14155,155,3,9.91
29155,14156,156,4,50.3
29156,14157,157,1,44.7
29157,14158,158,2,63.3
29158,14159,159,3,51.32
29159,14160,160,4,94.61
29160,14161,161,1,60.48
29161,14162,162,2,32.47
29162,14163,163,3,51.85
29163,14164,164,4,82.15
29164,14165,165,1,84.04
29165,14166,166,2,100.83
29166,14167,167,3,59.53
29167,14168,168,4,90.38
29168,14169,169,1,24.88
29169,14170,170,2,100.44
29170,14171,171,3,27.95
29171,14172,172,4,54.86
29172,14173,173,1,94.82
29173,14174,174,2,79.72
29174,14175,175,3,39.81
29175,14176,176,4,13.87
29176,14177,177,1,69.84
29177,14178,178,2,81.29
29178,14179,179,3,76.66
29179,14180,180,4,52.43
29180,14181,181,1,104.14
29181,14182,182,2,103.99
29182,14183,183,3,60.48
29183,14184,184,4,23.48
29184,14185,185,1,56.72
29185,14186,186,2,99.16
29186,14187,187,3,26.56
29187,14188,188,4,75.43
29188,14189,189,1,74.72
29189,14190,190,2,88.86
29190,14191,191,3,22.27
29191,14192,192,4,67.91
29192,14193,193,1,90.58
29193,14194,194,2,88.1
29194,14195,195,3,35.09
29195,14196,196,4,28.41
29196,14197,197,1,32.4
29197,14198,198,2,34.56
29198,14199,199,3,43.18
29199,14200,200,4,51.44
29200,14201,1,1,67.68
29201,14202,2,2,34.67
29202,14203,3,3,84.64
29203,14204,4,4,61.26
29204,14205,5,1,27.11
29205,14206,6,2,62.96
29206,14207,7,3,88.64
29207,14208,8,4,6.57
29208,14209,9,1,7.13
29209,14210,10,2,14.14
29210,14211,11,3,50.16
29211,14212,12,4,57.6
29212,14213,13,1,78.04
29213,14214,14,2,27.61
29214,14215,15,3,32.68
29215,14216,16,4,5.72
29216,14217,17,1,30.83
29217,14218,18,2,66.85
29218,14219,19,3,13.93
29219,14220,20,4,13.66
29220,14221,21,1,67.96
29221,14222,22,2,26.45
29222,14223,23,3,49.33
29223,14224,24,4,43.89
29224,14225,25,1,44.02
29225,14226,26,2,52.67
29226,14227,27,3,43.71
29227,14228,28,4,97.98
29228,14229,29,1,43.77
29229,14230,30,2,77.33
29230,14231,31,3,60.64
29231,14232,32,4,31.76
29232,14233,33,1,46.38
29233,14234,34,2,84.62
29234,14235,35,3,58.85
29235,14236,36,4,96.17
29236,14237,37,1,84.59
29237,14238,38,2,102.39
29238,14239,39,3,98.11
29239,14240,40,4,57.22
29240,14241,41,1,17.65
29241,14242,42,2,35.95
29242,14243,43,3,57.33
29243,14244,44,4,88.33
29244,14245,45,1,12.09
29245,14246,46,2,15.56
29246,14247,47,3,43.92
29247,14248,48,4,44.32
29248,14249,49,1,18.97
29249,14250,50,2,83.07
29250,14251,51,3,30.44
29251,14252,52,4,30.61
29252,14253,53,1,37.66
29253,14254,54,2,48.99
29254,14255,55,3,90.06
29255,14256,56,4,35.91
29256,14257,57,1,80.6
29257,14258,58,2,22.11
29258,14259,59,3,84.09
29259,14260,60,4,83.05
29260,14261,61,1,45.99
29261,14262,62,2,24.6
29262,14263,63,3,101.51
29263,14264,64,4,20.27
29264,14265,65,1,75.72
29265,14266,66,2,63.29
29266,14267,67,3,45.82
29267,14268,68,4,100.03
29268,14269,69,1,101.86
29269,14270,70,2,63.42
29270,14271,71,3,97.14
29271,14272,72,4,100.21
29272,14273,73,1,52.71
29273,14274,74,2,75.08
29274,14275,75,3,91.42
29275,14276,76,4,11.83
29276,14277,77,1,67.41
29277,14278,78,2,11.25
29278,14279,79,3,10.59
29279,14280,80,4,85.19
29280,14281,81,1,47.35
29281,14282,82,2,87.38
29282,14283,83,3,97.17
29283,14284,84,4,29.28
29284,14285,85,1,48.79
29285,14286,86,2,14.99
29286,14287,87,3,59.55
29287,14288,88,4,41.3
29288,14289,89,1,60.48
29289,14290,90,2,26.55
29290,14291,91,3,39.58
29291,14292,92,4,99.06
29292,14293,93,1,77.66
29293,14294,94,2,97.27
29294,14295,95,3,70.52
29295,14296,96,4,85.67
29296,14297,97,1,35.47
29297,14298,98,2,8.94
29298,14299,99,3,91.44
29299,14300,100,4,41.62
29300,14301,101,1,50.66
29301,14302,102,2,87.7
29302,14303,103,3,85.4
29303,14304,104,4,88.17
29304,14305,105,1,36.76
29305,14306,106,2,101.14
29306,14307,107,3,43.41
29307,14308,108,4,95.68
29308,14309,109,1,32.83
29309,14310,110,2,73.06
29310,14311,111,3,36.55
29311,14312,112,4,43.98
29312,14313,113,1,50.76
29313,14314,114,2,38.52
29314,14315,115,3,82.31
29315,14316,116,4,99.46
29316,14317,117,1,102.11
29317,14318,118,2,87.22
29318,14319,119,3,19.03
29319,14320,120,4,98.72
29320,14321,121,1,6.79
29321,14322,122,2,57.23
29322,14323,123,3,70.71
29323,14324,124,4,74.26
29324,14325,125,1,67.6
29325,14326,126,2,81.8
29326,14327,127,3,24.18
29327,14328,128,4,41.72
29328,14329,129,1,47.28
29329,14330,130,2,68.11
29330,14331,131,3,85.83
29331,14332,132,4,85.4
29332,14333,133,1,93.42
29333,14334,134,2,23.24
29334,14335,135,3,77.14
29335,14336,136,4,38.91
29336,14337,137,1,39.52
29337,14338,138,2,47.1
29338,14339,139,3,39.94
29339,14340,140,4,76.14
29340,14341,141,1,96.57
29341,14342,142,2,103.77
29342,14343,143,3,28.76
29343,14344,144,4,39.72
29344,14345,145,1,87.48
29345,14346,146,2,84.81
29346,14347,147,3,56.33
29347,14348,148,4,30.82
29348,14349,149,1,9.72
29349,14350,150,2,56.57
29350,14351,151,3,11.56
29351,14352,152,4,48.11
29352,14353,153,1,81.0
29353,14354,154,2,74.12
29354,14355,155,3,56.65
29355,14356,156,4,100.63
29356,14357,157,1,80.18
29357,14358,158,2,86.91
29358,14359,159,3,25.42
29359,14360,160,4,100.37
29360,14361,161,1,21.11
29361,14362,162,2,65.29
29362,14363,163,3,71.54
29363,14364,164,4,54.6
29364,14365,165,1,42.36
29365,14366,166,2,18.08
29366,14367,167,3,91.79
29367,14368,168,4,74.09
29368,14369,169,1,5.33
29369,14370,170,2,76.2
29370,14371,171,3,26.9
29371,14372,172,4,63.29
29372,14373,173,1,61.52
29373,14374,174,2,26.72
29374,14375,175,3,61.51
29375,14376,176,4,33.06
29376,14377,177,1,9.74
29377,14378,178,2,54.0
29378,14379,179,3,86.32
29379,14380,180,4,47.04
29380,14381,181,1,60.41
29381,14382,182,2,88.37
29382,14383,183,3,96.99
29383,14384,184,4,70.63
29384,14385,185,1,71.14
29385,14386,186,2,6.59
29386,14387,187,3,94.17
29387,14388,188,4,9.24
29388,14389,189,1,38.91
29389,14390,190,2,38.28
29390,14391,191,3,5.04
29391,14392,192,4,88.41
29392,14393,193,1,50.01
29393,14394,194,2,53.84
29394,14395,195,3,72.26
29395,14396,196,4,86.69
29396,14397,197,1,64.78
29397,14398,198,2,66.07
29398,14399,199,3,66.06
29399,14400,200,4,19.3
29400,14401,1,1,96.71
29401,14402,2,2,78.55
29402,14403,3,3,61.36
29403,14404,4,4,32.12
29404,14405,5,1,24.29
29405,14406,6,2,65.46
29406,14407,7,3,11.8
29407,14408,8,4,64.49
29408,14409,9,1,62.54
29409,14410,10,2,16.14
29410,14411,11,3,81.5
29411,14412,12,4,81.84
29412,14413,13,1,47.0
29413,14414,14,2,31.67
29414,14415,15,3,80.42
29415,14416,16,4,23.77
29416,14417,17,1,18.31
29417,14418,18,2,63.68
29418,14419,19,3,99.88
29419,14420,20,4,12.95
29420,14421,21,1,75.05
29421,14422,22,2,43.89
29422,14423,23,3,49.51
29423,14424,24,4,101.67
29424,14425,25,1,93.55
29425,14426,26,2,50.54
29426,14427,27,3,75.94
29427,14428,28,4,36.83
29428,14429,29,1,64.77
29429,14430,30,2,76.59
29430,14431,31,3,73.11
29431,14432,32,4,75.66
29432,14433,33,1,98.34
29433,14434,34,2,83.86
29434,14435,35,3,73.89
29435,14436,36,4,67.28
29436,14437,37,1,40.75
29437,14438,38,2,32.21
29438,14439,39,3,59.03
29439,14440,40,4,66.41
29440,14441,41,1,97.51
29441,14442,42,2,59.42
29442,14443,43,3,13.79
29443,14444,44,4,68.65
29444,14445,45,1,14.63
29445,14446,46,2,18.83
29446,14447,47,3,37.79
29447,14448,48,4,21.39
29448,14449,49,1,49.47
29449,14450,50,2,87.26
29450,14451,51,3,8.54
29451,14452,52,4,8.82
29452,14453,53,1,58.32
29453,14454,54,2,102.45
29454,14455,55,3,38.78
29455,14456,56,4,38.8
29456,14457,57,1,37.21
29457,14458,58,2,21.3
29458,14459,59,3,34.53
29459,14460,60,4,87.31
29460,14461,61,1,13.03
29461,14462,62,2,79.28
29462,14463,63,3,84.85
29463,14464,64,4,79.59
29464,14465,65,1,77.13
29465,14466,66,2,58.67
29466,14467,67,3,70.93
29467,14468,68,4,96.46
29468,14469,69,1,49.19
29469,14470,70,2,101.09
29470,14471,71,3,76.56
29471,14472,72,4,91.39
29472,14473,73,1,15.14
29473,14474,74,2,93.71
29474,14475,75,3,16.29
29475,14476,76,4,62.7
29476,14477,77,1,57.56
29477,14478,78,2,11.22
29478,14479,79,3,97.1
29479,14480,80,4,88.79
29480,14481,81,1,13.07
29481,14482,82,2,92.57
29482,14483,83,3,7.2
29483,14484,84,4,29.08
29484,14485,85,1,88.63
29485,14486,86,2,86.56
29486,14487,87,3,83.97
29487,14488,88,4,90.85
29488,14489,89,1,26.18
29489,14490,90,2,103.49
29490,14491,91,3,79.71
29491,14492,92,4,59.58
29492,14493,93,1,81.43
29493,14494,94,2,12.52
29494,14495,95,3,94.73
29495,14496,96,4,6.67
29496,14497,97,1,44.04
29497,14498,98,2,36.2
29498,14499,99,3,58.29
29499,14500,100,4,73.73
29500,14501,101,1,24.6
29501,14502,102,2,40.77
29502,14503,103,3,49.0
29503,14504,104,4,80.26
29504,14505,105,1,26.57
29505,14506,106,2,71.32
29506,14507,107,3,53.15
29507,14508,108,4,27.72
29508,14509,109,1,9.74
29509,14510,110,2,71.08
29510,14511,111,3,6.15
29511,14512,112,4,35.58
29512,14513,113,1,82.66
29513,14514,114,2,35.99
29514,14515,115,3,70.53
29515,14516,116,4,33.33
29516,14517,117,1,95.29
29517,14518,118,2,101.42
29518,14519,119,3,22.86
29519,14520,120,4,11.28
29520,14521,121,1,79.74
29521,14522,122,2,103.5
29522,14523,123,3,91.53
29523,14524,124,4,64.39
29524,14525,125,1,34.59
29525,14526,126,2,65.13
29526,14527,127,3,61.21
29527,14528,128,4,15.17
29528,14529,129,1,51.05
29529,14530,130,2,76.8
29530,14531,131,3,23.82
29531,14532,132,4,83.18
29532,14533,133,1,52.23
29533,14534,134,2,98.2
29534,14535,135,3,62.29
29535,14536,136,4,12.6
29536,14537,137,1,92.04
29537,14538,138,2,62.11
29538,14539,139,3,69.1
29539,14540,140,4,102.16
29540,14541,141,1,70.2
29541,14542,142,2,89.37
29542,14543,143,3,55.1
29543,14544,144,4,84.87
29544,14545,145,1,97.7
29545,14546,146,2,32.89
29546,14547,147,3,49.59
29547,14548,148,4,11.81
29548,14549,149,1,6.92
29549,14550,150,2,62.43
29550,14551,151,3,16.81
29551,14552,152,4,80.24
29552,14553,153,1,26.54
29553,14554,154,2,89.0
29554,14555,155,3,45.4
29555,14556,156,4,101.95
29556,14557,157,1,36.85
29557,14558,158,2,74.31
29558,14559,159,3,18.3
29559,14560,160,4,10.68
29560,14561,161,1,104.55
29561,14562,162,2,67.58
29562,14563,163,3,8.37
29563,14564,164,4,57.67
29564,14565,165,1,39.64
29565,14566,166,2,80.81
29566,14567,167,3,91.08
29567,14568,168,4,102.39
29568,14569,169,1,39.34
29569,14570,170,2,7.33
29570,14571,171,3,85.41
29571,14572,172,4,81.52
29572,14573,173,1,34.78
29573,14574,174,2,12.37
29574,14575,175,3,47.64
29575,14576,176,4,89.28
29576,14577,177,1,81.84
29577,14578,178,2,72.99
29578,14579,179,3,9.13
29579,14580,180,4,95.76
29580,14581,181,1,77.71
29581,14582,182,2,94.6
29582,14583,183,3,54.69
29583,14584,184,4,48.38
29584,14585,185,1,85.19
29585,14586,186,2,95.51
29586,14587,187,3,23.74
29587,14588,188,4,21.38
29588,14589,189,1,50.1
29589,14590,190,2,59.07
29590,14591,191,3,22.89
29591,14592,192,4,97.11
29592,14593,193,1,26.21
29593,14594,194,2,75.05
29594,14595,195,3,37.04
29595,14596,196,4,50.95
29596,14597,197,1,16.75
29597,14598,198,2,27.68
29598,14599,199,3,52.81
29599,14600,200,4,44.24
29600,14601,1,1,79.09
29601,14602,2,2,101.66
29602,14603,3,3,71.5
29603,14604,4,4,23.47
29604,14605,5,1,72.18
29605,14606,6,2,26.65
29606,14607,7,3,94.1
29607,14608,8,4,32.92
29608,14609,9,1,103.04
29609,14610,10,2,24.33
29610,14611,11,3,82.61
29611,14612,12,4,27.74
29612,14613,13,1,51.55
29613,14614,14,2,97.35
29614,14615,15,3,96.66
29615,14616,16,4,47.04
29616,14617,17,1,52.59
29617,14618,18,2,97.4
29618,14619,19,3,98.55
29619,14620,20,4,43.8
29620,14621,21,1,59.53
29621,14622,22,2,25.45
29622,14623,23,3,23.62
29623,14624,24,4,16.68
29624,14625,25,1,81.24
29625,14626,26,2,55.54
29626,14627,27,3,20.62
29627,14628,28,4,69.95
29628,14629,29,1,61.16
29629,14630,30,2,55.83
29630,14631,31,3,60.03
29631,14632,32,4,8.53
29632,14633,33,1,53.67
29633,14634,34,2,40.9
29634,14635,35,3,91.82
29635,14636,36,4,98.53
29636,14637,37,1,48.72
29637,14638,38,2,39.45
29638,14639,39,3,38.88
29639,14640,40,4,79.98
29640,14641,41,1,59.91
29641,14642,42,2,44.45
29642,14643,43,3,34.93
29643,14644,44,4,13.78
29644,14645,45,1,74.55
29645,14646,46,2,22.95
29646,14647,47,3,18.75
29647,14648,48,4,61.78
29648,14649,49,1,31.54
29649,14650,50,2,58.82
29650,14651,51,3,17.74
29651,14652,52,4,70.25
29652,14653,53,1,71.84
29653,14654,54,2,100.27
29654,14655,55,3,14.12
29655,14656,56,4,39.59
29656,14657,57,1,23.36
29657,14658,58,2,57.14
29658,14659,59,3,102.54
29659,14660,60,4,25.78
29660,14661,61,1,15.79
29661,14662,62,2,60.08
29662,14663,63,3,53.05
29663,14664,64,4,44.33
29664,14665,65,1,30.96
29665,14666,66,2,67.71
29666,14667,67,3,32.37
29667,14668,68,4,60.98
29668,14669,69,1,52.84
29669,14670,70,2,53.52
29670,14671,71,3,35.06
29671,14672,72,4,99.08
29672,14673,73,1,82.76
29673,14674,74,2,63.42
29674,14675,75,3,70.89
29675,14676,76,4,12.73
29676,14677,77,1,101.89
29677,14678,78,2,6.82
29678,14679,79,3,11.73
29679,14680,80,4,58.69
29680,14681,81,1,90.26
29681,14682,82,2,104.79
29682,14683,83,3,100.41
29683,14684,84,4,22.91
29684,14685,85,1,53.65
29685,14686,86,2,61.85
29686,14687,87,3,46.82
29687,14688,88,4,10.48
29688,14689,89,1,45.98
29689,14690,90,2,58.94
29690,14691,91,3,84.46
29691,14692,92,4,71.99
29692,14693,93,1,48.81
29693,14694,94,2,76.46
29694,14695,95,3,33.27
29695,14696,96,4,96.93
29696,14697,97,1,100.16
29697,14698,98,2,38.05
29698,14699,99,3,75.29
29699,14700,100,4,71.47
29700,14701,101,1,89.14
29701,14702,102,2,52.07
29702,14703,103,3,101.79
29703,14704,104,4,45.34
29704,14705,105,1,19.42
29705,14706,106,2,11.97
29706,14707,107,3,25.92
29707,14708,108,4,82.16
29708,14709,109,1,38.05
29709,14710,110,2,58.13
29710,14711,111,3,45.47
29711,14712,112,4,36.8
29712,14713,113,1,16.33
29713,14714,114,2,28.27
29714,14715,115,3,18.26
29715,14716,116,4,34.31
29716,14717,117,1,12.17
29717,14718,118,2,90.87
29718,14719,119,3,76.23
29719,14720,120,4,17.54
29720,14721,121,1,66.58
29721,14722,122,2,69.16
29722,14723,123,3,53.43
29723,14724,124,4,9.69
29724,14725,125,1,79.87
29725,14726,126,2,78.19
29726,14727,127,3,71.09
29727,14728,128,4,47.72
29728,14729,129,1,83.78
29729,14730,130,2,97.07
29730,14731,131,3,30.35
29731,14732,132,4,88.81
29732,14733,133,1,85.78
29733,14734,134,2,83.33
29734,14735,135,3,15.25
29735,14736,136,4,6.41
29736,14737,137,1,81.63
29737,14738,138,2,39.99
29738,14739,139,3,28.69
29739,14740,140,4,46.48
29740,14741,141,1,8.7
29741,14742,142,2,104.57
29742,14743,143,3,86.48
29743,14744,144,4,38.48
29744,14745,145,1,74.2
29745,14746,146,2,21.5
29746,14747,147,3,43.77
29747,14748,148,4,12.78
29748,14749,149,1,18.37
29749,14750,150,2,104.49
29750,14751,151,3,100.68
29751,14752,152,4,42.41
29752,14753,153,1,20.42
29753,14754,154,2,70.81
29754,14755,155,3,78.56
29755,14756,156,4,41.13
29756,14757,157,1,53.63
29757,14758,158,2,50.23
29758,14759,159,3,84.39
29759,14760,160,4,98.31
29760,14761,161,1,96.96
29761,14762,162,2,16.47
29762,14763,163,3,59.3
29763,14764,164,4,18.96
29764,14765,165,1,99.07
29765,14766,166,2,22.99
29766,14767,167,3,84.81
29767,14768,168,4,51.31
29768,14769,169,1,17.43
29769,14770,170,2,26.43
29770,14771,171,3,13.07
29771,14772,172,4,10.02
29772,14773,173,1,19.31
29773,14774,174,2,79.67
29774,14775,175,3,65.08
29775,14776,176,4,10.15
29776,14777,177,1,76.98
29777,14778,178,2,102.55
29778,14779,179,3,30.4
29779,14780,180,4,102.38
29780,14781,181,1,36.5
29781,14782,182,2,90.37
29782,14783,183,3,40.99
29783,14784,184,4,73.44
29784,14785,185,1,29.66
29785,14786,186,2,73.66
29786,14787,187,3,26.66
29787,14788,188,4,61.04
29788,14789,189,1,27.89
29789,14790,190,2,65.64
29790,14791,191,3,23.82
29791,14792,192,4,104.43
29792,14793,193,1,75.61
29793,14794,194,2,11.63
29794,14795,195,3,84.2
29795,14796,196,4,68.46
29796,14797,197,1,46.59
29797,14798,198,2,63.01
29798,14799,199,3,77.64
29799,14800,200,4,31.26
29800,14801,1,1,56.75
29801,14802,2,2,40.83
29802,14803,3,3,56.3
29803,14804,4,4,5.99
29804,14805,5,1,32.15
29805,14806,6,2,65.04
29806,14807,7,3,86.3
29807,14808,8,4,54.73
29808,14809,9,1,18.82
29809,14810,10,2,103.05
29810,14811,11,3,50.32
29811,14812,12,4,36.56
29812,14813,13,1,32.29
29813,14814,14,2,38.49
29814,14815,15,3,19.17
29815,14816,16,4,15.7
29816,14817,17,1,69.78
29817,14818,18,2,51.62
29818,14819,19,3,67.51
29819,14820,20,4,30.94
29820,14821,21,1,34.89
29821,14822,22,2,89.93
29822,14823,23,3,57.52
29823,14824,24,4,39.77
29824,14825,25,1,59.18
29825,14826,26,2,66.45
29826,14827,27,3,7.91
29827,14828,28,4,11.13
29828,14829,29,1,44.92
29829,14830,30,2,86.33
29830,14831,31,3,62.37
29831,14832,32,4,51.74
29832,14833,33,1,24.84
29833,14834,34,2,10.47
29834,14835,35,3,46.67
29835,14836,36,4,97.19
29836,14837,37,1,47.57
29837,14838,38,2,45.55
29838,14839,39,3,103.48
29839,14840,40,4,55.2
29840,14841,41,1,58.19
29841,14842,42,2,61.62
29842,14843,43,3,60.34
29843,14844,44,4,22.74
29844,14845,45,1,31.76
29845,14846,46,2,80.91
29846,14847,47,3,43.88
29847,14848,48,4,100.88
29848,14849,49,1,29.25
29849,14850,50,2,19.23
29850,14851,51,3,57.99
29851,14852,52,4,33.01
29852,14853,53,1,18.98
29853,14854,54,2,97.89
29854,14855,55,3,62.92
29855,14856,56,4,22.28
29856,14857,57,1,35.57
29857,14858,58,2,29.57
29858,14859,59,3,61.71
29859,14860,60,4,9.43
29860,14861,61,1,56.57
29861,14862,62,2,73.54
29862,14863,63,3,19.32
29863,14864,64,4,8.81
29864,14865,65,1,100.76
29865,14866,66,2,12.4
29866,14867,67,3,70.58
29867,14868,68,4,103.77
29868,14869,69,1,69.54
29869,14870,70,2,55.78
29870,14871,71,3,12.83
29871,14872,72,4,43.33
29872,14873,73,1,32.89
29873,14874,74,2,37.47
29874,14875,75,3,89.02
29875,14876,76,4,76.51
29876,14877,77,1,71.92
29877,14878,78,2,21.52
29878,14879,79,3,27.99
29879,14880,80,4,5.79
29880,14881,81,1,81.64
29881,14882,82,2,90.96
29882,14883,83,3,50.2
29883,14884,84,4,52.61
29884,14885,85,1,12.73
29885,14886,86,2,10.39
29886,14887,87,3,9.62
29887,14888,88,4,22.59
29888,14889,89,1,101.4
29889,14890,90,2,48.09
29890,14891,91,3,52.58
29891,14892,92,4,33.69
29892,14893,93,1,92.24
29893,14894,94,2,55.95
29894,14895,95,3,33.69
29895,14896,96,4,21.08
29896,14897,97,1,51.77
29897,14898,98,2,30.66
29898,14899,99,3,58.19
29899,14900,100,4,47.22
29900,14901,101,1,104.65
29901,14902,102,2,26.92
29902,14903,103,3,82.64
29903,14904,104,4,86.7
29904,14905,105,1,103.92
29905,14906,106,2,19.03
29906,14907,107,3,103.44
29907,14908,108,4,59.48
29908,14909,109,1,71.4
29909,14910,110,2,40.4
29910,14911,111,3,30.75
29911,14912,112,4,49.66
29912,14913,113,1,48.47
29913,14914,114,2,93.94
29914,14915,115,3,28.61
29915,14916,116,4,79.7
29916,14917,117,1,59.8
29917,14918,118,2,58.81
29918,14919,119,3,12.72
29919,14920,120,4,47.28
29920,14921,121,1,79.36
29921,14922,122,2,81.21
29922,14923,123,3,65.25
29923,14924,124,4,66.28
29924,14925,125,1,59.55
29925,14926,126,2,18.86
29926,14927,127,3,25.6
29927,14928,128,4,96.15
29928,14929,129,1,73.04
29929,14930,130,2,92.93
29930,14931,131,3,19.93
29931,14932,132,4,100.26
29932,14933,133,1,41.57
29933,14934,134,2,55.14
29934,14935,135,3,66.34
29935,14936,136,4,24.54
29936,14937,137,1,66.67
29937,14938,138,2,73.93
29938,14939,139,3,7.1
29939,14940,140,4,59.35
29940,14941,141,1,31.72
29941,14942,142,2,17.76
29942,14943,143,3,82.56
29943,14944,144,4,37.98
29944,14945,145,1,7.07
29945,14946,146,2,46.26
29946,14947,147,3,95.3
29947,14948,148,4,50.73
29948,14949,149,1,88.16
29949,14950,150,2,75.35
29950,14951,151,3,78.05
29951,14952,152,4,76.96
29952,14953,153,1,86.72
29953,14954,154,2,23.65
29954,14955,155,3,89.18
29955,14956,156,4,30.37
29956,14957,157,1,76.29
29957,14958,158,2,39.35
29958,14959,159,3,78.61
29959,14960,160,4,99.95
29960,14961,161,1,37.59
29961,14962,162,2,65.25
29962,14963,163,3,48.81
29963,14964,164,4,15.31
29964,14965,165,1,88.96
29965,14966,166,2,42.39
29966,14967,167,3,80.47
29967,14968,168,4,104.5
29968,14969,169,1,85.04
29969,14970,170,2,88.38
29970,14971,171,3,26.09
29971,14972,172,4,72.38
29972,14973,173,1,18.05
29973,14974,174,2,20.73
29974,14975,175,3,85.43
29975,14976,176,4,36.73
29976,14977,177,1,77.52
29977,14978,178,2,47.93
29978,14979,179,3,28.08
29979,14980,180,4,99.57
29980,14981,181,1,101.64
29981,14982,182,2,57.83
29982,14983,183,3,42.12
29983,14984,184,4,26.37
29984,14985,185,1,14.95
29985,14986,186,2,6.26
29986,14987,187,3,62.25
29987,14988,188,4,24.24
29988,14989,189,1,39.62
29989,14990,190,2,72.93
29990,14991,191,3,55.34
29991,14992,192,4,52.62
29992,14993,193,1,42.8
29993,14994,194,2,73.13
29994,14995,195,3,74.51
29995,14996,196,4,52.35
29996,14997,197,1,8.45
29997,14998,198,2,23.73
29998,14999,199,3,68.38
29999,15000,200,4,65.59
30000,1,1,1,43.89
