id,cliente_id,producto_id,cantidad,fecha,importe,estado
1,2,2,2,2023-01-08,226.66,completado
2,3,3,3,2023-01-15,114.71,completado
3,4,4,4,2023-01-22,241.86,completado
4,5,5,5,2023-01-29,451.58,completado
5,6,6,1,2023-02-05,400.05,completado
6,7,7,2,2023-02-12,93.15,completado
7,8,8,3,2023-02-19,51.55,cancelado
8,9,9,4,2023-02-26,262.57,cancelado
9,10,10,5,2023-03-05,320.14,devuelto
10,11,11,1,2023-03-12,174.24,completado
11,12,12,2,2023-03-19,411.03,completado
12,13,13,3,2023-03-26,378.06,completado
13,14,14,4,2023-04-02,339.67,completado
14,15,15,5,2023-04-09,120.07,completado
15,16,16,1,2023-04-16,107.57,completado
16,17,17,2,2023-04-23,21.97,completado
17,18,18,3,2023-04-30,129.97,cancelado
18,19,19,4,2023-05-07,242.82,cancelado
19,20,20,5,2023-05-14,426.37,devuelto
20,21,21,1,2023-05-21,45.69,completado
21,22,22,2,2023-05-28,213.08,completado
22,23,23,3,2023-06-04,318.59,completado
23,24,24,4,2023-06-11,105.27,completado
24,25,25,5,2023-06-18,351.21,completado
25,26,26,1,2023-06-25,252.24,completado
26,27,27,2,2023-07-02,129.55,completado
27,28,28,3,2023-07-09,331.47,cancelado
28,29,29,4,2023-07-16,12.72,cancelado
29,30,30,5,2023-07-23,377.97,devuelto
30,31,31,1,2023-07-30,387.32,completado
31,32,32,2,2023-08-06,62.23,completado
32,33,33,3,2023-08-13,218.32,completado
33,34,34,4,2023-08-20,96.18,completado
34,35,35,5,2023-08-27,479.4,completado
35,36,36,1,2023-09-03,263.8,completado
36,37,37,2,2023-09-10,34.61,completado
37,38,38,3,2023-09-17,132.11,cancelado
38,39,39,4,2023-09-24,425.68,cancelado
39,40,40,5,2023-10-01,233.67,devuelto
40,41,41,1,2023-10-08,402.69,completado
41,42,42,2,2023-10-15,337.11,completado
42,43,43,3,2023-10-22,494.07,completado
43,44,44,4,2023-10-29,301.77,completado
44,45,45,5,2023-11-05,475.52,completado
45,46,46,1,2023-11-12,446.8,completado
46,47,47,2,2023-11-19,310.2,completado
47,48,48,3,2023-11-26,362.44,cancelado
48,49,49,4,2023-12-03,257.34,cancelado
49,50,50,5,2023-12-10,416.98,devuelto
50,51,51,1,2023-12-17,278.46,completado
51,52,52,2,2023-12-24,449.63,completado
52,53,53,3,2023-12-31,374.39,completado
53,54,54,4,2024-01-07,242.59,completado
54,55,55,5,2024-01-14,137.0,completado
55,56,56,1,2024-01-21,131.15,completado
56,57,57,2,2024-01-28,322.45,completado
57,58,58,3,2024-02-04,385.25,cancelado
58,59,59,4,2024-02-11,265.44,cancelado
59,60,60,5,2024-02-18,317.11,devuelto
60,61,61,1,2024-02-25,144.55,completado
61,62,62,2,2024-03-03,47.97,completado
62,63,63,3,2024-03-10,150.01,completado
63,64,64,4,2024-03-17,143.14,completado
64,65,65,5,2024-03-24,166.66,completado
65,66,66,1,2024-03-31,274.67,completado
66,67,67,2,2024-04-07,77.8,completado
67,68,68,3,2024-04-14,123.32,cancelado
68,69,69,4,2024-04-21,350.04,cancelado
69,70,70,5,2024-04-28,356.15,devuelto
70,71,71,1,2024-05-05,41.47,completado
71,72,72,2,2024-05-12,209.72,completado
72,73,73,3,2024-05-19,275.88,completado
73,74,74,4,2024-05-26,213.73,completado
74,75,75,5,2024-06-02,111.35,completado
75,76,76,1,2024-06-09,215.87,completado
76,77,77,2,2024-06-16,453.37,completado
77,78,78,3,2024-06-23,296.2,cancelado
78,79,79,4,2024-06-30,350.81,cancelado
79,80,80,5,2024-07-07,429.8,devuelto
80,81,81,1,2024-07-14,385.14,completado
81,82,82,2,2024-07-21,196.39,completado
82,83,83,3,2024-07-28,12.89,completado
83,84,84,4,2024-08-04,182.36,completado
84,85,85,5,2024-08-11,379.2,completado
85,86,86,1,2024-08-18,428.19,completado
86,87,87,2,2024-08-25,477.18,completado
87,88,88,3,2024-09-01,215.32,cancelado
88,89,89,4,2024-09-08,376.28,cancelado
89,90,90,5,2024-09-15,277.6,devuelto
90,91,91,1,2024-09-22,305.59,completado
91,92,92,2,2024-09-29,118.06,completado
92,93,93,3,2024-10-06,117.52,completado
93,94,94,4,2024-10-13,223.56,completado
94,95,95,5,2024-10-20,24.22,completado
95,96,96,1,2024-10-27,174.7,completado
96,97,97,2,2024-11-03,342.78,completado
97,98,98,3,2024-11-10,208.12,cancelado
98,99,99,4,2024-11-17,90.87,cancelado
99,100,100,5,2024-11-24,239.02,devuelto
100,101,101,1,2024-12-01,72.54,completado
101,102,102,2,2024-12-08,314.91,completado
102,103,103,3,2024-12-15,23.21,completado
103,104,104,4,2024-12-22,203.07,completado
104,105,105,5,2024-12-29,286.55,completado
105,106,106,1,2023-01-06,23.28,completado
106,107,107,2,2023-01-13,324.95,completado
107,108,108,3,2023-01-20,76.49,cancelado
108,109,109,4,2023-01-27,236.23,cancelado
109,110,110,5,2023-02-03,34.64,devuelto
110,111,111,1,2023-02-10,195.76,completado
111,112,112,2,2023-02-17,113.71,completado
112,113,113,3,2023-02-24,170.15,completado
113,114,114,4,2023-03-03,383.0,completado
114,115,115,5,2023-03-10,195.77,completado
115,116,116,1,2023-03-17,378.48,completado
116,117,117,2,2023-03-24,417.64,completado
117,118,118,3,2023-03-31,133.61,cancelado
118,119,119,4,2023-04-07,50.13,cancelado
119,120,120,5,2023-04-14,19.5,devuelto
120,121,121,1,2023-04-21,274.32,completado
121,122,122,2,2023-04-28,499.95,completado
122,123,123,3,2023-05-05,181.48,completado
123,124,124,4,2023-05-12,328.57,completado
124,125,125,5,2023-05-19,392.8,completado
125,126,126,1,2023-05-26,329.36,completado
126,127,127,2,2023-06-02,379.57,completado
127,128,128,3,2023-06-09,475.31,cancelado
128,129,129,4,2023-06-16,107.69,cancelado
129,130,130,5,2023-06-23,19.99,devuelto
130,131,131,1,2023-06-30,84.67,completado
131,132,132,2,2023-07-07,71.85,completado
132,133,133,3,2023-07-14,338.03,completado
133,134,134,4,2023-07-21,286.35,completado
134,135,135,5,2023-07-28,116.8,completado
135,136,136,1,2023-08-04,352.74,completado
136,137,137,2,2023-08-11,385.78,completado
137,138,138,3,2023-08-18,92.22,cancelado
138,139,139,4,2023-08-25,307.55,cancelado
139,140,140,5,2023-09-01,376.48,devuelto
140,141,141,1,2023-09-08,66.12,completado
141,142,142,2,2023-09-15,411.46,completado
142,143,143,3,2023-09-22,482.71,completado
143,144,144,4,2023-09-29,62.97,completado
144,145,145,5,2023-10-06,22.58,completado
145,146,146,1,2023-10-13,162.86,completado
146,147,147,2,2023-10-20,341.9,completado
147,148,148,3,2023-10-27,479.5,cancelado
148,149,149,4,2023-11-03,204.36,cancelado
149,150,150,5,2023-11-10,360.36,devuelto
150,151,151,1,2023-11-17,47.24,completado
151,152,152,2,2023-11-24,348.4,completado
152,153,153,3,2023-12-01,317.35,completado
153,154,154,4,2023-12-08,59.93,completado
154,155,155,5,2023-12-15,388.52,completado
155,156,156,1,2023-12-22,426.64,completado
156,157,157,2,2023-12-29,304.2,completado
157,158,158,3,2024-01-05,69.32,cancelado
158,159,159,4,2024-01-12,492.08,cancelado
159,160,160,5,2024-01-19,393.49,devuelto
160,161,161,1,2024-01-26,180.13,completado
161,162,162,2,2024-02-02,219.91,completado
162,163,163,3,2024-02-09,191.58,completado
163,164,164,4,2024-02-16,257.92,completado
164,165,165,5,2024-02-23,177.2,completado
165,166,166,1,2024-03-01,426.29,completado
166,167,167,2,2024-03-08,412.94,completado
167,168,168,3,2024-03-15,61.71,cancelado
168,169,169,4,2024-03-22,480.79,cancelado
169,170,170,5,2024-03-29,321.44,devuelto
170,171,171,1,2024-04-05,416.07,completado
171,172,172,2,2024-04-12,356.58,completado
172,173,173,3,2024-04-19,223.39,completado
173,174,174,4,2024-04-26,369.56,completado
174,175,175,5,2024-05-03,483.08,completado
175,176,176,1,2024-05-10,142.34,completado
176,177,177,2,2024-05-17,406.02,completado
177,178,178,3,2024-05-24,273.7,cancelado
178,179,179,4,2024-05-31,246.91,cancelado
179,180,180,5,2024-06-07,223.43,devuelto
180,181,181,1,2024-06-14,368.2,completado
181,182,182,2,2024-06-21,141.51,completado
182,183,183,3,2024-06-28,427.34,completado
183,184,184,4,2024-07-05,417.06,completado
184,185,185,5,2024-07-12,52.46,completado
185,186,186,1,2024-07-19,442.0,completado
186,187,187,2,2024-07-26,129.49,completado
187,188,188,3,2024-08-02,237.71,cancelado
188,189,189,4,2024-08-09,309.06,cancelado
189,190,190,5,2024-08-16,195.7,devuelto
190,191,191,1,2024-08-23,24.06,completado
191,192,192,2,2024-08-30,426.97,completado
192,193,193,3,2024-09-06,99.1,completado
193,194,194,4,2024-09-13,113.94,completado
194,195,195,5,2024-09-20,400.94,completado
195,196,196,1,2024-09-27,176.77,completado
196,197,197,2,2024-10-04,441.36,completado
197,198,198,3,2024-10-11,353.58,cancelado
198,199,199,4,2024-10-18,145.37,cancelado
199,200,200,5,2024-10-25,14.97,devuelto
200,201,1,1,2024-11-01,474.55,completado
201,202,2,2,2024-11-08,51.95,completado
202,203,3,3,2024-11-15,362.84,completado
203,204,4,4,2024-11-22,249.4,completado
204,205,5,5,2024-11-29,381.5,completado
205,206,6,1,2024-12-06,348.4,completado
206,207,7,2,2024-12-13,326.49,completado
207,208,8,3,2024-12-20,250.5,cancelado
208,209,9,4,2024-12-27,398.54,cancelado
209,210,10,5,2023-01-04,55.6,devuelto
210,211,11,1,2023-01-11,118.58,completado
211,212,12,2,2023-01-18,348.98,completado
212,213,13,3,2023-01-25,160.04,completado
213,214,14,4,2023-02-01,294.96,completado
214,215,15,5,2023-02-08,241.9,completado
215,216,16,1,2023-02-15,270.15,completado
216,217,17,2,2023-02-22,218.5,completado
217,218,18,3,2023-03-01,375.51,cancelado
218,219,19,4,2023-03-08,172.09,cancelado
219,220,20,5,2023-03-15,354.4,devuelto
220,221,21,1,2023-03-22,142.75,completado
221,222,22,2,2023-03-29,133.19,completado
222,223,23,3,2023-04-05,69.12,completado
223,224,24,4,2023-04-12,104.37,completado
224,225,25,5,2023-04-19,68.58,completado
225,226,26,1,2023-04-26,272.57,completado
226,227,27,2,2023-05-03,383.47,completado
227,228,28,3,2023-05-10,100.72,cancelado
228,229,29,4,2023-05-17,116.03,cancelado
229,230,30,5,2023-05-24,247.26,devuelto
230,231,31,1,2023-05-31,365.05,completado
231,232,32,2,2023-06-07,488.54,completado
232,233,33,3,2023-06-14,267.07,completado
233,234,34,4,2023-06-21,148.67,completado
234,235,35,5,2023-06-28,59.26,completado
235,236,36,1,2023-07-05,105.12,completado
236,237,37,2,2023-07-12,121.47,completado
237,238,38,3,2023-07-19,97.93,cancelado
238,239,39,4,2023-07-26,16.93,cancelado
239,240,40,5,2023-08-02,271.73,devuelto
240,241,41,1,2023-08-09,144.41,completado
241,242,42,2,2023-08-16,487.4,completado
242,243,43,3,2023-08-23,281.15,completado
243,244,44,4,2023-08-30,351.73,completado
244,245,45,5,2023-09-06,71.88,completado
245,246,46,1,2023-09-13,435.55,completado
246,247,47,2,2023-09-20,250.53,completado
247,248,48,3,2023-09-27,437.63,cancelado
248,249,49,4,2023-10-04,291.29,cancelado
249,250,50,5,2023-10-11,240.0,devuelto
250,251,51,1,2023-10-18,225.83,completado
251,252,52,2,2023-10-25,100.34,completado
252,253,53,3,2023-11-01,35.17,completado
253,254,54,4,2023-11-08,471.12,completado
254,255,55,5,2023-11-15,244.09,completado
255,256,56,1,2023-11-22,412.84,completado
256,257,57,2,2023-11-29,206.35,completado
257,258,58,3,2023-12-06,46.3,cancelado
258,259,59,4,2023-12-13,318.43,cancelado
259,260,60,5,2023-12-20,36.27,devuelto
260,261,61,1,2023-12-27,83.11,completado
261,262,62,2,2024-01-03,285.79,completado
262,263,63,3,2024-01-10,158.88,completado
263,264,64,4,2024-01-17,497.02,completado
264,265,65,5,2024-01-24,68.04,completado
265,266,66,1,2024-01-31,384.58,completado
266,267,67,2,2024-02-07,307.1,completado
267,268,68,3,2024-02-14,397.46,cancelado
268,269,69,4,2024-02-21,120.59,cancelado
269,270,70,5,2024-02-28,266.06,devuelto
270,271,71,1,2024-03-06,230.75,completado
271,272,72,2,2024-03-13,226.93,completado
272,273,73,3,2024-03-20,431.48,completado
273,274,74,4,2024-03-27,495.12,completado
274,275,75,5,2024-04-03,159.64,completado
275,276,76,1,2024-04-10,314.3,completado
276,277,77,2,2024-04-17,308.72,completado
277,278,78,3,2024-04-24,372.64,cancelado
278,279,79,4,2024-05-01,474.32,cancelado
279,280,80,5,2024-05-08,111.82,devuelto
280,281,81,1,2024-05-15,113.4,completado
281,282,82,2,2024-05-22,333.61,completado
282,283,83,3,2024-05-29,86.96,completado
283,284,84,4,2024-06-05,95.17,completado
284,285,85,5,2024-06-12,46.78,completado
285,286,86,1,2024-06-19,11.31,completado
286,287,87,2,2024-06-26,230.75,completado
287,288,88,3,2024-07-03,300.97,cancelado
288,289,89,4,2024-07-10,152.72,cancelado
289,290,90,5,2024-07-17,123.42,devuelto
290,291,91,1,2024-07-24,356.41,completado
291,292,92,2,2024-07-31,354.46,completado
292,293,93,3,2024-08-07,232.48,completado
293,294,94,4,2024-08-14,346.82,completado
294,295,95,5,2024-08-21,462.72,completado
295,296,96,1,2024-08-28,396.04,completado
296,297,97,2,2024-09-04,316.28,completado
297,298,98,3,2024-09-11,333.98,cancelado
298,299,99,4,2024-09-18,467.5,cancelado
299,300,100,5,2024-09-25,218.32,devuelto
300,301,101,1,2024-10-02,276.84,completado
301,302,102,2,2024-10-09,327.34,completado
302,303,103,3,2024-10-16,455.12,completado
303,304,104,4,2024-10-23,415.05,completado
304,305,105,5,2024-10-30,44.99,completado
305,306,106,1,2024-11-06,91.3,completado
306,307,107,2,2024-11-13,160.73,completado
307,308,108,3,2024-11-20,376.99,cancelado
308,309,109,4,2024-11-27,288.91,cancelado
309,310,110,5,2024-12-04,151.42,devuelto
310,311,111,1,2024-12-11,70.93,completado
311,312,112,2,2024-12-18,347.45,completado
312,313,113,3,2024-12-25,352.87,completado
313,314,114,4,2023-01-02,471.91,completado
314,315,115,5,2023-01-09,255.23,completado
315,316,116,1,2023-01-16,251.96,completado
316,317,117,2,2023-01-23,49.42,completado
317,318,118,3,2023-01-30,29.53,cancelado
318,319,119,4,2023-02-06,221.69,cancelado
319,320,120,5,2023-02-13,167.94,devuelto
320,321,121,1,2023-02-20,132.68,completado
321,322,122,2,2023-02-27,54.75,completado
322,323,123,3,2023-03-06,481.34,completado
323,324,124,4,2023-03-13,419.62,completado
324,325,125,5,2023-03-20,291.85,completado
325,326,126,1,2023-03-27,475.89,completado
326,327,127,2,2023-04-03,499.79,completado
327,328,128,3,2023-04-10,339.42,cancelado
328,329,129,4,2023-04-17,142.06,cancelado
329,330,130,5,2023-04-24,29.71,devuelto
330,331,131,1,2023-05-01,380.57,completado
331,332,132,2,2023-05-08,240.55,completado
332,333,133,3,2023-05-15,329.24,completado
333,334,134,4,2023-05-22,458.88,completado
334,335,135,5,2023-05-29,98.93,completado
335,336,136,1,2023-06-05,296.81,completado
336,337,137,2,2023-06-12,321.04,completado
337,338,138,3,2023-06-19,250.95,cancelado
338,339,139,4,2023-06-26,54.71,cancelado
339,340,140,5,2023-07-03,180.5,devuelto
340,341,141,1,2023-07-10,173.32,completado
341,342,142,2,2023-07-17,338.37,completado
342,343,143,3,2023-07-24,430.29,completado
343,344,144,4,2023-07-31,171.6,completado
344,345,145,5,2023-08-07,349.9,completado
345,346,146,1,2023-08-14,151.23,completado
346,347,147,2,2023-08-21,473.14,completado
347,348,148,3,2023-08-28,408.65,cancelado
348,349,149,4,2023-09-04,279.55,cancelado
349,350,150,5,2023-09-11,232.86,devuelto
350,351,151,1,2023-09-18,164.11,completado
351,352,152,2,2023-09-25,168.4,completado
352,353,153,3,2023-10-02,485.39,completado
353,354,154,4,2023-10-09,208.05,completado
354,355,155,5,2023-10-16,262.15,completado
355,356,156,1,2023-10-23,494.18,completado
356,357,157,2,2023-10-30,332.25,completado
357,358,158,3,2023-11-06,275.87,cancelado
358,359,159,4,2023-11-13,212.49,cancelado
359,360,160,5,2023-11-20,101.92,devuelto
360,361,161,1,2023-11-27,187.27,completado
361,362,162,2,2023-12-04,380.66,completado
362,363,163,3,2023-12-11,316.45,completado
363,364,164,4,2023-12-18,382.4,completado
364,365,165,5,2023-12-25,109.74,completado
365,366,166,1,2024-01-01,279.12,completado
366,367,167,2,2024-01-08,464.56,completado
367,368,168,3,2024-01-15,224.68,cancelado
368,369,169,4,2024-01-22,352.14,cancelado
369,370,170,5,2024-01-29,69.5,devuelto
370,371,171,1,2024-02-05,486.84,completado
371,372,172,2,2024-02-12,308.35,completado
372,373,173,3,2024-02-19,127.26,completado
373,374,174,4,2024-02-26,87.61,completado
374,375,175,5,2024-03-04,279.91,completado
375,376,176,1,2024-03-11,280.6,completado
376,377,177,2,2024-03-18,55.67,completado
377,378,178,3,2024-03-25,496.21,cancelado
378,379,179,4,2024-04-01,457.34,cancelado
379,380,180,5,2024-04-08,236.11,devuelto
380,381,181,1,2024-04-15,67.56,completado
381,382,182,2,2024-04-22,417.75,completado
382,383,183,3,2024-04-29,254.2,completado
383,384,184,4,2024-05-06,361.14,completado
384,385,185,5,2024-05-13,259.35,completado
385,386,186,1,2024-05-20,143.98,completado
386,387,187,2,2024-05-27,419.01,completado
387,388,188,3,2024-06-03,490.32,cancelado
388,389,189,4,2024-06-10,129.43,cancelado
389,390,190,5,2024-06-17,280.12,devuelto
390,391,191,1,2024-06-24,197.96,completado
391,392,192,2,2024-07-01,461.72,completado
392,393,193,3,2024-07-08,259.04,completado
393,394,194,4,2024-07-15,440.87,completado
394,395,195,5,2024-07-22,433.37,completado
395,396,196,1,2024-07-29,145.36,completado
396,397,197,2,2024-08-05,397.1,completado
397,398,198,3,2024-08-12,213.32,cancelado
398,399,199,4,2024-08-19,467.78,cancelado
399,400,200,5,2024-08-26,258.79,devuelto
400,401,1,1,2024-09-02,412.07,completado
401,402,2,2,2024-09-09,148.59,completado
402,403,3,3,2024-09-16,156.29,completado
403,404,4,4,2024-09-23,297.6,completado
404,405,5,5,2024-09-30,499.46,completado
405,406,6,1,2024-10-07,249.92,completado
406,407,7,2,2024-10-14,82.81,completado
407,408,8,3,2024-10-21,273.9,cancelado
408,409,9,4,2024-10-28,179.11,cancelado
409,410,10,5,2024-11-04,280.44,devuelto
410,411,11,1,2024-11-11,276.28,completado
411,412,12,2,2024-11-18,233.12,completado
412,413,13,3,2024-11-25,167.67,completado
413,414,14,4,2024-12-02,102.44,completado
414,415,15,5,2024-12-09,351.77,completado
415,416,16,1,2024-12-16,290.18,completado
416,417,17,2,2024-12-23,124.45,completado
417,418,18,3,2024-12-30,390.02,cancelado
418,419,19,4,2023-01-07,31.39,cancelado
419,420,20,5,2023-01-14,374.91,devuelto
420,421,21,1,2023-01-21,355.56,completado
421,422,22,2,2023-01-28,407.59,completado
422,423,23,3,2023-02-04,199.18,completado
423,424,24,4,2023-02-11,335.21,completado
424,425,25,5,2023-02-18,412.17,completado
425,426,26,1,2023-02-25,490.6,completado
426,427,27,2,2023-03-04,252.71,completado
427,428,28,3,2023-03-11,28.14,cancelado
428,429,29,4,2023-03-18,256.12,cancelado
429,430,30,5,2023-03-25,299.19,devuelto
430,431,31,1,2023-04-01,436.15,completado
431,432,32,2,2023-04-08,438.35,completado
432,433,33,3,2023-04-15,225.75,completado
433,434,34,4,2023-04-22,267.72,completado
434,435,35,5,2023-04-29,233.89,completado
435,436,36,1,2023-05-06,364.0,completado
436,437,37,2,2023-05-13,210.89,completado
437,438,38,3,2023-05-20,330.84,cancelado
438,439,39,4,2023-05-27,85.64,cancelado
439,440,40,5,2023-06-03,240.05,devuelto
440,441,41,1,2023-06-10,484.91,completado
441,442,42,2,2023-06-17,175.9,completado
442,443,43,3,2023-06-24,349.43,completado
443,444,44,4,2023-07-01,328.42,completado
444,445,45,5,2023-07-08,427.36,completado
445,446,46,1,2023-07-15,427.65,completado
446,447,47,2,2023-07-22,431.08,completado
447,448,48,3,2023-07-29,196.2,cancelado
448,449,49,4,2023-08-05,165.16,cancelado
449,450,50,5,2023-08-12,362.17,devuelto
450,451,51,1,2023-08-19,382.11,completado
451,452,52,2,2023-08-26,437.47,completado
452,453,53,3,2023-09-02,27.59,completado
453,454,54,4,2023-09-09,43.53,completado
454,455,55,5,2023-09-16,319.27,completado
455,456,56,1,2023-09-23,461.26,completado
456,457,57,2,2023-09-30,498.74,completado
457,458,58,3,2023-10-07,375.92,cancelado
458,459,59,4,2023-10-14,222.65,cancelado
459,460,60,5,2023-10-21,58.24,devuelto
460,461,61,1,2023-10-28,320.54,completado
461,462,62,2,2023-11-04,437.56,completado
462,463,63,3,2023-11-11,227.4,completado
463,464,64,4,2023-11-18,350.06,completado
464,465,65,5,2023-11-25,452.68,completado
465,466,66,1,2023-12-02,32.54,completado
466,467,67,2,2023-12-09,400.11,completado
467,468,68,3,2023-12-16,153.75,cancelado
468,469,69,4,2023-12-23,193.67,cancelado
469,470,70,5,2023-12-30,81.33,devuelto
470,471,71,1,2024-01-06,270.27,completado
471,472,72,2,2024-01-13,287.3,completado
472,473,73,3,2024-01-20,398.33,completado
473,474,74,4,2024-01-27,93.29,completado
474,475,75,5,2024-02-03,48.69,completado
475,476,76,1,2024-02-10,436.71,completado
476,477,77,2,2024-02-17,313.66,completado
477,478,78,3,2024-02-24,128.01,cancelado
478,479,79,4,2024-03-02,457.29,cancelado
479,480,80,5,2024-03-09,80.13,devuelto
480,481,81,1,2024-03-16,235.96,completado
481,482,82,2,2024-03-23,134.45,completado
482,483,83,3,2024-03-30,135.11,completado
483,484,84,4,2024-04-06,14.6,completado
484,485,85,5,2024-04-13,404.27,completado
485,486,86,1,2024-04-20,451.59,completado
486,487,87,2,2024-04-27,342.03,completado
487,488,88,3,2024-05-04,87.41,cancelado
488,489,89,4,2024-05-11,226.45,cancelado
489,490,90,5,2024-05-18,179.33,devuelto
490,491,91,1,2024-05-25,297.91,completado
491,492,92,2,2024-06-01,323.08,completado
492,493,93,3,2024-06-08,217.91,completado
493,494,94,4,2024-06-15,132.55,completado
494,495,95,5,2024-06-22,424.2,completado
495,496,96,1,2024-06-29,107.62,completado
496,497,97,2,2024-07-06,198.5,completado
497,498,98,3,2024-07-13,246.77,cancelado
498,499,99,4,2024-07-20,126.23,cancelado
499,500,100,5,2024-07-27,290.24,devuelto
500,501,101,1,2024-08-03,291.66,completado
501,502,102,2,2024-08-10,496.42,completado
502,503,103,3,2024-08-17,154.66,completado
503,504,104,4,2024-08-24,489.19,completado
504,505,105,5,2024-08-31,332.53,completado
505,506,106,1,2024-09-07,144.5,completado
506,507,107,2,2024-09-14,287.31,completado
507,508,108,3,2024-09-21,346.04,cancelado
508,509,109,4,2024-09-28,374.89,cancelado
509,510,110,5,2024-10-05,34.03,devuelto
510,511,111,1,2024-10-12,307.14,completado
511,512,112,2,2024-10-19,253.4,completado
512,513,113,3,2024-10-26,453.04,completado
513,514,114,4,2024-11-02,150.24,completado
514,515,115,5,2024-11-09,401.44,completado
515,516,116,1,2024-11-16,307.46,completado
516,517,117,2,2024-11-23,182.64,completado
517,518,118,3,2024-11-30,321.94,cancelado
518,519,119,4,2024-12-07,314.24,cancelado
519,520,120,5,2024-12-14,342.1,devuelto
520,521,121,1,2024-12-21,363.25,completado
521,522,122,2,2024-12-28,333.0,completado
522,523,123,3,2023-01-05,420.79,completado
523,524,124,4,2023-01-12,317.84,completado
524,525,125,5,2023-01-19,452.67,completado
525,526,126,1,2023-01-26,326.71,completado
526,527,127,2,2023-02-02,161.38,completado
527,528,128,3,2023-02-09,226.0,cancelado
528,529,129,4,2023-02-16,293.99,cancelado
529,530,130,5,2023-02-23,368.86,devuelto
530,531,131,1,2023-03-02,54.17,completado
531,532,132,2,2023-03-09,154.6,completado
532,533,133,3,2023-03-16,376.27,completado
533,534,134,4,2023-03-23,96.06,completado
534,535,135,5,2023-03-30,74.76,completado
535,536,136,1,2023-04-06,274.31,completado
536,537,137,2,2023-04-13,486.03,completado
537,538,138,3,2023-04-20,270.12,cancelado
538,539,139,4,2023-04-27,457.61,cancelado
539,540,140,5,2023-05-04,416.93,devuelto
540,541,141,1,2023-05-11,135.92,completado
541,542,142,2,2023-05-18,414.1,completado
542,543,143,3,2023-05-25,246.11,completado
543,544,144,4,2023-06-01,405.18,completado
544,545,145,5,2023-06-08,375.81,completado
545,546,146,1,2023-06-15,175.97,completado
546,547,147,2,2023-06-22,66.43,completado
547,548,148,3,2023-06-29,481.82,cancelado
548,549,149,4,2023-07-06,78.97,cancelado
549,550,150,5,2023-07-13,483.59,devuelto
550,551,151,1,2023-07-20,431.47,completado
551,552,152,2,2023-07-27,364.87,completado
552,553,153,3,2023-08-03,490.17,completado
553,554,154,4,2023-08-10,483.96,completado
554,555,155,5,2023-08-17,404.25,completado
555,556,156,1,2023-08-24,189.23,completado
556,557,157,2,2023-08-31,397.43,completado
557,558,158,3,2023-09-07,16.82,cancelado
558,559,159,4,2023-09-14,272.92,cancelado
559,560,160,5,2023-09-21,232.85,devuelto
560,561,161,1,2023-09-28,339.69,completado
561,562,162,2,2023-10-05,339.45,completado
562,563,163,3,2023-10-12,296.43,completado
563,564,164,4,2023-10-19,412.98,completado
564,565,165,5,2023-10-26,470.74,completado
565,566,166,1,2023-11-02,63.09,completado
566,567,167,2,2023-11-09,124.57,completado
567,568,168,3,2023-11-16,22.26,cancelado
568,569,169,4,2023-11-23,443.28,cancelado
569,570,170,5,2023-11-30,285.09,devuelto
570,571,171,1,2023-12-07,458.48,completado
571,572,172,2,2023-12-14,118.47,completado
572,573,173,3,2023-12-21,40.98,completado
573,574,174,4,2023-12-28,413.69,completado
574,575,175,5,2024-01-04,455.6,completado
575,576,176,1,2024-01-11,158.07,completado
576,577,177,2,2024-01-18,210.06,completado
577,578,178,3,2024-01-25,78.49,cancelado
578,579,179,4,2024-02-01,473.67,cancelado
579,580,180,5,2024-02-08,159.14,devuelto
580,581,181,1,2024-02-15,251.39,completado
581,582,182,2,2024-02-22,57.62,completado
582,583,183,3,2024-02-29,444.76,completado
583,584,184,4,2024-03-07,76.48,completado
584,585,185,5,2024-03-14,232.29,completado
585,586,186,1,2024-03-21,338.54,completado
586,587,187,2,2024-03-28,374.14,completado
587,588,188,3,2024-04-04,473.53,cancelado
588,589,189,4,2024-04-11,215.37,cancelado
589,590,190,5,2024-04-18,373.71,devuelto
590,591,191,1,2024-04-25,85.72,completado
591,592,192,2,2024-05-02,213.29,completado
592,593,193,3,2024-05-09,58.52,completado
593,594,194,4,2024-05-16,249.78,completado
594,595,195,5,2024-05-23,209.98,completado
595,596,196,1,2024-05-30,476.25,completado
596,597,197,2,2024-06-06,26.03,completado
597,598,198,3,2024-06-13,191.56,cancelado
598,599,199,4,2024-06-20,227.26,cancelado
599,600,200,5,2024-06-27,475.77,devuelto
600,601,1,1,2024-07-04,429.17,completado
601,602,2,2,2024-07-11,58.68,completado
602,603,3,3,2024-07-18,345.98,completado
603,604,4,4,2024-07-25,276.79,completado
604,605,5,5,2024-08-01,489.14,completado
605,606,6,1,2024-08-08,185.75,completado
606,607,7,2,2024-08-15,205.09,completado
607,608,8,3,2024-08-22,103.01,cancelado
608,609,9,4,2024-08-29,69.86,cancelado
609,610,10,5,2024-09-05,425.54,devuelto
610,611,11,1,2024-09-12,232.81,completado
611,612,12,2,2024-09-19,334.76,completado
612,613,13,3,2024-09-26,324.44,completado
613,614,14,4,2024-10-03,302.6,completado
614,615,15,5,2024-10-10,20.47,completado
615,616,16,1,2024-10-17,395.53,completado
616,617,17,2,2024-10-24,129.35,completado
617,618,18,3,2024-10-31,71.7,cancelado
618,619,19,4,2024-11-07,286.64,cancelado
619,620,20,5,2024-11-14,43.62,devuelto
620,621,21,1,2024-11-21,384.93,completado
621,622,22,2,2024-11-28,111.51,completado
622,623,23,3,2024-12-05,115.82,completado
623,624,24,4,2024-12-12,436.15,completado
624,625,25,5,2024-12-19,170.99,completado
625,626,26,1,2024-12-26,82.3,completado
626,627,27,2,2023-01-03,451.26,completado
627,628,28,3,2023-01-10,11.39,cancelado
628,629,29,4,2023-01-17,430.62,cancelado
629,630,30,5,2023-01-24,80.9,devuelto
630,631,31,1,2023-01-31,73.7,completado
631,632,32,2,2023-02-07,132.82,completado
632,633,33,3,2023-02-14,95.5,completado
633,634,34,4,2023-02-21,333.92,completado
634,635,35,5,2023-02-28,22.63,completado
635,636,36,1,2023-03-07,17.28,completado
636,637,37,2,2023-03-14,397.09,completado
637,638,38,3,2023-03-21,126.59,cancelado
638,639,39,4,2023-03-28,168.65,cancelado
639,640,40,5,2023-04-04,95.38,devuelto
640,641,41,1,2023-04-11,35.68,completado
641,642,42,2,2023-04-18,373.44,completado
642,643,43,3,2023-04-25,267.78,completado
643,644,44,4,2023-05-02,375.38,completado
644,645,45,5,2023-05-09,243.36,completado
645,646,46,1,2023-05-16,391.23,completado
646,647,47,2,2023-05-23,261.49,completado
647,648,48,3,2023-05-30,63.44,cancelado
648,649,49,4,2023-06-06,256.88,cancelado
649,650,50,5,2023-06-13,473.25,devuelto
650,651,51,1,2023-06-20,31.25,completado
651,652,52,2,2023-06-27,393.78,completado
652,653,53,3,2023-07-04,434.82,completado
653,654,54,4,2023-07-11,265.51,completado
654,655,55,5,2023-07-18,234.44,completado
655,656,56,1,2023-07-25,482.37,completado
656,657,57,2,2023-08-01,39.8,completado
657,658,58,3,2023-08-08,244.7,cancelado
658,659,59,4,2023-08-15,206.79,cancelado
659,660,60,5,2023-08-22,346.19,devuelto
660,661,61,1,2023-08-29,250.23,completado
661,662,62,2,2023-09-05,455.75,completado
662,663,63,3,2023-09-12,46.01,completado
663,664,64,4,2023-09-19,49.59,completado
664,665,65,5,2023-09-26,308.07,completado
665,666,66,1,2023-10-03,42.18,completado
666,667,67,2,2023-10-10,144.76,completado
667,668,68,3,2023-10-17,320.21,cancelado
668,669,69,4,2023-10-24,278.69,cancelado
669,670,70,5,2023-10-31,169.34,devuelto
670,671,71,1,2023-11-07,497.37,completado
671,672,72,2,2023-11-14,269.97,completado
672,673,73,3,2023-11-21,232.32,completado
673,674,74,4,2023-11-28,306.66,completado
674,675,75,5,2023-12-05,58.6,completado
675,676,76,1,2023-12-12,353.87,completado
676,677,77,2,2023-12-19,427.87,completado
677,678,78,3,2023-12-26,328.95,cancelado
678,679,79,4,2024-01-02,386.79,cancelado
679,680,80,5,2024-01-09,363.21,devuelto
680,681,81,1,2024-01-16,115.36,completado
681,682,82,2,2024-01-23,231.26,completado
682,683,83,3,2024-01-30,121.96,completado
683,684,84,4,2024-02-06,176.08,completado
684,685,85,5,2024-02-13,232.21,completado
685,686,86,1,2024-02-20,213.83,completado
686,687,87,2,2024-02-27,56.59,completado
687,688,88,3,2024-03-05,219.11,cancelado
688,689,89,4,2024-03-12,335.9,cancelado
689,690,90,5,2024-03-19,193.41,devuelto
690,691,91,1,2024-03-26,84.79,completado
691,692,92,2,2024-04-02,462.26,completado
692,693,93,3,2024-04-09,42.9,completado
693,694,94,4,2024-04-16,417.57,completado
694,695,95,5,2024-04-23,55.68,completado
695,696,96,1,2024-04-30,57.32,completado
696,697,97,2,2024-05-07,372.01,completado
697,698,98,3,2024-05-14,407.77,cancelado
698,699,99,4,2024-05-21,282.62,cancelado
699,700,100,5,2024-05-28,297.37,devuelto
700,701,101,1,2024-06-04,285.18,completado
701,702,102,2,2024-06-11,171.53,completado
702,703,103,3,2024-06-18,69.89,completado
703,704,104,4,2024-06-25,183.26,completado
704,705,105,5,2024-07-02,336.02,completado
705,706,106,1,2024-07-09,377.64,completado
706,707,107,2,2024-07-16,435.37,completado
707,708,108,3,2024-07-23,363.32,cancelado
708,709,109,4,2024-07-30,484.52,cancelado
709,710,110,5,2024-08-06,304.2,devuelto
710,711,111,1,2024-08-13,182.31,completado
711,712,112,2,2024-08-20,293.18,completado
712,713,113,3,2024-08-27,114.24,completado
713,714,114,4,2024-09-03,331.8,completado
714,715,115,5,2024-09-10,119.88,completado
715,716,116,1,2024-09-17,63.03,completado
716,717,117,2,2024-09-24,424.23,completado
717,718,118,3,2024-10-01,190.1,cancelado
718,719,119,4,2024-10-08,383.68,cancelado
719,720,120,5,2024-10-15,291.31,devuelto
720,721,121,1,2024-10-22,405.54,completado
721,722,122,2,2024-10-29,424.13,completado
722,723,123,3,2024-11-05,487.53,completado
723,724,124,4,2024-11-12,411.03,completado
724,725,125,5,2024-11-19,310.65,completado
725,726,126,1,2024-11-26,324.92,completado
726,727,127,2,2024-12-03,22.86,completado
727,728,128,3,2024-12-10,465.25,cancelado
728,729,129,4,2024-12-17,416.44,cancelado
729,730,130,5,2024-12-24,141.05,devuelto
730,731,131,1,2023-01-01,98.4,completado
731,732,132,2,2023-01-08,354.32,completado
732,733,133,3,2023-01-15,161.4,completado
733,734,134,4,2023-01-22,176.51,completado
734,735,135,5,2023-01-29,12.99,completado
735,736,136,1,2023-02-05,436.23,completado
736,737,137,2,2023-02-12,287.5,completado
737,738,138,3,2023-02-19,206.38,cancelado
738,739,139,4,2023-02-26,79.52,cancelado
739,740,140,5,2023-03-05,320.25,devuelto
740,741,141,1,2023-03-12,25.02,completado
741,742,142,2,2023-03-19,375.59,completado
742,743,143,3,2023-03-26,115.42,completado
743,744,144,4,2023-04-02,215.72,completado
744,745,145,5,2023-04-09,177.04,completado
745,746,146,1,2023-04-16,191.33,completado
746,747,147,2,2023-04-23,363.58,completado
747,748,148,3,2023-04-30,390.65,cancelado
748,749,149,4,2023-05-07,288.12,cancelado
749,750,150,5,2023-05-14,51.63,devuelto
750,751,151,1,2023-05-21,35.78,completado
751,752,152,2,2023-05-28,87.13,completado
752,753,153,3,2023-06-04,312.74,completado
753,754,154,4,2023-06-11,340.24,completado
754,755,155,5,2023-06-18,143.33,completado
755,756,156,1,2023-06-25,334.35,completado
756,757,157,2,2023-07-02,247.97,completado
757,758,158,3,2023-07-09,226.6,cancelado
758,759,159,4,2023-07-16,143.85,cancelado
759,760,160,5,2023-07-23,379.92,devuelto
760,761,161,1,2023-07-30,65.77,completado
761,762,162,2,2023-08-06,220.66,completado
762,763,163,3,2023-08-13,148.79,completado
763,764,164,4,2023-08-20,342.46,completado
764,765,165,5,2023-08-27,248.45,completado
765,766,166,1,2023-09-03,336.89,completado
766,767,167,2,2023-09-10,32.25,completado
767,768,168,3,2023-09-17,203.68,cancelado
768,769,169,4,2023-09-24,303.67,cancelado
769,770,170,5,2023-10-01,13.77,devuelto
770,771,171,1,2023-10-08,157.7,completado
771,772,172,2,2023-10-15,113.5,completado
772,773,173,3,2023-10-22,77.25,completado
773,774,174,4,2023-10-29,135.2,completado
774,775,175,5,2023-11-05,170.78,completado
775,776,176,1,2023-11-12,13.79,completado
776,777,177,2,2023-11-19,376.04,completado
777,778,178,3,2023-11-26,96.09,cancelado
778,779,179,4,2023-12-03,196.3,cancelado
779,780,180,5,2023-12-10,354.8,devuelto
780,781,181,1,2023-12-17,255.13,completado
781,782,182,2,2023-12-24,418.34,completado
782,783,183,3,2023-12-31,405.04,completado
783,784,184,4,2024-01-07,45.32,completado
784,785,185,5,2024-01-14,432.26,completado
785,786,186,1,2024-01-21,30.73,completado
786,787,187,2,2024-01-28,19.18,completado
787,788,188,3,2024-02-04,461.37,cancelado
788,789,189,4,2024-02-11,432.43,cancelado
789,790,190,5,2024-02-18,292.12,devuelto
790,791,191,1,2024-02-25,290.97,completado
791,792,192,2,2024-03-03,357.65,completado
792,793,193,3,2024-03-10,214.67,completado
793,794,194,4,2024-03-17,66.43,completado
794,795,195,5,2024-03-24,20.22,completado
795,796,196,1,2024-03-31,169.14,completado
796,797,197,2,2024-04-07,402.65,completado
797,798,198,3,2024-04-14,312.88,cancelado
798,799,199,4,2024-04-21,417.69,cancelado
799,800,200,5,2024-04-28,460.69,devuelto
800,801,1,1,2024-05-05,53.18,completado
801,802,2,2,2024-05-12,423.8,completado
802,803,3,3,2024-05-19,129.23,completado
803,804,4,4,2024-05-26,298.55,completado
804,805,5,5,2024-06-02,266.74,completado
805,806,6,1,2024-06-09,203.93,completado
806,807,7,2,2024-06-16,162.03,completado
807,808,8,3,2024-06-23,176.36,cancelado
808,809,9,4,2024-06-30,173.2,cancelado
809,810,10,5,2024-07-07,92.39,devuelto
810,811,11,1,2024-07-14,260.14,completado
811,812,12,2,2024-07-21,65.87,completado
812,813,13,3,2024-07-28,259.88,completado
813,814,14,4,2024-08-04,453.9,completado
814,815,15,5,2024-08-11,181.19,completado
815,816,16,1,2024-08-18,366.42,completado
816,817,17,2,2024-08-25,411.28,completado
817,818,18,3,2024-09-01,409.37,cancelado
818,819,19,4,2024-09-08,125.77,cancelado
819,820,20,5,2024-09-15,81.76,devuelto
820,821,21,1,2024-09-22,106.66,completado
821,822,22,2,2024-09-29,305.18,completado
822,823,23,3,2024-10-06,382.51,completado
823,824,24,4,2024-10-13,331.2,completado
824,825,25,5,2024-10-20,96.8,completado
825,826,26,1,2024-10-27,388.7,completado
826,827,27,2,2024-11-03,252.12,completado
827,828,28,3,2024-11-10,379.68,cancelado
828,829,29,4,2024-11-17,382.34,cancelado
829,830,30,5,2024-11-24,229.96,devuelto
830,831,31,1,2024-12-01,462.84,completado
831,832,32,2,2024-12-08,286.6,completado
832,833,33,3,2024-12-15,321.3,completado
833,834,34,4,2024-12-22,316.02,completado
834,835,35,5,2024-12-29,433.48,completado
835,836,36,1,2023-01-06,317.34,completado
836,837,37,2,2023-01-13,83.97,completado
837,838,38,3,2023-01-20,43.46,cancelado
838,839,39,4,2023-01-27,226.68,cancelado
839,840,40,5,2023-02-03,158.38,devuelto
840,841,41,1,2023-02-10,144.59,completado
841,842,42,2,2023-02-17,37.52,completado
842,843,43,3,2023-02-24,258.6,completado
843,844,44,4,2023-03-03,162.1,completado
844,845,45,5,2023-03-10,231.44,completado
845,846,46,1,2023-03-17,37.88,completado
846,847,47,2,2023-03-24,417.53,completado
847,848,48,3,2023-03-31,47.6,cancelado
848,849,49,4,2023-04-07,433.48,cancelado
849,850,50,5,2023-04-14,429.09,devuelto
850,851,51,1,2023-04-21,311.35,completado
851,852,52,2,2023-04-28,258.46,completado
852,853,53,3,2023-05-05,236.73,completado
853,854,54,4,2023-05-12,281.62,completado
854,855,55,5,2023-05-19,397.99,completado
855,856,56,1,2023-05-26,448.98,completado
856,857,57,2,2023-06-02,230.37,completado
857,858,58,3,2023-06-09,406.81,cancelado
858,859,59,4,2023-06-16,329.4,cancelado
859,860,60,5,2023-06-23,167.55,devuelto
860,861,61,1,2023-06-30,243.06,completado
861,862,62,2,2023-07-07,83.92,completado
862,863,63,3,2023-07-14,40.32,completado
863,864,64,4,2023-07-21,60.72,completado
864,865,65,5,2023-07-28,450.57,completado
865,866,66,1,2023-08-04,178.28,completado
866,867,67,2,2023-08-11,360.01,completado
867,868,68,3,2023-08-18,257.23,cancelado
868,869,69,4,2023-08-25,94.55,cancelado
869,870,70,5,2023-09-01,131.39,devuelto
870,871,71,1,2023-09-08,224.5,completado
871,872,72,2,2023-09-15,225.32,completado
872,873,73,3,2023-09-22,266.15,completado
873,874,74,4,2023-09-29,87.79,completado
874,875,75,5,2023-10-06,192.7,completado
875,876,76,1,2023-10-13,148.62,completado
876,877,77,2,2023-10-20,210.3,completado
877,878,78,3,2023-10-27,175.8,cancelado
878,879,79,4,2023-11-03,302.96,cancelado
879,880,80,5,2023-11-10,396.72,devuelto
880,881,81,1,2023-11-17,327.18,completado
881,882,82,2,2023-11-24,42.3,completado
882,883,83,3,2023-12-01,56.31,completado
883,884,84,4,2023-12-08,342.41,completado
884,885,85,5,2023-12-15,149.23,completado
885,886,86,1,2023-12-22,364.63,completado
886,887,87,2,2023-12-29,331.72,completado
887,888,88,3,2024-01-05,454.11,cancelado
888,889,89,4,2024-01-12,437.91,cancelado
889,890,90,5,2024-01-19,173.35,devuelto
890,891,91,1,2024-01-26,295.54,completado
891,892,92,2,2024-02-02,79.3,completado
892,893,93,3,2024-02-09,181.41,completado
893,894,94,4,2024-02-16,484.17,completado
894,895,95,5,2024-02-23,352.26,completado
895,896,96,1,2024-03-01,202.06,completado
896,897,97,2,2024-03-08,301.57,completado
897,898,98,3,2024-03-15,469.62,cancelado
898,899,99,4,2024-03-22,161.7,cancelado
899,900,100,5,2024-03-29,194.57,devuelto
900,901,101,1,2024-04-05,397.91,completado
901,902,102,2,2024-04-12,408.46,completado
902,903,103,3,2024-04-19,338.36,completado
903,904,104,4,2024-04-26,416.19,completado
904,905,105,5,2024-05-03,372.0,completado
905,906,106,1,2024-05-10,345.85,completado
906,907,107,2,2024-05-17,267.93,completado
907,908,108,3,2024-05-24,326.55,cancelado
908,909,109,4,2024-05-31,217.47,cancelado
909,910,110,5,2024-06-07,187.3,devuelto
910,911,111,1,2024-06-14,187.67,completado
911,912,112,2,2024-06-21,98.33,completado
912,913,113,3,2024-06-28,114.95,completado
913,914,114,4,2024-07-05,474.36,completado
914,915,115,5,2024-07-12,248.27,completado
915,916,116,1,2024-07-19,121.01,completado
916,917,117,2,2024-07-26,77.41,completado
917,918,118,3,2024-08-02,47.81,cancelado
918,919,119,4,2024-08-09,423.77,cancelado
919,920,120,5,2024-08-16,59.56,devuelto
920,921,121,1,2024-08-23,387.73,completado
921,922,122,2,2024-08-30,419.21,completado
922,923,123,3,2024-09-06,443.0,completado
923,924,124,4,2024-09-13,28.5,completado
924,925,125,5,2024-09-20,175.01,completado
925,926,126,1,2024-09-27,385.49,completado
926,927,127,2,2024-10-04,74.21,completado
927,928,128,3,2024-10-11,194.59,cancelado
928,929,129,4,2024-10-18,89.5,cancelado
929,930,130,5,2024-10-25,417.36,devuelto
930,931,131,1,2024-11-01,387.84,completado
931,932,132,2,2024-11-08,406.43,completado
932,933,133,3,2024-11-15,91.11,completado
933,934,134,4,2024-11-22,224.46,completado
934,935,135,5,2024-11-29,211.32,completado
935,936,136,1,2024-12-06,341.42,completado
936,937,137,2,2024-12-13,126.39,completado
937,938,138,3,2024-12-20,227.66,cancelado
938,939,139,4,2024-12-27,149.61,cancelado
939,940,140,5,2023-01-04,376.78,devuelto
940,941,141,1,2023-01-11,229.97,completado
941,942,142,2,2023-01-18,271.67,completado
942,943,143,3,2023-01-25,161.64,completado
943,944,144,4,2023-02-01,406.23,completado
944,945,145,5,2023-02-08,239.82,completado
945,946,146,1,2023-02-15,419.21,completado
946,947,147,2,2023-02-22,190.24,completado
947,948,148,3,2023-03-01,474.09,cancelado
948,949,149,4,2023-03-08,492.38,cancelado
949,950,150,5,2023-03-15,236.22,devuelto
950,951,151,1,2023-03-22,148.07,completado
951,952,152,2,2023-03-29,197.12,completado
952,953,153,3,2023-04-05,268.46,completado
953,954,154,4,2023-04-12,483.47,completado
954,955,155,5,2023-04-19,410.28,completado
955,956,156,1,2023-04-26,402.62,completado
956,957,157,2,2023-05-03,77.82,completado
957,958,158,3,2023-05-10,132.5,cancelado
958,959,159,4,2023-05-17,324.18,cancelado
959,960,160,5,2023-05-24,438.32,devuelto
960,961,161,1,2023-05-31,281.72,completado
961,962,162,2,2023-06-07,60.27,completado
962,963,163,3,2023-06-14,424.49,completado
963,964,164,4,2023-06-21,427.07,completado
964,965,165,5,2023-06-28,149.68,completado
965,966,166,1,2023-07-05,383.93,completado
966,967,167,2,2023-07-12,143.67,completado
967,968,168,3,2023-07-19,453.6,cancelado
968,969,169,4,2023-07-26,82.2,cancelado
969,970,170,5,2023-08-02,224.36,devuelto
970,971,171,1,2023-08-09,473.74,completado
971,972,172,2,2023-08-16,118.8,completado
972,973,173,3,2023-08-23,231.05,completado
973,974,174,4,2023-08-30,181.3,completado
974,975,175,5,2023-09-06,23.07,completado
975,976,176,1,2023-09-13,36.1,completado
976,977,177,2,2023-09-20,255.98,completado
977,978,178,3,2023-09-27,125.53,cancelado
978,979,179,4,2023-10-04,497.32,cancelado
979,980,180,5,2023-10-11,193.71,devuelto
980,981,181,1,2023-10-18,23.81,completado
981,982,182,2,2023-10-25,466.1,completado
982,983,183,3,2023-11-01,421.2,completado
983,984,184,4,2023-11-08,328.48,completado
984,985,185,5,2023-11-15,397.78,completado
985,986,186,1,2023-11-22,77.42,completado
986,987,187,2,2023-11-29,150.57,completado
987,988,188,3,2023-12-06,416.58,cancelado
988,989,189,4,2023-12-13,351.08,cancelado
989,990,190,5,2023-12-20,78.01,devuelto
990,991,191,1,2023-12-27,355.71,completado
991,992,192,2,2024-01-03,229.81,completado
992,993,193,3,2024-01-10,12.57,completado
993,994,194,4,2024-01-17,48.82,completado
994,995,195,5,2024-01-24,135.4,completado
995,996,196,1,2024-01-31,419.13,completado
996,997,197,2,2024-02-07,278.91,completado
997,998,198,3,2024-02-14,366.35,cancelado
998,999,199,4,2024-02-21,268.61,cancelado
999,1000,200,5,2024-02-28,64.48,devuelto
1000,1001,1,1,2024-03-06,151.17,completado
1001,1002,2,2,2024-03-13,157.56,completado
1002,1003,3,3,2024-03-20,33.4,completado
1003,1004,4,4,2024-03-27,215.71,completado
1004,1005,5,5,2024-04-03,399.01,completado
1005,1006,6,1,2024-04-10,233.99,completado
1006,1007,7,2,2024-04-17,64.32,completado
1007,1008,8,3,2024-04-24,453.52,cancelado
1008,1009,9,4,2024-05-01,302.4,cancelado
1009,1010,10,5,2024-05-08,18.05,devuelto
1010,1011,11,1,2024-05-15,262.53,completado
1011,1012,12,2,2024-05-22,128.55,completado
1012,1013,13,3,2024-05-29,80.35,completado
1013,1014,14,4,2024-06-05,220.33,completado
1014,1015,15,5,2024-06-12,311.26,completado
1015,1016,16,1,2024-06-19,127.88,completado
1016,1017,17,2,2024-06-26,214.12,completado
1017,1018,18,3,2024-07-03,335.54,cancelado
1018,1019,19,4,2024-07-10,51.95,cancelado
1019,1020,20,5,2024-07-17,487.58,devuelto
1020,1021,21,1,2024-07-24,43.16,completado
1021,1022,22,2,2024-07-31,267.77,completado
1022,1023,23,3,2024-08-07,258.59,completado
1023,1024,24,4,2024-08-14,494.28,completado
1024,1025,25,5,2024-08-21,281.53,completado
1025,1026,26,1,2024-08-28,201.32,completado
1026,1027,27,2,2024-09-04,240.37,completado
1027,1028,28,3,2024-09-11,321.48,cancelado
1028,1029,29,4,2024-09-18,490.71,cancelado
1029,1030,30,5,2024-09-25,134.29,devuelto
1030,1031,31,1,2024-10-02,17.96,completado
1031,1032,32,2,2024-10-09,396.37,completado
1032,1033,33,3,2024-10-16,178.95,completado
1033,1034,34,4,2024-10-23,369.14,completado
1034,1035,35,5,2024-10-30,317.85,completado
1035,1036,36,1,2024-11-06,388.04,completado
1036,1037,37,2,2024-11-13,370.24,completado
1037,1038,38,3,2024-11-20,172.93,cancelado
1038,1039,39,4,2024-11-27,31.72,cancelado
1039,1040,40,5,2024-12-04,277.55,devuelto
1040,1041,41,1,2024-12-11,408.62,completado
1041,1042,42,2,2024-12-18,95.79,completado
1042,1043,43,3,2024-12-25,391.78,completado
1043,1044,44,4,2023-01-02,237.67,completado
1044,1045,45,5,2023-01-09,350.74,completado
1045,1046,46,1,2023-01-16,319.55,completado
1046,1047,47,2,2023-01-23,407.63,completado
1047,1048,48,3,2023-01-30,40.92,cancelado
1048,1049,49,4,2023-02-06,390.33,cancelado
1049,1050,50,5,2023-02-13,234.26,devuelto
1050,1051,51,1,2023-02-20,153.79,completado
1051,1052,52,2,2023-02-27,31.47,completado
1052,1053,53,3,2023-03-06,107.74,completado
1053,1054,54,4,2023-03-13,30.53,completado
1054,1055,55,5,2023-03-20,467.35,completado
1055,1056,56,1,2023-03-27,262.54,completado
1056,1057,57,2,2023-04-03,494.67,completado
1057,1058,58,3,2023-04-10,276.09,cancelado
1058,1059,59,4,2023-04-17,134.12,cancelado
1059,1060,60,5,2023-04-24,379.11,devuelto
1060,1061,61,1,2023-05-01,103.64,completado
1061,1062,62,2,2023-05-08,184.92,completado
1062,1063,63,3,2023-05-15,392.61,completado
1063,1064,64,4,2023-05-22,434.24,completado
1064,1065,65,5,2023-05-29,172.64,completado
1065,1066,66,1,2023-06-05,70.99,completado
1066,1067,67,2,2023-06-12,190.33,completado
1067,1068,68,3,2023-06-19,445.85,cancelado
1068,1069,69,4,2023-06-26,374.22,cancelado
1069,1070,70,5,2023-07-03,448.37,devuelto
1070,1071,71,1,2023-07-10,199.46,completado
1071,1072,72,2,2023-07-17,487.12,completado
1072,1073,73,3,2023-07-24,253.14,completado
1073,1074,74,4,2023-07-31,253.79,completado
1074,1075,75,5,2023-08-07,462.91,completado
1075,1076,76,1,2023-08-14,264.45,completado
1076,1077,77,2,2023-08-21,402.56,completado
1077,1078,78,3,2023-08-28,366.27,cancelado
1078,1079,79,4,2023-09-04,48.67,cancelado
1079,1080,80,5,2023-09-11,305.2,devuelto
1080,1081,81,1,2023-09-18,412.95,completado
1081,1082,82,2,2023-09-25,277.28,completado
1082,1083,83,3,2023-10-02,167.39,completado
1083,1084,84,4,2023-10-09,49.23,completado
1084,1085,85,5,2023-10-16,333.85,completado
1085,1086,86,1,2023-10-23,160.18,completado
1086,1087,87,2,2023-10-30,305.28,completado
1087,1088,88,3,2023-11-06,218.8,cancelado
1088,1089,89,4,2023-11-13,347.98,cancelado
1089,1090,90,5,2023-11-20,182.26,devuelto
1090,1091,91,1,2023-11-27,30.75,completado
1091,1092,92,2,2023-12-04,436.32,completado
1092,1093,93,3,2023-12-11,182.75,completado
1093,1094,94,4,2023-12-18,499.09,completado
1094,1095,95,5,2023-12-25,144.53,completado
1095,1096,96,1,2024-01-01,490.21,completado
1096,1097,97,2,2024-01-08,474.47,completado
1097,1098,98,3,2024-01-15,46.77,cancelado
1098,1099,99,4,2024-01-22,322.38,cancelado
1099,1100,100,5,2024-01-29,188.02,devuelto
1100,1101,101,1,2024-02-05,402.54,completado
1101,1102,102,2,2024-02-12,342.91,completado
1102,1103,103,3,2024-02-19,476.87,completado
1103,1104,104,4,2024-02-26,79.96,completado
1104,1105,105,5,2024-03-04,307.71,completado
1105,1106,106,1,2024-03-11,392.84,completado
1106,1107,107,2,2024-03-18,27.05,completado
1107,1108,108,3,2024-03-25,42.94,cancelado
1108,1109,109,4,2024-04-01,391.47,cancelado
1109,1110,110,5,2024-04-08,189.5,devuelto
1110,1111,111,1,2024-04-15,197.6,completado
1111,1112,112,2,2024-04-22,287.95,completado
1112,1113,113,3,2024-04-29,306.5,completado
1113,1114,114,4,2024-05-06,342.74,completado
1114,1115,115,5,2024-05-13,474.92,completado
1115,1116,116,1,2024-05-20,192.29,completado
1116,1117,117,2,2024-05-27,383.91,completado
1117,1118,118,3,2024-06-03,291.22,cancelado
1118,1119,119,4,2024-06-10,269.44,cancelado
1119,1120,120,5,2024-06-17,205.04,devuelto
1120,1121,121,1,2024-06-24,328.28,completado
1121,1122,122,2,2024-07-01,132.31,completado
1122,1123,123,3,2024-07-08,65.59,completado
1123,1124,124,4,2024-07-15,370.48,completado
1124,1125,125,5,2024-07-22,254.53,completado
1125,1126,126,1,2024-07-29,199.62,completado
1126,1127,127,2,2024-08-05,285.22,completado
1127,1128,128,3,2024-08-12,138.27,cancelado
1128,1129,129,4,2024-08-19,137.54,cancelado
1129,1130,130,5,2024-08-26,228.67,devuelto
1130,1131,131,1,2024-09-02,498.22,completado
1131,1132,132,2,2024-09-09,149.93,completado
1132,1133,133,3,2024-09-16,459.07,completado
1133,1134,134,4,2024-09-23,250.69,completado
1134,1135,135,5,2024-09-30,70.09,completado
1135,1136,136,1,2024-10-07,427.88,completado
1136,1137,137,2,2024-10-14,231.5,completado
1137,1138,138,3,2024-10-21,450.35,cancelado
1138,1139,139,4,2024-10-28,228.1,cancelado
1139,1140,140,5,2024-11-04,53.02,devuelto
1140,1141,141,1,2024-11-11,344.15,completado
1141,1142,142,2,2024-11-18,424.31,completado
1142,1143,143,3,2024-11-25,166.6,completado
1143,1144,144,4,2024-12-02,180.24,completado
1144,1145,145,5,2024-12-09,41.82,completado
1145,1146,146,1,2024-12-16,275.66,completado
1146,1147,147,2,2024-12-23,446.75,completado
1147,1148,148,3,2024-12-30,427.17,cancelado
1148,1149,149,4,2023-01-07,358.79,cancelado
1149,1150,150,5,2023-01-14,464.39,devuelto
1150,1151,151,1,2023-01-21,322.47,completado
1151,1152,152,2,2023-01-28,398.91,completado
1152,1153,153,3,2023-02-04,259.29,completado
1153,1154,154,4,2023-02-11,69.47,completado
1154,1155,155,5,2023-02-18,108.48,completado
1155,1156,156,1,2023-02-25,78.05,completado
1156,1157,157,2,2023-03-04,397.28,completado
1157,1158,158,3,2023-03-11,22.88,cancelado
1158,1159,159,4,2023-03-18,281.47,cancelado
1159,1160,160,5,2023-03-25,190.77,devuelto
1160,1161,161,1,2023-04-01,403.79,completado
1161,1162,162,2,2023-04-08,280.31,completado
1162,1163,163,3,2023-04-15,309.85,completado
1163,1164,164,4,2023-04-22,52.25,completado
1164,1165,165,5,2023-04-29,161.55,completado
1165,1166,166,1,2023-05-06,499.8,completado
1166,1167,167,2,2023-05-13,362.25,completado
1167,1168,168,3,2023-05-20,267.59,cancelado
1168,1169,169,4,2023-05-27,386.89,cancelado
1169,1170,170,5,2023-06-03,413.44,devuelto
1170,1171,171,1,2023-06-10,46.14,completado
1171,1172,172,2,2023-06-17,486.47,completado
1172,1173,173,3,2023-06-24,324.75,completado
1173,1174,174,4,2023-07-01,230.49,completado
1174,1175,175,5,2023-07-08,343.25,completado
1175,1176,176,1,2023-07-15,178.81,completado
1176,1177,177,2,2023-07-22,440.2,completado
1177,1178,178,3,2023-07-29,392.33,cancelado
1178,1179,179,4,2023-08-05,323.5,cancelado
1179,1180,180,5,2023-08-12,99.16,devuelto
1180,1181,181,1,2023-08-19,483.47,completado
1181,1182,182,2,2023-08-26,221.98,completado
1182,1183,183,3,2023-09-02,456.25,completado
1183,1184,184,4,2023-09-09,37.15,completado
1184,1185,185,5,2023-09-16,70.84,completado
1185,1186,186,1,2023-09-23,84.98,completado
1186,1187,187,2,2023-09-30,90.68,completado
1187,1188,188,3,2023-10-07,168.1,cancelado
1188,1189,189,4,2023-10-14,357.57,cancelado
1189,1190,190,5,2023-10-21,179.55,devuelto
1190,1191,191,1,2023-10-28,471.04,completado
1191,1192,192,2,2023-11-04,448.51,completado
1192,1193,193,3,2023-11-11,424.51,completado
1193,1194,194,4,2023-11-18,132.8,completado
1194,1195,195,5,2023-11-25,321.18,completado
1195,1196,196,1,2023-12-02,279.91,completado
1196,1197,197,2,2023-12-09,71.33,completado
1197,1198,198,3,2023-12-16,158.38,cancelado
1198,1199,199,4,2023-12-23,271.4,cancelado
1199,1200,200,5,2023-12-30,256.26,devuelto
1200,1201,1,1,2024-01-06,92.63,completado
1201,1202,2,2,2024-01-13,471.39,completado
1202,1203,3,3,2024-01-20,85.56,completado
1203,1204,4,4,2024-01-27,332.78,completado
1204,1205,5,5,2024-02-03,363.11,completado
1205,1206,6,1,2024-02-10,306.52,completado
1206,1207,7,2,2024-02-17,422.84,completado
1207,1208,8,3,2024-02-24,286.17,cancelado
1208,1209,9,4,2024-03-02,414.37,cancelado
1209,1210,10,5,2024-03-09,23.9,devuelto
1210,1211,11,1,2024-03-16,32.28,completado
1211,1212,12,2,2024-03-23,324.31,completado
1212,1213,13,3,2024-03-30,292.62,completado
1213,1214,14,4,2024-04-06,329.05,completado
1214,1215,15,5,2024-04-13,385.81,completado
1215,1216,16,1,2024-04-20,214.13,completado
1216,1217,17,2,2024-04-27,323.11,completado
1217,1218,18,3,2024-05-04,254.04,cancelado
1218,1219,19,4,2024-05-11,317.31,cancelado
1219,1220,20,5,2024-05-18,151.94,devuelto
1220,1221,21,1,2024-05-25,478.76,completado
1221,1222,22,2,2024-06-01,246.64,completado
1222,1223,23,3,2024-06-08,404.3,completado
1223,1224,24,4,2024-06-15,345.65,completado
1224,1225,25,5,2024-06-22,155.74,completado
1225,1226,26,1,2024-06-29,45.76,completado
1226,1227,27,2,2024-07-06,39.36,completado
1227,1228,28,3,2024-07-13,225.41,cancelado
1228,1229,29,4,2024-07-20,247.28,cancelado
1229,1230,30,5,2024-07-27,109.97,devuelto
1230,1231,31,1,2024-08-03,307.26,completado
1231,1232,32,2,2024-08-10,163.17,completado
1232,1233,33,3,2024-08-17,362.0,completado
1233,1234,34,4,2024-08-24,369.76,completado
1234,1235,35,5,2024-08-31,431.78,completado
1235,1236,36,1,2024-09-07,487.93,completado
1236,1237,37,2,2024-09-14,74.08,completado
1237,1238,38,3,2024-09-21,191.56,cancelado
1238,1239,39,4,2024-09-28,285.21,cancelado
1239,1240,40,5,2024-10-05,166.37,devuelto
1240,1241,41,1,2024-10-12,238.57,completado
1241,1242,42,2,2024-10-19,141.06,completado
1242,1243,43,3,2024-10-26,131.48,completado
1243,1244,44,4,2024-11-02,57.44,completado
1244,1245,45,5,2024-11-09,152.2,completado
1245,1246,46,1,2024-11-16,198.23,completado
1246,1247,47,2,2024-11-23,311.53,completado
1247,1248,48,3,2024-11-30,131.65,cancelado
1248,1249,49,4,2024-12-07,434.0,cancelado
1249,1250,50,5,2024-12-14,88.25,devuelto
1250,1251,51,1,2024-12-21,170.44,completado
1251,1252,52,2,2024-12-28,293.07,completado
1252,1253,53,3,2023-01-05,163.23,completado
1253,1254,54,4,2023-01-12,383.93,completado
1254,1255,55,5,2023-01-19,254.15,completado
1255,1256,56,1,2023-01-26,262.22,completado
1256,1257,57,2,2023-02-02,254.39,completado
1257,1258,58,3,2023-02-09,161.18,cancelado
1258,1259,59,4,2023-02-16,21.36,cancelado
1259,1260,60,5,2023-02-23,473.16,devuelto
1260,1261,61,1,2023-03-02,257.67,completado
1261,1262,62,2,2023-03-09,483.68,completado
1262,1263,63,3,2023-03-16,115.42,completado
1263,1264,64,4,2023-03-23,182.92,completado
1264,1265,65,5,2023-03-30,34.76,completado
1265,1266,66,1,2023-04-06,252.5,completado
1266,1267,67,2,2023-04-13,442.35,completado
1267,1268,68,3,2023-04-20,330.59,cancelado
1268,1269,69,4,2023-04-27,240.59,cancelado
1269,1270,70,5,2023-05-04,272.98,devuelto
1270,1271,71,1,2023-05-11,425.11,completado
1271,1272,72,2,2023-05-18,221.15,completado
1272,1273,73,3,2023-05-25,442.4,completado
1273,1274,74,4,2023-06-01,366.48,completado
1274,1275,75,5,2023-06-08,384.29,completado
1275,1276,76,1,2023-06-15,189.31,completado
1276,1277,77,2,2023-06-22,206.28,completado
1277,1278,78,3,2023-06-29,289.44,cancelado
1278,1279,79,4,2023-07-06,105.38,cancelado
1279,1280,80,5,2023-07-13,281.08,devuelto
1280,1281,81,1,2023-07-20,46.03,completado
1281,1282,82,2,2023-07-27,257.09,completado
1282,1283,83,3,2023-08-03,384.56,completado
1283,1284,84,4,2023-08-10,147.06,completado
1284,1285,85,5,2023-08-17,494.65,completado
1285,1286,86,1,2023-08-24,343.4,completado
1286,1287,87,2,2023-08-31,68.22,completado
1287,1288,88,3,2023-09-07,487.79,cancelado
1288,1289,89,4,2023-09-14,203.01,cancelado
1289,1290,90,5,2023-09-21,399.5,devuelto
1290,1291,91,1,2023-09-28,176.15,completado
1291,1292,92,2,2023-10-05,470.08,completado
1292,1293,93,3,2023-10-12,379.93,completado
1293,1294,94,4,2023-10-19,107.54,completado
1294,1295,95,5,2023-10-26,259.47,completado
1295,1296,96,1,2023-11-02,255.04,completado
1296,1297,97,2,2023-11-09,32.2,completado
1297,1298,98,3,2023-11-16,77.15,cancelado
1298,1299,99,4,2023-11-23,173.19,cancelado
1299,1300,100,5,2023-11-30,242.13,devuelto
1300,1301,101,1,2023-12-07,233.92,completado
1301,1302,102,2,2023-12-14,307.07,completado
1302,1303,103,3,2023-12-21,262.6,completado
1303,1304,104,4,2023-12-28,170.7,completado
1304,1305,105,5,2024-01-04,310.4,completado
1305,1306,106,1,2024-01-11,89.63,completado
1306,1307,107,2,2024-01-18,495.4,completado
1307,1308,108,3,2024-01-25,372.27,cancelado
1308,1309,109,4,2024-02-01,156.62,cancelado
1309,1310,110,5,2024-02-08,174.82,devuelto
1310,1311,111,1,2024-02-15,415.86,completado
1311,1312,112,2,2024-02-22,270.85,completado
1312,1313,113,3,2024-02-29,357.28,completado
1313,1314,114,4,2024-03-07,156.9,completado
1314,1315,115,5,2024-03-14,409.72,completado
1315,1316,116,1,2024-03-21,190.5,completado
1316,1317,117,2,2024-03-28,340.17,completado
1317,1318,118,3,2024-04-04,490.15,cancelado
1318,1319,119,4,2024-04-11,296.01,cancelado
1319,1320,120,5,2024-04-18,400.41,devuelto
1320,1321,121,1,2024-04-25,365.41,completado
1321,1322,122,2,2024-05-02,347.14,completado
1322,1323,123,3,2024-05-09,23.06,completado
1323,1324,124,4,2024-05-16,242.55,completado
1324,1325,125,5,2024-05-23,483.86,completado
1325,1326,126,1,2024-05-30,393.62,completado
1326,1327,127,2,2024-06-06,390.32,completado
1327,1328,128,3,2024-06-13,293.04,cancelado
1328,1329,129,4,2024-06-20,363.49,cancelado
1329,1330,130,5,2024-06-27,295.93,devuelto
1330,1331,131,1,2024-07-04,93.55,completado
1331,1332,132,2,2024-07-11,318.22,completado
1332,1333,133,3,2024-07-18,313.67,completado
1333,1334,134,4,2024-07-25,422.17,completado
1334,1335,135,5,2024-08-01,82.41,completado
1335,1336,136,1,2024-08-08,343.56,completado
1336,1337,137,2,2024-08-15,25.47,completado
1337,1338,138,3,2024-08-22,474.62,cancelado
1338,1339,139,4,2024-08-29,63.85,cancelado
1339,1340,140,5,2024-09-05,19.28,devuelto
1340,1341,141,1,2024-09-12,163.71,completado
1341,1342,142,2,2024-09-19,84.2,completado
1342,1343,143,3,2024-09-26,348.35,completado
1343,1344,144,4,2024-10-03,211.08,completado
1344,1345,145,5,2024-10-10,389.74,completado
1345,1346,146,1,2024-10-17,461.06,completado
1346,1347,147,2,2024-10-24,437.68,completado
1347,1348,148,3,2024-10-31,370.56,cancelado
1348,1349,149,4,2024-11-07,40.52,cancelado
1349,1350,150,5,2024-11-14,77.66,devuelto
1350,1351,151,1,2024-11-21,111.6,completado
1351,1352,152,2,2024-11-28,169.27,completado
1352,1353,153,3,2024-12-05,334.49,completado
1353,1354,154,4,2024-12-12,267.48,completado
1354,1355,155,5,2024-12-19,163.74,completado
1355,1356,156,1,2024-12-26,94.86,completado
1356,1357,157,2,2023-01-03,456.94,completado
1357,1358,158,3,2023-01-10,177.74,cancelado
1358,1359,159,4,2023-01-17,183.6,cancelado
1359,1360,160,5,2023-01-24,388.27,devuelto
1360,1361,161,1,2023-01-31,363.25,completado
1361,1362,162,2,2023-02-07,325.22,completado
1362,1363,163,3,2023-02-14,349.72,completado
1363,1364,164,4,2023-02-21,308.94,completado
1364,1365,165,5,2023-02-28,104.21,completado
1365,1366,166,1,2023-03-07,130.79,completado
1366,1367,167,2,2023-03-14,283.46,completado
1367,1368,168,3,2023-03-21,120.18,cancelado
1368,1369,169,4,2023-03-28,486.73,cancelado
1369,1370,170,5,2023-04-04,155.83,devuelto
1370,1371,171,1,2023-04-11,151.61,completado
1371,1372,172,2,2023-04-18,111.57,completado
1372,1373,173,3,2023-04-25,355.44,completado
1373,1374,174,4,2023-05-02,165.35,completado
1374,1375,175,5,2023-05-09,180.91,completado
1375,1376,176,1,2023-05-16,467.51,completado
1376,1377,177,2,2023-05-23,399.75,completado
1377,1378,178,3,2023-05-30,143.99,cancelado
1378,1379,179,4,2023-06-06,69.72,cancelado
1379,1380,180,5,2023-06-13,341.54,devuelto
1380,1381,181,1,2023-06-20,196.05,completado
1381,1382,182,2,2023-06-27,490.28,completado
1382,1383,183,3,2023-07-04,411.0,completado
1383,1384,184,4,2023-07-11,477.76,completado
1384,1385,185,5,2023-07-18,404.26,completado
1385,1386,186,1,2023-07-25,152.32,completado
1386,1387,187,2,2023-08-01,150.94,completado
1387,1388,188,3,2023-08-08,359.93,cancelado
1388,1389,189,4,2023-08-15,179.72,cancelado
1389,1390,190,5,2023-08-22,226.76,devuelto
1390,1391,191,1,2023-08-29,135.66,completado
1391,1392,192,2,2023-09-05,244.75,completado
1392,1393,193,3,2023-09-12,109.01,completado
1393,1394,194,4,2023-09-19,273.9,completado
1394,1395,195,5,2023-09-26,467.18,completado
1395,1396,196,1,2023-10-03,351.12,completado
1396,1397,197,2,2023-10-10,77.26,completado
1397,1398,198,3,2023-10-17,311.68,cancelado
1398,1399,199,4,2023-10-24,297.55,cancelado
1399,1400,200,5,2023-10-31,128.8,devuelto
1400,1401,1,1,2023-11-07,338.22,completado
1401,1402,2,2,2023-11-14,270.21,completado
1402,1403,3,3,2023-11-21,322.59,completado
1403,1404,4,4,2023-11-28,35.72,completado
1404,1405,5,5,2023-12-05,212.52,completado
1405,1406,6,1,2023-12-12,361.51,completado
1406,1407,7,2,2023-12-19,59.27,completado
1407,1408,8,3,2023-12-26,387.68,cancelado
1408,1409,9,4,2024-01-02,12.54,cancelado
1409,1410,10,5,2024-01-09,279.67,devuelto
1410,1411,11,1,2024-01-16,465.26,completado
1411,1412,12,2,2024-01-23,209.38,completado
1412,1413,13,3,2024-01-30,468.17,completado
1413,1414,14,4,2024-02-06,440.42,completado
1414,1415,15,5,2024-02-13,243.95,completado
1415,1416,16,1,2024-02-20,107.73,completado
1416,1417,17,2,2024-02-27,482.32,completado
1417,1418,18,3,2024-03-05,167.37,cancelado
1418,1419,19,4,2024-03-12,326.49,cancelado
1419,1420,20,5,2024-03-19,454.89,devuelto
1420,1421,21,1,2024-03-26,53.84,completado
1421,1422,22,2,2024-04-02,291.33,completado
1422,1423,23,3,2024-04-09,272.22,completado
1423,1424,24,4,2024-04-16,364.33,completado
1424,1425,25,5,2024-04-23,468.97,completado
1425,1426,26,1,2024-04-30,457.48,completado
1426,1427,27,2,2024-05-07,95.78,completado
1427,1428,28,3,2024-05-14,442.3,cancelado
1428,1429,29,4,2024-05-21,96.14,cancelado
1429,1430,30,5,2024-05-28,460.62,devuelto
1430,1431,31,1,2024-06-04,498.61,completado
1431,1432,32,2,2024-06-11,204.53,completado
1432,1433,33,3,2024-06-18,252.74,completado
1433,1434,34,4,2024-06-25,468.94,completado
1434,1435,35,5,2024-07-02,481.44,completado
1435,1436,36,1,2024-07-09,463.76,completado
1436,1437,37,2,2024-07-16,439.6,completado
1437,1438,38,3,2024-07-23,14.54,cancelado
1438,1439,39,4,2024-07-30,288.3,cancelado
1439,1440,40,5,2024-08-06,62.58,devuelto
1440,1441,41,1,2024-08-13,491.67,completado
1441,1442,42,2,2024-08-20,149.44,completado
1442,1443,43,3,2024-08-27,494.66,completado
1443,1444,44,4,2024-09-03,276.22,completado
1444,1445,45,5,2024-09-10,252.02,completado
1445,1446,46,1,2024-09-17,469.89,completado
1446,1447,47,2,2024-09-24,427.02,completado
1447,1448,48,3,2024-10-01,239.33,cancelado
1448,1449,49,4,2024-10-08,104.48,cancelado
1449,1450,50,5,2024-10-15,65.2,devuelto
1450,1451,51,1,2024-10-22,89.62,completado
1451,1452,52,2,2024-10-29,234.87,completado
1452,1453,53,3,2024-11-05,136.06,completado
1453,1454,54,4,2024-11-12,101.24,completado
1454,1455,55,5,2024-11-19,370.94,completado
1455,1456,56,1,2024-11-26,397.48,completado
1456,1457,57,2,2024-12-03,288.21,completado
1457,1458,58,3,2024-12-10,381.07,cancelado
1458,1459,59,4,2024-12-17,95.99,cancelado
1459,1460,60,5,2024-12-24,429.51,devuelto
1460,1461,61,1,2023-01-01,449.55,completado
1461,1462,62,2,2023-01-08,415.23,completado
1462,1463,63,3,2023-01-15,262.49,completado
1463,1464,64,4,2023-01-22,52.5,completado
1464,1465,65,5,2023-01-29,337.94,completado
1465,1466,66,1,2023-02-05,100.54,completado
1466,1467,67,2,2023-02-12,78.9,completado
1467,1468,68,3,2023-02-19,168.56,cancelado
1468,1469,69,4,2023-02-26,131.54,cancelado
1469,1470,70,5,2023-03-05,137.78,devuelto
1470,1471,71,1,2023-03-12,125.41,completado
1471,1472,72,2,2023-03-19,379.34,completado
1472,1473,73,3,2023-03-26,477.48,completado
1473,1474,74,4,2023-04-02,157.95,completado
1474,1475,75,5,2023-04-09,364.21,completado
1475,1476,76,1,2023-04-16,15.6,completado
1476,1477,77,2,2023-04-23,330.3,completado
1477,1478,78,3,2023-04-30,349.46,cancelado
1478,1479,79,4,2023-05-07,40.44,cancelado
1479,1480,80,5,2023-05-14,67.93,devuelto
1480,1481,81,1,2023-05-21,160.34,completado
1481,1482,82,2,2023-05-28,208.65,completado
1482,1483,83,3,2023-06-04,256.24,completado
1483,1484,84,4,2023-06-11,448.61,completado
1484,1485,85,5,2023-06-18,354.74,completado
1485,1486,86,1,2023-06-25,162.38,completado
1486,1487,87,2,2023-07-02,67.53,completado
1487,1488,88,3,2023-07-09,458.9,cancelado
1488,1489,89,4,2023-07-16,154.57,cancelado
1489,1490,90,5,2023-07-23,311.17,devuelto
1490,1491,91,1,2023-07-30,117.37,completado
1491,1492,92,2,2023-08-06,75.45,completado
1492,1493,93,3,2023-08-13,85.06,completado
1493,1494,94,4,2023-08-20,376.39,completado
1494,1495,95,5,2023-08-27,306.81,completado
1495,1496,96,1,2023-09-03,213.76,completado
1496,1497,97,2,2023-09-10,279.12,completado
1497,1498,98,3,2023-09-17,240.71,cancelado
1498,1499,99,4,2023-09-24,273.38,cancelado
1499,1500,100,5,2023-10-01,335.41,devuelto
1500,1501,101,1,2023-10-08,117.02,completado
1501,1502,102,2,2023-10-15,131.26,completado
1502,1503,103,3,2023-10-22,379.82,completado
1503,1504,104,4,2023-10-29,437.84,completado
1504,1505,105,5,2023-11-05,50.12,completado
1505,1506,106,1,2023-11-12,228.91,completado
1506,1507,107,2,2023-11-19,354.85,completado
1507,1508,108,3,2023-11-26,48.27,cancelado
1508,1509,109,4,2023-12-03,286.44,cancelado
1509,1510,110,5,2023-12-10,40.26,devuelto
1510,1511,111,1,2023-12-17,278.35,completado
1511,1512,112,2,2023-12-24,257.69,completado
1512,1513,113,3,2023-12-31,290.62,completado
1513,1514,114,4,2024-01-07,83.43,completado
1514,1515,115,5,2024-01-14,170.78,completado
1515,1516,116,1,2024-01-21,264.97,completado
1516,1517,117,2,2024-01-28,66.96,completado
1517,1518,118,3,2024-02-04,110.65,cancelado
1518,1519,119,4,2024-02-11,295.74,cancelado
1519,1520,120,5,2024-02-18,54.56,devuelto
1520,1521,121,1,2024-02-25,260.08,completado
1521,1522,122,2,2024-03-03,406.26,completado
1522,1523,123,3,2024-03-10,232.18,completado
1523,1524,124,4,2024-03-17,261.49,completado
1524,1525,125,5,2024-03-24,233.83,completado
1525,1526,126,1,2024-03-31,38.29,completado
1526,1527,127,2,2024-04-07,236.57,completado
1527,1528,128,3,2024-04-14,405.39,cancelado
1528,1529,129,4,2024-04-21,364.41,cancelado
1529,1530,130,5,2024-04-28,204.01,devuelto
1530,1531,131,1,2024-05-05,410.06,completado
1531,1532,132,2,2024-05-12,375.44,completado
1532,1533,133,3,2024-05-19,293.37,completado
1533,1534,134,4,2024-05-26,32.19,completado
1534,1535,135,5,2024-06-02,178.82,completado
1535,1536,136,1,2024-06-09,41.24,completado
1536,1537,137,2,2024-06-16,497.12,completado
1537,1538,138,3,2024-06-23,467.95,cancelado
1538,1539,139,4,2024-06-30,43.82,cancelado
1539,1540,140,5,2024-07-07,467.55,devuelto
1540,1541,141,1,2024-07-14,25.55,completado
1541,1542,142,2,2024-07-21,210.34,completado
1542,1543,143,3,2024-07-28,386.8,completado
1543,1544,144,4,2024-08-04,385.26,completado
1544,1545,145,5,2024-08-11,489.38,completado
1545,1546,146,1,2024-08-18,326.48,completado
1546,1547,147,2,2024-08-25,215.98,completado
1547,1548,148,3,2024-09-01,496.5,cancelado
1548,1549,149,4,2024-09-08,197.42,cancelado
1549,1550,150,5,2024-09-15,436.11,devuelto
1550,1551,151,1,2024-09-22,454.32,completado
1551,1552,152,2,2024-09-29,194.07,completado
1552,1553,153,3,2024-10-06,344.54,completado
1553,1554,154,4,2024-10-13,334.28,completado
1554,1555,155,5,2024-10-20,274.26,completado
1555,1556,156,1,2024-10-27,330.23,completado
1556,1557,157,2,2024-11-03,180.41,completado
1557,1558,158,3,2024-11-10,97.45,cancelado
1558,1559,159,4,2024-11-17,273.26,cancelado
1559,1560,160,5,2024-11-24,269.13,devuelto
1560,1561,161,1,2024-12-01,366.65,completado
1561,1562,162,2,2024-12-08,119.12,completado
1562,1563,163,3,2024-12-15,11.7,completado
1563,1564,164,4,2024-12-22,21.14,completado
1564,1565,165,5,2024-12-29,156.2,completado
1565,1566,166,1,2023-01-06,340.01,completado
1566,1567,167,2,2023-01-13,276.78,completado
1567,1568,168,3,2023-01-20,270.65,cancelado
1568,1569,169,4,2023-01-27,413.45,cancelado
1569,1570,170,5,2023-02-03,131.28,devuelto
1570,1571,171,1,2023-02-10,179.62,completado
1571,1572,172,2,2023-02-17,145.07,completado
1572,1573,173,3,2023-02-24,469.33,completado
1573,1574,174,4,2023-03-03,365.26,completado
1574,1575,175,5,2023-03-10,65.29,completado
1575,1576,176,1,2023-03-17,406.64,completado
1576,1577,177,2,2023-03-24,215.43,completado
1577,1578,178,3,2023-03-31,385.37,cancelado
1578,1579,179,4,2023-04-07,443.04,cancelado
1579,1580,180,5,2023-04-14,17.67,devuelto
1580,1581,181,1,2023-04-21,110.98,completado
1581,1582,182,2,2023-04-28,59.44,completado
1582,1583,183,3,2023-05-05,26.45,completado
1583,1584,184,4,2023-05-12,302.91,completado
1584,1585,185,5,2023-05-19,354.61,completado
1585,1586,186,1,2023-05-26,33.85,completado
1586,1587,187,2,2023-06-02,372.87,completado
1587,1588,188,3,2023-06-09,207.11,cancelado
1588,1589,189,4,2023-06-16,124.83,cancelado
1589,1590,190,5,2023-06-23,116.46,devuelto
1590,1591,191,1,2023-06-30,433.23,completado
1591,1592,192,2,2023-07-07,37.66,completado
1592,1593,193,3,2023-07-14,256.91,completado
1593,1594,194,4,2023-07-21,151.74,completado
1594,1595,195,5,2023-07-28,409.74,completado
1595,1596,196,1,2023-08-04,368.44,completado
1596,1597,197,2,2023-08-11,166.26,completado
1597,1598,198,3,2023-08-18,302.98,cancelado
1598,1599,199,4,2023-08-25,339.54,cancelado
1599,1600,200,5,2023-09-01,167.13,devuelto
1600,1601,1,1,2023-09-08,157.86,completado
1601,1602,2,2,2023-09-15,80.2,completado
1602,1603,3,3,2023-09-22,333.5,completado
1603,1604,4,4,2023-09-29,118.31,completado
1604,1605,5,5,2023-10-06,157.25,completado
1605,1606,6,1,2023-10-13,39.87,completado
1606,1607,7,2,2023-10-20,474.77,completado
1607,1608,8,3,2023-10-27,441.06,cancelado
1608,1609,9,4,2023-11-03,456.67,cancelado
1609,1610,10,5,2023-11-10,316.74,devuelto
1610,1611,11,1,2023-11-17,219.33,completado
1611,1612,12,2,2023-11-24,252.85,completado
1612,1613,13,3,2023-12-01,486.42,completado
1613,1614,14,4,2023-12-08,471.38,completado
1614,1615,15,5,2023-12-15,338.96,completado
1615,1616,16,1,2023-12-22,395.04,completado
1616,1617,17,2,2023-12-29,166.18,completado
1617,1618,18,3,2024-01-05,214.0,cancelado
1618,1619,19,4,2024-01-12,83.12,cancelado
1619,1620,20,5,2024-01-19,194.47,devuelto
1620,1621,21,1,2024-01-26,379.66,completado
1621,1622,22,2,2024-02-02,242.02,completado
1622,1623,23,3,2024-02-09,426.18,completado
1623,1624,24,4,2024-02-16,157.36,completado
1624,1625,25,5,2024-02-23,356.71,completado
1625,1626,26,1,2024-03-01,404.83,completado
1626,1627,27,2,2024-03-08,458.22,completado
1627,1628,28,3,2024-03-15,285.57,cancelado
1628,1629,29,4,2024-03-22,484.22,cancelado
1629,1630,30,5,2024-03-29,283.07,devuelto
1630,1631,31,1,2024-04-05,75.71,completado
1631,1632,32,2,2024-04-12,129.0,completado
1632,1633,33,3,2024-04-19,109.63,completado
1633,1634,34,4,2024-04-26,326.89,completado
1634,1635,35,5,2024-05-03,461.89,completado
1635,1636,36,1,2024-05-10,425.1,completado
1636,1637,37,2,2024-05-17,55.31,completado
1637,1638,38,3,2024-05-24,365.05,cancelado
1638,1639,39,4,2024-05-31,103.34,cancelado
1639,1640,40,5,2024-06-07,141.55,devuelto
1640,1641,41,1,2024-06-14,340.1,completado
1641,1642,42,2,2024-06-21,305.43,completado
1642,1643,43,3,2024-06-28,438.07,completado
1643,1644,44,4,2024-07-05,102.2,completado
1644,1645,45,5,2024-07-12,383.23,completado
1645,1646,46,1,2024-07-19,364.91,completado
1646,1647,47,2,2024-07-26,283.84,completado
1647,1648,48,3,2024-08-02,244.9,cancelado
1648,1649,49,4,2024-08-09,436.04,cancelado
1649,1650,50,5,2024-08-16,173.15,devuelto
1650,1651,51,1,2024-08-23,478.94,completado
1651,1652,52,2,2024-08-30,17.51,completado
1652,1653,53,3,2024-09-06,469.21,completado
1653,1654,54,4,2024-09-13,481.42,completado
1654,1655,55,5,2024-09-20,67.48,completado
1655,1656,56,1,2024-09-27,499.79,completado
1656,1657,57,2,2024-10-04,244.67,completado
1657,1658,58,3,2024-10-11,128.87,cancelado
1658,1659,59,4,2024-10-18,306.16,cancelado
1659,1660,60,5,2024-10-25,110.21,devuelto
1660,1661,61,1,2024-11-01,458.41,completado
1661,1662,62,2,2024-11-08,280.52,completado
1662,1663,63,3,2024-11-15,390.0,completado
1663,1664,64,4,2024-11-22,196.52,completado
1664,1665,65,5,2024-11-29,271.49,completado
1665,1666,66,1,2024-12-06,186.04,completado
1666,1667,67,2,2024-12-13,138.17,completado
1667,1668,68,3,2024-12-20,261.28,cancelado
1668,1669,69,4,2024-12-27,253.67,cancelado
1669,1670,70,5,2023-01-04,58.32,devuelto
1670,1671,71,1,2023-01-11,490.85,completado
1671,1672,72,2,2023-01-18,240.05,completado
1672,1673,73,3,2023-01-25,421.47,completado
1673,1674,74,4,2023-02-01,458.02,completado
1674,1675,75,5,2023-02-08,191.65,completado
1675,1676,76,1,2023-02-15,212.83,completado
1676,1677,77,2,2023-02-22,285.64,completado
1677,1678,78,3,2023-03-01,118.42,cancelado
1678,1679,79,4,2023-03-08,81.5,cancelado
1679,1680,80,5,2023-03-15,137.78,devuelto
1680,1681,81,1,2023-03-22,468.03,completado
1681,1682,82,2,2023-03-29,293.78,completado
1682,1683,83,3,2023-04-05,214.61,completado
1683,1684,84,4,2023-04-12,84.68,completado
1684,1685,85,5,2023-04-19,171.63,completado
1685,1686,86,1,2023-04-26,196.12,completado
1686,1687,87,2,2023-05-03,418.35,completado
1687,1688,88,3,2023-05-10,254.66,cancelado
1688,1689,89,4,2023-05-17,330.76,cancelado
1689,1690,90,5,2023-05-24,345.57,devuelto
1690,1691,91,1,2023-05-31,136.09,completado
1691,1692,92,2,2023-06-07,412.58,completado
1692,1693,93,3,2023-06-14,483.59,completado
1693,1694,94,4,2023-06-21,324.43,completado
1694,1695,95,5,2023-06-28,250.39,completado
1695,1696,96,1,2023-07-05,92.43,completado
1696,1697,97,2,2023-07-12,399.54,completado
1697,1698,98,3,2023-07-19,92.94,cancelado
1698,1699,99,4,2023-07-26,362.95,cancelado
1699,1700,100,5,2023-08-02,249.27,devuelto
1700,1701,101,1,2023-08-09,459.28,completado
1701,1702,102,2,2023-08-16,275.65,completado
1702,1703,103,3,2023-08-23,324.49,completado
1703,1704,104,4,2023-08-30,38.78,completado
1704,1705,105,5,2023-09-06,26.57,completado
1705,1706,106,1,2023-09-13,424.88,completado
1706,1707,107,2,2023-09-20,473.14,completado
1707,1708,108,3,2023-09-27,337.43,cancelado
1708,1709,109,4,2023-10-04,384.53,cancelado
1709,1710,110,5,2023-10-11,212.07,devuelto
1710,1711,111,1,2023-10-18,422.85,completado
1711,1712,112,2,2023-10-25,123.4,completado
1712,1713,113,3,2023-11-01,356.51,completado
1713,1714,114,4,2023-11-08,14.48,completado
1714,1715,115,5,2023-11-15,257.81,completado
1715,1716,116,1,2023-11-22,192.87,completado
1716,1717,117,2,2023-11-29,312.74,completado
1717,1718,118,3,2023-12-06,336.71,cancelado
1718,1719,119,4,2023-12-13,312.09,cancelado
1719,1720,120,5,2023-12-20,246.77,devuelto
1720,1721,121,1,2023-12-27,249.05,completado
1721,1722,122,2,2024-01-03,13.24,completado
1722,1723,123,3,2024-01-10,280.31,completado
1723,1724,124,4,2024-01-17,15.81,completado
1724,1725,125,5,2024-01-24,269.41,completado
1725,1726,126,1,2024-01-31,144.62,completado
1726,1727,127,2,2024-02-07,488.96,completado
1727,1728,128,3,2024-02-14,18.4,cancelado
1728,1729,129,4,2024-02-21,408.45,cancelado
1729,1730,130,5,2024-02-28,340.28,devuelto
1730,1731,131,1,2024-03-06,405.02,completado
1731,1732,132,2,2024-03-13,455.79,completado
1732,1733,133,3,2024-03-20,62.44,completado
1733,1734,134,4,2024-03-27,57.19,completado
1734,1735,135,5,2024-04-03,82.96,completado
1735,1736,136,1,2024-04-10,104.05,completado
1736,1737,137,2,2024-04-17,267.96,completado
1737,1738,138,3,2024-04-24,409.46,cancelado
1738,1739,139,4,2024-05-01,140.99,cancelado
1739,1740,140,5,2024-05-08,204.48,devuelto
1740,1741,141,1,2024-05-15,192.8,completado
1741,1742,142,2,2024-05-22,208.95,completado
1742,1743,143,3,2024-05-29,286.85,completado
1743,1744,144,4,2024-06-05,495.21,completado
1744,1745,145,5,2024-06-12,120.67,completado
1745,1746,146,1,2024-06-19,345.18,completado
1746,1747,147,2,2024-06-26,425.45,completado
1747,1748,148,3,2024-07-03,330.33,cancelado
1748,1749,149,4,2024-07-10,430.53,cancelado
1749,1750,150,5,2024-07-17,382.2,devuelto
1750,1751,151,1,2024-07-24,55.82,completado
1751,1752,152,2,2024-07-31,195.84,completado
1752,1753,153,3,2024-08-07,280.82,completado
1753,1754,154,4,2024-08-14,37.5,completado
1754,1755,155,5,2024-08-21,14.63,completado
1755,1756,156,1,2024-08-28,93.98,completado
1756,1757,157,2,2024-09-04,254.93,completado
1757,1758,158,3,2024-09-11,222.62,cancelado
1758,1759,159,4,2024-09-18,394.34,cancelado
1759,1760,160,5,2024-09-25,287.27,devuelto
1760,1761,161,1,2024-10-02,430.4,completado
1761,1762,162,2,2024-10-09,56.73,completado
1762,1763,163,3,2024-10-16,268.8,completado
1763,1764,164,4,2024-10-23,30.85,completado
1764,1765,165,5,2024-10-30,113.59,completado
1765,1766,166,1,2024-11-06,435.38,completado
1766,1767,167,2,2024-11-13,444.9,completado
1767,1768,168,3,2024-11-20,243.0,cancelado
1768,1769,169,4,2024-11-27,32.82,cancelado
1769,1770,170,5,2024-12-04,46.43,devuelto
1770,1771,171,1,2024-12-11,463.54,completado
1771,1772,172,2,2024-12-18,450.66,completado
1772,1773,173,3,2024-12-25,286.12,completado
1773,1774,174,4,2023-01-02,26.12,completado
1774,1775,175,5,2023-01-09,465.1,completado
1775,1776,176,1,2023-01-16,164.1,completado
1776,1777,177,2,2023-01-23,481.12,completado
1777,1778,178,3,2023-01-30,297.65,cancelado
1778,1779,179,4,2023-02-06,378.6,cancelado
1779,1780,180,5,2023-02-13,359.23,devuelto
1780,1781,181,1,2023-02-20,205.17,completado
1781,1782,182,2,2023-02-27,47.7,completado
1782,1783,183,3,2023-03-06,89.6,completado
1783,1784,184,4,2023-03-13,127.83,completado
1784,1785,185,5,2023-03-20,418.98,completado
1785,1786,186,1,2023-03-27,200.69,completado
1786,1787,187,2,2023-04-03,449.3,completado
1787,1788,188,3,2023-04-10,172.55,cancelado
1788,1789,189,4,2023-04-17,380.25,cancelado
1789,1790,190,5,2023-04-24,78.58,devuelto
1790,1791,191,1,2023-05-01,494.35,completado
1791,1792,192,2,2023-05-08,364.84,completado
1792,1793,193,3,2023-05-15,255.39,completado
1793,1794,194,4,2023-05-22,487.42,completado
1794,1795,195,5,2023-05-29,36.31,completado
1795,1796,196,1,2023-06-05,224.17,completado
1796,1797,197,2,2023-06-12,420.95,completado
1797,1798,198,3,2023-06-19,176.89,cancelado
1798,1799,199,4,2023-06-26,386.81,cancelado
1799,1800,200,5,2023-07-03,477.88,devuelto
1800,1801,1,1,2023-07-10,204.38,completado
1801,1802,2,2,2023-07-17,389.04,completado
1802,1803,3,3,2023-07-24,24.52,completado
1803,1804,4,4,2023-07-31,143.93,completado
1804,1805,5,5,2023-08-07,496.37,completado
1805,1806,6,1,2023-08-14,250.4,completado
1806,1807,7,2,2023-08-21,184.35,completado
1807,1808,8,3,2023-08-28,471.16,cancelado
1808,1809,9,4,2023-09-04,221.61,cancelado
1809,1810,10,5,2023-09-11,343.05,devuelto
1810,1811,11,1,2023-09-18,333.73,completado
1811,1812,12,2,2023-09-25,51.99,completado
1812,1813,13,3,2023-10-02,313.12,completado
1813,1814,14,4,2023-10-09,401.05,completado
1814,1815,15,5,2023-10-16,359.42,completado
1815,1816,16,1,2023-10-23,50.2,completado
1816,1817,17,2,2023-10-30,85.57,completado
1817,1818,18,3,2023-11-06,358.72,cancelado
1818,1819,19,4,2023-11-13,320.61,cancelado
1819,1820,20,5,2023-11-20,372.43,devuelto
1820,1821,21,1,2023-11-27,165.17,completado
1821,1822,22,2,2023-12-04,62.21,completado
1822,1823,23,3,2023-12-11,12.55,completado
1823,1824,24,4,2023-12-18,161.05,completado
1824,1825,25,5,2023-12-25,186.36,completado
1825,1826,26,1,2024-01-01,142.19,completado
1826,1827,27,2,2024-01-08,74.93,completado
1827,1828,28,3,2024-01-15,101.82,cancelado
1828,1829,29,4,2024-01-22,229.93,cancelado
1829,1830,30,5,2024-01-29,281.82,devuelto
1830,1831,31,1,2024-02-05,209.94,completado
1831,1832,32,2,2024-02-12,22.87,completado
1832,1833,33,3,2024-02-19,183.42,completado
1833,1834,34,4,2024-02-26,55.6,completado
1834,1835,35,5,2024-03-04,303.04,completado
1835,1836,36,1,2024-03-11,168.97,completado
1836,1837,37,2,2024-03-18,198.77,completado
1837,1838,38,3,2024-03-25,153.01,cancelado
1838,1839,39,4,2024-04-01,200.02,cancelado
1839,1840,40,5,2024-04-08,51.5,devuelto
1840,1841,41,1,2024-04-15,451.56,completado
1841,1842,42,2,2024-04-22,453.55,completado
1842,1843,43,3,2024-04-29,489.3,completado
1843,1844,44,4,2024-05-06,290.26,completado
1844,1845,45,5,2024-05-13,93.1,completado
1845,1846,46,1,2024-05-20,196.56,completado
1846,1847,47,2,2024-05-27,78.03,completado
1847,1848,48,3,2024-06-03,157.55,cancelado
1848,1849,49,4,2024-06-10,251.63,cancelado
1849,1850,50,5,2024-06-17,41.0,devuelto
1850,1851,51,1,2024-06-24,222.99,completado
1851,1852,52,2,2024-07-01,216.34,completado
1852,1853,53,3,2024-07-08,247.27,completado
1853,1854,54,4,2024-07-15,47.69,completado
1854,1855,55,5,2024-07-22,133.33,completado
1855,1856,56,1,2024-07-29,130.83,completado
1856,1857,57,2,2024-08-05,316.27,completado
1857,1858,58,3,2024-08-12,300.97,cancelado
1858,1859,59,4,2024-08-19,105.82,cancelado
1859,1860,60,5,2024-08-26,62.42,devuelto
1860,1861,61,1,2024-09-02,159.28,completado
1861,1862,62,2,2024-09-09,474.92,completado
1862,1863,63,3,2024-09-16,172.79,completado
1863,1864,64,4,2024-09-23,313.89,completado
1864,1865,65,5,2024-09-30,404.0,completado
1865,1866,66,1,2024-10-07,171.48,completado
1866,1867,67,2,2024-10-14,174.02,completado
1867,1868,68,3,2024-10-21,409.58,cancelado
1868,1869,69,4,2024-10-28,431.16,cancelado
1869,1870,70,5,2024-11-04,487.37,devuelto
1870,1871,71,1,2024-11-11,76.7,completado
1871,1872,72,2,2024-11-18,167.13,completado
1872,1873,73,3,2024-11-25,474.17,completado
1873,1874,74,4,2024-12-02,108.42,completado
1874,1875,75,5,2024-12-09,163.95,completado
1875,1876,76,1,2024-12-16,482.64,completado
1876,1877,77,2,2024-12-23,484.68,completado
1877,1878,78,3,2024-12-30,152.81,cancelado
1878,1879,79,4,2023-01-07,350.53,cancelado
1879,1880,80,5,2023-01-14,250.59,devuelto
1880,1881,81,1,2023-01-21,292.18,completado
1881,1882,82,2,2023-01-28,128.79,completado
1882,1883,83,3,2023-02-04,194.27,completado
1883,1884,84,4,2023-02-11,410.08,completado
1884,1885,85,5,2023-02-18,202.54,completado
1885,1886,86,1,2023-02-25,65.81,completado
1886,1887,87,2,2023-03-04,286.29,completado
1887,1888,88,3,2023-03-11,300.19,cancelado
1888,1889,89,4,2023-03-18,277.36,cancelado
1889,1890,90,5,2023-03-25,344.04,devuelto
1890,1891,91,1,2023-04-01,279.55,completado
1891,1892,92,2,2023-04-08,476.97,completado
1892,1893,93,3,2023-04-15,236.19,completado
1893,1894,94,4,2023-04-22,357.1,completado
1894,1895,95,5,2023-04-29,224.84,completado
1895,1896,96,1,2023-05-06,152.75,completado
1896,1897,97,2,2023-05-13,349.49,completado
1897,1898,98,3,2023-05-20,411.29,cancelado
1898,1899,99,4,2023-05-27,399.87,cancelado
1899,1900,100,5,2023-06-03,210.48,devuelto
1900,1901,101,1,2023-06-10,254.66,completado
1901,1902,102,2,2023-06-17,320.33,completado
1902,1903,103,3,2023-06-24,128.59,completado
1903,1904,104,4,2023-07-01,332.74,completado
1904,1905,105,5,2023-07-08,360.47,completado
1905,1906,106,1,2023-07-15,396.65,completado
1906,1907,107,2,2023-07-22,46.24,completado
1907,1908,108,3,2023-07-29,495.44,cancelado
1908,1909,109,4,2023-08-05,244.83,cancelado
1909,1910,110,5,2023-08-12,206.39,devuelto
1910,1911,111,1,2023-08-19,258.24,completado
1911,1912,112,2,2023-08-26,460.99,completado
1912,1913,113,3,2023-09-02,348.94,completado
1913,1914,114,4,2023-09-09,276.39,completado
1914,1915,115,5,2023-09-16,397.45,completado
1915,1916,116,1,2023-09-23,186.17,completado
1916,1917,117,2,2023-09-30,448.8,completado
1917,1918,118,3,2023-10-07,273.08,cancelado
1918,1919,119,4,2023-10-14,322.71,cancelado
1919,1920,120,5,2023-10-21,51.64,devuelto
1920,1921,121,1,2023-10-28,386.79,completado
1921,1922,122,2,2023-11-04,332.22,completado
1922,1923,123,3,2023-11-11,183.95,completado
1923,1924,124,4,2023-11-18,327.03,completado
1924,1925,125,5,2023-11-25,31.71,completado
1925,1926,126,1,2023-12-02,491.97,completado
1926,1927,127,2,2023-12-09,341.96,completado
1927,1928,128,3,2023-12-16,205.81,cancelado
1928,1929,129,4,2023-12-23,378.81,cancelado
1929,1930,130,5,2023-12-30,483.2,devuelto
1930,1931,131,1,2024-01-06,220.92,completado
1931,1932,132,2,2024-01-13,15.17,completado
1932,1933,133,3,2024-01-20,136.78,completado
1933,1934,134,4,2024-01-27,260.23,completado
1934,1935,135,5,2024-02-03,264.21,completado
1935,1936,136,1,2024-02-10,294.45,completado
1936,1937,137,2,2024-02-17,291.87,completado
1937,1938,138,3,2024-02-24,228.43,cancelado
1938,1939,139,4,2024-03-02,201.66,cancelado
1939,1940,140,5,2024-03-09,388.45,devuelto
1940,1941,141,1,2024-03-16,298.41,completado
1941,1942,142,2,2024-03-23,255.23,completado
1942,1943,143,3,2024-03-30,179.03,completado
1943,1944,144,4,2024-04-06,22.04,completado
1944,1945,145,5,2024-04-13,61.23,completado
1945,1946,146,1,2024-04-20,213.83,completado
1946,1947,147,2,2024-04-27,481.25,completado
1947,1948,148,3,2024-05-04,66.87,cancelado
1948,1949,149,4,2024-05-11,470.93,cancelado
1949,1950,150,5,2024-05-18,79.42,devuelto
1950,1951,151,1,2024-05-25,162.83,completado
1951,1952,152,2,2024-06-01,233.11,completado
1952,1953,153,3,2024-06-08,111.36,completado
1953,1954,154,4,2024-06-15,246.63,completado
1954,1955,155,5,2024-06-22,243.32,completado
1955,1956,156,1,2024-06-29,224.7,completado
1956,1957,157,2,2024-07-06,351.41,completado
1957,1958,158,3,2024-07-13,166.27,cancelado
1958,1959,159,4,2024-07-20,157.13,cancelado
1959,1960,160,5,2024-07-27,406.99,devuelto
1960,1961,161,1,2024-08-03,66.39,completado
1961,1962,162,2,2024-08-10,426.1,completado
1962,1963,163,3,2024-08-17,327.51,completado
1963,1964,164,4,2024-08-24,341.8,completado
1964,1965,165,5,2024-08-31,90.53,completado
1965,1966,166,1,2024-09-07,492.11,completado
1966,1967,167,2,2024-09-14,129.52,completado
1967,1968,168,3,2024-09-21,95.48,cancelado
1968,1969,169,4,2024-09-28,88.47,cancelado
1969,1970,170,5,2024-10-05,284.33,devuelto
1970,1971,171,1,2024-10-12,479.65,completado
1971,1972,172,2,2024-10-19,123.61,completado
1972,1973,173,3,2024-10-26,208.47,completado
1973,1974,174,4,2024-11-02,100.38,completado
1974,1975,175,5,2024-11-09,323.83,completado
1975,1976,176,1,2024-11-16,221.75,completado
1976,1977,177,2,2024-11-23,24.3,completado
1977,1978,178,3,2024-11-30,310.91,cancelado
1978,1979,179,4,2024-12-07,106.69,cancelado
1979,1980,180,5,2024-12-14,300.18,devuelto
1980,1981,181,1,2024-12-21,200.53,completado
1981,1982,182,2,2024-12-28,355.32,completado
1982,1983,183,3,2023-01-05,110.83,completado
1983,1984,184,4,2023-01-12,378.64,completado
1984,1985,185,5,2023-01-19,406.28,completado
1985,1986,186,1,2023-01-26,40.66,completado
1986,1987,187,2,2023-02-02,59.86,completado
1987,1988,188,3,2023-02-09,437.27,cancelado
1988,1989,189,4,2023-02-16,101.61,cancelado
1989,1990,190,5,2023-02-23,169.73,devuelto
1990,1991,191,1,2023-03-02,234.2,completado
1991,1992,192,2,2023-03-09,138.55,completado
1992,1993,193,3,2023-03-16,432.69,completado
1993,1994,194,4,2023-03-23,268.58,completado
1994,1995,195,5,2023-03-30,323.16,completado
1995,1996,196,1,2023-04-06,302.52,completado
1996,1997,197,2,2023-04-13,309.54,completado
1997,1998,198,3,2023-04-20,297.63,cancelado
1998,1999,199,4,2023-04-27,180.48,cancelado
1999,2000,200,5,2023-05-04,424.3,devuelto
2000,2001,1,1,2023-05-11,312.51,completado
2001,2002,2,2,2023-05-18,408.73,completado
2002,2003,3,3,2023-05-25,355.93,completado
2003,2004,4,4,2023-06-01,155.75,completado
2004,2005,5,5,2023-06-08,311.1,completado
2005,2006,6,1,2023-06-15,51.53,completado
2006,2007,7,2,2023-06-22,75.63,completado
2007,2008,8,3,2023-06-29,67.75,cancelado
2008,2009,9,4,2023-07-06,159.64,cancelado
2009,2010,10,5,2023-07-13,99.69,devuelto
2010,2011,11,1,2023-07-20,349.78,completado
2011,2012,12,2,2023-07-27,260.3,completado
2012,2013,13,3,2023-08-03,214.94,completado
2013,2014,14,4,2023-08-10,77.55,completado
2014,2015,15,5,2023-08-17,198.02,completado
2015,2016,16,1,2023-08-24,101.02,completado
2016,2017,17,2,2023-08-31,321.4,completado
2017,2018,18,3,2023-09-07,349.78,cancelado
2018,2019,19,4,2023-09-14,326.18,cancelado
2019,2020,20,5,2023-09-21,499.95,devuelto
2020,2021,21,1,2023-09-28,281.91,completado
2021,2022,22,2,2023-10-05,249.92,completado
2022,2023,23,3,2023-10-12,78.75,completado
2023,2024,24,4,2023-10-19,164.14,completado
2024,2025,25,5,2023-10-26,230.99,completado
2025,2026,26,1,2023-11-02,36.27,completado
2026,2027,27,2,2023-11-09,185.93,completado
2027,2028,28,3,2023-11-16,14.7,cancelado
2028,2029,29,4,2023-11-23,76.9,cancelado
2029,2030,30,5,2023-11-30,409.46,devuelto
2030,2031,31,1,2023-12-07,482.28,completado
2031,2032,32,2,2023-12-14,257.66,completado
2032,2033,33,3,2023-12-21,252.54,completado
2033,2034,34,4,2023-12-28,345.5,completado
2034,2035,35,5,2024-01-04,213.66,completado
2035,2036,36,1,2024-01-11,421.55,completado
2036,2037,37,2,2024-01-18,249.46,completado
2037,2038,38,3,2024-01-25,50.51,cancelado
2038,2039,39,4,2024-02-01,25.12,cancelado
2039,2040,40,5,2024-02-08,382.92,devuelto
2040,2041,41,1,2024-02-15,153.12,completado
2041,2042,42,2,2024-02-22,144.68,completado
2042,2043,43,3,2024-02-29,273.43,completado
2043,2044,44,4,2024-03-07,92.42,completado
2044,2045,45,5,2024-03-14,234.09,completado
2045,2046,46,1,2024-03-21,373.83,completado
2046,2047,47,2,2024-03-28,385.3,completado
2047,2048,48,3,2024-04-04,279.37,cancelado
2048,2049,49,4,2024-04-11,65.47,cancelado
2049,2050,50,5,2024-04-18,65.96,devuelto
2050,2051,51,1,2024-04-25,389.81,completado
2051,2052,52,2,2024-05-02,413.41,completado
2052,2053,53,3,2024-05-09,189.76,completado
2053,2054,54,4,2024-05-16,413.08,completado
2054,2055,55,5,2024-05-23,30.39,completado
2055,2056,56,1,2024-05-30,362.3,completado
2056,2057,57,2,2024-06-06,277.71,completado
2057,2058,58,3,2024-06-13,494.99,cancelado
2058,2059,59,4,2024-06-20,60.18,cancelado
2059,2060,60,5,2024-06-27,416.73,devuelto
2060,2061,61,1,2024-07-04,378.16,completado
2061,2062,62,2,2024-07-11,155.88,completado
2062,2063,63,3,2024-07-18,499.66,completado
2063,2064,64,4,2024-07-25,230.37,completado
2064,2065,65,5,2024-08-01,180.8,completado
2065,2066,66,1,2024-08-08,410.2,completado
2066,2067,67,2,2024-08-15,225.14,completado
2067,2068,68,3,2024-08-22,497.04,cancelado
2068,2069,69,4,2024-08-29,390.06,cancelado
2069,2070,70,5,2024-09-05,126.1,devuelto
2070,2071,71,1,2024-09-12,407.24,completado
2071,2072,72,2,2024-09-19,298.08,completado
2072,2073,73,3,2024-09-26,181.81,completado
2073,2074,74,4,2024-10-03,358.27,completado
2074,2075,75,5,2024-10-10,320.06,completado
2075,2076,76,1,2024-10-17,91.33,completado
2076,2077,77,2,2024-10-24,78.23,completado
2077,2078,78,3,2024-10-31,111.24,cancelado
2078,2079,79,4,2024-11-07,111.4,cancelado
2079,2080,80,5,2024-11-14,39.09,devuelto
2080,2081,81,1,2024-11-21,181.9,completado
2081,2082,82,2,2024-11-28,147.73,completado
2082,2083,83,3,2024-12-05,274.0,completado
2083,2084,84,4,2024-12-12,168.59,completado
2084,2085,85,5,2024-12-19,354.99,completado
2085,2086,86,1,2024-12-26,151.77,completado
2086,2087,87,2,2023-01-03,141.0,completado
2087,2088,88,3,2023-01-10,430.43,cancelado
2088,2089,89,4,2023-01-17,492.89,cancelado
2089,2090,90,5,2023-01-24,342.86,devuelto
2090,2091,91,1,2023-01-31,56.66,completado
2091,2092,92,2,2023-02-07,481.76,completado
2092,2093,93,3,2023-02-14,394.99,completado
2093,2094,94,4,2023-02-21,460.2,completado
2094,2095,95,5,2023-02-28,496.32,completado
2095,2096,96,1,2023-03-07,434.85,completado
2096,2097,97,2,2023-03-14,72.18,completado
2097,2098,98,3,2023-03-21,434.38,cancelado
2098,2099,99,4,2023-03-28,132.34,cancelado
2099,2100,100,5,2023-04-04,358.58,devuelto
2100,2101,101,1,2023-04-11,415.96,completado
2101,2102,102,2,2023-04-18,383.12,completado
2102,2103,103,3,2023-04-25,341.35,completado
2103,2104,104,4,2023-05-02,249.83,completado
2104,2105,105,5,2023-05-09,292.94,completado
2105,2106,106,1,2023-05-16,141.67,completado
2106,2107,107,2,2023-05-23,212.97,completado
2107,2108,108,3,2023-05-30,231.48,cancelado
2108,2109,109,4,2023-06-06,320.48,cancelado
2109,2110,110,5,2023-06-13,441.26,devuelto
2110,2111,111,1,2023-06-20,55.62,completado
2111,2112,112,2,2023-06-27,262.65,completado
2112,2113,113,3,2023-07-04,146.33,completado
2113,2114,114,4,2023-07-11,468.8,completado
2114,2115,115,5,2023-07-18,190.84,completado
2115,2116,116,1,2023-07-25,475.62,completado
2116,2117,117,2,2023-08-01,170.37,completado
2117,2118,118,3,2023-08-08,11.21,cancelado
2118,2119,119,4,2023-08-15,389.33,cancelado
2119,2120,120,5,2023-08-22,369.03,devuelto
2120,2121,121,1,2023-08-29,368.16,completado
2121,2122,122,2,2023-09-05,234.64,completado
2122,2123,123,3,2023-09-12,335.43,completado
2123,2124,124,4,2023-09-19,185.53,completado
2124,2125,125,5,2023-09-26,41.03,completado
2125,2126,126,1,2023-10-03,271.87,completado
2126,2127,127,2,2023-10-10,116.74,completado
2127,2128,128,3,2023-10-17,220.53,cancelado
2128,2129,129,4,2023-10-24,113.81,cancelado
2129,2130,130,5,2023-10-31,141.58,devuelto
2130,2131,131,1,2023-11-07,415.89,completado
2131,2132,132,2,2023-11-14,175.5,completado
2132,2133,133,3,2023-11-21,293.19,completado
2133,2134,134,4,2023-11-28,287.41,completado
2134,2135,135,5,2023-12-05,247.82,completado
2135,2136,136,1,2023-12-12,178.43,completado
2136,2137,137,2,2023-12-19,344.45,completado
2137,2138,138,3,2023-12-26,33.72,cancelado
2138,2139,139,4,2024-01-02,58.79,cancelado
2139,2140,140,5,2024-01-09,394.11,devuelto
2140,2141,141,1,2024-01-16,235.2,completado
2141,2142,142,2,2024-01-23,70.88,completado
2142,2143,143,3,2024-01-30,430.25,completado
2143,2144,144,4,2024-02-06,226.23,completado
2144,2145,145,5,2024-02-13,10.33,completado
2145,2146,146,1,2024-02-20,479.44,completado
2146,2147,147,2,2024-02-27,109.14,completado
2147,2148,148,3,2024-03-05,347.41,cancelado
2148,2149,149,4,2024-03-12,74.64,cancelado
2149,2150,150,5,2024-03-19,328.5,devuelto
2150,2151,151,1,2024-03-26,87.9,completado
2151,2152,152,2,2024-04-02,467.04,completado
2152,2153,153,3,2024-04-09,144.27,completado
2153,2154,154,4,2024-04-16,330.75,completado
2154,2155,155,5,2024-04-23,132.69,completado
2155,2156,156,1,2024-04-30,192.2,completado
2156,2157,157,2,2024-05-07,452.86,completado
2157,2158,158,3,2024-05-14,91.11,cancelado
2158,2159,159,4,2024-05-21,204.21,cancelado
2159,2160,160,5,2024-05-28,159.7,devuelto
2160,2161,161,1,2024-06-04,352.73,completado
2161,2162,162,2,2024-06-11,124.73,completado
2162,2163,163,3,2024-06-18,331.19,completado
2163,2164,164,4,2024-06-25,354.81,completado
2164,2165,165,5,2024-07-02,10.53,completado
2165,2166,166,1,2024-07-09,243.64,completado
2166,2167,167,2,2024-07-16,75.02,completado
2167,2168,168,3,2024-07-23,120.83,cancelado
2168,2169,169,4,2024-07-30,343.19,cancelado
2169,2170,170,5,2024-08-06,14.55,devuelto
2170,2171,171,1,2024-08-13,350.84,completado
2171,2172,172,2,2024-08-20,410.38,completado
2172,2173,173,3,2024-08-27,494.2,completado
2173,2174,174,4,2024-09-03,216.93,completado
2174,2175,175,5,2024-09-10,74.77,completado
2175,2176,176,1,2024-09-17,44.71,completado
2176,2177,177,2,2024-09-24,197.7,completado
2177,2178,178,3,2024-10-01,368.07,cancelado
2178,2179,179,4,2024-10-08,60.19,cancelado
2179,2180,180,5,2024-10-15,163.54,devuelto
2180,2181,181,1,2024-10-22,441.68,completado
2181,2182,182,2,2024-10-29,77.19,completado
2182,2183,183,3,2024-11-05,389.0,completado
2183,2184,184,4,2024-11-12,379.05,completado
2184,2185,185,5,2024-11-19,75.24,completado
2185,2186,186,1,2024-11-26,496.54,completado
2186,2187,187,2,2024-12-03,80.0,completado
2187,2188,188,3,2024-12-10,269.95,cancelado
2188,2189,189,4,2024-12-17,14.15,cancelado
2189,2190,190,5,2024-12-24,328.51,devuelto
2190,2191,191,1,2023-01-01,225.65,completado
2191,2192,192,2,2023-01-08,363.99,completado
2192,2193,193,3,2023-01-15,317.76,completado
2193,2194,194,4,2023-01-22,84.17,completado
2194,2195,195,5,2023-01-29,211.74,completado
2195,2196,196,1,2023-02-05,346.42,completado
2196,2197,197,2,2023-02-12,431.38,completado
2197,2198,198,3,2023-02-19,52.48,cancelado
2198,2199,199,4,2023-02-26,59.23,cancelado
2199,2200,200,5,2023-03-05,378.7,devuelto
2200,2201,1,1,2023-03-12,298.89,completado
2201,2202,2,2,2023-03-19,198.18,completado
2202,2203,3,3,2023-03-26,481.99,completado
2203,2204,4,4,2023-04-02,164.11,completado
2204,2205,5,5,2023-04-09,78.52,completado
2205,2206,6,1,2023-04-16,145.71,completado
2206,2207,7,2,2023-04-23,51.28,completado
2207,2208,8,3,2023-04-30,281.16,cancelado
2208,2209,9,4,2023-05-07,304.0,cancelado
2209,2210,10,5,2023-05-14,307.72,devuelto
2210,2211,11,1,2023-05-21,391.7,completado
2211,2212,12,2,2023-05-28,348.33,completado
2212,2213,13,3,2023-06-04,425.47,completado
2213,2214,14,4,2023-06-11,332.62,completado
2214,2215,15,5,2023-06-18,157.81,completado
2215,2216,16,1,2023-06-25,263.7,completado
2216,2217,17,2,2023-07-02,259.67,completado
2217,2218,18,3,2023-07-09,376.44,cancelado
2218,2219,19,4,2023-07-16,154.82,cancelado
2219,2220,20,5,2023-07-23,36.74,devuelto
2220,2221,21,1,2023-07-30,449.98,completado
2221,2222,22,2,2023-08-06,477.79,completado
2222,2223,23,3,2023-08-13,252.49,completado
2223,2224,24,4,2023-08-20,65.24,completado
2224,2225,25,5,2023-08-27,254.8,completado
2225,2226,26,1,2023-09-03,301.03,completado
2226,2227,27,2,2023-09-10,268.86,completado
2227,2228,28,3,2023-09-17,489.07,cancelado
2228,2229,29,4,2023-09-24,493.57,cancelado
2229,2230,30,5,2023-10-01,467.62,devuelto
2230,2231,31,1,2023-10-08,74.67,completado
2231,2232,32,2,2023-10-15,431.8,completado
2232,2233,33,3,2023-10-22,288.51,completado
2233,2234,34,4,2023-10-29,189.05,completado
2234,2235,35,5,2023-11-05,344.64,completado
2235,2236,36,1,2023-11-12,383.74,completado
2236,2237,37,2,2023-11-19,477.68,completado
2237,2238,38,3,2023-11-26,387.48,cancelado
2238,2239,39,4,2023-12-03,18.18,cancelado
2239,2240,40,5,2023-12-10,43.09,devuelto
2240,2241,41,1,2023-12-17,138.47,completado
2241,2242,42,2,2023-12-24,29.52,completado
2242,2243,43,3,2023-12-31,39.63,completado
2243,2244,44,4,2024-01-07,396.75,completado
2244,2245,45,5,2024-01-14,258.24,completado
2245,2246,46,1,2024-01-21,318.0,completado
2246,2247,47,2,2024-01-28,255.51,completado
2247,2248,48,3,2024-02-04,213.56,cancelado
2248,2249,49,4,2024-02-11,353.89,cancelado
2249,2250,50,5,2024-02-18,50.39,devuelto
2250,2251,51,1,2024-02-25,272.92,completado
2251,2252,52,2,2024-03-03,311.86,completado
2252,2253,53,3,2024-03-10,145.96,completado
2253,2254,54,4,2024-03-17,161.85,completado
2254,2255,55,5,2024-03-24,260.54,completado
2255,2256,56,1,2024-03-31,109.57,completado
2256,2257,57,2,2024-04-07,405.95,completado
2257,2258,58,3,2024-04-14,272.83,cancelado
2258,2259,59,4,2024-04-21,201.46,cancelado
2259,2260,60,5,2024-04-28,320.8,devuelto
2260,2261,61,1,2024-05-05,418.92,completado
2261,2262,62,2,2024-05-12,343.72,completado
2262,2263,63,3,2024-05-19,42.4,completado
2263,2264,64,4,2024-05-26,352.35,completado
2264,2265,65,5,2024-06-02,367.68,completado
2265,2266,66,1,2024-06-09,424.77,completado
2266,2267,67,2,2024-06-16,38.37,completado
2267,2268,68,3,2024-06-23,52.24,cancelado
2268,2269,69,4,2024-06-30,222.9,cancelado
2269,2270,70,5,2024-07-07,232.15,devuelto
2270,2271,71,1,2024-07-14,308.33,completado
2271,2272,72,2,2024-07-21,161.55,completado
2272,2273,73,3,2024-07-28,373.43,completado
2273,2274,74,4,2024-08-04,372.92,completado
2274,2275,75,5,2024-08-11,68.53,completado
2275,2276,76,1,2024-08-18,356.87,completado
2276,2277,77,2,2024-08-25,353.73,completado
2277,2278,78,3,2024-09-01,90.28,cancelado
2278,2279,79,4,2024-09-08,476.98,cancelado
2279,2280,80,5,2024-09-15,266.27,devuelto
2280,2281,81,1,2024-09-22,393.66,completado
2281,2282,82,2,2024-09-29,363.18,completado
2282,2283,83,3,2024-10-06,91.81,completado
2283,2284,84,4,2024-10-13,72.2,completado
2284,2285,85,5,2024-10-20,392.75,completado
2285,2286,86,1,2024-10-27,141.69,completado
2286,2287,87,2,2024-11-03,444.34,completado
2287,2288,88,3,2024-11-10,388.0,cancelado
2288,2289,89,4,2024-11-17,24.38,cancelado
2289,2290,90,5,2024-11-24,405.48,devuelto
2290,2291,91,1,2024-12-01,143.27,completado
2291,2292,92,2,2024-12-08,41.3,completado
2292,2293,93,3,2024-12-15,359.04,completado
2293,2294,94,4,2024-12-22,292.56,completado
2294,2295,95,5,2024-12-29,47.76,completado
2295,2296,96,1,2023-01-06,233.05,completado
2296,2297,97,2,2023-01-13,186.46,completado
2297,2298,98,3,2023-01-20,254.81,cancelado
2298,2299,99,4,2023-01-27,287.77,cancelado
2299,2300,100,5,2023-02-03,190.17,devuelto
2300,2301,101,1,2023-02-10,135.01,completado
2301,2302,102,2,2023-02-17,60.42,completado
2302,2303,103,3,2023-02-24,291.22,completado
2303,2304,104,4,2023-03-03,364.16,completado
2304,2305,105,5,2023-03-10,121.92,completado
2305,2306,106,1,2023-03-17,259.32,completado
2306,2307,107,2,2023-03-24,31.58,completado
2307,2308,108,3,2023-03-31,432.83,cancelado
2308,2309,109,4,2023-04-07,129.83,cancelado
2309,2310,110,5,2023-04-14,241.16,devuelto
2310,2311,111,1,2023-04-21,197.66,completado
2311,2312,112,2,2023-04-28,83.54,completado
2312,2313,113,3,2023-05-05,466.27,completado
2313,2314,114,4,2023-05-12,430.17,completado
2314,2315,115,5,2023-05-19,280.9,completado
2315,2316,116,1,2023-05-26,457.83,completado
2316,2317,117,2,2023-06-02,372.93,completado
2317,2318,118,3,2023-06-09,215.49,cancelado
2318,2319,119,4,2023-06-16,167.68,cancelado
2319,2320,120,5,2023-06-23,213.97,devuelto
2320,2321,121,1,2023-06-30,362.94,completado
2321,2322,122,2,2023-07-07,142.92,completado
2322,2323,123,3,2023-07-14,48.16,completado
2323,2324,124,4,2023-07-21,192.68,completado
2324,2325,125,5,2023-07-28,256.0,completado
2325,2326,126,1,2023-08-04,451.95,completado
2326,2327,127,2,2023-08-11,97.88,completado
2327,2328,128,3,2023-08-18,404.13,cancelado
2328,2329,129,4,2023-08-25,490.89,cancelado
2329,2330,130,5,2023-09-01,477.5,devuelto
2330,2331,131,1,2023-09-08,43.77,completado
2331,2332,132,2,2023-09-15,237.9,completado
2332,2333,133,3,2023-09-22,148.33,completado
2333,2334,134,4,2023-09-29,423.97,completado
2334,2335,135,5,2023-10-06,170.38,completado
2335,2336,136,1,2023-10-13,281.01,completado
2336,2337,137,2,2023-10-20,13.9,completado
2337,2338,138,3,2023-10-27,108.33,cancelado
2338,2339,139,4,2023-11-03,286.27,cancelado
2339,2340,140,5,2023-11-10,158.92,devuelto
2340,2341,141,1,2023-11-17,315.13,completado
2341,2342,142,2,2023-11-24,237.32,completado
2342,2343,143,3,2023-12-01,299.93,completado
2343,2344,144,4,2023-12-08,251.75,completado
2344,2345,145,5,2023-12-15,388.58,completado
2345,2346,146,1,2023-12-22,105.76,completado
2346,2347,147,2,2023-12-29,451.22,completado
2347,2348,148,3,2024-01-05,382.64,cancelado
2348,2349,149,4,2024-01-12,130.11,cancelado
2349,2350,150,5,2024-01-19,13.13,devuelto
2350,2351,151,1,2024-01-26,210.92,completado
2351,2352,152,2,2024-02-02,124.17,completado
2352,2353,153,3,2024-02-09,179.75,completado
2353,2354,154,4,2024-02-16,421.39,completado
2354,2355,155,5,2024-02-23,439.83,completado
2355,2356,156,1,2024-03-01,475.99,completado
2356,2357,157,2,2024-03-08,10.72,completado
2357,2358,158,3,2024-03-15,332.08,cancelado
2358,2359,159,4,2024-03-22,426.01,cancelado
2359,2360,160,5,2024-03-29,366.34,devuelto
2360,2361,161,1,2024-04-05,60.94,completado
2361,2362,162,2,2024-04-12,269.61,completado
2362,2363,163,3,2024-04-19,126.7,completado
2363,2364,164,4,2024-04-26,251.09,completado
2364,2365,165,5,2024-05-03,39.35,completado
2365,2366,166,1,2024-05-10,498.51,completado
2366,2367,167,2,2024-05-17,358.71,completado
2367,2368,168,3,2024-05-24,55.58,cancelado
2368,2369,169,4,2024-05-31,461.42,cancelado
2369,2370,170,5,2024-06-07,449.67,devuelto
2370,2371,171,1,2024-06-14,264.68,completado
2371,2372,172,2,2024-06-21,353.41,completado
2372,2373,173,3,2024-06-28,192.52,completado
2373,2374,174,4,2024-07-05,487.53,completado
2374,2375,175,5,2024-07-12,51.6,completado
2375,2376,176,1,2024-07-19,56.83,completado
2376,2377,177,2,2024-07-26,75.42,completado
2377,2378,178,3,2024-08-02,411.78,cancelado
2378,2379,179,4,2024-08-09,46.67,cancelado
2379,2380,180,5,2024-08-16,288.23,devuelto
2380,2381,181,1,2024-08-23,223.14,completado
2381,2382,182,2,2024-08-30,482.47,completado
2382,2383,183,3,2024-09-06,126.02,completado
2383,2384,184,4,2024-09-13,137.89,completado
2384,2385,185,5,2024-09-20,164.35,completado
2385,2386,186,1,2024-09-27,402.4,completado
2386,2387,187,2,2024-10-04,353.36,completado
2387,2388,188,3,2024-10-11,370.32,cancelado
2388,2389,189,4,2024-10-18,165.85,cancelado
2389,2390,190,5,2024-10-25,143.26,devuelto
2390,2391,191,1,2024-11-01,46.6,completado
2391,2392,192,2,2024-11-08,109.33,completado
2392,2393,193,3,2024-11-15,392.17,completado
2393,2394,194,4,2024-11-22,296.51,completado
2394,2395,195,5,2024-11-29,86.15,completado
2395,2396,196,1,2024-12-06,90.54,completado
2396,2397,197,2,2024-12-13,238.37,completado
2397,2398,198,3,2024-12-20,209.19,cancelado
2398,2399,199,4,2024-12-27,272.6,cancelado
2399,2400,200,5,2023-01-04,482.67,devuelto
2400,2401,1,1,2023-01-11,111.74,completado
2401,2402,2,2,2023-01-18,161.07,completado
2402,2403,3,3,2023-01-25,139.85,completado
2403,2404,4,4,2023-02-01,68.76,completado
2404,2405,5,5,2023-02-08,87.23,completado
2405,2406,6,1,2023-02-15,346.17,completado
2406,2407,7,2,2023-02-22,414.93,completado
2407,2408,8,3,2023-03-01,351.47,cancelado
2408,2409,9,4,2023-03-08,29.76,cancelado
2409,2410,10,5,2023-03-15,419.6,devuelto
2410,2411,11,1,2023-03-22,170.62,completado
2411,2412,12,2,2023-03-29,54.69,completado
2412,2413,13,3,2023-04-05,131.63,completado
2413,2414,14,4,2023-04-12,184.31,completado
2414,2415,15,5,2023-04-19,261.6,completado
2415,2416,16,1,2023-04-26,341.82,completado
2416,2417,17,2,2023-05-03,137.48,completado
2417,2418,18,3,2023-05-10,495.43,cancelado
2418,2419,19,4,2023-05-17,25.23,cancelado
2419,2420,20,5,2023-05-24,208.15,devuelto
2420,2421,21,1,2023-05-31,231.58,completado
2421,2422,22,2,2023-06-07,376.56,completado
2422,2423,23,3,2023-06-14,132.43,completado
2423,2424,24,4,2023-06-21,236.4,completado
2424,2425,25,5,2023-06-28,403.91,completado
2425,2426,26,1,2023-07-05,78.5,completado
2426,2427,27,2,2023-07-12,15.86,completado
2427,2428,28,3,2023-07-19,416.88,cancelado
2428,2429,29,4,2023-07-26,491.46,cancelado
2429,2430,30,5,2023-08-02,74.05,devuelto
2430,2431,31,1,2023-08-09,413.6,completado
2431,2432,32,2,2023-08-16,192.4,completado
2432,2433,33,3,2023-08-23,318.85,completado
2433,2434,34,4,2023-08-30,325.9,completado
2434,2435,35,5,2023-09-06,295.34,completado
2435,2436,36,1,2023-09-13,136.82,completado
2436,2437,37,2,2023-09-20,408.25,completado
2437,2438,38,3,2023-09-27,20.68,cancelado
2438,2439,39,4,2023-10-04,41.59,cancelado
2439,2440,40,5,2023-10-11,452.22,devuelto
2440,2441,41,1,2023-10-18,227.28,completado
2441,2442,42,2,2023-10-25,73.11,completado
2442,2443,43,3,2023-11-01,453.49,completado
2443,2444,44,4,2023-11-08,416.38,completado
2444,2445,45,5,2023-11-15,172.46,completado
2445,2446,46,1,2023-11-22,30.92,completado
2446,2447,47,2,2023-11-29,235.89,completado
2447,2448,48,3,2023-12-06,92.31,cancelado
2448,2449,49,4,2023-12-13,291.2,cancelado
2449,2450,50,5,2023-12-20,412.63,devuelto
2450,2451,51,1,2023-12-27,203.55,completado
2451,2452,52,2,2024-01-03,24.45,completado
2452,2453,53,3,2024-01-10,344.77,completado
2453,2454,54,4,2024-01-17,94.68,completado
2454,2455,55,5,2024-01-24,115.21,completado
2455,2456,56,1,2024-01-31,101.7,completado
2456,2457,57,2,2024-02-07,147.13,completado
2457,2458,58,3,2024-02-14,442.88,cancelado
2458,2459,59,4,2024-02-21,26.98,cancelado
2459,2460,60,5,2024-02-28,313.4,devuelto
2460,2461,61,1,2024-03-06,130.43,completado
2461,2462,62,2,2024-03-13,154.6,completado
2462,2463,63,3,2024-03-20,211.88,completado
2463,2464,64,4,2024-03-27,279.84,completado
2464,2465,65,5,2024-04-03,39.88,completado
2465,2466,66,1,2024-04-10,147.09,completado
2466,2467,67,2,2024-04-17,77.25,completado
2467,2468,68,3,2024-04-24,107.73,cancelado
2468,2469,69,4,2024-05-01,443.48,cancelado
2469,2470,70,5,2024-05-08,267.65,devuelto
2470,2471,71,1,2024-05-15,319.07,completado
2471,2472,72,2,2024-05-22,403.06,completado
2472,2473,73,3,2024-05-29,399.47,completado
2473,2474,74,4,2024-06-05,494.81,completado
2474,2475,75,5,2024-06-12,393.14,completado
2475,2476,76,1,2024-06-19,185.96,completado
2476,2477,77,2,2024-06-26,276.81,completado
2477,2478,78,3,2024-07-03,247.49,cancelado
2478,2479,79,4,2024-07-10,457.21,cancelado
2479,2480,80,5,2024-07-17,256.17,devuelto
2480,2481,81,1,2024-07-24,200.31,completado
2481,2482,82,2,2024-07-31,98.11,completado
2482,2483,83,3,2024-08-07,166.25,completado
2483,2484,84,4,2024-08-14,117.32,completado
2484,2485,85,5,2024-08-21,448.92,completado
2485,2486,86,1,2024-08-28,391.48,completado
2486,2487,87,2,2024-09-04,38.71,completado
2487,2488,88,3,2024-09-11,495.85,cancelado
2488,2489,89,4,2024-09-18,269.42,cancelado
2489,2490,90,5,2024-09-25,385.75,devuelto
2490,2491,91,1,2024-10-02,499.81,completado
2491,2492,92,2,2024-10-09,487.25,completado
2492,2493,93,3,2024-10-16,59.07,completado
2493,2494,94,4,2024-10-23,331.86,completado
2494,2495,95,5,2024-10-30,140.6,completado
2495,2496,96,1,2024-11-06,409.98,completado
2496,2497,97,2,2024-11-13,459.46,completado
2497,2498,98,3,2024-11-20,37.4,cancelado
2498,2499,99,4,2024-11-27,498.23,cancelado
2499,2500,100,5,2024-12-04,117.51,devuelto
2500,2501,101,1,2024-12-11,424.79,completado
2501,2502,102,2,2024-12-18,400.72,completado
2502,2503,103,3,2024-12-25,183.85,completado
2503,2504,104,4,2023-01-02,421.22,completado
2504,2505,105,5,2023-01-09,424.16,completado
2505,2506,106,1,2023-01-16,96.29,completado
2506,2507,107,2,2023-01-23,300.33,completado
2507,2508,108,3,2023-01-30,405.04,cancelado
2508,2509,109,4,2023-02-06,351.84,cancelado
2509,2510,110,5,2023-02-13,457.85,devuelto
2510,2511,111,1,2023-02-20,23.82,completado
2511,2512,112,2,2023-02-27,353.27,completado
2512,2513,113,3,2023-03-06,474.3,completado
2513,2514,114,4,2023-03-13,286.17,completado
2514,2515,115,5,2023-03-20,285.92,completado
2515,2516,116,1,2023-03-27,102.23,completado
2516,2517,117,2,2023-04-03,494.12,completado
2517,2518,118,3,2023-04-10,442.0,cancelado
2518,2519,119,4,2023-04-17,251.19,cancelado
2519,2520,120,5,2023-04-24,161.44,devuelto
2520,2521,121,1,2023-05-01,250.31,completado
2521,2522,122,2,2023-05-08,54.23,completado
2522,2523,123,3,2023-05-15,123.99,completado
2523,2524,124,4,2023-05-22,117.22,completado
2524,2525,125,5,2023-05-29,267.96,completado
2525,2526,126,1,2023-06-05,10.33,completado
2526,2527,127,2,2023-06-12,459.77,completado
2527,2528,128,3,2023-06-19,108.72,cancelado
2528,2529,129,4,2023-06-26,73.94,cancelado
2529,2530,130,5,2023-07-03,361.3,devuelto
2530,2531,131,1,2023-07-10,460.2,completado
2531,2532,132,2,2023-07-17,423.7,completado
2532,2533,133,3,2023-07-24,168.56,completado
2533,2534,134,4,2023-07-31,20.74,completado
2534,2535,135,5,2023-08-07,297.44,completado
2535,2536,136,1,2023-08-14,459.44,completado
2536,2537,137,2,2023-08-21,389.44,completado
2537,2538,138,3,2023-08-28,424.78,cancelado
2538,2539,139,4,2023-09-04,431.73,cancelado
2539,2540,140,5,2023-09-11,480.67,devuelto
2540,2541,141,1,2023-09-18,193.06,completado
2541,2542,142,2,2023-09-25,471.54,completado
2542,2543,143,3,2023-10-02,203.84,completado
2543,2544,144,4,2023-10-09,59.51,completado
2544,2545,145,5,2023-10-16,157.86,completado
2545,2546,146,1,2023-10-23,76.86,completado
2546,2547,147,2,2023-10-30,87.18,completado
2547,2548,148,3,2023-11-06,474.86,cancelado
2548,2549,149,4,2023-11-13,398.0,cancelado
2549,2550,150,5,2023-11-20,480.72,devuelto
2550,2551,151,1,2023-11-27,328.1,completado
2551,2552,152,2,2023-12-04,95.36,completado
2552,2553,153,3,2023-12-11,484.68,completado
2553,2554,154,4,2023-12-18,349.84,completado
2554,2555,155,5,2023-12-25,465.13,completado
2555,2556,156,1,2024-01-01,395.63,completado
2556,2557,157,2,2024-01-08,119.39,completado
2557,2558,158,3,2024-01-15,298.59,cancelado
2558,2559,159,4,2024-01-22,95.92,cancelado
2559,2560,160,5,2024-01-29,160.34,devuelto
2560,2561,161,1,2024-02-05,347.36,completado
2561,2562,162,2,2024-02-12,72.4,completado
2562,2563,163,3,2024-02-19,367.13,completado
2563,2564,164,4,2024-02-26,474.91,completado
2564,2565,165,5,2024-03-04,474.86,completado
2565,2566,166,1,2024-03-11,201.88,completado
2566,2567,167,2,2024-03-18,497.2,completado
2567,2568,168,3,2024-03-25,482.94,cancelado
2568,2569,169,4,2024-04-01,25.87,cancelado
2569,2570,170,5,2024-04-08,305.17,devuelto
2570,2571,171,1,2024-04-15,461.31,completado
2571,2572,172,2,2024-04-22,484.09,completado
2572,2573,173,3,2024-04-29,118.24,completado
2573,2574,174,4,2024-05-06,287.12,completado
2574,2575,175,5,2024-05-13,468.98,completado
2575,2576,176,1,2024-05-20,78.92,completado
2576,2577,177,2,2024-05-27,375.22,completado
2577,2578,178,3,2024-06-03,126.62,cancelado
2578,2579,179,4,2024-06-10,491.37,cancelado
2579,2580,180,5,2024-06-17,92.26,devuelto
2580,2581,181,1,2024-06-24,443.81,completado
2581,2582,182,2,2024-07-01,53.48,completado
2582,2583,183,3,2024-07-08,357.39,completado
2583,2584,184,4,2024-07-15,323.16,completado
2584,2585,185,5,2024-07-22,444.46,completado
2585,2586,186,1,2024-07-29,228.85,completado
2586,2587,187,2,2024-08-05,139.95,completado
2587,2588,188,3,2024-08-12,132.28,cancelado
2588,2589,189,4,2024-08-19,43.22,cancelado
2589,2590,190,5,2024-08-26,135.76,devuelto
2590,2591,191,1,2024-09-02,62.94,completado
2591,2592,192,2,2024-09-09,10.63,completado
2592,2593,193,3,2024-09-16,199.11,completado
2593,2594,194,4,2024-09-23,368.97,completado
2594,2595,195,5,2024-09-30,484.86,completado
2595,2596,196,1,2024-10-07,443.43,completado
2596,2597,197,2,2024-10-14,251.61,completado
2597,2598,198,3,2024-10-21,195.57,cancelado
2598,2599,199,4,2024-10-28,277.55,cancelado
2599,2600,200,5,2024-11-04,59.7,devuelto
2600,2601,1,1,2024-11-11,244.95,completado
2601,2602,2,2,2024-11-18,433.38,completado
2602,2603,3,3,2024-11-25,328.98,completado
2603,2604,4,4,2024-12-02,346.71,completado
2604,2605,5,5,2024-12-09,89.7,completado
2605,2606,6,1,2024-12-16,46.12,completado
2606,2607,7,2,2024-12-23,424.42,completado
2607,2608,8,3,2024-12-30,154.51,cancelado
2608,2609,9,4,2023-01-07,166.17,cancelado
2609,2610,10,5,2023-01-14,476.31,devuelto
2610,2611,11,1,2023-01-21,46.36,completado
2611,2612,12,2,2023-01-28,93.35,completado
2612,2613,13,3,2023-02-04,193.97,completado
2613,2614,14,4,2023-02-11,368.67,completado
2614,2615,15,5,2023-02-18,278.05,completado
2615,2616,16,1,2023-02-25,450.08,completado
2616,2617,17,2,2023-03-04,55.62,completado
2617,2618,18,3,2023-03-11,301.07,cancelado
2618,2619,19,4,2023-03-18,310.69,cancelado
2619,2620,20,5,2023-03-25,246.54,devuelto
2620,2621,21,1,2023-04-01,25.19,completado
2621,2622,22,2,2023-04-08,471.8,completado
2622,2623,23,3,2023-04-15,90.85,completado
2623,2624,24,4,2023-04-22,445.98,completado
2624,2625,25,5,2023-04-29,86.98,completado
2625,2626,26,1,2023-05-06,59.62,completado
2626,2627,27,2,2023-05-13,110.72,completado
2627,2628,28,3,2023-05-20,103.09,cancelado
2628,2629,29,4,2023-05-27,351.63,cancelado
2629,2630,30,5,2023-06-03,363.8,devuelto
2630,2631,31,1,2023-06-10,367.69,completado
2631,2632,32,2,2023-06-17,139.98,completado
2632,2633,33,3,2023-06-24,147.95,completado
2633,2634,34,4,2023-07-01,126.4,completado
2634,2635,35,5,2023-07-08,34.32,completado
2635,2636,36,1,2023-07-15,290.17,completado
2636,2637,37,2,2023-07-22,421.53,completado
2637,2638,38,3,2023-07-29,85.26,cancelado
2638,2639,39,4,2023-08-05,186.81,cancelado
2639,2640,40,5,2023-08-12,219.53,devuelto
2640,2641,41,1,2023-08-19,154.33,completado
2641,2642,42,2,2023-08-26,334.39,completado
2642,2643,43,3,2023-09-02,304.11,completado
2643,2644,44,4,2023-09-09,107.84,completado
2644,2645,45,5,2023-09-16,22.61,completado
2645,2646,46,1,2023-09-23,93.71,completado
2646,2647,47,2,2023-09-30,152.99,completado
2647,2648,48,3,2023-10-07,50.15,cancelado
2648,2649,49,4,2023-10-14,423.45,cancelado
2649,2650,50,5,2023-10-21,161.09,devuelto
2650,2651,51,1,2023-10-28,204.76,completado
2651,2652,52,2,2023-11-04,249.66,completado
2652,2653,53,3,2023-11-11,333.91,completado
2653,2654,54,4,2023-11-18,54.66,completado
2654,2655,55,5,2023-11-25,276.62,completado
2655,2656,56,1,2023-12-02,100.59,completado
2656,2657,57,2,2023-12-09,443.89,completado
2657,2658,58,3,2023-12-16,191.01,cancelado
2658,2659,59,4,2023-12-23,228.43,cancelado
2659,2660,60,5,2023-12-30,139.02,devuelto
2660,2661,61,1,2024-01-06,237.88,completado
2661,2662,62,2,2024-01-13,120.86,completado
2662,2663,63,3,2024-01-20,141.6,completado
2663,2664,64,4,2024-01-27,40.2,completado
2664,2665,65,5,2024-02-03,378.6,completado
2665,2666,66,1,2024-02-10,337.06,completado
2666,2667,67,2,2024-02-17,52.0,completado
2667,2668,68,3,2024-02-24,178.46,cancelado
2668,2669,69,4,2024-03-02,275.31,cancelado
2669,2670,70,5,2024-03-09,485.65,devuelto
2670,2671,71,1,2024-03-16,298.97,completado
2671,2672,72,2,2024-03-23,281.26,completado
2672,2673,73,3,2024-03-30,421.99,completado
2673,2674,74,4,2024-04-06,411.02,completado
2674,2675,75,5,2024-04-13,215.13,completado
2675,2676,76,1,2024-04-20,272.4,completado
2676,2677,77,2,2024-04-27,434.78,completado
2677,2678,78,3,2024-05-04,242.66,cancelado
2678,2679,79,4,2024-05-11,442.01,cancelado
2679,2680,80,5,2024-05-18,243.37,devuelto
2680,2681,81,1,2024-05-25,48.69,completado
2681,2682,82,2,2024-06-01,452.36,completado
2682,2683,83,3,2024-06-08,360.01,completado
2683,2684,84,4,2024-06-15,256.03,completado
2684,2685,85,5,2024-06-22,451.22,completado
2685,2686,86,1,2024-06-29,402.22,completado
2686,2687,87,2,2024-07-06,341.99,completado
2687,2688,88,3,2024-07-13,313.93,cancelado
2688,2689,89,4,2024-07-20,68.94,cancelado
2689,2690,90,5,2024-07-27,381.02,devuelto
2690,2691,91,1,2024-08-03,94.71,completado
2691,2692,92,2,2024-08-10,492.34,completado
2692,2693,93,3,2024-08-17,486.36,completado
2693,2694,94,4,2024-08-24,406.15,completado
2694,2695,95,5,2024-08-31,71.83,completado
2695,2696,96,1,2024-09-07,217.45,completado
2696,2697,97,2,2024-09-14,494.26,completado
2697,2698,98,3,2024-09-21,223.34,cancelado
2698,2699,99,4,2024-09-28,498.66,cancelado
2699,2700,100,5,2024-10-05,317.34,devuelto
2700,2701,101,1,2024-10-12,418.71,completado
2701,2702,102,2,2024-10-19,136.36,completado
2702,2703,103,3,2024-10-26,456.29,completado
2703,2704,104,4,2024-11-02,457.95,completado
2704,2705,105,5,2024-11-09,42.84,completado
2705,2706,106,1,2024-11-16,200.17,completado
2706,2707,107,2,2024-11-23,204.7,completado
2707,2708,108,3,2024-11-30,169.8,cancelado
2708,2709,109,4,2024-12-07,145.34,cancelado
2709,2710,110,5,2024-12-14,234.5,devuelto
2710,2711,111,1,2024-12-21,438.0,completado
2711,2712,112,2,2024-12-28,395.41,completado
2712,2713,113,3,2023-01-05,315.3,completado
2713,2714,114,4,2023-01-12,266.06,completado
2714,2715,115,5,2023-01-19,215.6,completado
2715,2716,116,1,2023-01-26,213.08,completado
2716,2717,117,2,2023-02-02,82.62,completado
2717,2718,118,3,2023-02-09,298.09,cancelado
2718,2719,119,4,2023-02-16,381.6,cancelado
2719,2720,120,5,2023-02-23,470.43,devuelto
2720,2721,121,1,2023-03-02,463.21,completado
2721,2722,122,2,2023-03-09,285.72,completado
2722,2723,123,3,2023-03-16,59.49,completado
2723,2724,124,4,2023-03-23,150.19,completado
2724,2725,125,5,2023-03-30,272.46,completado
2725,2726,126,1,2023-04-06,178.5,completado
2726,2727,127,2,2023-04-13,211.34,completado
2727,2728,128,3,2023-04-20,197.69,cancelado
2728,2729,129,4,2023-04-27,247.94,cancelado
2729,2730,130,5,2023-05-04,308.39,devuelto
2730,2731,131,1,2023-05-11,28.36,completado
2731,2732,132,2,2023-05-18,144.95,completado
2732,2733,133,3,2023-05-25,80.49,completado
2733,2734,134,4,2023-06-01,308.24,completado
2734,2735,135,5,2023-06-08,349.89,completado
2735,2736,136,1,2023-06-15,29.0,completado
2736,2737,137,2,2023-06-22,445.89,completado
2737,2738,138,3,2023-06-29,172.43,cancelado
2738,2739,139,4,2023-07-06,126.41,cancelado
2739,2740,140,5,2023-07-13,375.42,devuelto
2740,2741,141,1,2023-07-20,461.21,completado
2741,2742,142,2,2023-07-27,449.55,completado
2742,2743,143,3,2023-08-03,19.91,completado
2743,2744,144,4,2023-08-10,410.52,completado
2744,2745,145,5,2023-08-17,158.5,completado
2745,2746,146,1,2023-08-24,147.37,completado
2746,2747,147,2,2023-08-31,250.89,completado
2747,2748,148,3,2023-09-07,351.13,cancelado
2748,2749,149,4,2023-09-14,58.13,cancelado
2749,2750,150,5,2023-09-21,435.76,devuelto
2750,2751,151,1,2023-09-28,75.85,completado
2751,2752,152,2,2023-10-05,487.37,completado
2752,2753,153,3,2023-10-12,227.12,completado
2753,2754,154,4,2023-10-19,414.65,completado
2754,2755,155,5,2023-10-26,142.02,completado
2755,2756,156,1,2023-11-02,214.22,completado
2756,2757,157,2,2023-11-09,326.32,completado
2757,2758,158,3,2023-11-16,102.09,cancelado
2758,2759,159,4,2023-11-23,113.58,cancelado
2759,2760,160,5,2023-11-30,413.75,devuelto
2760,2761,161,1,2023-12-07,373.06,completado
2761,2762,162,2,2023-12-14,382.15,completado
2762,2763,163,3,2023-12-21,434.92,completado
2763,2764,164,4,2023-12-28,412.3,completado
2764,2765,165,5,2024-01-04,262.48,completado
2765,2766,166,1,2024-01-11,87.9,completado
2766,2767,167,2,2024-01-18,162.45,completado
2767,2768,168,3,2024-01-25,258.33,cancelado
2768,2769,169,4,2024-02-01,76.47,cancelado
2769,2770,170,5,2024-02-08,427.13,devuelto
2770,2771,171,1,2024-02-15,440.87,completado
2771,2772,172,2,2024-02-22,24.18,completado
2772,2773,173,3,2024-02-29,104.45,completado
2773,2774,174,4,2024-03-07,418.14,completado
2774,2775,175,5,2024-03-14,420.12,completado
2775,2776,176,1,2024-03-21,132.25,completado
2776,2777,177,2,2024-03-28,233.66,completado
2777,2778,178,3,2024-04-04,459.84,cancelado
2778,2779,179,4,2024-04-11,355.27,cancelado
2779,2780,180,5,2024-04-18,144.25,devuelto
2780,2781,181,1,2024-04-25,413.52,completado
2781,2782,182,2,2024-05-02,257.51,completado
2782,2783,183,3,2024-05-09,321.35,completado
2783,2784,184,4,2024-05-16,70.7,completado
2784,2785,185,5,2024-05-23,24.98,completado
2785,2786,186,1,2024-05-30,192.51,completado
2786,2787,187,2,2024-06-06,301.08,completado
2787,2788,188,3,2024-06-13,97.02,cancelado
2788,2789,189,4,2024-06-20,436.54,cancelado
2789,2790,190,5,2024-06-27,297.57,devuelto
2790,2791,191,1,2024-07-04,181.38,completado
2791,2792,192,2,2024-07-11,90.12,completado
2792,2793,193,3,2024-07-18,448.3,completado
2793,2794,194,4,2024-07-25,376.99,completado
2794,2795,195,5,2024-08-01,347.54,completado
2795,2796,196,1,2024-08-08,149.68,completado
2796,2797,197,2,2024-08-15,199.42,completado
2797,2798,198,3,2024-08-22,89.82,cancelado
2798,2799,199,4,2024-08-29,290.41,cancelado
2799,2800,200,5,2024-09-05,482.81,devuelto
2800,2801,1,1,2024-09-12,429.98,completado
2801,2802,2,2,2024-09-19,327.22,completado
2802,2803,3,3,2024-09-26,342.07,completado
2803,2804,4,4,2024-10-03,141.85,completado
2804,2805,5,5,2024-10-10,210.66,completado
2805,2806,6,1,2024-10-17,19.83,completado
2806,2807,7,2,2024-10-24,392.35,completado
2807,2808,8,3,2024-10-31,386.11,cancelado
2808,2809,9,4,2024-11-07,14.36,cancelado
2809,2810,10,5,2024-11-14,456.64,devuelto
2810,2811,11,1,2024-11-21,327.21,completado
2811,2812,12,2,2024-11-28,304.56,completado
2812,2813,13,3,2024-12-05,14.15,completado
2813,2814,14,4,2024-12-12,133.67,completado
2814,2815,15,5,2024-12-19,404.49,completado
2815,2816,16,1,2024-12-26,159.68,completado
2816,2817,17,2,2023-01-03,483.84,completado
2817,2818,18,3,2023-01-10,324.94,cancelado
2818,2819,19,4,2023-01-17,217.67,cancelado
2819,2820,20,5,2023-01-24,194.47,devuelto
2820,2821,21,1,2023-01-31,180.87,completado
2821,2822,22,2,2023-02-07,133.48,completado
2822,2823,23,3,2023-02-14,238.68,completado
2823,2824,24,4,2023-02-21,341.83,completado
2824,2825,25,5,2023-02-28,413.91,completado
2825,2826,26,1,2023-03-07,204.6,completado
2826,2827,27,2,2023-03-14,60.13,completado
2827,2828,28,3,2023-03-21,260.64,cancelado
2828,2829,29,4,2023-03-28,334.55,cancelado
2829,2830,30,5,2023-04-04,423.21,devuelto
2830,2831,31,1,2023-04-11,193.37,completado
2831,2832,32,2,2023-04-18,327.2,completado
2832,2833,33,3,2023-04-25,308.43,completado
2833,2834,34,4,2023-05-02,156.25,completado
2834,2835,35,5,2023-05-09,62.97,completado
2835,2836,36,1,2023-05-16,41.28,completado
2836,2837,37,2,2023-05-23,494.3,completado
2837,2838,38,3,2023-05-30,323.89,cancelado
2838,2839,39,4,2023-06-06,432.13,cancelado
2839,2840,40,5,2023-06-13,137.96,devuelto
2840,2841,41,1,2023-06-20,358.44,completado
2841,2842,42,2,2023-06-27,447.26,completado
2842,2843,43,3,2023-07-04,156.41,completado
2843,2844,44,4,2023-07-11,83.47,completado
2844,2845,45,5,2023-07-18,385.08,completado
2845,2846,46,1,2023-07-25,450.85,completado
2846,2847,47,2,2023-08-01,404.66,completado
2847,2848,48,3,2023-08-08,403.16,cancelado
2848,2849,49,4,2023-08-15,304.02,cancelado
2849,2850,50,5,2023-08-22,333.66,devuelto
2850,2851,51,1,2023-08-29,343.57,completado
2851,2852,52,2,2023-09-05,363.43,completado
2852,2853,53,3,2023-09-12,331.15,completado
2853,2854,54,4,2023-09-19,498.76,completado
2854,2855,55,5,2023-09-26,137.12,completado
2855,2856,56,1,2023-10-03,215.1,completado
2856,2857,57,2,2023-10-10,200.25,completado
2857,2858,58,3,2023-10-17,27.31,cancelado
2858,2859,59,4,2023-10-24,356.95,cancelado
2859,2860,60,5,2023-10-31,290.3,devuelto
2860,2861,61,1,2023-11-07,103.06,completado
2861,2862,62,2,2023-11-14,366.01,completado
2862,2863,63,3,2023-11-21,118.96,completado
2863,2864,64,4,2023-11-28,271.97,completado
2864,2865,65,5,2023-12-05,394.6,completado
2865,2866,66,1,2023-12-12,454.2,completado
2866,2867,67,2,2023-12-19,339.22,completado
2867,2868,68,3,2023-12-26,258.58,cancelado
2868,2869,69,4,2024-01-02,424.26,cancelado
2869,2870,70,5,2024-01-09,421.91,devuelto
2870,2871,71,1,2024-01-16,439.48,completado
2871,2872,72,2,2024-01-23,98.76,completado
2872,2873,73,3,2024-01-30,57.83,completado
2873,2874,74,4,2024-02-06,72.69,completado
2874,2875,75,5,2024-02-13,136.74,completado
2875,2876,76,1,2024-02-20,406.09,completado
2876,2877,77,2,2024-02-27,383.83,completado
2877,2878,78,3,2024-03-05,99.7,cancelado
2878,2879,79,4,2024-03-12,343.06,cancelado
2879,2880,80,5,2024-03-19,174.46,devuelto
2880,2881,81,1,2024-03-26,53.76,completado
2881,2882,82,2,2024-04-02,184.09,completado
2882,2883,83,3,2024-04-09,374.66,completado
2883,2884,84,4,2024-04-16,160.47,completado
2884,2885,85,5,2024-04-23,396.16,completado
2885,2886,86,1,2024-04-30,172.35,completado
2886,2887,87,2,2024-05-07,137.67,completado
2887,2888,88,3,2024-05-14,154.09,cancelado
2888,2889,89,4,2024-05-21,427.09,cancelado
2889,2890,90,5,2024-05-28,240.56,devuelto
2890,2891,91,1,2024-06-04,434.53,completado
2891,2892,92,2,2024-06-11,295.95,completado
2892,2893,93,3,2024-06-18,472.71,completado
2893,2894,94,4,2024-06-25,44.9,completado
2894,2895,95,5,2024-07-02,445.82,completado
2895,2896,96,1,2024-07-09,255.23,completado
2896,2897,97,2,2024-07-16,435.07,completado
2897,2898,98,3,2024-07-23,197.02,cancelado
2898,2899,99,4,2024-07-30,156.19,cancelado
2899,2900,100,5,2024-08-06,36.49,devuelto
2900,2901,101,1,2024-08-13,428.58,completado
2901,2902,102,2,2024-08-20,77.31,completado
2902,2903,103,3,2024-08-27,108.15,completado
2903,2904,104,4,2024-09-03,210.5,completado
2904,2905,105,5,2024-09-10,289.01,completado
2905,2906,106,1,2024-09-17,454.24,completado
2906,2907,107,2,2024-09-24,234.21,completado
2907,2908,108,3,2024-10-01,165.03,cancelado
2908,2909,109,4,2024-10-08,360.68,cancelado
2909,2910,110,5,2024-10-15,391.68,devuelto
2910,2911,111,1,2024-10-22,248.91,completado
2911,2912,112,2,2024-10-29,319.21,completado
2912,2913,113,3,2024-11-05,96.64,completado
2913,2914,114,4,2024-11-12,320.9,completado
2914,2915,115,5,2024-11-19,12.31,completado
2915,2916,116,1,2024-11-26,144.03,completado
2916,2917,117,2,2024-12-03,382.98,completado
2917,2918,118,3,2024-12-10,92.62,cancelado
2918,2919,119,4,2024-12-17,384.6,cancelado
2919,2920,120,5,2024-12-24,249.89,devuelto
2920,2921,121,1,2023-01-01,384.15,completado
2921,2922,122,2,2023-01-08,53.14,completado
2922,2923,123,3,2023-01-15,311.1,completado
2923,2924,124,4,2023-01-22,320.41,completado
2924,2925,125,5,2023-01-29,207.66,completado
2925,2926,126,1,2023-02-05,483.01,completado
2926,2927,127,2,2023-02-12,197.83,completado
2927,2928,128,3,2023-02-19,28.49,cancelado
2928,2929,129,4,2023-02-26,107.71,cancelado
2929,2930,130,5,2023-03-05,192.82,devuelto
2930,2931,131,1,2023-03-12,16.9,completado
2931,2932,132,2,2023-03-19,167.88,completado
2932,2933,133,3,2023-03-26,418.28,completado
2933,2934,134,4,2023-04-02,103.38,completado
2934,2935,135,5,2023-04-09,341.61,completado
2935,2936,136,1,2023-04-16,317.08,completado
2936,2937,137,2,2023-04-23,131.92,completado
2937,2938,138,3,2023-04-30,349.83,cancelado
2938,2939,139,4,2023-05-07,178.73,cancelado
2939,2940,140,5,2023-05-14,73.18,devuelto
2940,2941,141,1,2023-05-21,197.94,completado
2941,2942,142,2,2023-05-28,298.45,completado
2942,2943,143,3,2023-06-04,91.84,completado
2943,2944,144,4,2023-06-11,413.68,completado
2944,2945,145,5,2023-06-18,156.12,completado
2945,2946,146,1,2023-06-25,152.51,completado
2946,2947,147,2,2023-07-02,366.64,completado
2947,2948,148,3,2023-07-09,302.22,cancelado
2948,2949,149,4,2023-07-16,175.54,cancelado
2949,2950,150,5,2023-07-23,445.11,devuelto
2950,2951,151,1,2023-07-30,497.78,completado
2951,2952,152,2,2023-08-06,177.94,completado
2952,2953,153,3,2023-08-13,451.68,completado
2953,2954,154,4,2023-08-20,186.03,completado
2954,2955,155,5,2023-08-27,102.33,completado
2955,2956,156,1,2023-09-03,474.56,completado
2956,2957,157,2,2023-09-10,459.92,completado
2957,2958,158,3,2023-09-17,207.66,cancelado
2958,2959,159,4,2023-09-24,121.92,cancelado
2959,2960,160,5,2023-10-01,366.31,devuelto
2960,2961,161,1,2023-10-08,74.29,completado
2961,2962,162,2,2023-10-15,369.7,completado
2962,2963,163,3,2023-10-22,298.95,completado
2963,2964,164,4,2023-10-29,92.8,completado
2964,2965,165,5,2023-11-05,189.63,completado
2965,2966,166,1,2023-11-12,328.76,completado
2966,2967,167,2,2023-11-19,28.31,completado
2967,2968,168,3,2023-11-26,439.51,cancelado
2968,2969,169,4,2023-12-03,135.34,cancelado
2969,2970,170,5,2023-12-10,272.02,devuelto
2970,2971,171,1,2023-12-17,33.81,completado
2971,2972,172,2,2023-12-24,497.39,completado
2972,2973,173,3,2023-12-31,334.37,completado
2973,2974,174,4,2024-01-07,330.25,completado
2974,2975,175,5,2024-01-14,19.67,completado
2975,2976,176,1,2024-01-21,347.98,completado
2976,2977,177,2,2024-01-28,214.22,completado
2977,2978,178,3,2024-02-04,196.32,cancelado
2978,2979,179,4,2024-02-11,278.17,cancelado
2979,2980,180,5,2024-02-18,242.45,devuelto
2980,2981,181,1,2024-02-25,85.03,completado
2981,2982,182,2,2024-03-03,350.64,completado
2982,2983,183,3,2024-03-10,318.85,completado
2983,2984,184,4,2024-03-17,157.55,completado
2984,2985,185,5,2024-03-24,334.22,completado
2985,2986,186,1,2024-03-31,334.62,completado
2986,2987,187,2,2024-04-07,142.29,completado
2987,2988,188,3,2024-04-14,306.76,cancelado
2988,2989,189,4,2024-04-21,77.21,cancelado
2989,2990,190,5,2024-04-28,417.02,devuelto
2990,2991,191,1,2024-05-05,61.41,completado
2991,2992,192,2,2024-05-12,362.2,completado
2992,2993,193,3,2024-05-19,67.69,completado
2993,2994,194,4,2024-05-26,65.87,completado
2994,2995,195,5,2024-06-02,62.07,completado
2995,2996,196,1,2024-06-09,107.34,completado
2996,2997,197,2,2024-06-16,107.88,completado
2997,2998,198,3,2024-06-23,138.87,cancelado
2998,2999,199,4,2024-06-30,266.34,cancelado
2999,3000,200,5,2024-07-07,108.82,devuelto
3000,3001,1,1,2024-07-14,354.68,completado
3001,3002,2,2,2024-07-21,154.72,completado
3002,3003,3,3,2024-07-28,29.31,completado
3003,3004,4,4,2024-08-04,253.21,completado
3004,3005,5,5,2024-08-11,111.77,completado
3005,3006,6,1,2024-08-18,467.23,completado
3006,3007,7,2,2024-08-25,172.0,completado
3007,3008,8,3,2024-09-01,11.34,cancelado
3008,3009,9,4,2024-09-08,339.1,cancelado
3009,3010,10,5,2024-09-15,454.37,devuelto
3010,3011,11,1,2024-09-22,419.26,completado
3011,3012,12,2,2024-09-29,337.82,completado
3012,3013,13,3,2024-10-06,83.08,completado
3013,3014,14,4,2024-10-13,54.14,completado
3014,3015,15,5,2024-10-20,260.74,completado
3015,3016,16,1,2024-10-27,364.55,completado
3016,3017,17,2,2024-11-03,59.63,completado
3017,3018,18,3,2024-11-10,135.39,cancelado
3018,3019,19,4,2024-11-17,123.27,cancelado
3019,3020,20,5,2024-11-24,494.45,devuelto
3020,3021,21,1,2024-12-01,155.05,completado
3021,3022,22,2,2024-12-08,237.5,completado
3022,3023,23,3,2024-12-15,58.91,completado
3023,3024,24,4,2024-12-22,95.6,completado
3024,3025,25,5,2024-12-29,29.33,completado
3025,3026,26,1,2023-01-06,152.38,completado
3026,3027,27,2,2023-01-13,402.78,completado
3027,3028,28,3,2023-01-20,163.23,cancelado
3028,3029,29,4,2023-01-27,371.88,cancelado
3029,3030,30,5,2023-02-03,56.55,devuelto
3030,3031,31,1,2023-02-10,381.52,completado
3031,3032,32,2,2023-02-17,32.49,completado
3032,3033,33,3,2023-02-24,427.48,completado
3033,3034,34,4,2023-03-03,335.04,completado
3034,3035,35,5,2023-03-10,93.55,completado
3035,3036,36,1,2023-03-17,185.19,completado
3036,3037,37,2,2023-03-24,224.48,completado
3037,3038,38,3,2023-03-31,314.69,cancelado
3038,3039,39,4,2023-04-07,440.45,cancelado
3039,3040,40,5,2023-04-14,55.55,devuelto
3040,3041,41,1,2023-04-21,409.33,completado
3041,3042,42,2,2023-04-28,99.61,completado
3042,3043,43,3,2023-05-05,206.38,completado
3043,3044,44,4,2023-05-12,481.53,completado
3044,3045,45,5,2023-05-19,143.2,completado
3045,3046,46,1,2023-05-26,199.0,completado
3046,3047,47,2,2023-06-02,426.83,completado
3047,3048,48,3,2023-06-09,401.95,cancelado
3048,3049,49,4,2023-06-16,327.93,cancelado
3049,3050,50,5,2023-06-23,400.49,devuelto
3050,3051,51,1,2023-06-30,65.4,completado
3051,3052,52,2,2023-07-07,351.12,completado
3052,3053,53,3,2023-07-14,38.74,completado
3053,3054,54,4,2023-07-21,471.81,completado
3054,3055,55,5,2023-07-28,88.1,completado
3055,3056,56,1,2023-08-04,213.85,completado
3056,3057,57,2,2023-08-11,299.47,completado
3057,3058,58,3,2023-08-18,403.11,cancelado
3058,3059,59,4,2023-08-25,342.41,cancelado
3059,3060,60,5,2023-09-01,98.82,devuelto
3060,3061,61,1,2023-09-08,196.08,completado
3061,3062,62,2,2023-09-15,185.71,completado
3062,3063,63,3,2023-09-22,24.12,completado
3063,3064,64,4,2023-09-29,345.39,completado
3064,3065,65,5,2023-10-06,420.88,completado
3065,3066,66,1,2023-10-13,486.99,completado
3066,3067,67,2,2023-10-20,74.02,completado
3067,3068,68,3,2023-10-27,461.0,cancelado
3068,3069,69,4,2023-11-03,65.34,cancelado
3069,3070,70,5,2023-11-10,211.53,devuelto
3070,3071,71,1,2023-11-17,32.53,completado
3071,3072,72,2,2023-11-24,138.19,completado
3072,3073,73,3,2023-12-01,163.98,completado
3073,3074,74,4,2023-12-08,355.24,completado
3074,3075,75,5,2023-12-15,342.19,completado
3075,3076,76,1,2023-12-22,386.09,completado
3076,3077,77,2,2023-12-29,292.56,completado
3077,3078,78,3,2024-01-05,286.86,cancelado
3078,3079,79,4,2024-01-12,489.17,cancelado
3079,3080,80,5,2024-01-19,338.22,devuelto
3080,3081,81,1,2024-01-26,175.77,completado
3081,3082,82,2,2024-02-02,266.32,completado
3082,3083,83,3,2024-02-09,353.28,completado
3083,3084,84,4,2024-02-16,56.67,completado
3084,3085,85,5,2024-02-23,334.24,completado
3085,3086,86,1,2024-03-01,131.8,completado
3086,3087,87,2,2024-03-08,179.42,completado
3087,3088,88,3,2024-03-15,341.38,cancelado
3088,3089,89,4,2024-03-22,198.59,cancelado
3089,3090,90,5,2024-03-29,421.13,devuelto
3090,3091,91,1,2024-04-05,283.59,completado
3091,3092,92,2,2024-04-12,494.02,completado
3092,3093,93,3,2024-04-19,36.74,completado
3093,3094,94,4,2024-04-26,325.27,completado
3094,3095,95,5,2024-05-03,86.89,completado
3095,3096,96,1,2024-05-10,425.93,completado
3096,3097,97,2,2024-05-17,427.42,completado
3097,3098,98,3,2024-05-24,436.01,cancelado
3098,3099,99,4,2024-05-31,46.68,cancelado
3099,3100,100,5,2024-06-07,250.91,devuelto
3100,3101,101,1,2024-06-14,128.04,completado
3101,3102,102,2,2024-06-21,485.37,completado
3102,3103,103,3,2024-06-28,34.67,completado
3103,3104,104,4,2024-07-05,119.13,completado
3104,3105,105,5,2024-07-12,325.23,completado
3105,3106,106,1,2024-07-19,207.61,completado
3106,3107,107,2,2024-07-26,125.15,completado
3107,3108,108,3,2024-08-02,234.96,cancelado
3108,3109,109,4,2024-08-09,402.62,cancelado
3109,3110,110,5,2024-08-16,229.57,devuelto
3110,3111,111,1,2024-08-23,429.73,completado
3111,3112,112,2,2024-08-30,229.06,completado
3112,3113,113,3,2024-09-06,68.17,completado
3113,3114,114,4,2024-09-13,253.71,completado
3114,3115,115,5,2024-09-20,330.15,completado
3115,3116,116,1,2024-09-27,60.3,completado
3116,3117,117,2,2024-10-04,212.05,completado
3117,3118,118,3,2024-10-11,282.99,cancelado
3118,3119,119,4,2024-10-18,10.08,cancelado
3119,3120,120,5,2024-10-25,54.54,devuelto
3120,3121,121,1,2024-11-01,306.06,completado
3121,3122,122,2,2024-11-08,313.34,completado
3122,3123,123,3,2024-11-15,159.25,completado
3123,3124,124,4,2024-11-22,259.09,completado
3124,3125,125,5,2024-11-29,111.36,completado
3125,3126,126,1,2024-12-06,339.02,completado
3126,3127,127,2,2024-12-13,475.67,completado
3127,3128,128,3,2024-12-20,188.04,cancelado
3128,3129,129,4,2024-12-27,36.59,cancelado
3129,3130,130,5,2023-01-04,119.23,devuelto
3130,3131,131,1,2023-01-11,232.69,completado
3131,3132,132,2,2023-01-18,284.47,completado
3132,3133,133,3,2023-01-25,313.68,completado
3133,3134,134,4,2023-02-01,241.84,completado
3134,3135,135,5,2023-02-08,332.01,completado
3135,3136,136,1,2023-02-15,360.8,completado
3136,3137,137,2,2023-02-22,65.87,completado
3137,3138,138,3,2023-03-01,382.07,cancelado
3138,3139,139,4,2023-03-08,118.66,cancelado
3139,3140,140,5,2023-03-15,177.26,devuelto
3140,3141,141,1,2023-03-22,416.64,completado
3141,3142,142,2,2023-03-29,482.57,completado
3142,3143,143,3,2023-04-05,153.07,completado
3143,3144,144,4,2023-04-12,265.77,completado
3144,3145,145,5,2023-04-19,354.03,completado
3145,3146,146,1,2023-04-26,32.43,completado
3146,3147,147,2,2023-05-03,90.44,completado
3147,3148,148,3,2023-05-10,78.82,cancelado
3148,3149,149,4,2023-05-17,361.26,cancelado
3149,3150,150,5,2023-05-24,363.56,devuelto
3150,3151,151,1,2023-05-31,62.41,completado
3151,3152,152,2,2023-06-07,309.32,completado
3152,3153,153,3,2023-06-14,101.9,completado
3153,3154,154,4,2023-06-21,465.81,completado
3154,3155,155,5,2023-06-28,202.52,completado
3155,3156,156,1,2023-07-05,233.95,completado
3156,3157,157,2,2023-07-12,392.9,completado
3157,3158,158,3,2023-07-19,361.23,cancelado
3158,3159,159,4,2023-07-26,62.81,cancelado
3159,3160,160,5,2023-08-02,213.09,devuelto
3160,3161,161,1,2023-08-09,464.05,completado
3161,3162,162,2,2023-08-16,420.36,completado
3162,3163,163,3,2023-08-23,298.52,completado
3163,3164,164,4,2023-08-30,388.35,completado
3164,3165,165,5,2023-09-06,230.75,completado
3165,3166,166,1,2023-09-13,332.64,completado
3166,3167,167,2,2023-09-20,478.53,completado
3167,3168,168,3,2023-09-27,75.97,cancelado
3168,3169,169,4,2023-10-04,254.43,cancelado
3169,3170,170,5,2023-10-11,269.88,devuelto
3170,3171,171,1,2023-10-18,33.8,completado
3171,3172,172,2,2023-10-25,468.3,completado
3172,3173,173,3,2023-11-01,421.02,completado
3173,3174,174,4,2023-11-08,246.64,completado
3174,3175,175,5,2023-11-15,259.08,completado
3175,3176,176,1,2023-11-22,461.37,completado
3176,3177,177,2,2023-11-29,96.83,completado
3177,3178,178,3,2023-12-06,293.49,cancelado
3178,3179,179,4,2023-12-13,367.94,cancelado
3179,3180,180,5,2023-12-20,72.91,devuelto
3180,3181,181,1,2023-12-27,199.83,completado
3181,3182,182,2,2024-01-03,304.27,completado
3182,3183,183,3,2024-01-10,442.52,completado
3183,3184,184,4,2024-01-17,257.01,completado
3184,3185,185,5,2024-01-24,198.48,completado
3185,3186,186,1,2024-01-31,489.96,completado
3186,3187,187,2,2024-02-07,458.8,completado
3187,3188,188,3,2024-02-14,383.56,cancelado
3188,3189,189,4,2024-02-21,144.06,cancelado
3189,3190,190,5,2024-02-28,482.16,devuelto
3190,3191,191,1,2024-03-06,485.54,completado
3191,3192,192,2,2024-03-13,231.89,completado
3192,3193,193,3,2024-03-20,75.35,completado
3193,3194,194,4,2024-03-27,212.25,completado
3194,3195,195,5,2024-04-03,353.01,completado
3195,3196,196,1,2024-04-10,376.73,completado
3196,3197,197,2,2024-04-17,156.47,completado
3197,3198,198,3,2024-04-24,353.73,cancelado
3198,3199,199,4,2024-05-01,431.75,cancelado
3199,3200,200,5,2024-05-08,358.82,devuelto
3200,3201,1,1,2024-05-15,468.4,completado
3201,3202,2,2,2024-05-22,319.97,completado
3202,3203,3,3,2024-05-29,108.44,completado
3203,3204,4,4,2024-06-05,315.84,completado
3204,3205,5,5,2024-06-12,152.38,completado
3205,3206,6,1,2024-06-19,179.19,completado
3206,3207,7,2,2024-06-26,339.46,completado
3207,3208,8,3,2024-07-03,490.85,cancelado
3208,3209,9,4,2024-07-10,328.54,cancelado
3209,3210,10,5,2024-07-17,479.58,devuelto
3210,3211,11,1,2024-07-24,256.91,completado
3211,3212,12,2,2024-07-31,350.21,completado
3212,3213,13,3,2024-08-07,167.97,completado
3213,3214,14,4,2024-08-14,66.55,completado
3214,3215,15,5,2024-08-21,182.6,completado
3215,3216,16,1,2024-08-28,245.38,completado
3216,3217,17,2,2024-09-04,289.61,completado
3217,3218,18,3,2024-09-11,336.91,cancelado
3218,3219,19,4,2024-09-18,214.56,cancelado
3219,3220,20,5,2024-09-25,376.46,devuelto
3220,3221,21,1,2024-10-02,422.28,completado
3221,3222,22,2,2024-10-09,150.1,completado
3222,3223,23,3,2024-10-16,425.18,completado
3223,3224,24,4,2024-10-23,406.07,completado
3224,3225,25,5,2024-10-30,266.14,completado
3225,3226,26,1,2024-11-06,22.38,completado
3226,3227,27,2,2024-11-13,81.21,completado
3227,3228,28,3,2024-11-20,338.42,cancelado
3228,3229,29,4,2024-11-27,107.95,cancelado
3229,3230,30,5,2024-12-04,377.59,devuelto
3230,3231,31,1,2024-12-11,88.86,completado
3231,3232,32,2,2024-12-18,150.44,completado
3232,3233,33,3,2024-12-25,132.77,completado
3233,3234,34,4,2023-01-02,421.3,completado
3234,3235,35,5,2023-01-09,348.39,completado
3235,3236,36,1,2023-01-16,154.62,completado
3236,3237,37,2,2023-01-23,379.26,completado
3237,3238,38,3,2023-01-30,25.83,cancelado
3238,3239,39,4,2023-02-06,408.87,cancelado
3239,3240,40,5,2023-02-13,60.22,devuelto
3240,3241,41,1,2023-02-20,435.34,completado
3241,3242,42,2,2023-02-27,372.35,completado
3242,3243,43,3,2023-03-06,433.77,completado
3243,3244,44,4,2023-03-13,373.78,completado
3244,3245,45,5,2023-03-20,285.02,completado
3245,3246,46,1,2023-03-27,126.42,completado
3246,3247,47,2,2023-04-03,394.31,completado
3247,3248,48,3,2023-04-10,401.42,cancelado
3248,3249,49,4,2023-04-17,150.94,cancelado
3249,3250,50,5,2023-04-24,335.6,devuelto
3250,3251,51,1,2023-05-01,463.98,completado
3251,3252,52,2,2023-05-08,199.9,completado
3252,3253,53,3,2023-05-15,478.78,completado
3253,3254,54,4,2023-05-22,488.15,completado
3254,3255,55,5,2023-05-29,163.2,completado
3255,3256,56,1,2023-06-05,280.54,completado
3256,3257,57,2,2023-06-12,16.35,completado
3257,3258,58,3,2023-06-19,133.16,cancelado
3258,3259,59,4,2023-06-26,314.08,cancelado
3259,3260,60,5,2023-07-03,392.65,devuelto
3260,3261,61,1,2023-07-10,436.36,completado
3261,3262,62,2,2023-07-17,416.69,completado
3262,3263,63,3,2023-07-24,456.63,completado
3263,3264,64,4,2023-07-31,355.27,completado
3264,3265,65,5,2023-08-07,327.34,completado
3265,3266,66,1,2023-08-14,380.0,completado
3266,3267,67,2,2023-08-21,277.84,completado
3267,3268,68,3,2023-08-28,305.66,cancelado
3268,3269,69,4,2023-09-04,390.31,cancelado
3269,3270,70,5,2023-09-11,482.5,devuelto
3270,3271,71,1,2023-09-18,154.15,completado
3271,3272,72,2,2023-09-25,96.94,completado
3272,3273,73,3,2023-10-02,344.5,completado
3273,3274,74,4,2023-10-09,101.62,completado
3274,3275,75,5,2023-10-16,95.16,completado
3275,3276,76,1,2023-10-23,261.78,completado
3276,3277,77,2,2023-10-30,194.83,completado
3277,3278,78,3,2023-11-06,219.97,cancelado
3278,3279,79,4,2023-11-13,282.73,cancelado
3279,3280,80,5,2023-11-20,73.73,devuelto
3280,3281,81,1,2023-11-27,296.15,completado
3281,3282,82,2,2023-12-04,134.96,completado
3282,3283,83,3,2023-12-11,171.98,completado
3283,3284,84,4,2023-12-18,357.75,completado
3284,3285,85,5,2023-12-25,85.85,completado
3285,3286,86,1,2024-01-01,85.31,completado
3286,3287,87,2,2024-01-08,168.09,completado
3287,3288,88,3,2024-01-15,34.92,cancelado
3288,3289,89,4,2024-01-22,466.87,cancelado
3289,3290,90,5,2024-01-29,311.65,devuelto
3290,3291,91,1,2024-02-05,334.33,completado
3291,3292,92,2,2024-02-12,250.37,completado
3292,3293,93,3,2024-02-19,290.61,completado
3293,3294,94,4,2024-02-26,185.46,completado
3294,3295,95,5,2024-03-04,394.18,completado
3295,3296,96,1,2024-03-11,165.75,completado
3296,3297,97,2,2024-03-18,117.78,completado
3297,3298,98,3,2024-03-25,100.1,cancelado
3298,3299,99,4,2024-04-01,43.41,cancelado
3299,3300,100,5,2024-04-08,257.52,devuelto
3300,3301,101,1,2024-04-15,213.81,completado
3301,3302,102,2,2024-04-22,273.15,completado
3302,3303,103,3,2024-04-29,55.05,completado
3303,3304,104,4,2024-05-06,118.39,completado
3304,3305,105,5,2024-05-13,114.54,completado
3305,3306,106,1,2024-05-20,172.62,completado
3306,3307,107,2,2024-05-27,186.79,completado
3307,3308,108,3,2024-06-03,117.04,cancelado
3308,3309,109,4,2024-06-10,378.8,cancelado
3309,3310,110,5,2024-06-17,269.94,devuelto
3310,3311,111,1,2024-06-24,498.35,completado
3311,3312,112,2,2024-07-01,413.61,completado
3312,3313,113,3,2024-07-08,490.76,completado
3313,3314,114,4,2024-07-15,14.31,completado
3314,3315,115,5,2024-07-22,337.78,completado
3315,3316,116,1,2024-07-29,228.38,completado
3316,3317,117,2,2024-08-05,453.2,completado
3317,3318,118,3,2024-08-12,310.71,cancelado
3318,3319,119,4,2024-08-19,314.35,cancelado
3319,3320,120,5,2024-08-26,479.86,devuelto
3320,3321,121,1,2024-09-02,344.45,completado
3321,3322,122,2,2024-09-09,167.26,completado
3322,3323,123,3,2024-09-16,458.81,completado
3323,3324,124,4,2024-09-23,473.04,completado
3324,3325,125,5,2024-09-30,199.08,completado
3325,3326,126,1,2024-10-07,274.72,completado
3326,3327,127,2,2024-10-14,148.59,completado
3327,3328,128,3,2024-10-21,456.55,cancelado
3328,3329,129,4,2024-10-28,412.83,cancelado
3329,3330,130,5,2024-11-04,193.73,devuelto
3330,3331,131,1,2024-11-11,403.38,completado
3331,3332,132,2,2024-11-18,228.32,completado
3332,3333,133,3,2024-11-25,31.49,completado
3333,3334,134,4,2024-12-02,450.16,completado
3334,3335,135,5,2024-12-09,104.33,completado
3335,3336,136,1,2024-12-16,261.81,completado
3336,3337,137,2,2024-12-23,474.62,completado
3337,3338,138,3,2024-12-30,92.02,cancelado
3338,3339,139,4,2023-01-07,478.58,cancelado
3339,3340,140,5,2023-01-14,273.61,devuelto
3340,3341,141,1,2023-01-21,13.59,completado
3341,3342,142,2,2023-01-28,42.08,completado
3342,3343,143,3,2023-02-04,338.46,completado
3343,3344,144,4,2023-02-11,389.06,completado
3344,3345,145,5,2023-02-18,433.83,completado
3345,3346,146,1,2023-02-25,217.86,completado
3346,3347,147,2,2023-03-04,60.92,completado
3347,3348,148,3,2023-03-11,273.5,cancelado
3348,3349,149,4,2023-03-18,354.34,cancelado
3349,3350,150,5,2023-03-25,488.35,devuelto
3350,3351,151,1,2023-04-01,389.85,completado
3351,3352,152,2,2023-04-08,326.81,completado
3352,3353,153,3,2023-04-15,470.48,completado
3353,3354,154,4,2023-04-22,375.98,completado
3354,3355,155,5,2023-04-29,85.34,completado
3355,3356,156,1,2023-05-06,235.02,completado
3356,3357,157,2,2023-05-13,172.54,completado
3357,3358,158,3,2023-05-20,52.89,cancelado
3358,3359,159,4,2023-05-27,36.59,cancelado
3359,3360,160,5,2023-06-03,399.17,devuelto
3360,3361,161,1,2023-06-10,283.46,completado
3361,3362,162,2,2023-06-17,291.73,completado
3362,3363,163,3,2023-06-24,121.55,completado
3363,3364,164,4,2023-07-01,136.74,completado
3364,3365,165,5,2023-07-08,200.14,completado
3365,3366,166,1,2023-07-15,318.81,completado
3366,3367,167,2,2023-07-22,222.18,completado
3367,3368,168,3,2023-07-29,18.28,cancelado
3368,3369,169,4,2023-08-05,339.92,cancelado
3369,3370,170,5,2023-08-12,272.07,devuelto
3370,3371,171,1,2023-08-19,324.3,completado
3371,3372,172,2,2023-08-26,312.99,completado
3372,3373,173,3,2023-09-02,380.42,completado
3373,3374,174,4,2023-09-09,296.95,completado
3374,3375,175,5,2023-09-16,353.43,completado
3375,3376,176,1,2023-09-23,45.57,completado
3376,3377,177,2,2023-09-30,464.74,completado
3377,3378,178,3,2023-10-07,62.01,cancelado
3378,3379,179,4,2023-10-14,395.58,cancelado
3379,3380,180,5,2023-10-21,157.66,devuelto
3380,3381,181,1,2023-10-28,52.39,completado
3381,3382,182,2,2023-11-04,384.98,completado
3382,3383,183,3,2023-11-11,224.46,completado
3383,3384,184,4,2023-11-18,203.61,completado
3384,3385,185,5,2023-11-25,333.75,completado
3385,3386,186,1,2023-12-02,242.25,completado
3386,3387,187,2,2023-12-09,271.4,completado
3387,3388,188,3,2023-12-16,76.83,cancelado
3388,3389,189,4,2023-12-23,201.59,cancelado
3389,3390,190,5,2023-12-30,400.77,devuelto
3390,3391,191,1,2024-01-06,277.4,completado
3391,3392,192,2,2024-01-13,480.47,completado
3392,3393,193,3,2024-01-20,80.6,completado
3393,3394,194,4,2024-01-27,341.87,completado
3394,3395,195,5,2024-02-03,457.94,completado
3395,3396,196,1,2024-02-10,399.56,completado
3396,3397,197,2,2024-02-17,367.37,completado
3397,3398,198,3,2024-02-24,192.83,cancelado
3398,3399,199,4,2024-03-02,475.24,cancelado
3399,3400,200,5,2024-03-09,281.23,devuelto
3400,3401,1,1,2024-03-16,281.98,completado
3401,3402,2,2,2024-03-23,70.39,completado
3402,3403,3,3,2024-03-30,12.46,completado
3403,3404,4,4,2024-04-06,302.36,completado
3404,3405,5,5,2024-04-13,273.2,completado
3405,3406,6,1,2024-04-20,474.02,completado
3406,3407,7,2,2024-04-27,159.3,completado
3407,3408,8,3,2024-05-04,376.67,cancelado
3408,3409,9,4,2024-05-11,452.74,cancelado
3409,3410,10,5,2024-05-18,178.49,devuelto
3410,3411,11,1,2024-05-25,212.2,completado
3411,3412,12,2,2024-06-01,326.51,completado
3412,3413,13,3,2024-06-08,261.15,completado
3413,3414,14,4,2024-06-15,88.87,completado
3414,3415,15,5,2024-06-22,118.19,completado
3415,3416,16,1,2024-06-29,419.03,completado
3416,3417,17,2,2024-07-06,105.22,completado
3417,3418,18,3,2024-07-13,98.87,cancelado
3418,3419,19,4,2024-07-20,401.83,cancelado
3419,3420,20,5,2024-07-27,427.6,devuelto
3420,3421,21,1,2024-08-03,427.18,completado
3421,3422,22,2,2024-08-10,466.86,completado
3422,3423,23,3,2024-08-17,497.21,completado
3423,3424,24,4,2024-08-24,236.02,completado
3424,3425,25,5,2024-08-31,279.34,completado
3425,3426,26,1,2024-09-07,152.42,completado
3426,3427,27,2,2024-09-14,43.01,completado
3427,3428,28,3,2024-09-21,58.12,cancelado
3428,3429,29,4,2024-09-28,365.54,cancelado
3429,3430,30,5,2024-10-05,248.72,devuelto
3430,3431,31,1,2024-10-12,172.12,completado
3431,3432,32,2,2024-10-19,72.83,completado
3432,3433,33,3,2024-10-26,331.18,completado
3433,3434,34,4,2024-11-02,59.02,completado
3434,3435,35,5,2024-11-09,313.56,completado
3435,3436,36,1,2024-11-16,451.06,completado
3436,3437,37,2,2024-11-23,165.72,completado
3437,3438,38,3,2024-11-30,230.82,cancelado
3438,3439,39,4,2024-12-07,312.01,cancelado
3439,3440,40,5,2024-12-14,159.78,devuelto
3440,3441,41,1,2024-12-21,296.24,completado
3441,3442,42,2,2024-12-28,287.12,completado
3442,3443,43,3,2023-01-05,188.6,completado
3443,3444,44,4,2023-01-12,165.0,completado
3444,3445,45,5,2023-01-19,219.87,completado
3445,3446,46,1,2023-01-26,12.37,completado
3446,3447,47,2,2023-02-02,130.63,completado
3447,3448,48,3,2023-02-09,118.55,cancelado
3448,3449,49,4,2023-02-16,372.51,cancelado
3449,3450,50,5,2023-02-23,223.7,devuelto
3450,3451,51,1,2023-03-02,421.65,completado
3451,3452,52,2,2023-03-09,75.81,completado
3452,3453,53,3,2023-03-16,369.16,completado
3453,3454,54,4,2023-03-23,440.16,completado
3454,3455,55,5,2023-03-30,236.8,completado
3455,3456,56,1,2023-04-06,185.78,completado
3456,3457,57,2,2023-04-13,159.68,completado
3457,3458,58,3,2023-04-20,280.32,cancelado
3458,3459,59,4,2023-04-27,96.13,cancelado
3459,3460,60,5,2023-05-04,307.25,devuelto
3460,3461,61,1,2023-05-11,422.48,completado
3461,3462,62,2,2023-05-18,430.77,completado
3462,3463,63,3,2023-05-25,78.6,completado
3463,3464,64,4,2023-06-01,273.92,completado
3464,3465,65,5,2023-06-08,138.98,completado
3465,3466,66,1,2023-06-15,444.3,completado
3466,3467,67,2,2023-06-22,47.47,completado
3467,3468,68,3,2023-06-29,46.95,cancelado
3468,3469,69,4,2023-07-06,19.13,cancelado
3469,3470,70,5,2023-07-13,258.52,devuelto
3470,3471,71,1,2023-07-20,25.29,completado
3471,3472,72,2,2023-07-27,295.13,completado
3472,3473,73,3,2023-08-03,208.52,completado
3473,3474,74,4,2023-08-10,299.12,completado
3474,3475,75,5,2023-08-17,454.09,completado
3475,3476,76,1,2023-08-24,280.28,completado
3476,3477,77,2,2023-08-31,276.3,completado
3477,3478,78,3,2023-09-07,499.38,cancelado
3478,3479,79,4,2023-09-14,241.33,cancelado
3479,3480,80,5,2023-09-21,389.85,devuelto
3480,3481,81,1,2023-09-28,189.25,completado
3481,3482,82,2,2023-10-05,119.42,completado
3482,3483,83,3,2023-10-12,388.35,completado
3483,3484,84,4,2023-10-19,369.28,completado
3484,3485,85,5,2023-10-26,152.59,completado
3485,3486,86,1,2023-11-02,237.7,completado
3486,3487,87,2,2023-11-09,260.1,completado
3487,3488,88,3,2023-11-16,204.42,cancelado
3488,3489,89,4,2023-11-23,256.06,cancelado
3489,3490,90,5,2023-11-30,334.71,devuelto
3490,3491,91,1,2023-12-07,425.51,completado
3491,3492,92,2,2023-12-14,405.2,completado
3492,3493,93,3,2023-12-21,310.88,completado
3493,3494,94,4,2023-12-28,91.26,completado
3494,3495,95,5,2024-01-04,261.93,completado
3495,3496,96,1,2024-01-11,228.65,completado
3496,3497,97,2,2024-01-18,97.78,completado
3497,3498,98,3,2024-01-25,474.87,cancelado
3498,3499,99,4,2024-02-01,333.11,cancelado
3499,3500,100,5,2024-02-08,484.19,devuelto
3500,3501,101,1,2024-02-15,370.6,completado
3501,3502,102,2,2024-02-22,246.92,completado
3502,3503,103,3,2024-02-29,185.81,completado
3503,3504,104,4,2024-03-07,117.22,completado
3504,3505,105,5,2024-03-14,248.94,completado
3505,3506,106,1,2024-03-21,40.8,completado
3506,3507,107,2,2024-03-28,191.02,completado
3507,3508,108,3,2024-04-04,30.98,cancelado
3508,3509,109,4,2024-04-11,111.32,cancelado
3509,3510,110,5,2024-04-18,454.79,devuelto
3510,3511,111,1,2024-04-25,187.01,completado
3511,3512,112,2,2024-05-02,240.14,completado
3512,3513,113,3,2024-05-09,232.78,completado
3513,3514,114,4,2024-05-16,32.75,completado
3514,3515,115,5,2024-05-23,490.49,completado
3515,3516,116,1,2024-05-30,168.79,completado
3516,3517,117,2,2024-06-06,354.83,completado
3517,3518,118,3,2024-06-13,265.47,cancelado
3518,3519,119,4,2024-06-20,416.53,cancelado
3519,3520,120,5,2024-06-27,419.09,devuelto
3520,3521,121,1,2024-07-04,139.02,completado
3521,3522,122,2,2024-07-11,276.73,completado
3522,3523,123,3,2024-07-18,95.19,completado
3523,3524,124,4,2024-07-25,330.3,completado
3524,3525,125,5,2024-08-01,189.0,completado
3525,3526,126,1,2024-08-08,330.13,completado
3526,3527,127,2,2024-08-15,419.38,completado
3527,3528,128,3,2024-08-22,263.16,cancelado
3528,3529,129,4,2024-08-29,194.4,cancelado
3529,3530,130,5,2024-09-05,454.55,devuelto
3530,3531,131,1,2024-09-12,263.02,completado
3531,3532,132,2,2024-09-19,182.92,completado
3532,3533,133,3,2024-09-26,435.18,completado
3533,3534,134,4,2024-10-03,248.56,completado
3534,3535,135,5,2024-10-10,246.23,completado
3535,3536,136,1,2024-10-17,306.06,completado
3536,3537,137,2,2024-10-24,255.9,completado
3537,3538,138,3,2024-10-31,78.09,cancelado
3538,3539,139,4,2024-11-07,91.15,cancelado
3539,3540,140,5,2024-11-14,47.77,devuelto
3540,3541,141,1,2024-11-21,325.3,completado
3541,3542,142,2,2024-11-28,113.64,completado
3542,3543,143,3,2024-12-05,101.58,completado
3543,3544,144,4,2024-12-12,187.49,completado
3544,3545,145,5,2024-12-19,361.48,completado
3545,3546,146,1,2024-12-26,67.98,completado
3546,3547,147,2,2023-01-03,122.87,completado
3547,3548,148,3,2023-01-10,407.47,cancelado
3548,3549,149,4,2023-01-17,362.93,cancelado
3549,3550,150,5,2023-01-24,245.94,devuelto
3550,3551,151,1,2023-01-31,244.62,completado
3551,3552,152,2,2023-02-07,113.24,completado
3552,3553,153,3,2023-02-14,89.01,completado
3553,3554,154,4,2023-02-21,418.35,completado
3554,3555,155,5,2023-02-28,21.0,completado
3555,3556,156,1,2023-03-07,31.14,completado
3556,3557,157,2,2023-03-14,291.01,completado
3557,3558,158,3,2023-03-21,88.95,cancelado
3558,3559,159,4,2023-03-28,318.47,cancelado
3559,3560,160,5,2023-04-04,29.2,devuelto
3560,3561,161,1,2023-04-11,290.41,completado
3561,3562,162,2,2023-04-18,37.4,completado
3562,3563,163,3,2023-04-25,136.55,completado
3563,3564,164,4,2023-05-02,98.22,completado
3564,3565,165,5,2023-05-09,479.54,completado
3565,3566,166,1,2023-05-16,303.69,completado
3566,3567,167,2,2023-05-23,286.17,completado
3567,3568,168,3,2023-05-30,19.12,cancelado
3568,3569,169,4,2023-06-06,362.58,cancelado
3569,3570,170,5,2023-06-13,334.26,devuelto
3570,3571,171,1,2023-06-20,148.89,completado
3571,3572,172,2,2023-06-27,52.02,completado
3572,3573,173,3,2023-07-04,230.11,completado
3573,3574,174,4,2023-07-11,496.46,completado
3574,3575,175,5,2023-07-18,434.98,completado
3575,3576,176,1,2023-07-25,93.58,completado
3576,3577,177,2,2023-08-01,416.88,completado
3577,3578,178,3,2023-08-08,304.41,cancelado
3578,3579,179,4,2023-08-15,399.36,cancelado
3579,3580,180,5,2023-08-22,412.02,devuelto
3580,3581,181,1,2023-08-29,99.12,completado
3581,3582,182,2,2023-09-05,333.23,completado
3582,3583,183,3,2023-09-12,139.62,completado
3583,3584,184,4,2023-09-19,364.85,completado
3584,3585,185,5,2023-09-26,177.91,completado
3585,3586,186,1,2023-10-03,232.2,completado
3586,3587,187,2,2023-10-10,299.39,completado
3587,3588,188,3,2023-10-17,122.61,cancelado
3588,3589,189,4,2023-10-24,198.88,cancelado
3589,3590,190,5,2023-10-31,63.2,devuelto
3590,3591,191,1,2023-11-07,109.15,completado
3591,3592,192,2,2023-11-14,431.2,completado
3592,3593,193,3,2023-11-21,257.14,completado
3593,3594,194,4,2023-11-28,215.7,completado
3594,3595,195,5,2023-12-05,83.28,completado
3595,3596,196,1,2023-12-12,57.19,completado
3596,3597,197,2,2023-12-19,243.18,completado
3597,3598,198,3,2023-12-26,311.23,cancelado
3598,3599,199,4,2024-01-02,29.13,cancelado
3599,3600,200,5,2024-01-09,394.1,devuelto
3600,3601,1,1,2024-01-16,256.63,completado
3601,3602,2,2,2024-01-23,67.58,completado
3602,3603,3,3,2024-01-30,246.3,completado
3603,3604,4,4,2024-02-06,73.86,completado
3604,3605,5,5,2024-02-13,305.7,completado
3605,3606,6,1,2024-02-20,415.49,completado
3606,3607,7,2,2024-02-27,449.51,completado
3607,3608,8,3,2024-03-05,389.69,cancelado
3608,3609,9,4,2024-03-12,328.12,cancelado
3609,3610,10,5,2024-03-19,265.8,devuelto
3610,3611,11,1,2024-03-26,191.48,completado
3611,3612,12,2,2024-04-02,31.28,completado
3612,3613,13,3,2024-04-09,269.61,completado
3613,3614,14,4,2024-04-16,122.45,completado
3614,3615,15,5,2024-04-23,403.13,completado
3615,3616,16,1,2024-04-30,396.88,completado
3616,3617,17,2,2024-05-07,196.81,completado
3617,3618,18,3,2024-05-14,298.63,cancelado
3618,3619,19,4,2024-05-21,373.28,cancelado
3619,3620,20,5,2024-05-28,383.15,devuelto
3620,3621,21,1,2024-06-04,351.39,completado
3621,3622,22,2,2024-06-11,57.88,completado
3622,3623,23,3,2024-06-18,75.6,completado
3623,3624,24,4,2024-06-25,243.8,completado
3624,3625,25,5,2024-07-02,123.93,completado
3625,3626,26,1,2024-07-09,430.94,completado
3626,3627,27,2,2024-07-16,148.8,completado
3627,3628,28,3,2024-07-23,439.62,cancelado
3628,3629,29,4,2024-07-30,210.24,cancelado
3629,3630,30,5,2024-08-06,102.62,devuelto
3630,3631,31,1,2024-08-13,357.48,completado
3631,3632,32,2,2024-08-20,396.82,completado
3632,3633,33,3,2024-08-27,293.21,completado
3633,3634,34,4,2024-09-03,67.74,completado
3634,3635,35,5,2024-09-10,13.53,completado
3635,3636,36,1,2024-09-17,330.73,completado
3636,3637,37,2,2024-09-24,347.01,completado
3637,3638,38,3,2024-10-01,164.79,cancelado
3638,3639,39,4,2024-10-08,187.51,cancelado
3639,3640,40,5,2024-10-15,85.84,devuelto
3640,3641,41,1,2024-10-22,329.27,completado
3641,3642,42,2,2024-10-29,134.28,completado
3642,3643,43,3,2024-11-05,428.94,completado
3643,3644,44,4,2024-11-12,217.55,completado
3644,3645,45,5,2024-11-19,189.17,completado
3645,3646,46,1,2024-11-26,145.02,completado
3646,3647,47,2,2024-12-03,343.5,completado
3647,3648,48,3,2024-12-10,379.94,cancelado
3648,3649,49,4,2024-12-17,212.48,cancelado
3649,3650,50,5,2024-12-24,394.06,devuelto
3650,3651,51,1,2023-01-01,246.41,completado
3651,3652,52,2,2023-01-08,191.4,completado
3652,3653,53,3,2023-01-15,281.91,completado
3653,3654,54,4,2023-01-22,134.35,completado
3654,3655,55,5,2023-01-29,160.26,completado
3655,3656,56,1,2023-02-05,178.73,completado
3656,3657,57,2,2023-02-12,355.69,completado
3657,3658,58,3,2023-02-19,370.53,cancelado
3658,3659,59,4,2023-02-26,428.95,cancelado
3659,3660,60,5,2023-03-05,333.05,devuelto
3660,3661,61,1,2023-03-12,376.43,completado
3661,3662,62,2,2023-03-19,228.83,completado
3662,3663,63,3,2023-03-26,352.66,completado
3663,3664,64,4,2023-04-02,89.28,completado
3664,3665,65,5,2023-04-09,115.08,completado
3665,3666,66,1,2023-04-16,206.27,completado
3666,3667,67,2,2023-04-23,175.83,completado
3667,3668,68,3,2023-04-30,279.78,cancelado
3668,3669,69,4,2023-05-07,351.56,cancelado
3669,3670,70,5,2023-05-14,356.33,devuelto
3670,3671,71,1,2023-05-21,88.76,completado
3671,3672,72,2,2023-05-28,482.64,completado
3672,3673,73,3,2023-06-04,12.59,completado
3673,3674,74,4,2023-06-11,54.63,completado
3674,3675,75,5,2023-06-18,81.21,completado
3675,3676,76,1,2023-06-25,463.67,completado
3676,3677,77,2,2023-07-02,223.33,completado
3677,3678,78,3,2023-07-09,41.4,cancelado
3678,3679,79,4,2023-07-16,118.67,cancelado
3679,3680,80,5,2023-07-23,49.22,devuelto
3680,3681,81,1,2023-07-30,28.5,completado
3681,3682,82,2,2023-08-06,198.32,completado
3682,3683,83,3,2023-08-13,492.38,completado
3683,3684,84,4,2023-08-20,310.84,completado
3684,3685,85,5,2023-08-27,265.29,completado
3685,3686,86,1,2023-09-03,358.69,completado
3686,3687,87,2,2023-09-10,302.76,completado
3687,3688,88,3,2023-09-17,473.4,cancelado
3688,3689,89,4,2023-09-24,411.91,cancelado
3689,3690,90,5,2023-10-01,323.74,devuelto
3690,3691,91,1,2023-10-08,225.1,completado
3691,3692,92,2,2023-10-15,108.84,completado
3692,3693,93,3,2023-10-22,331.87,completado
3693,3694,94,4,2023-10-29,403.92,completado
3694,3695,95,5,2023-11-05,150.14,completado
3695,3696,96,1,2023-11-12,26.47,completado
3696,3697,97,2,2023-11-19,303.76,completado
3697,3698,98,3,2023-11-26,262.75,cancelado
3698,3699,99,4,2023-12-03,123.52,cancelado
3699,3700,100,5,2023-12-10,93.05,devuelto
3700,3701,101,1,2023-12-17,27.67,completado
3701,3702,102,2,2023-12-24,127.24,completado
3702,3703,103,3,2023-12-31,10.14,completado
3703,3704,104,4,2024-01-07,87.15,completado
3704,3705,105,5,2024-01-14,498.44,completado
3705,3706,106,1,2024-01-21,392.04,completado
3706,3707,107,2,2024-01-28,183.03,completado
3707,3708,108,3,2024-02-04,203.62,cancelado
3708,3709,109,4,2024-02-11,297.18,cancelado
3709,3710,110,5,2024-02-18,263.69,devuelto
3710,3711,111,1,2024-02-25,371.09,completado
3711,3712,112,2,2024-03-03,43.62,completado
3712,3713,113,3,2024-03-10,54.18,completado
3713,3714,114,4,2024-03-17,149.4,completado
3714,3715,115,5,2024-03-24,416.58,completado
3715,3716,116,1,2024-03-31,458.35,completado
3716,3717,117,2,2024-04-07,180.57,completado
3717,3718,118,3,2024-04-14,482.01,cancelado
3718,3719,119,4,2024-04-21,145.49,cancelado
3719,3720,120,5,2024-04-28,307.12,devuelto
3720,3721,121,1,2024-05-05,105.32,completado
3721,3722,122,2,2024-05-12,465.56,completado
3722,3723,123,3,2024-05-19,291.7,completado
3723,3724,124,4,2024-05-26,137.94,completado
3724,3725,125,5,2024-06-02,209.5,completado
3725,3726,126,1,2024-06-09,62.17,completado
3726,3727,127,2,2024-06-16,45.47,completado
3727,3728,128,3,2024-06-23,154.18,cancelado
3728,3729,129,4,2024-06-30,474.04,cancelado
3729,3730,130,5,2024-07-07,403.44,devuelto
3730,3731,131,1,2024-07-14,478.79,completado
3731,3732,132,2,2024-07-21,439.3,completado
3732,3733,133,3,2024-07-28,408.44,completado
3733,3734,134,4,2024-08-04,291.7,completado
3734,3735,135,5,2024-08-11,350.15,completado
3735,3736,136,1,2024-08-18,483.37,completado
3736,3737,137,2,2024-08-25,285.95,completado
3737,3738,138,3,2024-09-01,387.28,cancelado
3738,3739,139,4,2024-09-08,381.16,cancelado
3739,3740,140,5,2024-09-15,481.01,devuelto
3740,3741,141,1,2024-09-22,234.84,completado
3741,3742,142,2,2024-09-29,235.75,completado
3742,3743,143,3,2024-10-06,297.54,completado
3743,3744,144,4,2024-10-13,23.4,completado
3744,3745,145,5,2024-10-20,66.97,completado
3745,3746,146,1,2024-10-27,43.1,completado
3746,3747,147,2,2024-11-03,320.49,completado
3747,3748,148,3,2024-11-10,497.16,cancelado
3748,3749,149,4,2024-11-17,341.69,cancelado
3749,3750,150,5,2024-11-24,122.67,devuelto
3750,3751,151,1,2024-12-01,164.71,completado
3751,3752,152,2,2024-12-08,478.17,completado
3752,3753,153,3,2024-12-15,263.09,completado
3753,3754,154,4,2024-12-22,14.76,completado
3754,3755,155,5,2024-12-29,417.77,completado
3755,3756,156,1,2023-01-06,131.65,completado
3756,3757,157,2,2023-01-13,55.57,completado
3757,3758,158,3,2023-01-20,340.11,cancelado
3758,3759,159,4,2023-01-27,412.33,cancelado
3759,3760,160,5,2023-02-03,47.25,devuelto
3760,3761,161,1,2023-02-10,466.38,completado
3761,3762,162,2,2023-02-17,243.51,completado
3762,3763,163,3,2023-02-24,183.23,completado
3763,3764,164,4,2023-03-03,448.21,completado
3764,3765,165,5,2023-03-10,141.85,completado
3765,3766,166,1,2023-03-17,474.09,completado
3766,3767,167,2,2023-03-24,344.72,completado
3767,3768,168,3,2023-03-31,455.86,cancelado
3768,3769,169,4,2023-04-07,254.51,cancelado
3769,3770,170,5,2023-04-14,107.84,devuelto
3770,3771,171,1,2023-04-21,370.36,completado
3771,3772,172,2,2023-04-28,437.64,completado
3772,3773,173,3,2023-05-05,111.32,completado
3773,3774,174,4,2023-05-12,109.36,completado
3774,3775,175,5,2023-05-19,132.35,completado
3775,3776,176,1,2023-05-26,313.11,completado
3776,3777,177,2,2023-06-02,86.44,completado
3777,3778,178,3,2023-06-09,62.28,cancelado
3778,3779,179,4,2023-06-16,460.89,cancelado
3779,3780,180,5,2023-06-23,341.15,devuelto
3780,3781,181,1,2023-06-30,335.08,completado
3781,3782,182,2,2023-07-07,310.78,completado
3782,3783,183,3,2023-07-14,384.48,completado
3783,3784,184,4,2023-07-21,275.32,completado
3784,3785,185,5,2023-07-28,30.71,completado
3785,3786,186,1,2023-08-04,246.32,completado
3786,3787,187,2,2023-08-11,314.13,completado
3787,3788,188,3,2023-08-18,251.25,cancelado
3788,3789,189,4,2023-08-25,492.83,cancelado
3789,3790,190,5,2023-09-01,449.53,devuelto
3790,3791,191,1,2023-09-08,435.7,completado
3791,3792,192,2,2023-09-15,250.49,completado
3792,3793,193,3,2023-09-22,492.35,completado
3793,3794,194,4,2023-09-29,458.84,completado
3794,3795,195,5,2023-10-06,147.33,completado
3795,3796,196,1,2023-10-13,118.83,completado
3796,3797,197,2,2023-10-20,292.57,completado
3797,3798,198,3,2023-10-27,36.53,cancelado
3798,3799,199,4,2023-11-03,401.64,cancelado
3799,3800,200,5,2023-11-10,244.38,devuelto
3800,3801,1,1,2023-11-17,274.98,completado
3801,3802,2,2,2023-11-24,256.21,completado
3802,3803,3,3,2023-12-01,202.92,completado
3803,3804,4,4,2023-12-08,346.31,completado
3804,3805,5,5,2023-12-15,95.65,completado
3805,3806,6,1,2023-12-22,488.49,completado
3806,3807,7,2,2023-12-29,352.14,completado
3807,3808,8,3,2024-01-05,235.43,cancelado
3808,3809,9,4,2024-01-12,347.71,cancelado
3809,3810,10,5,2024-01-19,15.79,devuelto
3810,3811,11,1,2024-01-26,113.27,completado
3811,3812,12,2,2024-02-02,294.69,completado
3812,3813,13,3,2024-02-09,169.46,completado
3813,3814,14,4,2024-02-16,310.26,completado
3814,3815,15,5,2024-02-23,137.25,completado
3815,3816,16,1,2024-03-01,278.8,completado
3816,3817,17,2,2024-03-08,126.2,completado
3817,3818,18,3,2024-03-15,240.96,cancelado
3818,3819,19,4,2024-03-22,310.41,cancelado
3819,3820,20,5,2024-03-29,189.3,devuelto
3820,3821,21,1,2024-04-05,254.4,completado
3821,3822,22,2,2024-04-12,113.16,completado
3822,3823,23,3,2024-04-19,353.35,completado
3823,3824,24,4,2024-04-26,192.43,completado
3824,3825,25,5,2024-05-03,428.62,completado
3825,3826,26,1,2024-05-10,147.02,completado
3826,3827,27,2,2024-05-17,98.15,completado
3827,3828,28,3,2024-05-24,74.26,cancelado
3828,3829,29,4,2024-05-31,292.19,cancelado
3829,3830,30,5,2024-06-07,122.0,devuelto
3830,3831,31,1,2024-06-14,58.94,completado
3831,3832,32,2,2024-06-21,142.28,completado
3832,3833,33,3,2024-06-28,125.54,completado
3833,3834,34,4,2024-07-05,221.79,completado
3834,3835,35,5,2024-07-12,196.63,completado
3835,3836,36,1,2024-07-19,81.46,completado
3836,3837,37,2,2024-07-26,479.98,completado
3837,3838,38,3,2024-08-02,83.28,cancelado
3838,3839,39,4,2024-08-09,404.78,cancelado
3839,3840,40,5,2024-08-16,96.54,devuelto
3840,3841,41,1,2024-08-23,254.8,completado
3841,3842,42,2,2024-08-30,497.83,completado
3842,3843,43,3,2024-09-06,426.2,completado
3843,3844,44,4,2024-09-13,263.33,completado
3844,3845,45,5,2024-09-20,363.07,completado
3845,3846,46,1,2024-09-27,394.81,completado
3846,3847,47,2,2024-10-04,157.02,completado
3847,3848,48,3,2024-10-11,285.45,cancelado
3848,3849,49,4,2024-10-18,288.24,cancelado
3849,3850,50,5,2024-10-25,205.22,devuelto
3850,3851,51,1,2024-11-01,348.37,completado
3851,3852,52,2,2024-11-08,39.42,completado
3852,3853,53,3,2024-11-15,408.77,completado
3853,3854,54,4,2024-11-22,243.5,completado
3854,3855,55,5,2024-11-29,318.63,completado
3855,3856,56,1,2024-12-06,230.43,completado
3856,3857,57,2,2024-12-13,173.98,completado
3857,3858,58,3,2024-12-20,186.87,cancelado
3858,3859,59,4,2024-12-27,284.57,cancelado
3859,3860,60,5,2023-01-04,466.6,devuelto
3860,3861,61,1,2023-01-11,136.28,completado
3861,3862,62,2,2023-01-18,19.72,completado
3862,3863,63,3,2023-01-25,69.41,completado
3863,3864,64,4,2023-02-01,435.01,completado
3864,3865,65,5,2023-02-08,481.93,completado
3865,3866,66,1,2023-02-15,107.49,completado
3866,3867,67,2,2023-02-22,292.19,completado
3867,3868,68,3,2023-03-01,328.07,cancelado
3868,3869,69,4,2023-03-08,95.52,cancelado
3869,3870,70,5,2023-03-15,392.35,devuelto
3870,3871,71,1,2023-03-22,184.0,completado
3871,3872,72,2,2023-03-29,339.86,completado
3872,3873,73,3,2023-04-05,248.87,completado
3873,3874,74,4,2023-04-12,370.9,completado
3874,3875,75,5,2023-04-19,445.92,completado
3875,3876,76,1,2023-04-26,196.72,completado
3876,3877,77,2,2023-05-03,150.4,completado
3877,3878,78,3,2023-05-10,319.54,cancelado
3878,3879,79,4,2023-05-17,80.98,cancelado
3879,3880,80,5,2023-05-24,92.11,devuelto
3880,3881,81,1,2023-05-31,405.78,completado
3881,3882,82,2,2023-06-07,175.32,completado
3882,3883,83,3,2023-06-14,319.32,completado
3883,3884,84,4,2023-06-21,290.1,completado
3884,3885,85,5,2023-06-28,425.96,completado
3885,3886,86,1,2023-07-05,44.96,completado
3886,3887,87,2,2023-07-12,89.38,completado
3887,3888,88,3,2023-07-19,121.83,cancelado
3888,3889,89,4,2023-07-26,165.27,cancelado
3889,3890,90,5,2023-08-02,152.76,devuelto
3890,3891,91,1,2023-08-09,141.06,completado
3891,3892,92,2,2023-08-16,325.88,completado
3892,3893,93,3,2023-08-23,142.91,completado
3893,3894,94,4,2023-08-30,228.0,completado
3894,3895,95,5,2023-09-06,432.78,completado
3895,3896,96,1,2023-09-13,187.95,completado
3896,3897,97,2,2023-09-20,297.59,completado
3897,3898,98,3,2023-09-27,483.11,cancelado
3898,3899,99,4,2023-10-04,212.85,cancelado
3899,3900,100,5,2023-10-11,100.1,devuelto
3900,3901,101,1,2023-10-18,21.32,completado
3901,3902,102,2,2023-10-25,366.61,completado
3902,3903,103,3,2023-11-01,334.39,completado
3903,3904,104,4,2023-11-08,470.81,completado
3904,3905,105,5,2023-11-15,353.34,completado
3905,3906,106,1,2023-11-22,49.23,completado
3906,3907,107,2,2023-11-29,91.79,completado
3907,3908,108,3,2023-12-06,60.47,cancelado
3908,3909,109,4,2023-12-13,41.26,cancelado
3909,3910,110,5,2023-12-20,440.56,devuelto
3910,3911,111,1,2023-12-27,278.73,completado
3911,3912,112,2,2024-01-03,22.92,completado
3912,3913,113,3,2024-01-10,204.54,completado
3913,3914,114,4,2024-01-17,384.85,completado
3914,3915,115,5,2024-01-24,50.79,completado
3915,3916,116,1,2024-01-31,138.6,completado
3916,3917,117,2,2024-02-07,86.08,completado
3917,3918,118,3,2024-02-14,330.87,cancelado
3918,3919,119,4,2024-02-21,443.88,cancelado
3919,3920,120,5,2024-02-28,161.59,devuelto
3920,3921,121,1,2024-03-06,131.22,completado
3921,3922,122,2,2024-03-13,149.25,completado
3922,3923,123,3,2024-03-20,316.98,completado
3923,3924,124,4,2024-03-27,74.33,completado
3924,3925,125,5,2024-04-03,420.87,completado
3925,3926,126,1,2024-04-10,24.0,completado
3926,3927,127,2,2024-04-17,335.14,completado
3927,3928,128,3,2024-04-24,431.58,cancelado
3928,3929,129,4,2024-05-01,169.35,cancelado
3929,3930,130,5,2024-05-08,243.32,devuelto
3930,3931,131,1,2024-05-15,487.74,completado
3931,3932,132,2,2024-05-22,274.89,completado
3932,3933,133,3,2024-05-29,143.48,completado
3933,3934,134,4,2024-06-05,227.97,completado
3934,3935,135,5,2024-06-12,485.08,completado
3935,3936,136,1,2024-06-19,351.84,completado
3936,3937,137,2,2024-06-26,96.75,completado
3937,3938,138,3,2024-07-03,302.82,cancelado
3938,3939,139,4,2024-07-10,319.21,cancelado
3939,3940,140,5,2024-07-17,321.57,devuelto
3940,3941,141,1,2024-07-24,286.35,completado
3941,3942,142,2,2024-07-31,266.5,completado
3942,3943,143,3,2024-08-07,323.37,completado
3943,3944,144,4,2024-08-14,161.73,completado
3944,3945,145,5,2024-08-21,180.11,completado
3945,3946,146,1,2024-08-28,274.44,completado
3946,3947,147,2,2024-09-04,404.31,completado
3947,3948,148,3,2024-09-11,226.51,cancelado
3948,3949,149,4,2024-09-18,189.23,cancelado
3949,3950,150,5,2024-09-25,137.31,devuelto
3950,3951,151,1,2024-10-02,158.75,completado
3951,3952,152,2,2024-10-09,10.05,completado
3952,3953,153,3,2024-10-16,409.54,completado
3953,3954,154,4,2024-10-23,425.49,completado
3954,3955,155,5,2024-10-30,178.5,completado
3955,3956,156,1,2024-11-06,239.91,completado
3956,3957,157,2,2024-11-13,14.08,completado
3957,3958,158,3,2024-11-20,461.82,cancelado
3958,3959,159,4,2024-11-27,474.01,cancelado
3959,3960,160,5,2024-12-04,243.76,devuelto
3960,3961,161,1,2024-12-11,14.47,completado
3961,3962,162,2,2024-12-18,220.91,completado
3962,3963,163,3,2024-12-25,153.53,completado
3963,3964,164,4,2023-01-02,123.3,completado
3964,3965,165,5,2023-01-09,13.54,completado
3965,3966,166,1,2023-01-16,193.09,completado
3966,3967,167,2,2023-01-23,211.75,completado
3967,3968,168,3,2023-01-30,284.67,cancelado
3968,3969,169,4,2023-02-06,203.43,cancelado
3969,3970,170,5,2023-02-13,90.0,devuelto
3970,3971,171,1,2023-02-20,371.19,completado
3971,3972,172,2,2023-02-27,200.96,completado
3972,3973,173,3,2023-03-06,195.4,completado
3973,3974,174,4,2023-03-13,138.86,completado
3974,3975,175,5,2023-03-20,216.9,completado
3975,3976,176,1,2023-03-27,127.39,completado
3976,3977,177,2,2023-04-03,384.62,completado
3977,3978,178,3,2023-04-10,455.88,cancelado
3978,3979,179,4,2023-04-17,405.71,cancelado
3979,3980,180,5,2023-04-24,345.47,devuelto
3980,3981,181,1,2023-05-01,149.49,completado
3981,3982,182,2,2023-05-08,374.03,completado
3982,3983,183,3,2023-05-15,406.32,completado
3983,3984,184,4,2023-05-22,212.32,completado
3984,3985,185,5,2023-05-29,428.21,completado
3985,3986,186,1,2023-06-05,99.38,completado
3986,3987,187,2,2023-06-12,151.9,completado
3987,3988,188,3,2023-06-19,322.08,cancelado
3988,3989,189,4,2023-06-26,312.69,cancelado
3989,3990,190,5,2023-07-03,143.35,devuelto
3990,3991,191,1,2023-07-10,315.15,completado
3991,3992,192,2,2023-07-17,102.02,completado
3992,3993,193,3,2023-07-24,19.5,completado
3993,3994,194,4,2023-07-31,34.32,completado
3994,3995,195,5,2023-08-07,272.14,completado
3995,3996,196,1,2023-08-14,101.11,completado
3996,3997,197,2,2023-08-21,60.11,completado
3997,3998,198,3,2023-08-28,141.91,cancelado
3998,3999,199,4,2023-09-04,360.45,cancelado
3999,4000,200,5,2023-09-11,366.28,devuelto
4000,4001,1,1,2023-09-18,124.08,completado
4001,4002,2,2,2023-09-25,83.84,completado
4002,4003,3,3,2023-10-02,251.85,completado
4003,4004,4,4,2023-10-09,177.54,completado
4004,4005,5,5,2023-10-16,162.67,completado
4005,4006,6,1,2023-10-23,401.74,completado
4006,4007,7,2,2023-10-30,499.0,completado
4007,4008,8,3,2023-11-06,237.21,cancelado
4008,4009,9,4,2023-11-13,397.8,cancelado
4009,4010,10,5,2023-11-20,171.82,devuelto
4010,4011,11,1,2023-11-27,423.34,completado
4011,4012,12,2,2023-12-04,476.31,completado
4012,4013,13,3,2023-12-11,37.46,completado
4013,4014,14,4,2023-12-18,390.07,completado
4014,4015,15,5,2023-12-25,44.98,completado
4015,4016,16,1,2024-01-01,240.37,completado
4016,4017,17,2,2024-01-08,104.17,completado
4017,4018,18,3,2024-01-15,422.35,cancelado
4018,4019,19,4,2024-01-22,410.45,cancelado
4019,4020,20,5,2024-01-29,415.84,devuelto
4020,4021,21,1,2024-02-05,69.76,completado
4021,4022,22,2,2024-02-12,386.39,completado
4022,4023,23,3,2024-02-19,131.99,completado
4023,4024,24,4,2024-02-26,387.9,completado
4024,4025,25,5,2024-03-04,227.05,completado
4025,4026,26,1,2024-03-11,371.43,completado
4026,4027,27,2,2024-03-18,26.42,completado
4027,4028,28,3,2024-03-25,235.81,cancelado
4028,4029,29,4,2024-04-01,387.79,cancelado
4029,4030,30,5,2024-04-08,265.36,devuelto
4030,4031,31,1,2024-04-15,491.24,completado
4031,4032,32,2,2024-04-22,241.68,completado
4032,4033,33,3,2024-04-29,343.91,completado
4033,4034,34,4,2024-05-06,162.93,completado
4034,4035,35,5,2024-05-13,168.3,completado
4035,4036,36,1,2024-05-20,318.29,completado
4036,4037,37,2,2024-05-27,30.67,completado
4037,4038,38,3,2024-06-03,469.34,cancelado
4038,4039,39,4,2024-06-10,265.25,cancelado
4039,4040,40,5,2024-06-17,134.12,devuelto
4040,4041,41,1,2024-06-24,322.87,completado
4041,4042,42,2,2024-07-01,107.37,completado
4042,4043,43,3,2024-07-08,444.88,completado
4043,4044,44,4,2024-07-15,433.19,completado
4044,4045,45,5,2024-07-22,116.72,completado
4045,4046,46,1,2024-07-29,65.33,completado
4046,4047,47,2,2024-08-05,320.13,completado
4047,4048,48,3,2024-08-12,169.01,cancelado
4048,4049,49,4,2024-08-19,92.01,cancelado
4049,4050,50,5,2024-08-26,145.29,devuelto
4050,4051,51,1,2024-09-02,68.63,completado
4051,4052,52,2,2024-09-09,396.68,completado
4052,4053,53,3,2024-09-16,14.38,completado
4053,4054,54,4,2024-09-23,30.58,completado
4054,4055,55,5,2024-09-30,393.9,completado
4055,4056,56,1,2024-10-07,242.88,completado
4056,4057,57,2,2024-10-14,302.14,completado
4057,4058,58,3,2024-10-21,191.99,cancelado
4058,4059,59,4,2024-10-28,53.85,cancelado
4059,4060,60,5,2024-11-04,87.27,devuelto
4060,4061,61,1,2024-11-11,54.79,completado
4061,4062,62,2,2024-11-18,313.14,completado
4062,4063,63,3,2024-11-25,466.12,completado
4063,4064,64,4,2024-12-02,498.52,completado
4064,4065,65,5,2024-12-09,316.31,completado
4065,4066,66,1,2024-12-16,39.29,completado
4066,4067,67,2,2024-12-23,325.84,completado
4067,4068,68,3,2024-12-30,353.65,cancelado
4068,4069,69,4,2023-01-07,397.82,cancelado
4069,4070,70,5,2023-01-14,71.66,devuelto
4070,4071,71,1,2023-01-21,124.01,completado
4071,4072,72,2,2023-01-28,491.02,completado
4072,4073,73,3,2023-02-04,396.4,completado
4073,4074,74,4,2023-02-11,380.78,completado
4074,4075,75,5,2023-02-18,404.71,completado
4075,4076,76,1,2023-02-25,224.97,completado
4076,4077,77,2,2023-03-04,104.55,completado
4077,4078,78,3,2023-03-11,347.73,cancelado
4078,4079,79,4,2023-03-18,185.5,cancelado
4079,4080,80,5,2023-03-25,76.02,devuelto
4080,4081,81,1,2023-04-01,450.34,completado
4081,4082,82,2,2023-04-08,247.8,completado
4082,4083,83,3,2023-04-15,224.38,completado
4083,4084,84,4,2023-04-22,154.41,completado
4084,4085,85,5,2023-04-29,351.55,completado
4085,4086,86,1,2023-05-06,102.99,completado
4086,4087,87,2,2023-05-13,101.45,completado
4087,4088,88,3,2023-05-20,180.36,cancelado
4088,4089,89,4,2023-05-27,368.88,cancelado
4089,4090,90,5,2023-06-03,144.91,devuelto
4090,4091,91,1,2023-06-10,417.36,completado
4091,4092,92,2,2023-06-17,458.09,completado
4092,4093,93,3,2023-06-24,281.71,completado
4093,4094,94,4,2023-07-01,43.75,completado
4094,4095,95,5,2023-07-08,85.96,completado
4095,4096,96,1,2023-07-15,154.88,completado
4096,4097,97,2,2023-07-22,139.04,completado
4097,4098,98,3,2023-07-29,189.89,cancelado
4098,4099,99,4,2023-08-05,10.35,cancelado
4099,4100,100,5,2023-08-12,322.63,devuelto
4100,4101,101,1,2023-08-19,195.73,completado
4101,4102,102,2,2023-08-26,100.91,completado
4102,4103,103,3,2023-09-02,19.17,completado
4103,4104,104,4,2023-09-09,429.85,completado
4104,4105,105,5,2023-09-16,390.25,completado
4105,4106,106,1,2023-09-23,127.01,completado
4106,4107,107,2,2023-09-30,363.29,completado
4107,4108,108,3,2023-10-07,332.56,cancelado
4108,4109,109,4,2023-10-14,274.09,cancelado
4109,4110,110,5,2023-10-21,199.87,devuelto
4110,4111,111,1,2023-10-28,266.79,completado
4111,4112,112,2,2023-11-04,253.8,completado
4112,4113,113,3,2023-11-11,280.22,completado
4113,4114,114,4,2023-11-18,310.39,completado
4114,4115,115,5,2023-11-25,168.07,completado
4115,4116,116,1,2023-12-02,324.04,completado
4116,4117,117,2,2023-12-09,64.13,completado
4117,4118,118,3,2023-12-16,266.37,cancelado
4118,4119,119,4,2023-12-23,42.67,cancelado
4119,4120,120,5,2023-12-30,419.24,devuelto
4120,4121,121,1,2024-01-06,73.59,completado
4121,4122,122,2,2024-01-13,438.01,completado
4122,4123,123,3,2024-01-20,109.02,completado
4123,4124,124,4,2024-01-27,247.83,completado
4124,4125,125,5,2024-02-03,58.39,completado
4125,4126,126,1,2024-02-10,289.8,completado
4126,4127,127,2,2024-02-17,419.79,completado
4127,4128,128,3,2024-02-24,332.38,cancelado
4128,4129,129,4,2024-03-02,267.65,cancelado
4129,4130,130,5,2024-03-09,353.64,devuelto
4130,4131,131,1,2024-03-16,135.41,completado
4131,4132,132,2,2024-03-23,189.51,completado
4132,4133,133,3,2024-03-30,306.92,completado
4133,4134,134,4,2024-04-06,44.73,completado
4134,4135,135,5,2024-04-13,465.8,completado
4135,4136,136,1,2024-04-20,112.28,completado
4136,4137,137,2,2024-04-27,250.79,completado
4137,4138,138,3,2024-05-04,445.99,cancelado
4138,4139,139,4,2024-05-11,49.18,cancelado
4139,4140,140,5,2024-05-18,402.5,devuelto
4140,4141,141,1,2024-05-25,39.74,completado
4141,4142,142,2,2024-06-01,283.43,completado
4142,4143,143,3,2024-06-08,469.74,completado
4143,4144,144,4,2024-06-15,213.82,completado
4144,4145,145,5,2024-06-22,190.84,completado
4145,4146,146,1,2024-06-29,357.13,completado
4146,4147,147,2,2024-07-06,413.59,completado
4147,4148,148,3,2024-07-13,140.25,cancelado
4148,4149,149,4,2024-07-20,29.92,cancelado
4149,4150,150,5,2024-07-27,44.49,devuelto
4150,4151,151,1,2024-08-03,158.91,completado
4151,4152,152,2,2024-08-10,472.86,completado
4152,4153,153,3,2024-08-17,480.69,completado
4153,4154,154,4,2024-08-24,57.59,completado
4154,4155,155,5,2024-08-31,365.33,completado
4155,4156,156,1,2024-09-07,270.51,completado
4156,4157,157,2,2024-09-14,102.84,completado
4157,4158,158,3,2024-09-21,267.83,cancelado
4158,4159,159,4,2024-09-28,131.89,cancelado
4159,4160,160,5,2024-10-05,316.41,devuelto
4160,4161,161,1,2024-10-12,97.66,completado
4161,4162,162,2,2024-10-19,377.11,completado
4162,4163,163,3,2024-10-26,213.44,completado
4163,4164,164,4,2024-11-02,61.7,completado
4164,4165,165,5,2024-11-09,322.93,completado
4165,4166,166,1,2024-11-16,185.4,completado
4166,4167,167,2,2024-11-23,234.77,completado
4167,4168,168,3,2024-11-30,335.97,cancelado
4168,4169,169,4,2024-12-07,442.58,cancelado
4169,4170,170,5,2024-12-14,91.74,devuelto
4170,4171,171,1,2024-12-21,98.39,completado
4171,4172,172,2,2024-12-28,206.76,completado
4172,4173,173,3,2023-01-05,175.38,completado
4173,4174,174,4,2023-01-12,87.51,completado
4174,4175,175,5,2023-01-19,499.23,completado
4175,4176,176,1,2023-01-26,227.08,completado
4176,4177,177,2,2023-02-02,182.64,completado
4177,4178,178,3,2023-02-09,164.43,cancelado
4178,4179,179,4,2023-02-16,495.82,cancelado
4179,4180,180,5,2023-02-23,169.08,devuelto
4180,4181,181,1,2023-03-02,192.14,completado
4181,4182,182,2,2023-03-09,384.45,completado
4182,4183,183,3,2023-03-16,220.99,completado
4183,4184,184,4,2023-03-23,365.68,completado
4184,4185,185,5,2023-03-30,308.12,completado
4185,4186,186,1,2023-04-06,285.94,completado
4186,4187,187,2,2023-04-13,114.82,completado
4187,4188,188,3,2023-04-20,385.2,cancelado
4188,4189,189,4,2023-04-27,463.81,cancelado
4189,4190,190,5,2023-05-04,134.5,devuelto
4190,4191,191,1,2023-05-11,481.21,completado
4191,4192,192,2,2023-05-18,229.27,completado
4192,4193,193,3,2023-05-25,204.57,completado
4193,4194,194,4,2023-06-01,365.89,completado
4194,4195,195,5,2023-06-08,491.65,completado
4195,4196,196,1,2023-06-15,301.92,completado
4196,4197,197,2,2023-06-22,263.63,completado
4197,4198,198,3,2023-06-29,496.77,cancelado
4198,4199,199,4,2023-07-06,157.9,cancelado
4199,4200,200,5,2023-07-13,157.16,devuelto
4200,4201,1,1,2023-07-20,118.72,completado
4201,4202,2,2,2023-07-27,429.3,completado
4202,4203,3,3,2023-08-03,20.63,completado
4203,4204,4,4,2023-08-10,412.75,completado
4204,4205,5,5,2023-08-17,347.96,completado
4205,4206,6,1,2023-08-24,145.22,completado
4206,4207,7,2,2023-08-31,281.29,completado
4207,4208,8,3,2023-09-07,282.6,cancelado
4208,4209,9,4,2023-09-14,463.7,cancelado
4209,4210,10,5,2023-09-21,85.81,devuelto
4210,4211,11,1,2023-09-28,28.49,completado
4211,4212,12,2,2023-10-05,184.27,completado
4212,4213,13,3,2023-10-12,77.82,completado
4213,4214,14,4,2023-10-19,189.87,completado
4214,4215,15,5,2023-10-26,295.26,completado
4215,4216,16,1,2023-11-02,124.17,completado
4216,4217,17,2,2023-11-09,407.43,completado
4217,4218,18,3,2023-11-16,55.03,cancelado
4218,4219,19,4,2023-11-23,205.9,cancelado
4219,4220,20,5,2023-11-30,459.76,devuelto
4220,4221,21,1,2023-12-07,369.79,completado
4221,4222,22,2,2023-12-14,364.55,completado
4222,4223,23,3,2023-12-21,398.52,completado
4223,4224,24,4,2023-12-28,94.72,completado
4224,4225,25,5,2024-01-04,414.6,completado
4225,4226,26,1,2024-01-11,347.9,completado
4226,4227,27,2,2024-01-18,292.35,completado
4227,4228,28,3,2024-01-25,454.75,cancelado
4228,4229,29,4,2024-02-01,301.66,cancelado
4229,4230,30,5,2024-02-08,157.19,devuelto
4230,4231,31,1,2024-02-15,368.09,completado
4231,4232,32,2,2024-02-22,292.38,completado
4232,4233,33,3,2024-02-29,48.45,completado
4233,4234,34,4,2024-03-07,37.4,completado
4234,4235,35,5,2024-03-14,387.74,completado
4235,4236,36,1,2024-03-21,180.49,completado
4236,4237,37,2,2024-03-28,410.4,completado
4237,4238,38,3,2024-04-04,214.1,cancelado
4238,4239,39,4,2024-04-11,435.24,cancelado
4239,4240,40,5,2024-04-18,436.2,devuelto
4240,4241,41,1,2024-04-25,121.09,completado
4241,4242,42,2,2024-05-02,329.86,completado
4242,4243,43,3,2024-05-09,305.13,completado
4243,4244,44,4,2024-05-16,15.6,completado
4244,4245,45,5,2024-05-23,390.94,completado
4245,4246,46,1,2024-05-30,197.42,completado
4246,4247,47,2,2024-06-06,159.34,completado
4247,4248,48,3,2024-06-13,30.18,cancelado
4248,4249,49,4,2024-06-20,274.57,cancelado
4249,4250,50,5,2024-06-27,83.29,devuelto
4250,4251,51,1,2024-07-04,256.18,completado
4251,4252,52,2,2024-07-11,118.19,completado
4252,4253,53,3,2024-07-18,34.75,completado
4253,4254,54,4,2024-07-25,368.47,completado
4254,4255,55,5,2024-08-01,202.51,completado
4255,4256,56,1,2024-08-08,228.35,completado
4256,4257,57,2,2024-08-15,301.61,completado
4257,4258,58,3,2024-08-22,257.32,cancelado
4258,4259,59,4,2024-08-29,118.82,cancelado
4259,4260,60,5,2024-09-05,151.99,devuelto
4260,4261,61,1,2024-09-12,203.22,completado
4261,4262,62,2,2024-09-19,74.77,completado
4262,4263,63,3,2024-09-26,50.45,completado
4263,4264,64,4,2024-10-03,290.01,completado
4264,4265,65,5,2024-10-10,34.16,completado
4265,4266,66,1,2024-10-17,205.6,completado
4266,4267,67,2,2024-10-24,51.69,completado
4267,4268,68,3,2024-10-31,255.89,cancelado
4268,4269,69,4,2024-11-07,389.17,cancelado
4269,4270,70,5,2024-11-14,73.88,devuelto
4270,4271,71,1,2024-11-21,76.09,completado
4271,4272,72,2,2024-11-28,284.06,completado
4272,4273,73,3,2024-12-05,249.05,completado
4273,4274,74,4,2024-12-12,329.6,completado
4274,4275,75,5,2024-12-19,106.09,completado
4275,4276,76,1,2024-12-26,311.84,completado
4276,4277,77,2,2023-01-03,370.48,completado
4277,4278,78,3,2023-01-10,130.66,cancelado
4278,4279,79,4,2023-01-17,45.11,cancelado
4279,4280,80,5,2023-01-24,390.62,devuelto
4280,4281,81,1,2023-01-31,168.47,completado
4281,4282,82,2,2023-02-07,462.83,completado
4282,4283,83,3,2023-02-14,53.9,completado
4283,4284,84,4,2023-02-21,339.16,completado
4284,4285,85,5,2023-02-28,217.53,completado
4285,4286,86,1,2023-03-07,180.67,completado
4286,4287,87,2,2023-03-14,167.16,completado
4287,4288,88,3,2023-03-21,301.0,cancelado
4288,4289,89,4,2023-03-28,21.86,cancelado
4289,4290,90,5,2023-04-04,159.36,devuelto
4290,4291,91,1,2023-04-11,493.95,completado
4291,4292,92,2,2023-04-18,311.95,completado
4292,4293,93,3,2023-04-25,495.18,completado
4293,4294,94,4,2023-05-02,226.68,completado
4294,4295,95,5,2023-05-09,81.45,completado
4295,4296,96,1,2023-05-16,31.99,completado
4296,4297,97,2,2023-05-23,410.9,completado
4297,4298,98,3,2023-05-30,107.85,cancelado
4298,4299,99,4,2023-06-06,193.17,cancelado
4299,4300,100,5,2023-06-13,381.29,devuelto
4300,4301,101,1,2023-06-20,427.85,completado
4301,4302,102,2,2023-06-27,65.06,completado
4302,4303,103,3,2023-07-04,36.72,completado
4303,4304,104,4,2023-07-11,474.98,completado
4304,4305,105,5,2023-07-18,464.1,completado
4305,4306,106,1,2023-07-25,435.69,completado
4306,4307,107,2,2023-08-01,411.87,completado
4307,4308,108,3,2023-08-08,16.73,cancelado
4308,4309,109,4,2023-08-15,349.96,cancelado
4309,4310,110,5,2023-08-22,64.53,devuelto
4310,4311,111,1,2023-08-29,230.53,completado
4311,4312,112,2,2023-09-05,21.15,completado
4312,4313,113,3,2023-09-12,112.41,completado
4313,4314,114,4,2023-09-19,273.62,completado
4314,4315,115,5,2023-09-26,109.86,completado
4315,4316,116,1,2023-10-03,266.4,completado
4316,4317,117,2,2023-10-10,136.74,completado
4317,4318,118,3,2023-10-17,246.68,cancelado
4318,4319,119,4,2023-10-24,367.66,cancelado
4319,4320,120,5,2023-10-31,79.26,devuelto
4320,4321,121,1,2023-11-07,352.39,completado
4321,4322,122,2,2023-11-14,19.01,completado
4322,4323,123,3,2023-11-21,295.67,completado
4323,4324,124,4,2023-11-28,335.13,completado
4324,4325,125,5,2023-12-05,31.31,completado
4325,4326,126,1,2023-12-12,93.46,completado
4326,4327,127,2,2023-12-19,149.17,completado
4327,4328,128,3,2023-12-26,396.7,cancelado
4328,4329,129,4,2024-01-02,312.8,cancelado
4329,4330,130,5,2024-01-09,36.01,devuelto
4330,4331,131,1,2024-01-16,330.83,completado
4331,4332,132,2,2024-01-23,14.08,completado
4332,4333,133,3,2024-01-30,200.44,completado
4333,4334,134,4,2024-02-06,142.94,completado
4334,4335,135,5,2024-02-13,427.52,completado
4335,4336,136,1,2024-02-20,333.45,completado
4336,4337,137,2,2024-02-27,433.5,completado
4337,4338,138,3,2024-03-05,19.35,cancelado
4338,4339,139,4,2024-03-12,435.03,cancelado
4339,4340,140,5,2024-03-19,328.21,devuelto
4340,4341,141,1,2024-03-26,123.27,completado
4341,4342,142,2,2024-04-02,196.54,completado
4342,4343,143,3,2024-04-09,488.54,completado
4343,4344,144,4,2024-04-16,58.81,completado
4344,4345,145,5,2024-04-23,164.57,completado
4345,4346,146,1,2024-04-30,434.72,completado
4346,4347,147,2,2024-05-07,270.46,completado
4347,4348,148,3,2024-05-14,101.34,cancelado
4348,4349,149,4,2024-05-21,255.32,cancelado
4349,4350,150,5,2024-05-28,234.41,devuelto
4350,4351,151,1,2024-06-04,463.91,completado
4351,4352,152,2,2024-06-11,20.53,completado
4352,4353,153,3,2024-06-18,131.22,completado
4353,4354,154,4,2024-06-25,269.41,completado
4354,4355,155,5,2024-07-02,173.45,completado
4355,4356,156,1,2024-07-09,202.77,completado
4356,4357,157,2,2024-07-16,86.93,completado
4357,4358,158,3,2024-07-23,179.92,cancelado
4358,4359,159,4,2024-07-30,182.44,cancelado
4359,4360,160,5,2024-08-06,316.36,devuelto
4360,4361,161,1,2024-08-13,125.74,completado
4361,4362,162,2,2024-08-20,489.34,completado
4362,4363,163,3,2024-08-27,255.61,completado
4363,4364,164,4,2024-09-03,407.83,completado
4364,4365,165,5,2024-09-10,316.64,completado
4365,4366,166,1,2024-09-17,440.55,completado
4366,4367,167,2,2024-09-24,446.3,completado
4367,4368,168,3,2024-10-01,409.28,cancelado
4368,4369,169,4,2024-10-08,24.44,cancelado
4369,4370,170,5,2024-10-15,281.92,devuelto
4370,4371,171,1,2024-10-22,147.29,completado
4371,4372,172,2,2024-10-29,84.34,completado
4372,4373,173,3,2024-11-05,449.62,completado
4373,4374,174,4,2024-11-12,331.9,completado
4374,4375,175,5,2024-11-19,53.02,completado
4375,4376,176,1,2024-11-26,197.28,completado
4376,4377,177,2,2024-12-03,480.7,completado
4377,4378,178,3,2024-12-10,310.1,cancelado
4378,4379,179,4,2024-12-17,316.51,cancelado
4379,4380,180,5,2024-12-24,121.44,devuelto
4380,4381,181,1,2023-01-01,127.78,completado
4381,4382,182,2,2023-01-08,84.85,completado
4382,4383,183,3,2023-01-15,485.56,completado
4383,4384,184,4,2023-01-22,455.77,completado
4384,4385,185,5,2023-01-29,171.35,completado
4385,4386,186,1,2023-02-05,275.69,completado
4386,4387,187,2,2023-02-12,111.31,completado
4387,4388,188,3,2023-02-19,77.9,cancelado
4388,4389,189,4,2023-02-26,275.26,cancelado
4389,4390,190,5,2023-03-05,402.05,devuelto
4390,4391,191,1,2023-03-12,432.67,completado
4391,4392,192,2,2023-03-19,161.41,completado
4392,4393,193,3,2023-03-26,355.52,completado
4393,4394,194,4,2023-04-02,266.66,completado
4394,4395,195,5,2023-04-09,76.27,completado
4395,4396,196,1,2023-04-16,497.89,completado
4396,4397,197,2,2023-04-23,488.13,completado
4397,4398,198,3,2023-04-30,81.12,cancelado
4398,4399,199,4,2023-05-07,467.18,cancelado
4399,4400,200,5,2023-05-14,459.38,devuelto
4400,4401,1,1,2023-05-21,165.57,completado
4401,4402,2,2,2023-05-28,283.1,completado
4402,4403,3,3,2023-06-04,474.81,completado
4403,4404,4,4,2023-06-11,68.01,completado
4404,4405,5,5,2023-06-18,165.62,completado
4405,4406,6,1,2023-06-25,441.02,completado
4406,4407,7,2,2023-07-02,366.27,completado
4407,4408,8,3,2023-07-09,385.06,cancelado
4408,4409,9,4,2023-07-16,441.26,cancelado
4409,4410,10,5,2023-07-23,212.88,devuelto
4410,4411,11,1,2023-07-30,211.51,completado
4411,4412,12,2,2023-08-06,227.07,completado
4412,4413,13,3,2023-08-13,467.55,completado
4413,4414,14,4,2023-08-20,448.12,completado
4414,4415,15,5,2023-08-27,467.29,completado
4415,4416,16,1,2023-09-03,144.16,completado
4416,4417,17,2,2023-09-10,391.76,completado
4417,4418,18,3,2023-09-17,62.32,cancelado
4418,4419,19,4,2023-09-24,100.53,cancelado
4419,4420,20,5,2023-10-01,383.6,devuelto
4420,4421,21,1,2023-10-08,309.87,completado
4421,4422,22,2,2023-10-15,140.76,completado
4422,4423,23,3,2023-10-22,287.85,completado
4423,4424,24,4,2023-10-29,123.15,completado
4424,4425,25,5,2023-11-05,123.77,completado
4425,4426,26,1,2023-11-12,346.82,completado
4426,4427,27,2,2023-11-19,186.04,completado
4427,4428,28,3,2023-11-26,347.19,cancelado
4428,4429,29,4,2023-12-03,243.54,cancelado
4429,4430,30,5,2023-12-10,256.14,devuelto
4430,4431,31,1,2023-12-17,306.31,completado
4431,4432,32,2,2023-12-24,358.89,completado
4432,4433,33,3,2023-12-31,193.24,completado
4433,4434,34,4,2024-01-07,427.54,completado
4434,4435,35,5,2024-01-14,250.81,completado
4435,4436,36,1,2024-01-21,77.38,completado
4436,4437,37,2,2024-01-28,104.7,completado
4437,4438,38,3,2024-02-04,25.79,cancelado
4438,4439,39,4,2024-02-11,384.62,cancelado
4439,4440,40,5,2024-02-18,17.36,devuelto
4440,4441,41,1,2024-02-25,142.23,completado
4441,4442,42,2,2024-03-03,212.39,completado
4442,4443,43,3,2024-03-10,373.76,completado
4443,4444,44,4,2024-03-17,494.24,completado
4444,4445,45,5,2024-03-24,381.31,completado
4445,4446,46,1,2024-03-31,42.41,completado
4446,4447,47,2,2024-04-07,464.28,completado
4447,4448,48,3,2024-04-14,492.96,cancelado
4448,4449,49,4,2024-04-21,434.89,cancelado
4449,4450,50,5,2024-04-28,250.07,devuelto
4450,4451,51,1,2024-05-05,169.2,completado
4451,4452,52,2,2024-05-12,234.2,completado
4452,4453,53,3,2024-05-19,130.92,completado
4453,4454,54,4,2024-05-26,208.38,completado
4454,4455,55,5,2024-06-02,30.49,completado
4455,4456,56,1,2024-06-09,370.31,completado
4456,4457,57,2,2024-06-16,196.38,completado
4457,4458,58,3,2024-06-23,163.32,cancelado
4458,4459,59,4,2024-06-30,309.64,cancelado
4459,4460,60,5,2024-07-07,373.81,devuelto
4460,4461,61,1,2024-07-14,300.96,completado
4461,4462,62,2,2024-07-21,267.36,completado
4462,4463,63,3,2024-07-28,439.13,completado
4463,4464,64,4,2024-08-04,395.59,completado
4464,4465,65,5,2024-08-11,265.12,completado
4465,4466,66,1,2024-08-18,231.29,completado
4466,4467,67,2,2024-08-25,415.23,completado
4467,4468,68,3,2024-09-01,30.78,cancelado
4468,4469,69,4,2024-09-08,497.96,cancelado
4469,4470,70,5,2024-09-15,264.16,devuelto
4470,4471,71,1,2024-09-22,203.85,completado
4471,4472,72,2,2024-09-29,370.23,completado
4472,4473,73,3,2024-10-06,283.27,completado
4473,4474,74,4,2024-10-13,262.9,completado
4474,4475,75,5,2024-10-20,319.02,completado
4475,4476,76,1,2024-10-27,34.15,completado
4476,4477,77,2,2024-11-03,152.68,completado
4477,4478,78,3,2024-11-10,205.04,cancelado
4478,4479,79,4,2024-11-17,159.23,cancelado
4479,4480,80,5,2024-11-24,415.53,devuelto
4480,4481,81,1,2024-12-01,236.06,completado
4481,4482,82,2,2024-12-08,217.01,completado
4482,4483,83,3,2024-12-15,310.44,completado
4483,4484,84,4,2024-12-22,36.73,completado
4484,4485,85,5,2024-12-29,263.32,completado
4485,4486,86,1,2023-01-06,79.7,completado
4486,4487,87,2,2023-01-13,416.65,completado
4487,4488,88,3,2023-01-20,231.33,cancelado
4488,4489,89,4,2023-01-27,364.1,cancelado
4489,4490,90,5,2023-02-03,65.45,devuelto
4490,4491,91,1,2023-02-10,391.58,completado
4491,4492,92,2,2023-02-17,469.54,completado
4492,4493,93,3,2023-02-24,351.1,completado
4493,4494,94,4,2023-03-03,76.3,completado
4494,4495,95,5,2023-03-10,212.64,completado
4495,4496,96,1,2023-03-17,230.93,completado
4496,4497,97,2,2023-03-24,97.65,completado
4497,4498,98,3,2023-03-31,299.25,cancelado
4498,4499,99,4,2023-04-07,359.19,cancelado
4499,4500,100,5,2023-04-14,108.95,devuelto
4500,4501,101,1,2023-04-21,232.79,completado
4501,4502,102,2,2023-04-28,132.54,completado
4502,4503,103,3,2023-05-05,348.94,completado
4503,4504,104,4,2023-05-12,454.51,completado
4504,4505,105,5,2023-05-19,400.28,completado
4505,4506,106,1,2023-05-26,362.0,completado
4506,4507,107,2,2023-06-02,70.54,completado
4507,4508,108,3,2023-06-09,65.94,cancelado
4508,4509,109,4,2023-06-16,230.21,cancelado
4509,4510,110,5,2023-06-23,187.84,devuelto
4510,4511,111,1,2023-06-30,266.67,completado
4511,4512,112,2,2023-07-07,198.2,completado
4512,4513,113,3,2023-07-14,397.62,completado
4513,4514,114,4,2023-07-21,260.72,completado
4514,4515,115,5,2023-07-28,475.38,completado
4515,4516,116,1,2023-08-04,195.55,completado
4516,4517,117,2,2023-08-11,196.5,completado
4517,4518,118,3,2023-08-18,386.45,cancelado
4518,4519,119,4,2023-08-25,457.0,cancelado
4519,4520,120,5,2023-09-01,287.09,devuelto
4520,4521,121,1,2023-09-08,333.17,completado
4521,4522,122,2,2023-09-15,83.54,completado
4522,4523,123,3,2023-09-22,435.72,completado
4523,4524,124,4,2023-09-29,97.64,completado
4524,4525,125,5,2023-10-06,358.9,completado
4525,4526,126,1,2023-10-13,215.6,completado
4526,4527,127,2,2023-10-20,161.66,completado
4527,4528,128,3,2023-10-27,386.63,cancelado
4528,4529,129,4,2023-11-03,228.67,cancelado
4529,4530,130,5,2023-11-10,316.96,devuelto
4530,4531,131,1,2023-11-17,67.6,completado
4531,4532,132,2,2023-11-24,74.47,completado
4532,4533,133,3,2023-12-01,109.4,completado
4533,4534,134,4,2023-12-08,315.05,completado
4534,4535,135,5,2023-12-15,134.02,completado
4535,4536,136,1,2023-12-22,234.73,completado
4536,4537,137,2,2023-12-29,429.15,completado
4537,4538,138,3,2024-01-05,276.32,cancelado
4538,4539,139,4,2024-01-12,12.82,cancelado
4539,4540,140,5,2024-01-19,442.52,devuelto
4540,4541,141,1,2024-01-26,126.56,completado
4541,4542,142,2,2024-02-02,298.54,completado
4542,4543,143,3,2024-02-09,243.1,completado
4543,4544,144,4,2024-02-16,210.97,completado
4544,4545,145,5,2024-02-23,48.91,completado
4545,4546,146,1,2024-03-01,304.05,completado
4546,4547,147,2,2024-03-08,129.91,completado
4547,4548,148,3,2024-03-15,278.2,cancelado
4548,4549,149,4,2024-03-22,313.69,cancelado
4549,4550,150,5,2024-03-29,283.2,devuelto
4550,4551,151,1,2024-04-05,414.37,completado
4551,4552,152,2,2024-04-12,33.97,completado
4552,4553,153,3,2024-04-19,82.65,completado
4553,4554,154,4,2024-04-26,330.11,completado
4554,4555,155,5,2024-05-03,27.99,completado
4555,4556,156,1,2024-05-10,428.38,completado
4556,4557,157,2,2024-05-17,336.83,completado
4557,4558,158,3,2024-05-24,420.63,cancelado
4558,4559,159,4,2024-05-31,156.24,cancelado
4559,4560,160,5,2024-06-07,460.99,devuelto
4560,4561,161,1,2024-06-14,34.03,completado
4561,4562,162,2,2024-06-21,214.31,completado
4562,4563,163,3,2024-06-28,97.34,completado
4563,4564,164,4,2024-07-05,339.32,completado
4564,4565,165,5,2024-07-12,309.43,completado
4565,4566,166,1,2024-07-19,348.84,completado
4566,4567,167,2,2024-07-26,301.53,completado
4567,4568,168,3,2024-08-02,395.78,cancelado
4568,4569,169,4,2024-08-09,96.94,cancelado
4569,4570,170,5,2024-08-16,233.12,devuelto
4570,4571,171,1,2024-08-23,293.69,completado
4571,4572,172,2,2024-08-30,466.43,completado
4572,4573,173,3,2024-09-06,55.63,completado
4573,4574,174,4,2024-09-13,156.65,completado
4574,4575,175,5,2024-09-20,190.6,completado
4575,4576,176,1,2024-09-27,195.68,completado
4576,4577,177,2,2024-10-04,43.16,completado
4577,4578,178,3,2024-10-11,219.39,cancelado
4578,4579,179,4,2024-10-18,279.73,cancelado
4579,4580,180,5,2024-10-25,153.49,devuelto
4580,4581,181,1,2024-11-01,75.93,completado
4581,4582,182,2,2024-11-08,350.36,completado
4582,4583,183,3,2024-11-15,144.47,completado
4583,4584,184,4,2024-11-22,268.26,completado
4584,4585,185,5,2024-11-29,267.08,completado
4585,4586,186,1,2024-12-06,350.96,completado
4586,4587,187,2,2024-12-13,309.91,completado
4587,4588,188,3,2024-12-20,63.56,cancelado
4588,4589,189,4,2024-12-27,367.57,cancelado
4589,4590,190,5,2023-01-04,318.2,devuelto
4590,4591,191,1,2023-01-11,493.72,completado
4591,4592,192,2,2023-01-18,246.99,completado
4592,4593,193,3,2023-01-25,347.44,completado
4593,4594,194,4,2023-02-01,467.61,completado
4594,4595,195,5,2023-02-08,493.28,completado
4595,4596,196,1,2023-02-15,150.72,completado
4596,4597,197,2,2023-02-22,308.33,completado
4597,4598,198,3,2023-03-01,165.08,cancelado
4598,4599,199,4,2023-03-08,267.44,cancelado
4599,4600,200,5,2023-03-15,497.56,devuelto
4600,4601,1,1,2023-03-22,183.39,completado
4601,4602,2,2,2023-03-29,73.56,completado
4602,4603,3,3,2023-04-05,285.69,completado
4603,4604,4,4,2023-04-12,264.66,completado
4604,4605,5,5,2023-04-19,319.61,completado
4605,4606,6,1,2023-04-26,251.33,completado
4606,4607,7,2,2023-05-03,98.15,completado
4607,4608,8,3,2023-05-10,308.61,cancelado
4608,4609,9,4,2023-05-17,357.21,cancelado
4609,4610,10,5,2023-05-24,489.84,devuelto
4610,4611,11,1,2023-05-31,10.77,completado
4611,4612,12,2,2023-06-07,21.75,completado
4612,4613,13,3,2023-06-14,316.48,completado
4613,4614,14,4,2023-06-21,67.78,completado
4614,4615,15,5,2023-06-28,425.55,completado
4615,4616,16,1,2023-07-05,401.79,completado
4616,4617,17,2,2023-07-12,499.5,completado
4617,4618,18,3,2023-07-19,212.88,cancelado
4618,4619,19,4,2023-07-26,173.56,cancelado
4619,4620,20,5,2023-08-02,284.6,devuelto
4620,4621,21,1,2023-08-09,322.38,completado
4621,4622,22,2,2023-08-16,15.54,completado
4622,4623,23,3,2023-08-23,108.58,completado
4623,4624,24,4,2023-08-30,148.0,completado
4624,4625,25,5,2023-09-06,397.2,completado
4625,4626,26,1,2023-09-13,160.81,completado
4626,4627,27,2,2023-09-20,258.28,completado
4627,4628,28,3,2023-09-27,168.72,cancelado
4628,4629,29,4,2023-10-04,13.0,cancelado
4629,4630,30,5,2023-10-11,346.06,devuelto
4630,4631,31,1,2023-10-18,177.27,completado
4631,4632,32,2,2023-10-25,364.95,completado
4632,4633,33,3,2023-11-01,311.84,completado
4633,4634,34,4,2023-11-08,24.27,completado
4634,4635,35,5,2023-11-15,96.06,completado
4635,4636,36,1,2023-11-22,171.95,completado
4636,4637,37,2,2023-11-29,175.59,completado
4637,4638,38,3,2023-12-06,339.51,cancelado
4638,4639,39,4,2023-12-13,458.92,cancelado
4639,4640,40,5,2023-12-20,400.65,devuelto
4640,4641,41,1,2023-12-27,326.37,completado
4641,4642,42,2,2024-01-03,245.93,completado
4642,4643,43,3,2024-01-10,317.33,completado
4643,4644,44,4,2024-01-17,447.11,completado
4644,4645,45,5,2024-01-24,273.11,completado
4645,4646,46,1,2024-01-31,174.2,completado
4646,4647,47,2,2024-02-07,394.15,completado
4647,4648,48,3,2024-02-14,212.84,cancelado
4648,4649,49,4,2024-02-21,373.87,cancelado
4649,4650,50,5,2024-02-28,419.2,devuelto
4650,4651,51,1,2024-03-06,156.68,completado
4651,4652,52,2,2024-03-13,365.23,completado
4652,4653,53,3,2024-03-20,164.6,completado
4653,4654,54,4,2024-03-27,272.58,completado
4654,4655,55,5,2024-04-03,112.05,completado
4655,4656,56,1,2024-04-10,345.89,completado
4656,4657,57,2,2024-04-17,401.77,completado
4657,4658,58,3,2024-04-24,445.13,cancelado
4658,4659,59,4,2024-05-01,183.26,cancelado
4659,4660,60,5,2024-05-08,485.11,devuelto
4660,4661,61,1,2024-05-15,147.43,completado
4661,4662,62,2,2024-05-22,25.27,completado
4662,4663,63,3,2024-05-29,491.97,completado
4663,4664,64,4,2024-06-05,316.99,completado
4664,4665,65,5,2024-06-12,422.78,completado
4665,4666,66,1,2024-06-19,289.78,completado
4666,4667,67,2,2024-06-26,200.89,completado
4667,4668,68,3,2024-07-03,301.64,cancelado
4668,4669,69,4,2024-07-10,433.65,cancelado
4669,4670,70,5,2024-07-17,378.25,devuelto
4670,4671,71,1,2024-07-24,355.58,completado
4671,4672,72,2,2024-07-31,164.1,completado
4672,4673,73,3,2024-08-07,25.5,completado
4673,4674,74,4,2024-08-14,212.8,completado
4674,4675,75,5,2024-08-21,253.56,completado
4675,4676,76,1,2024-08-28,126.44,completado
4676,4677,77,2,2024-09-04,231.43,completado
4677,4678,78,3,2024-09-11,475.86,cancelado
4678,4679,79,4,2024-09-18,115.91,cancelado
4679,4680,80,5,2024-09-25,158.14,devuelto
4680,4681,81,1,2024-10-02,64.99,completado
4681,4682,82,2,2024-10-09,394.62,completado
4682,4683,83,3,2024-10-16,391.12,completado
4683,4684,84,4,2024-10-23,457.54,completado
4684,4685,85,5,2024-10-30,227.45,completado
4685,4686,86,1,2024-11-06,22.22,completado
4686,4687,87,2,2024-11-13,246.5,completado
4687,4688,88,3,2024-11-20,255.03,cancelado
4688,4689,89,4,2024-11-27,103.2,cancelado
4689,4690,90,5,2024-12-04,462.58,devuelto
4690,4691,91,1,2024-12-11,368.9,completado
4691,4692,92,2,2024-12-18,266.58,completado
4692,4693,93,3,2024-12-25,390.01,completado
4693,4694,94,4,2023-01-02,80.21,completado
4694,4695,95,5,2023-01-09,437.18,completado
4695,4696,96,1,2023-01-16,412.85,completado
4696,4697,97,2,2023-01-23,469.63,completado
4697,4698,98,3,2023-01-30,341.59,cancelado
4698,4699,99,4,2023-02-06,75.03,cancelado
4699,4700,100,5,2023-02-13,365.04,devuelto
4700,4701,101,1,2023-02-20,235.09,completado
4701,4702,102,2,2023-02-27,359.7,completado
4702,4703,103,3,2023-03-06,265.95,completado
4703,4704,104,4,2023-03-13,12.01,completado
4704,4705,105,5,2023-03-20,466.85,completado
4705,4706,106,1,2023-03-27,346.66,completado
4706,4707,107,2,2023-04-03,301.2,completado
4707,4708,108,3,2023-04-10,52.67,cancelado
4708,4709,109,4,2023-04-17,238.77,cancelado
4709,4710,110,5,2023-04-24,32.61,devuelto
4710,4711,111,1,2023-05-01,265.08,completado
4711,4712,112,2,2023-05-08,332.9,completado
4712,4713,113,3,2023-05-15,163.12,completado
4713,4714,114,4,2023-05-22,293.0,completado
4714,4715,115,5,2023-05-29,162.95,completado
4715,4716,116,1,2023-06-05,447.15,completado
4716,4717,117,2,2023-06-12,167.23,completado
4717,4718,118,3,2023-06-19,104.35,cancelado
4718,4719,119,4,2023-06-26,145.56,cancelado
4719,4720,120,5,2023-07-03,166.38,devuelto
4720,4721,121,1,2023-07-10,226.15,completado
4721,4722,122,2,2023-07-17,67.65,completado
4722,4723,123,3,2023-07-24,83.17,completado
4723,4724,124,4,2023-07-31,144.08,completado
4724,4725,125,5,2023-08-07,17.48,completado
4725,4726,126,1,2023-08-14,315.24,completado
4726,4727,127,2,2023-08-21,261.89,completado
4727,4728,128,3,2023-08-28,111.22,cancelado
4728,4729,129,4,2023-09-04,181.66,cancelado
4729,4730,130,5,2023-09-11,166.06,devuelto
4730,4731,131,1,2023-09-18,79.36,completado
4731,4732,132,2,2023-09-25,355.13,completado
4732,4733,133,3,2023-10-02,148.8,completado
4733,4734,134,4,2023-10-09,129.96,completado
4734,4735,135,5,2023-10-16,44.91,completado
4735,4736,136,1,2023-10-23,310.5,completado
4736,4737,137,2,2023-10-30,175.98,completado
4737,4738,138,3,2023-11-06,227.39,cancelado
4738,4739,139,4,2023-11-13,73.74,cancelado
4739,4740,140,5,2023-11-20,240.66,devuelto
4740,4741,141,1,2023-11-27,340.99,completado
4741,4742,142,2,2023-12-04,61.9,completado
4742,4743,143,3,2023-12-11,36.36,completado
4743,4744,144,4,2023-12-18,218.97,completado
4744,4745,145,5,2023-12-25,97.7,completado
4745,4746,146,1,2024-01-01,302.1,completado
4746,4747,147,2,2024-01-08,300.45,completado
4747,4748,148,3,2024-01-15,419.73,cancelado
4748,4749,149,4,2024-01-22,352.69,cancelado
4749,4750,150,5,2024-01-29,311.99,devuelto
4750,4751,151,1,2024-02-05,163.1,completado
4751,4752,152,2,2024-02-12,410.55,completado
4752,4753,153,3,2024-02-19,359.32,completado
4753,4754,154,4,2024-02-26,338.73,completado
4754,4755,155,5,2024-03-04,271.41,completado
4755,4756,156,1,2024-03-11,487.1,completado
4756,4757,157,2,2024-03-18,380.31,completado
4757,4758,158,3,2024-03-25,238.19,cancelado
4758,4759,159,4,2024-04-01,74.58,cancelado
4759,4760,160,5,2024-04-08,408.3,devuelto
4760,4761,161,1,2024-04-15,460.65,completado
4761,4762,162,2,2024-04-22,239.46,completado
4762,4763,163,3,2024-04-29,233.24,completado
4763,4764,164,4,2024-05-06,345.39,completado
4764,4765,165,5,2024-05-13,358.01,completado
4765,4766,166,1,2024-05-20,238.04,completado
4766,4767,167,2,2024-05-27,123.53,completado
4767,4768,168,3,2024-06-03,119.66,cancelado
4768,4769,169,4,2024-06-10,431.94,cancelado
4769,4770,170,5,2024-06-17,312.3,devuelto
4770,4771,171,1,2024-06-24,457.3,completado
4771,4772,172,2,2024-07-01,202.12,completado
4772,4773,173,3,2024-07-08,352.81,completado
4773,4774,174,4,2024-07-15,335.94,completado
4774,4775,175,5,2024-07-22,396.5,completado
4775,4776,176,1,2024-07-29,442.38,completado
4776,4777,177,2,2024-08-05,232.11,completado
4777,4778,178,3,2024-08-12,24.83,cancelado
4778,4779,179,4,2024-08-19,242.91,cancelado
4779,4780,180,5,2024-08-26,182.21,devuelto
4780,4781,181,1,2024-09-02,236.01,completado
4781,4782,182,2,2024-09-09,93.69,completado
4782,4783,183,3,2024-09-16,386.29,completado
4783,4784,184,4,2024-09-23,306.18,completado
4784,4785,185,5,2024-09-30,72.42,completado
4785,4786,186,1,2024-10-07,60.44,completado
4786,4787,187,2,2024-10-14,410.6,completado
4787,4788,188,3,2024-10-21,400.41,cancelado
4788,4789,189,4,2024-10-28,169.68,cancelado
4789,4790,190,5,2024-11-04,328.23,devuelto
4790,4791,191,1,2024-11-11,398.29,completado
4791,4792,192,2,2024-11-18,271.05,completado
4792,4793,193,3,2024-11-25,206.4,completado
4793,4794,194,4,2024-12-02,212.59,completado
4794,4795,195,5,2024-12-09,314.23,completado
4795,4796,196,1,2024-12-16,278.5,completado
4796,4797,197,2,2024-12-23,487.21,completado
4797,4798,198,3,2024-12-30,198.07,cancelado
4798,4799,199,4,2023-01-07,176.95,cancelado
4799,4800,200,5,2023-01-14,408.82,devuelto
4800,4801,1,1,2023-01-21,299.58,completado
4801,4802,2,2,2023-01-28,394.31,completado
4802,4803,3,3,2023-02-04,223.32,completado
4803,4804,4,4,2023-02-11,395.79,completado
4804,4805,5,5,2023-02-18,276.82,completado
4805,4806,6,1,2023-02-25,125.72,completado
4806,4807,7,2,2023-03-04,334.68,completado
4807,4808,8,3,2023-03-11,48.17,cancelado
4808,4809,9,4,2023-03-18,466.12,cancelado
4809,4810,10,5,2023-03-25,291.35,devuelto
4810,4811,11,1,2023-04-01,248.45,completado
4811,4812,12,2,2023-04-08,300.16,completado
4812,4813,13,3,2023-04-15,236.83,completado
4813,4814,14,4,2023-04-22,281.99,completado
4814,4815,15,5,2023-04-29,412.79,completado
4815,4816,16,1,2023-05-06,96.33,completado
4816,4817,17,2,2023-05-13,478.38,completado
4817,4818,18,3,2023-05-20,44.11,cancelado
4818,4819,19,4,2023-05-27,63.28,cancelado
4819,4820,20,5,2023-06-03,408.89,devuelto
4820,4821,21,1,2023-06-10,387.96,completado
4821,4822,22,2,2023-06-17,195.67,completado
4822,4823,23,3,2023-06-24,252.2,completado
4823,4824,24,4,2023-07-01,333.48,completado
4824,4825,25,5,2023-07-08,54.36,completado
4825,4826,26,1,2023-07-15,410.35,completado
4826,4827,27,2,2023-07-22,444.76,completado
4827,4828,28,3,2023-07-29,452.6,cancelado
4828,4829,29,4,2023-08-05,321.71,cancelado
4829,4830,30,5,2023-08-12,10.09,devuelto
4830,4831,31,1,2023-08-19,81.9,completado
4831,4832,32,2,2023-08-26,83.12,completado
4832,4833,33,3,2023-09-02,270.32,completado
4833,4834,34,4,2023-09-09,201.09,completado
4834,4835,35,5,2023-09-16,293.19,completado
4835,4836,36,1,2023-09-23,105.88,completado
4836,4837,37,2,2023-09-30,343.94,completado
4837,4838,38,3,2023-10-07,165.13,cancelado
4838,4839,39,4,2023-10-14,289.44,cancelado
4839,4840,40,5,2023-10-21,457.47,devuelto
4840,4841,41,1,2023-10-28,159.23,completado
4841,4842,42,2,2023-11-04,472.23,completado
4842,4843,43,3,2023-11-11,223.02,completado
4843,4844,44,4,2023-11-18,491.46,completado
4844,4845,45,5,2023-11-25,178.69,completado
4845,4846,46,1,2023-12-02,53.75,completado
4846,4847,47,2,2023-12-09,13.98,completado
4847,4848,48,3,2023-12-16,493.35,cancelado
4848,4849,49,4,2023-12-23,208.06,cancelado
4849,4850,50,5,2023-12-30,72.5,devuelto
4850,4851,51,1,2024-01-06,154.15,completado
4851,4852,52,2,2024-01-13,190.92,completado
4852,4853,53,3,2024-01-20,278.95,completado
4853,4854,54,4,2024-01-27,36.03,completado
4854,4855,55,5,2024-02-03,354.64,completado
4855,4856,56,1,2024-02-10,412.17,completado
4856,4857,57,2,2024-02-17,186.03,completado
4857,4858,58,3,2024-02-24,432.01,cancelado
4858,4859,59,4,2024-03-02,434.18,cancelado
4859,4860,60,5,2024-03-09,125.27,devuelto
4860,4861,61,1,2024-03-16,354.09,completado
4861,4862,62,2,2024-03-23,203.19,completado
4862,4863,63,3,2024-03-30,165.88,completado
4863,4864,64,4,2024-04-06,197.57,completado
4864,4865,65,5,2024-04-13,196.97,completado
4865,4866,66,1,2024-04-20,277.11,completado
4866,4867,67,2,2024-04-27,334.62,completado
4867,4868,68,3,2024-05-04,242.69,cancelado
4868,4869,69,4,2024-05-11,102.23,cancelado
4869,4870,70,5,2024-05-18,198.45,devuelto
4870,4871,71,1,2024-05-25,463.0,completado
4871,4872,72,2,2024-06-01,421.58,completado
4872,4873,73,3,2024-06-08,85.59,completado
4873,4874,74,4,2024-06-15,498.75,completado
4874,4875,75,5,2024-06-22,338.33,completado
4875,4876,76,1,2024-06-29,75.8,completado
4876,4877,77,2,2024-07-06,45.16,completado
4877,4878,78,3,2024-07-13,17.7,cancelado
4878,4879,79,4,2024-07-20,363.46,cancelado
4879,4880,80,5,2024-07-27,248.48,devuelto
4880,4881,81,1,2024-08-03,224.0,completado
4881,4882,82,2,2024-08-10,495.21,completado
4882,4883,83,3,2024-08-17,51.49,completado
4883,4884,84,4,2024-08-24,324.7,completado
4884,4885,85,5,2024-08-31,213.77,completado
4885,4886,86,1,2024-09-07,233.45,completado
4886,4887,87,2,2024-09-14,396.57,completado
4887,4888,88,3,2024-09-21,306.17,cancelado
4888,4889,89,4,2024-09-28,218.6,cancelado
4889,4890,90,5,2024-10-05,98.1,devuelto
4890,4891,91,1,2024-10-12,259.61,completado
4891,4892,92,2,2024-10-19,280.5,completado
4892,4893,93,3,2024-10-26,230.52,completado
4893,4894,94,4,2024-11-02,184.1,completado
4894,4895,95,5,2024-11-09,101.04,completado
4895,4896,96,1,2024-11-16,306.24,completado
4896,4897,97,2,2024-11-23,293.19,completado
4897,4898,98,3,2024-11-30,424.93,cancelado
4898,4899,99,4,2024-12-07,126.01,cancelado
4899,4900,100,5,2024-12-14,255.85,devuelto
4900,4901,101,1,2024-12-21,211.31,completado
4901,4902,102,2,2024-12-28,277.62,completado
4902,4903,103,3,2023-01-05,189.82,completado
4903,4904,104,4,2023-01-12,489.33,completado
4904,4905,105,5,2023-01-19,288.39,completado
4905,4906,106,1,2023-01-26,355.39,completado
4906,4907,107,2,2023-02-02,65.45,completado
4907,4908,108,3,2023-02-09,245.95,cancelado
4908,4909,109,4,2023-02-16,348.34,cancelado
4909,4910,110,5,2023-02-23,79.62,devuelto
4910,4911,111,1,2023-03-02,368.33,completado
4911,4912,112,2,2023-03-09,491.95,completado
4912,4913,113,3,2023-03-16,492.0,completado
4913,4914,114,4,2023-03-23,391.65,completado
4914,4915,115,5,2023-03-30,237.82,completado
4915,4916,116,1,2023-04-06,48.33,completado
4916,4917,117,2,2023-04-13,446.06,completado
4917,4918,118,3,2023-04-20,53.34,cancelado
4918,4919,119,4,2023-04-27,241.5,cancelado
4919,4920,120,5,2023-05-04,373.43,devuelto
4920,4921,121,1,2023-05-11,480.6,completado
4921,4922,122,2,2023-05-18,48.26,completado
4922,4923,123,3,2023-05-25,320.51,completado
4923,4924,124,4,2023-06-01,401.07,completado
4924,4925,125,5,2023-06-08,163.12,completado
4925,4926,126,1,2023-06-15,35.86,completado
4926,4927,127,2,2023-06-22,178.34,completado
4927,4928,128,3,2023-06-29,391.48,cancelado
4928,4929,129,4,2023-07-06,239.75,cancelado
4929,4930,130,5,2023-07-13,261.2,devuelto
4930,4931,131,1,2023-07-20,239.92,completado
4931,4932,132,2,2023-07-27,369.57,completado
4932,4933,133,3,2023-08-03,216.3,completado
4933,4934,134,4,2023-08-10,480.68,completado
4934,4935,135,5,2023-08-17,401.13,completado
4935,4936,136,1,2023-08-24,151.71,completado
4936,4937,137,2,2023-08-31,27.31,completado
4937,4938,138,3,2023-09-07,462.2,cancelado
4938,4939,139,4,2023-09-14,377.22,cancelado
4939,4940,140,5,2023-09-21,366.22,devuelto
4940,4941,141,1,2023-09-28,286.22,completado
4941,4942,142,2,2023-10-05,40.09,completado
4942,4943,143,3,2023-10-12,241.85,completado
4943,4944,144,4,2023-10-19,92.85,completado
4944,4945,145,5,2023-10-26,35.29,completado
4945,4946,146,1,2023-11-02,495.28,completado
4946,4947,147,2,2023-11-09,406.36,completado
4947,4948,148,3,2023-11-16,315.92,cancelado
4948,4949,149,4,2023-11-23,150.54,cancelado
4949,4950,150,5,2023-11-30,50.43,devuelto
4950,4951,151,1,2023-12-07,257.74,completado
4951,4952,152,2,2023-12-14,427.21,completado
4952,4953,153,3,2023-12-21,146.15,completado
4953,4954,154,4,2023-12-28,74.94,completado
4954,4955,155,5,2024-01-04,147.68,completado
4955,4956,156,1,2024-01-11,430.35,completado
4956,4957,157,2,2024-01-18,16.96,completado
4957,4958,158,3,2024-01-25,64.66,cancelado
4958,4959,159,4,2024-02-01,95.56,cancelado
4959,4960,160,5,2024-02-08,299.97,devuelto
4960,4961,161,1,2024-02-15,84.06,completado
4961,4962,162,2,2024-02-22,228.86,completado
4962,4963,163,3,2024-02-29,405.84,completado
4963,4964,164,4,2024-03-07,138.01,completado
4964,4965,165,5,2024-03-14,353.38,completado
4965,4966,166,1,2024-03-21,247.61,completado
4966,4967,167,2,2024-03-28,401.69,completado
4967,4968,168,3,2024-04-04,432.39,cancelado
4968,4969,169,4,2024-04-11,178.0,cancelado
4969,4970,170,5,2024-04-18,51.36,devuelto
4970,4971,171,1,2024-04-25,81.08,completado
4971,4972,172,2,2024-05-02,467.63,completado
4972,4973,173,3,2024-05-09,85.53,completado
4973,4974,174,4,2024-05-16,253.01,completado
4974,4975,175,5,2024-05-23,496.86,completado
4975,4976,176,1,2024-05-30,387.48,completado
4976,4977,177,2,2024-06-06,126.59,completado
4977,4978,178,3,2024-06-13,225.69,cancelado
4978,4979,179,4,2024-06-20,322.41,cancelado
4979,4980,180,5,2024-06-27,113.32,devuelto
4980,4981,181,1,2024-07-04,369.84,completado
4981,4982,182,2,2024-07-11,179.09,completado
4982,4983,183,3,2024-07-18,324.71,completado
4983,4984,184,4,2024-07-25,380.19,completado
4984,4985,185,5,2024-08-01,66.84,completado
4985,4986,186,1,2024-08-08,92.12,completado
4986,4987,187,2,2024-08-15,205.38,completado
4987,4988,188,3,2024-08-22,157.67,cancelado
4988,4989,189,4,2024-08-29,375.61,cancelado
4989,4990,190,5,2024-09-05,378.69,devuelto
4990,4991,191,1,2024-09-12,270.94,completado
4991,4992,192,2,2024-09-19,196.1,completado
4992,4993,193,3,2024-09-26,355.75,completado
4993,4994,194,4,2024-10-03,242.55,completado
4994,4995,195,5,2024-10-10,81.12,completado
4995,4996,196,1,2024-10-17,436.44,completado
4996,4997,197,2,2024-10-24,15.81,completado
4997,4998,198,3,2024-10-31,464.34,cancelado
4998,4999,199,4,2024-11-07,229.92,cancelado
4999,5000,200,5,2024-11-14,342.46,devuelto
5000,1,1,1,2024-11-21,481.26,completado
5001,2,2,2,2024-11-28,344.61,completado
5002,3,3,3,2024-12-05,30.1,completado
5003,4,4,4,2024-12-12,459.68,completado
5004,5,5,5,2024-12-19,322.34,completado
5005,6,6,1,2024-12-26,478.53,completado
5006,7,7,2,2023-01-03,221.58,completado
5007,8,8,3,2023-01-10,459.84,cancelado
5008,9,9,4,2023-01-17,430.59,cancelado
5009,10,10,5,2023-01-24,174.13,devuelto
5010,11,11,1,2023-01-31,140.87,completado
5011,12,12,2,2023-02-07,58.16,completado
5012,13,13,3,2023-02-14,330.63,completado
5013,14,14,4,2023-02-21,201.67,completado
5014,15,15,5,2023-02-28,388.84,completado
5015,16,16,1,2023-03-07,377.05,completado
5016,17,17,2,2023-03-14,369.81,completado
5017,18,18,3,2023-03-21,298.47,cancelado
5018,19,19,4,2023-03-28,105.51,cancelado
5019,20,20,5,2023-04-04,175.33,devuelto
5020,21,21,1,2023-04-11,348.24,completado
5021,22,22,2,2023-04-18,98.16,completado
5022,23,23,3,2023-04-25,278.33,completado
5023,24,24,4,2023-05-02,339.67,completado
5024,25,25,5,2023-05-09,417.53,completado
5025,26,26,1,2023-05-16,15.86,completado
5026,27,27,2,2023-05-23,57.87,completado
5027,28,28,3,2023-05-30,60.91,cancelado
5028,29,29,4,2023-06-06,228.51,cancelado
5029,30,30,5,2023-06-13,117.51,devuelto
5030,31,31,1,2023-06-20,148.82,completado
5031,32,32,2,2023-06-27,104.61,completado
5032,33,33,3,2023-07-04,21.61,completado
5033,34,34,4,2023-07-11,55.05,completado
5034,35,35,5,2023-07-18,469.87,completado
5035,36,36,1,2023-07-25,331.74,completado
5036,37,37,2,2023-08-01,419.37,completado
5037,38,38,3,2023-08-08,475.74,cancelado
5038,39,39,4,2023-08-15,322.66,cancelado
5039,40,40,5,2023-08-22,356.96,devuelto
5040,41,41,1,2023-08-29,68.79,completado
5041,42,42,2,2023-09-05,429.66,completado
5042,43,43,3,2023-09-12,73.65,completado
5043,44,44,4,2023-09-19,331.63,completado
5044,45,45,5,2023-09-26,450.95,completado
5045,46,46,1,2023-10-03,287.37,completado
5046,47,47,2,2023-10-10,483.91,completado
5047,48,48,3,2023-10-17,449.04,cancelado
5048,49,49,4,2023-10-24,350.87,cancelado
5049,50,50,5,2023-10-31,134.13,devuelto
5050,51,51,1,2023-11-07,238.81,completado
5051,52,52,2,2023-11-14,468.73,completado
5052,53,53,3,2023-11-21,323.0,completado
5053,54,54,4,2023-11-28,462.12,completado
5054,55,55,5,2023-12-05,145.43,completado
5055,56,56,1,2023-12-12,219.22,completado
5056,57,57,2,2023-12-19,452.66,completado
5057,58,58,3,2023-12-26,387.24,cancelado
5058,59,59,4,2024-01-02,168.47,cancelado
5059,60,60,5,2024-01-09,89.36,devuelto
5060,61,61,1,2024-01-16,46.26,completado
5061,62,62,2,2024-01-23,390.78,completado
5062,63,63,3,2024-01-30,197.57,completado
5063,64,64,4,2024-02-06,173.0,completado
5064,65,65,5,2024-02-13,39.43,completado
5065,66,66,1,2024-02-20,478.25,completado
5066,67,67,2,2024-02-27,139.69,completado
5067,68,68,3,2024-03-05,225.88,cancelado
5068,69,69,4,2024-03-12,250.94,cancelado
5069,70,70,5,2024-03-19,465.01,devuelto
5070,71,71,1,2024-03-26,309.05,completado
5071,72,72,2,2024-04-02,97.44,completado
5072,73,73,3,2024-04-09,251.11,completado
5073,74,74,4,2024-04-16,80.5,completado
5074,75,75,5,2024-04-23,386.67,completado
5075,76,76,1,2024-04-30,117.01,completado
5076,77,77,2,2024-05-07,325.24,completado
5077,78,78,3,2024-05-14,457.18,cancelado
5078,79,79,4,2024-05-21,360.55,cancelado
5079,80,80,5,2024-05-28,60.61,devuelto
5080,81,81,1,2024-06-04,45.73,completado
5081,82,82,2,2024-06-11,289.96,completado
5082,83,83,3,2024-06-18,132.79,completado
5083,84,84,4,2024-06-25,228.48,completado
5084,85,85,5,2024-07-02,449.29,completado
5085,86,86,1,2024-07-09,82.94,completado
5086,87,87,2,2024-07-16,323.76,completado
5087,88,88,3,2024-07-23,467.12,cancelado
5088,89,89,4,2024-07-30,335.66,cancelado
5089,90,90,5,2024-08-06,140.55,devuelto
5090,91,91,1,2024-08-13,353.03,completado
5091,92,92,2,2024-08-20,453.26,completado
5092,93,93,3,2024-08-27,291.57,completado
5093,94,94,4,2024-09-03,262.54,completado
5094,95,95,5,2024-09-10,470.56,completado
5095,96,96,1,2024-09-17,250.43,completado
5096,97,97,2,2024-09-24,223.67,completado
5097,98,98,3,2024-10-01,423.58,cancelado
5098,99,99,4,2024-10-08,392.66,cancelado
5099,100,100,5,2024-10-15,394.84,devuelto
5100,101,101,1,2024-10-22,274.66,completado
5101,102,102,2,2024-10-29,11.62,completado
5102,103,103,3,2024-11-05,477.54,completado
5103,104,104,4,2024-11-12,410.81,completado
5104,105,105,5,2024-11-19,246.21,completado
5105,106,106,1,2024-11-26,287.95,completado
5106,107,107,2,2024-12-03,468.17,completado
5107,108,108,3,2024-12-10,185.87,cancelado
5108,109,109,4,2024-12-17,344.1,cancelado
5109,110,110,5,2024-12-24,206.3,devuelto
5110,111,111,1,2023-01-01,319.81,completado
5111,112,112,2,2023-01-08,479.82,completado
5112,113,113,3,2023-01-15,54.43,completado
5113,114,114,4,2023-01-22,271.97,completado
5114,115,115,5,2023-01-29,480.85,completado
5115,116,116,1,2023-02-05,49.42,completado
5116,117,117,2,2023-02-12,235.22,completado
5117,118,118,3,2023-02-19,385.59,cancelado
5118,119,119,4,2023-02-26,327.42,cancelado
5119,120,120,5,2023-03-05,96.54,devuelto
5120,121,121,1,2023-03-12,29.27,completado
5121,122,122,2,2023-03-19,198.24,completado
5122,123,123,3,2023-03-26,103.59,completado
5123,124,124,4,2023-04-02,350.98,completado
5124,125,125,5,2023-04-09,449.27,completado
5125,126,126,1,2023-04-16,319.0,completado
5126,127,127,2,2023-04-23,186.04,completado
5127,128,128,3,2023-04-30,51.58,cancelado
5128,129,129,4,2023-05-07,320.07,cancelado
5129,130,130,5,2023-05-14,370.31,devuelto
5130,131,131,1,2023-05-21,78.57,completado
5131,132,132,2,2023-05-28,104.62,completado
5132,133,133,3,2023-06-04,362.67,completado
5133,134,134,4,2023-06-11,300.54,completado
5134,135,135,5,2023-06-18,249.72,completado
5135,136,136,1,2023-06-25,40.87,completado
5136,137,137,2,2023-07-02,274.87,completado
5137,138,138,3,2023-07-09,160.79,cancelado
5138,139,139,4,2023-07-16,271.63,cancelado
5139,140,140,5,2023-07-23,418.78,devuelto
5140,141,141,1,2023-07-30,230.16,completado
5141,142,142,2,2023-08-06,497.96,completado
5142,143,143,3,2023-08-13,28.15,completado
5143,144,144,4,2023-08-20,37.47,completado
5144,145,145,5,2023-08-27,396.01,completado
5145,146,146,1,2023-09-03,30.98,completado
5146,147,147,2,2023-09-10,67.91,completado
5147,148,148,3,2023-09-17,405.48,cancelado
5148,149,149,4,2023-09-24,336.99,cancelado
5149,150,150,5,2023-10-01,234.6,devuelto
5150,151,151,1,2023-10-08,342.26,completado
5151,152,152,2,2023-10-15,438.39,completado
5152,153,153,3,2023-10-22,82.99,completado
5153,154,154,4,2023-10-29,293.88,completado
5154,155,155,5,2023-11-05,463.16,completado
5155,156,156,1,2023-11-12,28.07,completado
5156,157,157,2,2023-11-19,79.38,completado
5157,158,158,3,2023-11-26,330.38,cancelado
5158,159,159,4,2023-12-03,240.9,cancelado
5159,160,160,5,2023-12-10,459.83,devuelto
5160,161,161,1,2023-12-17,32.44,completado
5161,162,162,2,2023-12-24,353.64,completado
5162,163,163,3,2023-12-31,73.96,completado
5163,164,164,4,2024-01-07,94.4,completado
5164,165,165,5,2024-01-14,34.48,completado
5165,166,166,1,2024-01-21,160.6,completado
5166,167,167,2,2024-01-28,398.91,completado
5167,168,168,3,2024-02-04,233.53,cancelado
5168,169,169,4,2024-02-11,93.64,cancelado
5169,170,170,5,2024-02-18,299.61,devuelto
5170,171,171,1,2024-02-25,410.72,completado
5171,172,172,2,2024-03-03,62.1,completado
5172,173,173,3,2024-03-10,253.6,completado
5173,174,174,4,2024-03-17,401.6,completado
5174,175,175,5,2024-03-24,118.08,completado
5175,176,176,1,2024-03-31,404.18,completado
5176,177,177,2,2024-04-07,218.84,completado
5177,178,178,3,2024-04-14,407.65,cancelado
5178,179,179,4,2024-04-21,491.27,cancelado
5179,180,180,5,2024-04-28,342.41,devuelto
5180,181,181,1,2024-05-05,168.88,completado
5181,182,182,2,2024-05-12,488.17,completado
5182,183,183,3,2024-05-19,292.22,completado
5183,184,184,4,2024-05-26,77.29,completado
5184,185,185,5,2024-06-02,419.85,completado
5185,186,186,1,2024-06-09,398.62,completado
5186,187,187,2,2024-06-16,384.47,completado
5187,188,188,3,2024-06-23,300.61,cancelado
5188,189,189,4,2024-06-30,174.4,cancelado
5189,190,190,5,2024-07-07,69.17,devuelto
5190,191,191,1,2024-07-14,79.21,completado
5191,192,192,2,2024-07-21,213.43,completado
5192,193,193,3,2024-07-28,351.18,completado
5193,194,194,4,2024-08-04,281.17,completado
5194,195,195,5,2024-08-11,224.94,completado
5195,196,196,1,2024-08-18,463.58,completado
5196,197,197,2,2024-08-25,29.94,completado
5197,198,198,3,2024-09-01,58.98,cancelado
5198,199,199,4,2024-09-08,425.21,cancelado
5199,200,200,5,2024-09-15,310.1,devuelto
5200,201,1,1,2024-09-22,391.05,completado
5201,202,2,2,2024-09-29,17.66,completado
5202,203,3,3,2024-10-06,248.61,completado
5203,204,4,4,2024-10-13,13.11,completado
5204,205,5,5,2024-10-20,97.91,completado
5205,206,6,1,2024-10-27,53.68,completado
5206,207,7,2,2024-11-03,329.36,completado
5207,208,8,3,2024-11-10,444.59,cancelado
5208,209,9,4,2024-11-17,213.95,cancelado
5209,210,10,5,2024-11-24,405.63,devuelto
5210,211,11,1,2024-12-01,388.56,completado
5211,212,12,2,2024-12-08,349.26,completado
5212,213,13,3,2024-12-15,111.02,completado
5213,214,14,4,2024-12-22,323.51,completado
5214,215,15,5,2024-12-29,266.31,completado
5215,216,16,1,2023-01-06,211.9,completado
5216,217,17,2,2023-01-13,469.66,completado
5217,218,18,3,2023-01-20,309.16,cancelado
5218,219,19,4,2023-01-27,28.43,cancelado
5219,220,20,5,2023-02-03,98.2,devuelto
5220,221,21,1,2023-02-10,254.94,completado
5221,222,22,2,2023-02-17,475.65,completado
5222,223,23,3,2023-02-24,317.32,completado
5223,224,24,4,2023-03-03,393.47,completado
5224,225,25,5,2023-03-10,180.45,completado
5225,226,26,1,2023-03-17,12.24,completado
5226,227,27,2,2023-03-24,125.46,completado
5227,228,28,3,2023-03-31,67.58,cancelado
5228,229,29,4,2023-04-07,269.8,cancelado
5229,230,30,5,2023-04-14,56.89,devuelto
5230,231,31,1,2023-04-21,187.33,completado
5231,232,32,2,2023-04-28,382.95,completado
5232,233,33,3,2023-05-05,274.46,completado
5233,234,34,4,2023-05-12,117.45,completado
5234,235,35,5,2023-05-19,387.46,completado
5235,236,36,1,2023-05-26,333.07,completado
5236,237,37,2,2023-06-02,145.45,completado
5237,238,38,3,2023-06-09,104.92,cancelado
5238,239,39,4,2023-06-16,400.34,cancelado
5239,240,40,5,2023-06-23,345.77,devuelto
5240,241,41,1,2023-06-30,484.6,completado
5241,242,42,2,2023-07-07,242.46,completado
5242,243,43,3,2023-07-14,96.4,completado
5243,244,44,4,2023-07-21,338.37,completado
5244,245,45,5,2023-07-28,31.13,completado
5245,246,46,1,2023-08-04,325.98,completado
5246,247,47,2,2023-08-11,149.68,completado
5247,248,48,3,2023-08-18,222.99,cancelado
5248,249,49,4,2023-08-25,173.8,cancelado
5249,250,50,5,2023-09-01,404.53,devuelto
5250,251,51,1,2023-09-08,381.62,completado
5251,252,52,2,2023-09-15,31.23,completado
5252,253,53,3,2023-09-22,372.8,completado
5253,254,54,4,2023-09-29,463.18,completado
5254,255,55,5,2023-10-06,96.18,completado
5255,256,56,1,2023-10-13,394.89,completado
5256,257,57,2,2023-10-20,247.68,completado
5257,258,58,3,2023-10-27,66.87,cancelado
5258,259,59,4,2023-11-03,448.59,cancelado
5259,260,60,5,2023-11-10,363.49,devuelto
5260,261,61,1,2023-11-17,300.43,completado
5261,262,62,2,2023-11-24,169.73,completado
5262,263,63,3,2023-12-01,107.39,completado
5263,264,64,4,2023-12-08,341.66,completado
5264,265,65,5,2023-12-15,169.59,completado
5265,266,66,1,2023-12-22,391.7,completado
5266,267,67,2,2023-12-29,169.8,completado
5267,268,68,3,2024-01-05,58.05,cancelado
5268,269,69,4,2024-01-12,371.5,cancelado
5269,270,70,5,2024-01-19,436.24,devuelto
5270,271,71,1,2024-01-26,194.01,completado
5271,272,72,2,2024-02-02,118.12,completado
5272,273,73,3,2024-02-09,240.79,completado
5273,274,74,4,2024-02-16,247.36,completado
5274,275,75,5,2024-02-23,446.34,completado
5275,276,76,1,2024-03-01,81.02,completado
5276,277,77,2,2024-03-08,464.66,completado
5277,278,78,3,2024-03-15,232.95,cancelado
5278,279,79,4,2024-03-22,199.79,cancelado
5279,280,80,5,2024-03-29,76.84,devuelto
5280,281,81,1,2024-04-05,362.71,completado
5281,282,82,2,2024-04-12,319.69,completado
5282,283,83,3,2024-04-19,488.02,completado
5283,284,84,4,2024-04-26,109.08,completado
5284,285,85,5,2024-05-03,72.33,completado
5285,286,86,1,2024-05-10,349.18,completado
5286,287,87,2,2024-05-17,39.23,completado
5287,288,88,3,2024-05-24,76.89,cancelado
5288,289,89,4,2024-05-31,427.31,cancelado
5289,290,90,5,2024-06-07,234.7,devuelto
5290,291,91,1,2024-06-14,93.89,completado
5291,292,92,2,2024-06-21,178.35,completado
5292,293,93,3,2024-06-28,444.34,completado
5293,294,94,4,2024-07-05,305.78,completado
5294,295,95,5,2024-07-12,396.88,completado
5295,296,96,1,2024-07-19,322.62,completado
5296,297,97,2,2024-07-26,309.65,completado
5297,298,98,3,2024-08-02,93.27,cancelado
5298,299,99,4,2024-08-09,485.37,cancelado
5299,300,100,5,2024-08-16,428.95,devuelto
5300,301,101,1,2024-08-23,52.37,completado
5301,302,102,2,2024-08-30,429.92,completado
5302,303,103,3,2024-09-06,249.71,completado
5303,304,104,4,2024-09-13,497.88,completado
5304,305,105,5,2024-09-20,299.87,completado
5305,306,106,1,2024-09-27,420.12,completado
5306,307,107,2,2024-10-04,146.79,completado
5307,308,108,3,2024-10-11,367.71,cancelado
5308,309,109,4,2024-10-18,370.73,cancelado
5309,310,110,5,2024-10-25,130.86,devuelto
5310,311,111,1,2024-11-01,170.38,completado
5311,312,112,2,2024-11-08,293.94,completado
5312,313,113,3,2024-11-15,446.99,completado
5313,314,114,4,2024-11-22,299.97,completado
5314,315,115,5,2024-11-29,83.0,completado
5315,316,116,1,2024-12-06,291.11,completado
5316,317,117,2,2024-12-13,12.49,completado
5317,318,118,3,2024-12-20,490.29,cancelado
5318,319,119,4,2024-12-27,29.63,cancelado
5319,320,120,5,2023-01-04,240.62,devuelto
5320,321,121,1,2023-01-11,386.62,completado
5321,322,122,2,2023-01-18,26.47,completado
5322,323,123,3,2023-01-25,270.25,completado
5323,324,124,4,2023-02-01,244.84,completado
5324,325,125,5,2023-02-08,401.03,completado
5325,326,126,1,2023-02-15,412.43,completado
5326,327,127,2,2023-02-22,231.7,completado
5327,328,128,3,2023-03-01,127.85,cancelado
5328,329,129,4,2023-03-08,283.66,cancelado
5329,330,130,5,2023-03-15,16.09,devuelto
5330,331,131,1,2023-03-22,368.58,completado
5331,332,132,2,2023-03-29,475.47,completado
5332,333,133,3,2023-04-05,75.03,completado
5333,334,134,4,2023-04-12,154.94,completado
5334,335,135,5,2023-04-19,327.34,completado
5335,336,136,1,2023-04-26,54.46,completado
5336,337,137,2,2023-05-03,245.09,completado
5337,338,138,3,2023-05-10,159.37,cancelado
5338,339,139,4,2023-05-17,354.62,cancelado
5339,340,140,5,2023-05-24,430.38,devuelto
5340,341,141,1,2023-05-31,376.17,completado
5341,342,142,2,2023-06-07,21.96,completado
5342,343,143,3,2023-06-14,232.87,completado
5343,344,144,4,2023-06-21,388.2,completado
5344,345,145,5,2023-06-28,438.36,completado
5345,346,146,1,2023-07-05,208.63,completado
5346,347,147,2,2023-07-12,397.03,completado
5347,348,148,3,2023-07-19,191.51,cancelado
5348,349,149,4,2023-07-26,237.5,cancelado
5349,350,150,5,2023-08-02,320.37,devuelto
5350,351,151,1,2023-08-09,431.59,completado
5351,352,152,2,2023-08-16,44.64,completado
5352,353,153,3,2023-08-23,447.78,completado
5353,354,154,4,2023-08-30,173.12,completado
5354,355,155,5,2023-09-06,26.03,completado
5355,356,156,1,2023-09-13,218.69,completado
5356,357,157,2,2023-09-20,142.2,completado
5357,358,158,3,2023-09-27,473.59,cancelado
5358,359,159,4,2023-10-04,275.79,cancelado
5359,360,160,5,2023-10-11,399.29,devuelto
5360,361,161,1,2023-10-18,395.97,completado
5361,362,162,2,2023-10-25,49.67,completado
5362,363,163,3,2023-11-01,441.62,completado
5363,364,164,4,2023-11-08,370.52,completado
5364,365,165,5,2023-11-15,36.86,completado
5365,366,166,1,2023-11-22,473.21,completado
5366,367,167,2,2023-11-29,340.58,completado
5367,368,168,3,2023-12-06,445.11,cancelado
5368,369,169,4,2023-12-13,64.37,cancelado
5369,370,170,5,2023-12-20,189.14,devuelto
5370,371,171,1,2023-12-27,313.38,completado
5371,372,172,2,2024-01-03,189.13,completado
5372,373,173,3,2024-01-10,95.88,completado
5373,374,174,4,2024-01-17,283.81,completado
5374,375,175,5,2024-01-24,42.83,completado
5375,376,176,1,2024-01-31,357.58,completado
5376,377,177,2,2024-02-07,110.31,completado
5377,378,178,3,2024-02-14,490.81,cancelado
5378,379,179,4,2024-02-21,126.93,cancelado
5379,380,180,5,2024-02-28,65.64,devuelto
5380,381,181,1,2024-03-06,244.46,completado
5381,382,182,2,2024-03-13,470.18,completado
5382,383,183,3,2024-03-20,294.26,completado
5383,384,184,4,2024-03-27,479.96,completado
5384,385,185,5,2024-04-03,112.8,completado
5385,386,186,1,2024-04-10,375.06,completado
5386,387,187,2,2024-04-17,120.46,completado
5387,388,188,3,2024-04-24,182.83,cancelado
5388,389,189,4,2024-05-01,141.01,cancelado
5389,390,190,5,2024-05-08,343.31,devuelto
5390,391,191,1,2024-05-15,145.8,completado
5391,392,192,2,2024-05-22,41.05,completado
5392,393,193,3,2024-05-29,179.16,completado
5393,394,194,4,2024-06-05,248.25,completado
5394,395,195,5,2024-06-12,268.07,completado
5395,396,196,1,2024-06-19,70.13,completado
5396,397,197,2,2024-06-26,357.81,completado
5397,398,198,3,2024-07-03,342.37,cancelado
5398,399,199,4,2024-07-10,271.1,cancelado
5399,400,200,5,2024-07-17,153.21,devuelto
5400,401,1,1,2024-07-24,314.27,completado
5401,402,2,2,2024-07-31,401.95,completado
5402,403,3,3,2024-08-07,473.23,completado
5403,404,4,4,2024-08-14,406.31,completado
5404,405,5,5,2024-08-21,471.03,completado
5405,406,6,1,2024-08-28,42.16,completado
5406,407,7,2,2024-09-04,447.03,completado
5407,408,8,3,2024-09-11,234.36,cancelado
5408,409,9,4,2024-09-18,49.28,cancelado
5409,410,10,5,2024-09-25,449.99,devuelto
5410,411,11,1,2024-10-02,151.3,completado
5411,412,12,2,2024-10-09,478.75,completado
5412,413,13,3,2024-10-16,63.59,completado
5413,414,14,4,2024-10-23,145.21,completado
5414,415,15,5,2024-10-30,351.57,completado
5415,416,16,1,2024-11-06,253.2,completado
5416,417,17,2,2024-11-13,438.75,completado
5417,418,18,3,2024-11-20,265.14,cancelado
5418,419,19,4,2024-11-27,317.37,cancelado
5419,420,20,5,2024-12-04,153.65,devuelto
5420,421,21,1,2024-12-11,485.09,completado
5421,422,22,2,2024-12-18,275.3,completado
5422,423,23,3,2024-12-25,74.69,completado
5423,424,24,4,2023-01-02,179.88,completado
5424,425,25,5,2023-01-09,227.49,completado
5425,426,26,1,2023-01-16,325.9,completado
5426,427,27,2,2023-01-23,152.84,completado
5427,428,28,3,2023-01-30,40.85,cancelado
5428,429,29,4,2023-02-06,437.18,cancelado
5429,430,30,5,2023-02-13,123.84,devuelto
5430,431,31,1,2023-02-20,474.25,completado
5431,432,32,2,2023-02-27,325.89,completado
5432,433,33,3,2023-03-06,211.73,completado
5433,434,34,4,2023-03-13,177.97,completado
5434,435,35,5,2023-03-20,326.57,completado
5435,436,36,1,2023-03-27,169.89,completado
5436,437,37,2,2023-04-03,300.75,completado
5437,438,38,3,2023-04-10,351.46,cancelado
5438,439,39,4,2023-04-17,422.53,cancelado
5439,440,40,5,2023-04-24,228.18,devuelto
5440,441,41,1,2023-05-01,159.0,completado
5441,442,42,2,2023-05-08,74.66,completado
5442,443,43,3,2023-05-15,396.78,completado
5443,444,44,4,2023-05-22,94.15,completado
5444,445,45,5,2023-05-29,137.4,completado
5445,446,46,1,2023-06-05,247.28,completado
5446,447,47,2,2023-06-12,485.65,completado
5447,448,48,3,2023-06-19,387.18,cancelado
5448,449,49,4,2023-06-26,33.19,cancelado
5449,450,50,5,2023-07-03,183.03,devuelto
5450,451,51,1,2023-07-10,233.4,completado
5451,452,52,2,2023-07-17,91.52,completado
5452,453,53,3,2023-07-24,462.82,completado
5453,454,54,4,2023-07-31,358.79,completado
5454,455,55,5,2023-08-07,149.77,completado
5455,456,56,1,2023-08-14,486.87,completado
5456,457,57,2,2023-08-21,421.27,completado
5457,458,58,3,2023-08-28,349.5,cancelado
5458,459,59,4,2023-09-04,336.51,cancelado
5459,460,60,5,2023-09-11,85.21,devuelto
5460,461,61,1,2023-09-18,126.57,completado
5461,462,62,2,2023-09-25,30.16,completado
5462,463,63,3,2023-10-02,165.15,completado
5463,464,64,4,2023-10-09,71.97,completado
5464,465,65,5,2023-10-16,137.6,completado
5465,466,66,1,2023-10-23,100.4,completado
5466,467,67,2,2023-10-30,285.62,completado
5467,468,68,3,2023-11-06,27.0,cancelado
5468,469,69,4,2023-11-13,165.3,cancelado
5469,470,70,5,2023-11-20,178.49,devuelto
5470,471,71,1,2023-11-27,192.73,completado
5471,472,72,2,2023-12-04,274.53,completado
5472,473,73,3,2023-12-11,89.67,completado
5473,474,74,4,2023-12-18,157.76,completado
5474,475,75,5,2023-12-25,461.01,completado
5475,476,76,1,2024-01-01,208.24,completado
5476,477,77,2,2024-01-08,254.71,completado
5477,478,78,3,2024-01-15,81.24,cancelado
5478,479,79,4,2024-01-22,234.44,cancelado
5479,480,80,5,2024-01-29,166.91,devuelto
5480,481,81,1,2024-02-05,12.1,completado
5481,482,82,2,2024-02-12,371.86,completado
5482,483,83,3,2024-02-19,488.04,completado
5483,484,84,4,2024-02-26,172.33,completado
5484,485,85,5,2024-03-04,355.67,completado
5485,486,86,1,2024-03-11,242.22,completado
5486,487,87,2,2024-03-18,152.02,completado
5487,488,88,3,2024-03-25,472.56,cancelado
5488,489,89,4,2024-04-01,490.54,cancelado
5489,490,90,5,2024-04-08,291.13,devuelto
5490,491,91,1,2024-04-15,82.07,completado
5491,492,92,2,2024-04-22,286.96,completado
5492,493,93,3,2024-04-29,454.37,completado
5493,494,94,4,2024-05-06,226.63,completado
5494,495,95,5,2024-05-13,347.68,completado
5495,496,96,1,2024-05-20,368.5,completado
5496,497,97,2,2024-05-27,451.09,completado
5497,498,98,3,2024-06-03,78.32,cancelado
5498,499,99,4,2024-06-10,279.97,cancelado
5499,500,100,5,2024-06-17,160.96,devuelto
5500,501,101,1,2024-06-24,206.8,completado
5501,502,102,2,2024-07-01,422.03,completado
5502,503,103,3,2024-07-08,228.53,completado
5503,504,104,4,2024-07-15,55.32,completado
5504,505,105,5,2024-07-22,36.97,completado
5505,506,106,1,2024-07-29,324.24,completado
5506,507,107,2,2024-08-05,295.88,completado
5507,508,108,3,2024-08-12,118.85,cancelado
5508,509,109,4,2024-08-19,468.48,cancelado
5509,510,110,5,2024-08-26,146.18,devuelto
5510,511,111,1,2024-09-02,21.05,completado
5511,512,112,2,2024-09-09,273.82,completado
5512,513,113,3,2024-09-16,228.27,completado
5513,514,114,4,2024-09-23,339.06,completado
5514,515,115,5,2024-09-30,52.81,completado
5515,516,116,1,2024-10-07,260.78,completado
5516,517,117,2,2024-10-14,105.28,completado
5517,518,118,3,2024-10-21,165.7,cancelado
5518,519,119,4,2024-10-28,306.49,cancelado
5519,520,120,5,2024-11-04,472.27,devuelto
5520,521,121,1,2024-11-11,455.14,completado
5521,522,122,2,2024-11-18,186.92,completado
5522,523,123,3,2024-11-25,82.49,completado
5523,524,124,4,2024-12-02,428.36,completado
5524,525,125,5,2024-12-09,191.12,completado
5525,526,126,1,2024-12-16,192.69,completado
5526,527,127,2,2024-12-23,149.48,completado
5527,528,128,3,2024-12-30,182.16,cancelado
5528,529,129,4,2023-01-07,488.99,cancelado
5529,530,130,5,2023-01-14,438.41,devuelto
5530,531,131,1,2023-01-21,52.92,completado
5531,532,132,2,2023-01-28,366.65,completado
5532,533,133,3,2023-02-04,227.67,completado
5533,534,134,4,2023-02-11,496.37,completado
5534,535,135,5,2023-02-18,403.81,completado
5535,536,136,1,2023-02-25,151.43,completado
5536,537,137,2,2023-03-04,404.78,completado
5537,538,138,3,2023-03-11,485.48,cancelado
5538,539,139,4,2023-03-18,217.68,cancelado
5539,540,140,5,2023-03-25,449.25,devuelto
5540,541,141,1,2023-04-01,78.39,completado
5541,542,142,2,2023-04-08,297.72,completado
5542,543,143,3,2023-04-15,52.18,completado
5543,544,144,4,2023-04-22,111.81,completado
5544,545,145,5,2023-04-29,242.56,completado
5545,546,146,1,2023-05-06,435.09,completado
5546,547,147,2,2023-05-13,493.45,completado
5547,548,148,3,2023-05-20,42.4,cancelado
5548,549,149,4,2023-05-27,480.45,cancelado
5549,550,150,5,2023-06-03,380.5,devuelto
5550,551,151,1,2023-06-10,53.34,completado
5551,552,152,2,2023-06-17,210.64,completado
5552,553,153,3,2023-06-24,458.06,completado
5553,554,154,4,2023-07-01,213.11,completado
5554,555,155,5,2023-07-08,282.35,completado
5555,556,156,1,2023-07-15,358.02,completado
5556,557,157,2,2023-07-22,380.07,completado
5557,558,158,3,2023-07-29,77.09,cancelado
5558,559,159,4,2023-08-05,101.14,cancelado
5559,560,160,5,2023-08-12,197.07,devuelto
5560,561,161,1,2023-08-19,281.39,completado
5561,562,162,2,2023-08-26,30.69,completado
5562,563,163,3,2023-09-02,414.86,completado
5563,564,164,4,2023-09-09,418.95,completado
5564,565,165,5,2023-09-16,158.92,completado
5565,566,166,1,2023-09-23,284.05,completado
5566,567,167,2,2023-09-30,237.09,completado
5567,568,168,3,2023-10-07,23.15,cancelado
5568,569,169,4,2023-10-14,11.2,cancelado
5569,570,170,5,2023-10-21,138.71,devuelto
5570,571,171,1,2023-10-28,478.45,completado
5571,572,172,2,2023-11-04,418.78,completado
5572,573,173,3,2023-11-11,241.55,completado
5573,574,174,4,2023-11-18,330.37,completado
5574,575,175,5,2023-11-25,447.42,completado
5575,576,176,1,2023-12-02,214.41,completado
5576,577,177,2,2023-12-09,251.02,completado
5577,578,178,3,2023-12-16,347.04,cancelado
5578,579,179,4,2023-12-23,129.93,cancelado
5579,580,180,5,2023-12-30,68.48,devuelto
5580,581,181,1,2024-01-06,145.84,completado
5581,582,182,2,2024-01-13,497.22,completado
5582,583,183,3,2024-01-20,42.7,completado
5583,584,184,4,2024-01-27,375.33,completado
5584,585,185,5,2024-02-03,294.72,completado
5585,586,186,1,2024-02-10,287.13,completado
5586,587,187,2,2024-02-17,435.49,completado
5587,588,188,3,2024-02-24,317.72,cancelado
5588,589,189,4,2024-03-02,243.26,cancelado
5589,590,190,5,2024-03-09,350.18,devuelto
5590,591,191,1,2024-03-16,68.6,completado
5591,592,192,2,2024-03-23,261.14,completado
5592,593,193,3,2024-03-30,291.88,completado
5593,594,194,4,2024-04-06,424.19,completado
5594,595,195,5,2024-04-13,89.8,completado
5595,596,196,1,2024-04-20,38.67,completado
5596,597,197,2,2024-04-27,166.64,completado
5597,598,198,3,2024-05-04,440.38,cancelado
5598,599,199,4,2024-05-11,76.39,cancelado
5599,600,200,5,2024-05-18,90.02,devuelto
5600,601,1,1,2024-05-25,143.61,completado
5601,602,2,2,2024-06-01,215.56,completado
5602,603,3,3,2024-06-08,456.93,completado
5603,604,4,4,2024-06-15,184.43,completado
5604,605,5,5,2024-06-22,152.03,completado
5605,606,6,1,2024-06-29,269.51,completado
5606,607,7,2,2024-07-06,468.8,completado
5607,608,8,3,2024-07-13,261.79,cancelado
5608,609,9,4,2024-07-20,385.56,cancelado
5609,610,10,5,2024-07-27,99.79,devuelto
5610,611,11,1,2024-08-03,56.31,completado
5611,612,12,2,2024-08-10,378.79,completado
5612,613,13,3,2024-08-17,276.42,completado
5613,614,14,4,2024-08-24,437.5,completado
5614,615,15,5,2024-08-31,415.14,completado
5615,616,16,1,2024-09-07,345.63,completado
5616,617,17,2,2024-09-14,157.53,completado
5617,618,18,3,2024-09-21,345.87,cancelado
5618,619,19,4,2024-09-28,347.29,cancelado
5619,620,20,5,2024-10-05,56.96,devuelto
5620,621,21,1,2024-10-12,294.22,completado
5621,622,22,2,2024-10-19,413.42,completado
5622,623,23,3,2024-10-26,16.32,completado
5623,624,24,4,2024-11-02,263.9,completado
5624,625,25,5,2024-11-09,192.78,completado
5625,626,26,1,2024-11-16,247.6,completado
5626,627,27,2,2024-11-23,176.75,completado
5627,628,28,3,2024-11-30,456.29,cancelado
5628,629,29,4,2024-12-07,60.18,cancelado
5629,630,30,5,2024-12-14,85.73,devuelto
5630,631,31,1,2024-12-21,118.35,completado
5631,632,32,2,2024-12-28,102.32,completado
5632,633,33,3,2023-01-05,449.56,completado
5633,634,34,4,2023-01-12,310.58,completado
5634,635,35,5,2023-01-19,417.39,completado
5635,636,36,1,2023-01-26,267.57,completado
5636,637,37,2,2023-02-02,270.73,completado
5637,638,38,3,2023-02-09,280.05,cancelado
5638,639,39,4,2023-02-16,380.59,cancelado
5639,640,40,5,2023-02-23,65.84,devuelto
5640,641,41,1,2023-03-02,235.64,completado
5641,642,42,2,2023-03-09,47.44,completado
5642,643,43,3,2023-03-16,411.23,completado
5643,644,44,4,2023-03-23,462.47,completado
5644,645,45,5,2023-03-30,244.96,completado
5645,646,46,1,2023-04-06,162.67,completado
5646,647,47,2,2023-04-13,187.66,completado
5647,648,48,3,2023-04-20,410.35,cancelado
5648,649,49,4,2023-04-27,445.97,cancelado
5649,650,50,5,2023-05-04,302.85,devuelto
5650,651,51,1,2023-05-11,384.16,completado
5651,652,52,2,2023-05-18,177.6,completado
5652,653,53,3,2023-05-25,357.85,completado
5653,654,54,4,2023-06-01,24.09,completado
5654,655,55,5,2023-06-08,409.14,completado
5655,656,56,1,2023-06-15,118.96,completado
5656,657,57,2,2023-06-22,429.84,completado
5657,658,58,3,2023-06-29,79.76,cancelado
5658,659,59,4,2023-07-06,121.02,cancelado
5659,660,60,5,2023-07-13,71.42,devuelto
5660,661,61,1,2023-07-20,73.81,completado
5661,662,62,2,2023-07-27,48.52,completado
5662,663,63,3,2023-08-03,348.5,completado
5663,664,64,4,2023-08-10,394.17,completado
5664,665,65,5,2023-08-17,48.09,completado
5665,666,66,1,2023-08-24,389.6,completado
5666,667,67,2,2023-08-31,381.09,completado
5667,668,68,3,2023-09-07,30.83,cancelado
5668,669,69,4,2023-09-14,62.83,cancelado
5669,670,70,5,2023-09-21,398.6,devuelto
5670,671,71,1,2023-09-28,261.6,completado
5671,672,72,2,2023-10-05,39.04,completado
5672,673,73,3,2023-10-12,68.27,completado
5673,674,74,4,2023-10-19,133.98,completado
5674,675,75,5,2023-10-26,42.46,completado
5675,676,76,1,2023-11-02,337.12,completado
5676,677,77,2,2023-11-09,379.73,completado
5677,678,78,3,2023-11-16,393.36,cancelado
5678,679,79,4,2023-11-23,460.85,cancelado
5679,680,80,5,2023-11-30,110.65,devuelto
5680,681,81,1,2023-12-07,451.58,completado
5681,682,82,2,2023-12-14,100.54,completado
5682,683,83,3,2023-12-21,182.25,completado
5683,684,84,4,2023-12-28,54.48,completado
5684,685,85,5,2024-01-04,424.47,completado
5685,686,86,1,2024-01-11,471.5,completado
5686,687,87,2,2024-01-18,474.91,completado
5687,688,88,3,2024-01-25,180.44,cancelado
5688,689,89,4,2024-02-01,88.67,cancelado
5689,690,90,5,2024-02-08,255.31,devuelto
5690,691,91,1,2024-02-15,366.99,completado
5691,692,92,2,2024-02-22,128.49,completado
5692,693,93,3,2024-02-29,289.42,completado
5693,694,94,4,2024-03-07,58.56,completado
5694,695,95,5,2024-03-14,293.29,completado
5695,696,96,1,2024-03-21,16.85,completado
5696,697,97,2,2024-03-28,116.33,completado
5697,698,98,3,2024-04-04,103.86,cancelado
5698,699,99,4,2024-04-11,148.11,cancelado
5699,700,100,5,2024-04-18,451.81,devuelto
5700,701,101,1,2024-04-25,273.19,completado
5701,702,102,2,2024-05-02,487.05,completado
5702,703,103,3,2024-05-09,58.36,completado
5703,704,104,4,2024-05-16,114.87,completado
5704,705,105,5,2024-05-23,257.06,completado
5705,706,106,1,2024-05-30,356.8,completado
5706,707,107,2,2024-06-06,189.57,completado
5707,708,108,3,2024-06-13,298.8,cancelado
5708,709,109,4,2024-06-20,225.44,cancelado
5709,710,110,5,2024-06-27,479.3,devuelto
5710,711,111,1,2024-07-04,98.62,completado
5711,712,112,2,2024-07-11,183.86,completado
5712,713,113,3,2024-07-18,196.01,completado
5713,714,114,4,2024-07-25,114.99,completado
5714,715,115,5,2024-08-01,121.5,completado
5715,716,116,1,2024-08-08,65.29,completado
5716,717,117,2,2024-08-15,492.46,completado
5717,718,118,3,2024-08-22,70.57,cancelado
5718,719,119,4,2024-08-29,64.05,cancelado
5719,720,120,5,2024-09-05,76.6,devuelto
5720,721,121,1,2024-09-12,383.51,completado
5721,722,122,2,2024-09-19,355.32,completado
5722,723,123,3,2024-09-26,282.99,completado
5723,724,124,4,2024-10-03,29.9,completado
5724,725,125,5,2024-10-10,170.78,completado
5725,726,126,1,2024-10-17,66.7,completado
5726,727,127,2,2024-10-24,148.97,completado
5727,728,128,3,2024-10-31,304.19,cancelado
5728,729,129,4,2024-11-07,162.88,cancelado
5729,730,130,5,2024-11-14,488.33,devuelto
5730,731,131,1,2024-11-21,227.54,completado
5731,732,132,2,2024-11-28,281.42,completado
5732,733,133,3,2024-12-05,152.39,completado
5733,734,134,4,2024-12-12,429.13,completado
5734,735,135,5,2024-12-19,102.5,completado
5735,736,136,1,2024-12-26,44.11,completado
5736,737,137,2,2023-01-03,422.12,completado
5737,738,138,3,2023-01-10,243.08,cancelado
5738,739,139,4,2023-01-17,342.77,cancelado
5739,740,140,5,2023-01-24,97.86,devuelto
5740,741,141,1,2023-01-31,499.37,completado
5741,742,142,2,2023-02-07,250.91,completado
5742,743,143,3,2023-02-14,61.53,completado
5743,744,144,4,2023-02-21,224.65,completado
5744,745,145,5,2023-02-28,332.69,completado
5745,746,146,1,2023-03-07,51.65,completado
5746,747,147,2,2023-03-14,80.25,completado
5747,748,148,3,2023-03-21,206.31,cancelado
5748,749,149,4,2023-03-28,299.37,cancelado
5749,750,150,5,2023-04-04,59.84,devuelto
5750,751,151,1,2023-04-11,463.39,completado
5751,752,152,2,2023-04-18,489.15,completado
5752,753,153,3,2023-04-25,41.71,completado
5753,754,154,4,2023-05-02,487.85,completado
5754,755,155,5,2023-05-09,175.93,completado
5755,756,156,1,2023-05-16,301.53,completado
5756,757,157,2,2023-05-23,495.42,completado
5757,758,158,3,2023-05-30,70.15,cancelado
5758,759,159,4,2023-06-06,420.67,cancelado
5759,760,160,5,2023-06-13,365.35,devuelto
5760,761,161,1,2023-06-20,146.47,completado
5761,762,162,2,2023-06-27,359.61,completado
5762,763,163,3,2023-07-04,295.14,completado
5763,764,164,4,2023-07-11,143.76,completado
5764,765,165,5,2023-07-18,396.85,completado
5765,766,166,1,2023-07-25,325.48,completado
5766,767,167,2,2023-08-01,206.12,completado
5767,768,168,3,2023-08-08,243.15,cancelado
5768,769,169,4,2023-08-15,305.55,cancelado
5769,770,170,5,2023-08-22,208.18,devuelto
5770,771,171,1,2023-08-29,247.42,completado
5771,772,172,2,2023-09-05,146.66,completado
5772,773,173,3,2023-09-12,386.32,completado
5773,774,174,4,2023-09-19,62.94,completado
5774,775,175,5,2023-09-26,132.84,completado
5775,776,176,1,2023-10-03,253.66,completado
5776,777,177,2,2023-10-10,317.9,completado
5777,778,178,3,2023-10-17,75.96,cancelado
5778,779,179,4,2023-10-24,58.81,cancelado
5779,780,180,5,2023-10-31,35.9,devuelto
5780,781,181,1,2023-11-07,43.43,completado
5781,782,182,2,2023-11-14,342.27,completado
5782,783,183,3,2023-11-21,486.32,completado
5783,784,184,4,2023-11-28,197.49,completado
5784,785,185,5,2023-12-05,342.81,completado
5785,786,186,1,2023-12-12,84.84,completado
5786,787,187,2,2023-12-19,314.76,completado
5787,788,188,3,2023-12-26,57.2,cancelado
5788,789,189,4,2024-01-02,47.49,cancelado
5789,790,190,5,2024-01-09,378.29,devuelto
5790,791,191,1,2024-01-16,386.11,completado
5791,792,192,2,2024-01-23,398.44,completado
5792,793,193,3,2024-01-30,108.95,completado
5793,794,194,4,2024-02-06,334.43,completado
5794,795,195,5,2024-02-13,250.22,completado
5795,796,196,1,2024-02-20,138.22,completado
5796,797,197,2,2024-02-27,178.37,completado
5797,798,198,3,2024-03-05,431.24,cancelado
5798,799,199,4,2024-03-12,277.84,cancelado
5799,800,200,5,2024-03-19,476.76,devuelto
5800,801,1,1,2024-03-26,25.48,completado
5801,802,2,2,2024-04-02,220.9,completado
5802,803,3,3,2024-04-09,458.32,completado
5803,804,4,4,2024-04-16,197.98,completado
5804,805,5,5,2024-04-23,164.13,completado
5805,806,6,1,2024-04-30,194.4,completado
5806,807,7,2,2024-05-07,235.23,completado
5807,808,8,3,2024-05-14,26.1,cancelado
5808,809,9,4,2024-05-21,282.77,cancelado
5809,810,10,5,2024-05-28,431.58,devuelto
5810,811,11,1,2024-06-04,158.49,completado
5811,812,12,2,2024-06-11,355.97,completado
5812,813,13,3,2024-06-18,250.83,completado
5813,814,14,4,2024-06-25,75.9,completado
5814,815,15,5,2024-07-02,360.7,completado
5815,816,16,1,2024-07-09,248.85,completado
5816,817,17,2,2024-07-16,63.6,completado
5817,818,18,3,2024-07-23,340.76,cancelado
5818,819,19,4,2024-07-30,333.44,cancelado
5819,820,20,5,2024-08-06,345.83,devuelto
5820,821,21,1,2024-08-13,290.38,completado
5821,822,22,2,2024-08-20,243.2,completado
5822,823,23,3,2024-08-27,428.63,completado
5823,824,24,4,2024-09-03,258.28,completado
5824,825,25,5,2024-09-10,201.78,completado
5825,826,26,1,2024-09-17,252.4,completado
5826,827,27,2,2024-09-24,485.73,completado
5827,828,28,3,2024-10-01,312.3,cancelado
5828,829,29,4,2024-10-08,182.85,cancelado
5829,830,30,5,2024-10-15,489.11,devuelto
5830,831,31,1,2024-10-22,167.04,completado
5831,832,32,2,2024-10-29,23.79,completado
5832,833,33,3,2024-11-05,32.11,completado
5833,834,34,4,2024-11-12,420.1,completado
5834,835,35,5,2024-11-19,180.95,completado
5835,836,36,1,2024-11-26,373.61,completado
5836,837,37,2,2024-12-03,23.18,completado
5837,838,38,3,2024-12-10,446.76,cancelado
5838,839,39,4,2024-12-17,177.22,cancelado
5839,840,40,5,2024-12-24,57.7,devuelto
5840,841,41,1,2023-01-01,179.12,completado
5841,842,42,2,2023-01-08,185.11,completado
5842,843,43,3,2023-01-15,182.12,completado
5843,844,44,4,2023-01-22,334.01,completado
5844,845,45,5,2023-01-29,131.33,completado
5845,846,46,1,2023-02-05,327.56,completado
5846,847,47,2,2023-02-12,300.34,completado
5847,848,48,3,2023-02-19,456.09,cancelado
5848,849,49,4,2023-02-26,42.1,cancelado
5849,850,50,5,2023-03-05,159.41,devuelto
5850,851,51,1,2023-03-12,175.42,completado
5851,852,52,2,2023-03-19,19.66,completado
5852,853,53,3,2023-03-26,169.8,completado
5853,854,54,4,2023-04-02,235.85,completado
5854,855,55,5,2023-04-09,433.05,completado
5855,856,56,1,2023-04-16,288.34,completado
5856,857,57,2,2023-04-23,451.69,completado
5857,858,58,3,2023-04-30,140.64,cancelado
5858,859,59,4,2023-05-07,351.02,cancelado
5859,860,60,5,2023-05-14,298.11,devuelto
5860,861,61,1,2023-05-21,493.02,completado
5861,862,62,2,2023-05-28,195.09,completado
5862,863,63,3,2023-06-04,201.25,completado
5863,864,64,4,2023-06-11,290.54,completado
5864,865,65,5,2023-06-18,406.08,completado
5865,866,66,1,2023-06-25,59.03,completado
5866,867,67,2,2023-07-02,340.8,completado
5867,868,68,3,2023-07-09,174.62,cancelado
5868,869,69,4,2023-07-16,256.36,cancelado
5869,870,70,5,2023-07-23,384.8,devuelto
5870,871,71,1,2023-07-30,176.37,completado
5871,872,72,2,2023-08-06,311.27,completado
5872,873,73,3,2023-08-13,188.03,completado
5873,874,74,4,2023-08-20,223.64,completado
5874,875,75,5,2023-08-27,253.51,completado
5875,876,76,1,2023-09-03,425.19,completado
5876,877,77,2,2023-09-10,395.7,completado
5877,878,78,3,2023-09-17,421.79,cancelado
5878,879,79,4,2023-09-24,272.56,cancelado
5879,880,80,5,2023-10-01,150.8,devuelto
5880,881,81,1,2023-10-08,33.29,completado
5881,882,82,2,2023-10-15,498.15,completado
5882,883,83,3,2023-10-22,206.99,completado
5883,884,84,4,2023-10-29,120.68,completado
5884,885,85,5,2023-11-05,374.02,completado
5885,886,86,1,2023-11-12,55.06,completado
5886,887,87,2,2023-11-19,423.65,completado
5887,888,88,3,2023-11-26,56.42,cancelado
5888,889,89,4,2023-12-03,175.05,cancelado
5889,890,90,5,2023-12-10,42.96,devuelto
5890,891,91,1,2023-12-17,402.58,completado
5891,892,92,2,2023-12-24,242.88,completado
5892,893,93,3,2023-12-31,112.77,completado
5893,894,94,4,2024-01-07,399.87,completado
5894,895,95,5,2024-01-14,329.25,completado
5895,896,96,1,2024-01-21,157.91,completado
5896,897,97,2,2024-01-28,404.02,completado
5897,898,98,3,2024-02-04,222.13,cancelado
5898,899,99,4,2024-02-11,274.57,cancelado
5899,900,100,5,2024-02-18,108.04,devuelto
5900,901,101,1,2024-02-25,207.13,completado
5901,902,102,2,2024-03-03,316.23,completado
5902,903,103,3,2024-03-10,232.08,completado
5903,904,104,4,2024-03-17,384.09,completado
5904,905,105,5,2024-03-24,98.49,completado
5905,906,106,1,2024-03-31,19.12,completado
5906,907,107,2,2024-04-07,354.63,completado
5907,908,108,3,2024-04-14,432.73,cancelado
5908,909,109,4,2024-04-21,292.65,cancelado
5909,910,110,5,2024-04-28,114.35,devuelto
5910,911,111,1,2024-05-05,481.44,completado
5911,912,112,2,2024-05-12,373.68,completado
5912,913,113,3,2024-05-19,238.97,completado
5913,914,114,4,2024-05-26,469.21,completado
5914,915,115,5,2024-06-02,271.03,completado
5915,916,116,1,2024-06-09,311.07,completado
5916,917,117,2,2024-06-16,386.87,completado
5917,918,118,3,2024-06-23,222.52,cancelado
5918,919,119,4,2024-06-30,287.4,cancelado
5919,920,120,5,2024-07-07,317.11,devuelto
5920,921,121,1,2024-07-14,265.91,completado
5921,922,122,2,2024-07-21,188.49,completado
5922,923,123,3,2024-07-28,82.39,completado
5923,924,124,4,2024-08-04,83.73,completado
5924,925,125,5,2024-08-11,345.8,completado
5925,926,126,1,2024-08-18,157.14,completado
5926,927,127,2,2024-08-25,223.34,completado
5927,928,128,3,2024-09-01,166.14,cancelado
5928,929,129,4,2024-09-08,416.81,cancelado
5929,930,130,5,2024-09-15,41.57,devuelto
5930,931,131,1,2024-09-22,109.74,completado
5931,932,132,2,2024-09-29,212.09,completado
5932,933,133,3,2024-10-06,413.62,completado
5933,934,134,4,2024-10-13,326.56,completado
5934,935,135,5,2024-10-20,135.66,completado
5935,936,136,1,2024-10-27,304.6,completado
5936,937,137,2,2024-11-03,208.87,completado
5937,938,138,3,2024-11-10,65.64,cancelado
5938,939,139,4,2024-11-17,104.04,cancelado
5939,940,140,5,2024-11-24,130.34,devuelto
5940,941,141,1,2024-12-01,415.34,completado
5941,942,142,2,2024-12-08,237.44,completado
5942,943,143,3,2024-12-15,284.31,completado
5943,944,144,4,2024-12-22,223.71,completado
5944,945,145,5,2024-12-29,326.99,completado
5945,946,146,1,2023-01-06,28.13,completado
5946,947,147,2,2023-01-13,88.09,completado
5947,948,148,3,2023-01-20,76.85,cancelado
5948,949,149,4,2023-01-27,136.61,cancelado
5949,950,150,5,2023-02-03,403.73,devuelto
5950,951,151,1,2023-02-10,332.75,completado
5951,952,152,2,2023-02-17,96.23,completado
5952,953,153,3,2023-02-24,427.74,completado
5953,954,154,4,2023-03-03,482.26,completado
5954,955,155,5,2023-03-10,248.06,completado
5955,956,156,1,2023-03-17,19.76,completado
5956,957,157,2,2023-03-24,431.2,completado
5957,958,158,3,2023-03-31,51.13,cancelado
5958,959,159,4,2023-04-07,304.78,cancelado
5959,960,160,5,2023-04-14,434.91,devuelto
5960,961,161,1,2023-04-21,451.28,completado
5961,962,162,2,2023-04-28,209.43,completado
5962,963,163,3,2023-05-05,188.08,completado
5963,964,164,4,2023-05-12,332.14,completado
5964,965,165,5,2023-05-19,54.25,completado
5965,966,166,1,2023-05-26,472.15,completado
5966,967,167,2,2023-06-02,364.87,completado
5967,968,168,3,2023-06-09,78.87,cancelado
5968,969,169,4,2023-06-16,64.85,cancelado
5969,970,170,5,2023-06-23,369.9,devuelto
5970,971,171,1,2023-06-30,467.14,completado
5971,972,172,2,2023-07-07,265.76,completado
5972,973,173,3,2023-07-14,416.2,completado
5973,974,174,4,2023-07-21,475.34,completado
5974,975,175,5,2023-07-28,466.46,completado
5975,976,176,1,2023-08-04,133.39,completado
5976,977,177,2,2023-08-11,443.44,completado
5977,978,178,3,2023-08-18,126.66,cancelado
5978,979,179,4,2023-08-25,69.92,cancelado
5979,980,180,5,2023-09-01,405.28,devuelto
5980,981,181,1,2023-09-08,171.35,completado
5981,982,182,2,2023-09-15,296.32,completado
5982,983,183,3,2023-09-22,201.08,completado
5983,984,184,4,2023-09-29,376.7,completado
5984,985,185,5,2023-10-06,125.61,completado
5985,986,186,1,2023-10-13,217.21,completado
5986,987,187,2,2023-10-20,80.7,completado
5987,988,188,3,2023-10-27,95.83,cancelado
5988,989,189,4,2023-11-03,485.26,cancelado
5989,990,190,5,2023-11-10,225.34,devuelto
5990,991,191,1,2023-11-17,134.61,completado
5991,992,192,2,2023-11-24,298.85,completado
5992,993,193,3,2023-12-01,250.28,completado
5993,994,194,4,2023-12-08,193.61,completado
5994,995,195,5,2023-12-15,474.87,completado
5995,996,196,1,2023-12-22,165.08,completado
5996,997,197,2,2023-12-29,217.65,completado
5997,998,198,3,2024-01-05,344.54,cancelado
5998,999,199,4,2024-01-12,482.02,cancelado
5999,1000,200,5,2024-01-19,440.92,devuelto
6000,1001,1,1,2024-01-26,469.12,completado
6001,1002,2,2,2024-02-02,187.87,completado
6002,1003,3,3,2024-02-09,360.68,completado
6003,1004,4,4,2024-02-16,412.47,completado
6004,1005,5,5,2024-02-23,20.33,completado
6005,1006,6,1,2024-03-01,483.73,completado
6006,1007,7,2,2024-03-08,306.85,completado
6007,1008,8,3,2024-03-15,422.32,cancelado
6008,1009,9,4,2024-03-22,334.49,cancelado
6009,1010,10,5,2024-03-29,471.02,devuelto
6010,1011,11,1,2024-04-05,348.43,completado
6011,1012,12,2,2024-04-12,396.51,completado
6012,1013,13,3,2024-04-19,127.44,completado
6013,1014,14,4,2024-04-26,280.84,completado
6014,1015,15,5,2024-05-03,161.54,completado
6015,1016,16,1,2024-05-10,479.66,completado
6016,1017,17,2,2024-05-17,187.8,completado
6017,1018,18,3,2024-05-24,408.0,cancelado
6018,1019,19,4,2024-05-31,69.81,cancelado
6019,1020,20,5,2024-06-07,434.81,devuelto
6020,1021,21,1,2024-06-14,430.25,completado
6021,1022,22,2,2024-06-21,200.35,completado
6022,1023,23,3,2024-06-28,455.8,completado
6023,1024,24,4,2024-07-05,202.56,completado
6024,1025,25,5,2024-07-12,489.22,completado
6025,1026,26,1,2024-07-19,135.21,completado
6026,1027,27,2,2024-07-26,54.22,completado
6027,1028,28,3,2024-08-02,413.13,cancelado
6028,1029,29,4,2024-08-09,125.38,cancelado
6029,1030,30,5,2024-08-16,113.09,devuelto
6030,1031,31,1,2024-08-23,446.22,completado
6031,1032,32,2,2024-08-30,458.79,completado
6032,1033,33,3,2024-09-06,319.36,completado
6033,1034,34,4,2024-09-13,440.94,completado
6034,1035,35,5,2024-09-20,385.7,completado
6035,1036,36,1,2024-09-27,209.08,completado
6036,1037,37,2,2024-10-04,26.6,completado
6037,1038,38,3,2024-10-11,434.56,cancelado
6038,1039,39,4,2024-10-18,413.37,cancelado
6039,1040,40,5,2024-10-25,470.84,devuelto
6040,1041,41,1,2024-11-01,240.83,completado
6041,1042,42,2,2024-11-08,212.35,completado
6042,1043,43,3,2024-11-15,422.17,completado
6043,1044,44,4,2024-11-22,361.52,completado
6044,1045,45,5,2024-11-29,439.61,completado
6045,1046,46,1,2024-12-06,411.92,completado
6046,1047,47,2,2024-12-13,413.96,completado
6047,1048,48,3,2024-12-20,352.26,cancelado
6048,1049,49,4,2024-12-27,258.1,cancelado
6049,1050,50,5,2023-01-04,182.41,devuelto
6050,1051,51,1,2023-01-11,305.04,completado
6051,1052,52,2,2023-01-18,408.58,completado
6052,1053,53,3,2023-01-25,371.51,completado
6053,1054,54,4,2023-02-01,232.1,completado
6054,1055,55,5,2023-02-08,23.4,completado
6055,1056,56,1,2023-02-15,35.53,completado
6056,1057,57,2,2023-02-22,324.38,completado
6057,1058,58,3,2023-03-01,318.78,cancelado
6058,1059,59,4,2023-03-08,397.6,cancelado
6059,1060,60,5,2023-03-15,76.69,devuelto
6060,1061,61,1,2023-03-22,206.32,completado
6061,1062,62,2,2023-03-29,317.87,completado
6062,1063,63,3,2023-04-05,163.72,completado
6063,1064,64,4,2023-04-12,50.29,completado
6064,1065,65,5,2023-04-19,87.33,completado
6065,1066,66,1,2023-04-26,263.02,completado
6066,1067,67,2,2023-05-03,485.14,completado
6067,1068,68,3,2023-05-10,417.0,cancelado
6068,1069,69,4,2023-05-17,383.95,cancelado
6069,1070,70,5,2023-05-24,425.01,devuelto
6070,1071,71,1,2023-05-31,346.02,completado
6071,1072,72,2,2023-06-07,398.39,completado
6072,1073,73,3,2023-06-14,166.51,completado
6073,1074,74,4,2023-06-21,244.4,completado
6074,1075,75,5,2023-06-28,370.23,completado
6075,1076,76,1,2023-07-05,137.73,completado
6076,1077,77,2,2023-07-12,346.86,completado
6077,1078,78,3,2023-07-19,415.12,cancelado
6078,1079,79,4,2023-07-26,401.77,cancelado
6079,1080,80,5,2023-08-02,107.35,devuelto
6080,1081,81,1,2023-08-09,213.1,completado
6081,1082,82,2,2023-08-16,99.13,completado
6082,1083,83,3,2023-08-23,439.43,completado
6083,1084,84,4,2023-08-30,472.93,completado
6084,1085,85,5,2023-09-06,443.33,completado
6085,1086,86,1,2023-09-13,120.0,completado
6086,1087,87,2,2023-09-20,474.57,completado
6087,1088,88,3,2023-09-27,462.33,cancelado
6088,1089,89,4,2023-10-04,327.08,cancelado
6089,1090,90,5,2023-10-11,317.05,devuelto
6090,1091,91,1,2023-10-18,454.35,completado
6091,1092,92,2,2023-10-25,487.32,completado
6092,1093,93,3,2023-11-01,107.15,completado
6093,1094,94,4,2023-11-08,353.62,completado
6094,1095,95,5,2023-11-15,92.69,completado
6095,1096,96,1,2023-11-22,206.51,completado
6096,1097,97,2,2023-11-29,220.16,completado
6097,1098,98,3,2023-12-06,137.48,cancelado
6098,1099,99,4,2023-12-13,53.64,cancelado
6099,1100,100,5,2023-12-20,190.28,devuelto
6100,1101,101,1,2023-12-27,474.15,completado
6101,1102,102,2,2024-01-03,67.5,completado
6102,1103,103,3,2024-01-10,362.11,completado
6103,1104,104,4,2024-01-17,223.23,completado
6104,1105,105,5,2024-01-24,460.79,completado
6105,1106,106,1,2024-01-31,232.32,completado
6106,1107,107,2,2024-02-07,340.07,completado
6107,1108,108,3,2024-02-14,68.07,cancelado
6108,1109,109,4,2024-02-21,359.65,cancelado
6109,1110,110,5,2024-02-28,103.37,devuelto
6110,1111,111,1,2024-03-06,432.35,completado
6111,1112,112,2,2024-03-13,393.24,completado
6112,1113,113,3,2024-03-20,151.1,completado
6113,1114,114,4,2024-03-27,252.14,completado
6114,1115,115,5,2024-04-03,73.8,completado
6115,1116,116,1,2024-04-10,429.61,completado
6116,1117,117,2,2024-04-17,304.04,completado
6117,1118,118,3,2024-04-24,497.65,cancelado
6118,1119,119,4,2024-05-01,148.65,cancelado
6119,1120,120,5,2024-05-08,341.82,devuelto
6120,1121,121,1,2024-05-15,214.98,completado
6121,1122,122,2,2024-05-22,210.18,completado
6122,1123,123,3,2024-05-29,81.51,completado
6123,1124,124,4,2024-06-05,152.19,completado
6124,1125,125,5,2024-06-12,138.28,completado
6125,1126,126,1,2024-06-19,312.66,completado
6126,1127,127,2,2024-06-26,454.59,completado
6127,1128,128,3,2024-07-03,191.12,cancelado
6128,1129,129,4,2024-07-10,345.29,cancelado
6129,1130,130,5,2024-07-17,234.5,devuelto
6130,1131,131,1,2024-07-24,15.06,completado
6131,1132,132,2,2024-07-31,75.27,completado
6132,1133,133,3,2024-08-07,168.39,completado
6133,1134,134,4,2024-08-14,349.58,completado
6134,1135,135,5,2024-08-21,346.56,completado
6135,1136,136,1,2024-08-28,359.53,completado
6136,1137,137,2,2024-09-04,357.14,completado
6137,1138,138,3,2024-09-11,370.69,cancelado
6138,1139,139,4,2024-09-18,135.55,cancelado
6139,1140,140,5,2024-09-25,56.69,devuelto
6140,1141,141,1,2024-10-02,38.79,completado
6141,1142,142,2,2024-10-09,173.1,completado
6142,1143,143,3,2024-10-16,125.07,completado
6143,1144,144,4,2024-10-23,455.03,completado
6144,1145,145,5,2024-10-30,498.4,completado
6145,1146,146,1,2024-11-06,470.27,completado
6146,1147,147,2,2024-11-13,483.93,completado
6147,1148,148,3,2024-11-20,303.13,cancelado
6148,1149,149,4,2024-11-27,376.64,cancelado
6149,1150,150,5,2024-12-04,32.3,devuelto
6150,1151,151,1,2024-12-11,134.29,completado
6151,1152,152,2,2024-12-18,313.63,completado
6152,1153,153,3,2024-12-25,158.23,completado
6153,1154,154,4,2023-01-02,203.4,completado
6154,1155,155,5,2023-01-09,191.74,completado
6155,1156,156,1,2023-01-16,484.35,completado
6156,1157,157,2,2023-01-23,284.18,completado
6157,1158,158,3,2023-01-30,294.44,cancelado
6158,1159,159,4,2023-02-06,137.54,cancelado
6159,1160,160,5,2023-02-13,256.84,devuelto
6160,1161,161,1,2023-02-20,465.86,completado
6161,1162,162,2,2023-02-27,440.17,completado
6162,1163,163,3,2023-03-06,74.64,completado
6163,1164,164,4,2023-03-13,165.49,completado
6164,1165,165,5,2023-03-20,269.91,completado
6165,1166,166,1,2023-03-27,79.48,completado
6166,1167,167,2,2023-04-03,67.25,completado
6167,1168,168,3,2023-04-10,31.64,cancelado
6168,1169,169,4,2023-04-17,72.66,cancelado
6169,1170,170,5,2023-04-24,437.12,devuelto
6170,1171,171,1,2023-05-01,419.05,completado
6171,1172,172,2,2023-05-08,376.43,completado
6172,1173,173,3,2023-05-15,463.86,completado
6173,1174,174,4,2023-05-22,148.63,completado
6174,1175,175,5,2023-05-29,439.7,completado
6175,1176,176,1,2023-06-05,310.34,completado
6176,1177,177,2,2023-06-12,383.17,completado
6177,1178,178,3,2023-06-19,139.24,cancelado
6178,1179,179,4,2023-06-26,163.38,cancelado
6179,1180,180,5,2023-07-03,447.41,devuelto
6180,1181,181,1,2023-07-10,164.62,completado
6181,1182,182,2,2023-07-17,497.34,completado
6182,1183,183,3,2023-07-24,384.2,completado
6183,1184,184,4,2023-07-31,84.12,completado
6184,1185,185,5,2023-08-07,427.99,completado
6185,1186,186,1,2023-08-14,332.14,completado
6186,1187,187,2,2023-08-21,401.13,completado
6187,1188,188,3,2023-08-28,36.08,cancelado
6188,1189,189,4,2023-09-04,82.82,cancelado
6189,1190,190,5,2023-09-11,122.63,devuelto
6190,1191,191,1,2023-09-18,27.57,completado
6191,1192,192,2,2023-09-25,137.51,completado
6192,1193,193,3,2023-10-02,355.92,completado
6193,1194,194,4,2023-10-09,223.85,completado
6194,1195,195,5,2023-10-16,497.65,completado
6195,1196,196,1,2023-10-23,464.33,completado
6196,1197,197,2,2023-10-30,29.99,completado
6197,1198,198,3,2023-11-06,184.69,cancelado
6198,1199,199,4,2023-11-13,357.42,cancelado
6199,1200,200,5,2023-11-20,247.75,devuelto
6200,1201,1,1,2023-11-27,251.56,completado
6201,1202,2,2,2023-12-04,424.46,completado
6202,1203,3,3,2023-12-11,434.77,completado
6203,1204,4,4,2023-12-18,70.59,completado
6204,1205,5,5,2023-12-25,55.85,completado
6205,1206,6,1,2024-01-01,435.4,completado
6206,1207,7,2,2024-01-08,98.52,completado
6207,1208,8,3,2024-01-15,92.46,cancelado
6208,1209,9,4,2024-01-22,259.28,cancelado
6209,1210,10,5,2024-01-29,143.67,devuelto
6210,1211,11,1,2024-02-05,446.54,completado
6211,1212,12,2,2024-02-12,296.98,completado
6212,1213,13,3,2024-02-19,295.94,completado
6213,1214,14,4,2024-02-26,486.1,completado
6214,1215,15,5,2024-03-04,267.75,completado
6215,1216,16,1,2024-03-11,289.69,completado
6216,1217,17,2,2024-03-18,214.05,completado
6217,1218,18,3,2024-03-25,47.65,cancelado
6218,1219,19,4,2024-04-01,386.44,cancelado
6219,1220,20,5,2024-04-08,341.69,devuelto
6220,1221,21,1,2024-04-15,444.81,completado
6221,1222,22,2,2024-04-22,22.72,completado
6222,1223,23,3,2024-04-29,343.84,completado
6223,1224,24,4,2024-05-06,343.51,completado
6224,1225,25,5,2024-05-13,203.14,completado
6225,1226,26,1,2024-05-20,299.27,completado
6226,1227,27,2,2024-05-27,476.1,completado
6227,1228,28,3,2024-06-03,420.12,cancelado
6228,1229,29,4,2024-06-10,85.35,cancelado
6229,1230,30,5,2024-06-17,49.72,devuelto
6230,1231,31,1,2024-06-24,417.04,completado
6231,1232,32,2,2024-07-01,333.17,completado
6232,1233,33,3,2024-07-08,232.49,completado
6233,1234,34,4,2024-07-15,478.05,completado
6234,1235,35,5,2024-07-22,301.16,completado
6235,1236,36,1,2024-07-29,12.84,completado
6236,1237,37,2,2024-08-05,485.19,completado
6237,1238,38,3,2024-08-12,331.52,cancelado
6238,1239,39,4,2024-08-19,475.94,cancelado
6239,1240,40,5,2024-08-26,169.21,devuelto
6240,1241,41,1,2024-09-02,368.46,completado
6241,1242,42,2,2024-09-09,369.82,completado
6242,1243,43,3,2024-09-16,479.13,completado
6243,1244,44,4,2024-09-23,288.89,completado
6244,1245,45,5,2024-09-30,113.57,completado
6245,1246,46,1,2024-10-07,33.85,completado
6246,1247,47,2,2024-10-14,325.39,completado
6247,1248,48,3,2024-10-21,168.35,cancelado
6248,1249,49,4,2024-10-28,37.21,cancelado
6249,1250,50,5,2024-11-04,44.65,devuelto
6250,1251,51,1,2024-11-11,476.43,completado
6251,1252,52,2,2024-11-18,196.88,completado
6252,1253,53,3,2024-11-25,205.44,completado
6253,1254,54,4,2024-12-02,97.23,completado
6254,1255,55,5,2024-12-09,482.87,completado
6255,1256,56,1,2024-12-16,434.1,completado
6256,1257,57,2,2024-12-23,53.7,completado
6257,1258,58,3,2024-12-30,427.65,cancelado
6258,1259,59,4,2023-01-07,89.84,cancelado
6259,1260,60,5,2023-01-14,391.95,devuelto
6260,1261,61,1,2023-01-21,149.62,completado
6261,1262,62,2,2023-01-28,378.75,completado
6262,1263,63,3,2023-02-04,330.49,completado
6263,1264,64,4,2023-02-11,69.09,completado
6264,1265,65,5,2023-02-18,250.51,completado
6265,1266,66,1,2023-02-25,221.86,completado
6266,1267,67,2,2023-03-04,405.11,completado
6267,1268,68,3,2023-03-11,161.95,cancelado
6268,1269,69,4,2023-03-18,345.63,cancelado
6269,1270,70,5,2023-03-25,74.33,devuelto
6270,1271,71,1,2023-04-01,336.1,completado
6271,1272,72,2,2023-04-08,417.71,completado
6272,1273,73,3,2023-04-15,261.2,completado
6273,1274,74,4,2023-04-22,249.92,completado
6274,1275,75,5,2023-04-29,443.85,completado
6275,1276,76,1,2023-05-06,243.46,completado
6276,1277,77,2,2023-05-13,285.9,completado
6277,1278,78,3,2023-05-20,217.3,cancelado
6278,1279,79,4,2023-05-27,380.68,cancelado
6279,1280,80,5,2023-06-03,407.39,devuelto
6280,1281,81,1,2023-06-10,310.8,completado
6281,1282,82,2,2023-06-17,222.71,completado
6282,1283,83,3,2023-06-24,218.75,completado
6283,1284,84,4,2023-07-01,29.81,completado
6284,1285,85,5,2023-07-08,177.45,completado
6285,1286,86,1,2023-07-15,237.13,completado
6286,1287,87,2,2023-07-22,119.87,completado
6287,1288,88,3,2023-07-29,346.26,cancelado
6288,1289,89,4,2023-08-05,85.98,cancelado
6289,1290,90,5,2023-08-12,252.71,devuelto
6290,1291,91,1,2023-08-19,318.48,completado
6291,1292,92,2,2023-08-26,267.09,completado
6292,1293,93,3,2023-09-02,152.44,completado
6293,1294,94,4,2023-09-09,224.3,completado
6294,1295,95,5,2023-09-16,454.53,completado
6295,1296,96,1,2023-09-23,244.03,completado
6296,1297,97,2,2023-09-30,82.82,completado
6297,1298,98,3,2023-10-07,72.62,cancelado
6298,1299,99,4,2023-10-14,452.42,cancelado
6299,1300,100,5,2023-10-21,422.35,devuelto
6300,1301,101,1,2023-10-28,266.32,completado
6301,1302,102,2,2023-11-04,154.79,completado
6302,1303,103,3,2023-11-11,33.39,completado
6303,1304,104,4,2023-11-18,47.5,completado
6304,1305,105,5,2023-11-25,32.1,completado
6305,1306,106,1,2023-12-02,62.74,completado
6306,1307,107,2,2023-12-09,218.21,completado
6307,1308,108,3,2023-12-16,56.3,cancelado
6308,1309,109,4,2023-12-23,333.82,cancelado
6309,1310,110,5,2023-12-30,288.55,devuelto
6310,1311,111,1,2024-01-06,134.16,completado
6311,1312,112,2,2024-01-13,134.88,completado
6312,1313,113,3,2024-01-20,50.07,completado
6313,1314,114,4,2024-01-27,256.69,completado
6314,1315,115,5,2024-02-03,65.83,completado
6315,1316,116,1,2024-02-10,334.17,completado
6316,1317,117,2,2024-02-17,97.98,completado
6317,1318,118,3,2024-02-24,99.28,cancelado
6318,1319,119,4,2024-03-02,202.55,cancelado
6319,1320,120,5,2024-03-09,50.81,devuelto
6320,1321,121,1,2024-03-16,439.61,completado
6321,1322,122,2,2024-03-23,155.85,completado
6322,1323,123,3,2024-03-30,297.73,completado
6323,1324,124,4,2024-04-06,232.95,completado
6324,1325,125,5,2024-04-13,338.43,completado
6325,1326,126,1,2024-04-20,315.67,completado
6326,1327,127,2,2024-04-27,139.89,completado
6327,1328,128,3,2024-05-04,483.69,cancelado
6328,1329,129,4,2024-05-11,436.96,cancelado
6329,1330,130,5,2024-05-18,101.72,devuelto
6330,1331,131,1,2024-05-25,100.69,completado
6331,1332,132,2,2024-06-01,376.04,completado
6332,1333,133,3,2024-06-08,305.99,completado
6333,1334,134,4,2024-06-15,437.09,completado
6334,1335,135,5,2024-06-22,62.1,completado
6335,1336,136,1,2024-06-29,271.84,completado
6336,1337,137,2,2024-07-06,12.87,completado
6337,1338,138,3,2024-07-13,67.17,cancelado
6338,1339,139,4,2024-07-20,94.15,cancelado
6339,1340,140,5,2024-07-27,243.79,devuelto
6340,1341,141,1,2024-08-03,348.99,completado
6341,1342,142,2,2024-08-10,435.7,completado
6342,1343,143,3,2024-08-17,483.24,completado
6343,1344,144,4,2024-08-24,304.92,completado
6344,1345,145,5,2024-08-31,248.49,completado
6345,1346,146,1,2024-09-07,313.06,completado
6346,1347,147,2,2024-09-14,487.22,completado
6347,1348,148,3,2024-09-21,186.76,cancelado
6348,1349,149,4,2024-09-28,340.16,cancelado
6349,1350,150,5,2024-10-05,348.24,devuelto
6350,1351,151,1,2024-10-12,203.55,completado
6351,1352,152,2,2024-10-19,158.3,completado
6352,1353,153,3,2024-10-26,71.29,completado
6353,1354,154,4,2024-11-02,16.8,completado
6354,1355,155,5,2024-11-09,64.84,completado
6355,1356,156,1,2024-11-16,17.78,completado
6356,1357,157,2,2024-11-23,485.55,completado
6357,1358,158,3,2024-11-30,430.92,cancelado
6358,1359,159,4,2024-12-07,112.52,cancelado
6359,1360,160,5,2024-12-14,327.83,devuelto
6360,1361,161,1,2024-12-21,328.37,completado
6361,1362,162,2,2024-12-28,223.54,completado
6362,1363,163,3,2023-01-05,316.77,completado
6363,1364,164,4,2023-01-12,397.11,completado
6364,1365,165,5,2023-01-19,103.55,completado
6365,1366,166,1,2023-01-26,157.45,completado
6366,1367,167,2,2023-02-02,237.08,completado
6367,1368,168,3,2023-02-09,242.25,cancelado
6368,1369,169,4,2023-02-16,20.69,cancelado
6369,1370,170,5,2023-02-23,91.39,devuelto
6370,1371,171,1,2023-03-02,84.69,completado
6371,1372,172,2,2023-03-09,354.27,completado
6372,1373,173,3,2023-03-16,482.29,completado
6373,1374,174,4,2023-03-23,241.03,completado
6374,1375,175,5,2023-03-30,431.3,completado
6375,1376,176,1,2023-04-06,296.76,completado
6376,1377,177,2,2023-04-13,108.66,completado
6377,1378,178,3,2023-04-20,289.02,cancelado
6378,1379,179,4,2023-04-27,418.58,cancelado
6379,1380,180,5,2023-05-04,34.95,devuelto
6380,1381,181,1,2023-05-11,13.86,completado
6381,1382,182,2,2023-05-18,318.9,completado
6382,1383,183,3,2023-05-25,359.42,completado
6383,1384,184,4,2023-06-01,489.95,completado
6384,1385,185,5,2023-06-08,425.82,completado
6385,1386,186,1,2023-06-15,371.17,completado
6386,1387,187,2,2023-06-22,301.96,completado
6387,1388,188,3,2023-06-29,281.61,cancelado
6388,1389,189,4,2023-07-06,152.48,cancelado
6389,1390,190,5,2023-07-13,248.87,devuelto
6390,1391,191,1,2023-07-20,248.19,completado
6391,1392,192,2,2023-07-27,299.61,completado
6392,1393,193,3,2023-08-03,309.63,completado
6393,1394,194,4,2023-08-10,342.55,completado
6394,1395,195,5,2023-08-17,410.18,completado
6395,1396,196,1,2023-08-24,249.07,completado
6396,1397,197,2,2023-08-31,360.0,completado
6397,1398,198,3,2023-09-07,268.87,cancelado
6398,1399,199,4,2023-09-14,216.78,cancelado
6399,1400,200,5,2023-09-21,164.77,devuelto
6400,1401,1,1,2023-09-28,41.12,completado
6401,1402,2,2,2023-10-05,447.51,completado
6402,1403,3,3,2023-10-12,214.4,completado
6403,1404,4,4,2023-10-19,241.94,completado
6404,1405,5,5,2023-10-26,252.45,completado
6405,1406,6,1,2023-11-02,470.09,completado
6406,1407,7,2,2023-11-09,179.91,completado
6407,1408,8,3,2023-11-16,351.78,cancelado
6408,1409,9,4,2023-11-23,20.2,cancelado
6409,1410,10,5,2023-11-30,151.13,devuelto
6410,1411,11,1,2023-12-07,104.18,completado
6411,1412,12,2,2023-12-14,178.49,completado
6412,1413,13,3,2023-12-21,123.73,completado
6413,1414,14,4,2023-12-28,117.65,completado
6414,1415,15,5,2024-01-04,455.44,completado
6415,1416,16,1,2024-01-11,176.18,completado
6416,1417,17,2,2024-01-18,305.03,completado
6417,1418,18,3,2024-01-25,422.81,cancelado
6418,1419,19,4,2024-02-01,331.91,cancelado
6419,1420,20,5,2024-02-08,74.27,devuelto
6420,1421,21,1,2024-02-15,153.76,completado
6421,1422,22,2,2024-02-22,358.58,completado
6422,1423,23,3,2024-02-29,480.3,completado
6423,1424,24,4,2024-03-07,418.21,completado
6424,1425,25,5,2024-03-14,339.82,completado
6425,1426,26,1,2024-03-21,369.95,completado
6426,1427,27,2,2024-03-28,400.03,completado
6427,1428,28,3,2024-04-04,401.88,cancelado
6428,1429,29,4,2024-04-11,423.82,cancelado
6429,1430,30,5,2024-04-18,314.7,devuelto
6430,1431,31,1,2024-04-25,148.4,completado
6431,1432,32,2,2024-05-02,377.13,completado
6432,1433,33,3,2024-05-09,336.86,completado
6433,1434,34,4,2024-05-16,73.26,completado
6434,1435,35,5,2024-05-23,107.75,completado
6435,1436,36,1,2024-05-30,306.82,completado
6436,1437,37,2,2024-06-06,59.44,completado
6437,1438,38,3,2024-06-13,213.83,cancelado
6438,1439,39,4,2024-06-20,496.95,cancelado
6439,1440,40,5,2024-06-27,158.79,devuelto
6440,1441,41,1,2024-07-04,112.62,completado
6441,1442,42,2,2024-07-11,33.05,completado
6442,1443,43,3,2024-07-18,18.88,completado
6443,1444,44,4,2024-07-25,441.64,completado
6444,1445,45,5,2024-08-01,184.95,completado
6445,1446,46,1,2024-08-08,87.72,completado
6446,1447,47,2,2024-08-15,415.69,completado
6447,1448,48,3,2024-08-22,448.28,cancelado
6448,1449,49,4,2024-08-29,25.67,cancelado
6449,1450,50,5,2024-09-05,41.2,devuelto
6450,1451,51,1,2024-09-12,221.0,completado
6451,1452,52,2,2024-09-19,312.61,completado
6452,1453,53,3,2024-09-26,69.14,completado
6453,1454,54,4,2024-10-03,119.81,completado
6454,1455,55,5,2024-10-10,136.33,completado
6455,1456,56,1,2024-10-17,176.76,completado
6456,1457,57,2,2024-10-24,184.07,completado
6457,1458,58,3,2024-10-31,32.87,cancelado
6458,1459,59,4,2024-11-07,440.08,cancelado
6459,1460,60,5,2024-11-14,141.07,devuelto
6460,1461,61,1,2024-11-21,84.08,completado
6461,1462,62,2,2024-11-28,348.17,completado
6462,1463,63,3,2024-12-05,262.54,completado
6463,1464,64,4,2024-12-12,338.05,completado
6464,1465,65,5,2024-12-19,356.14,completado
6465,1466,66,1,2024-12-26,464.05,completado
6466,1467,67,2,2023-01-03,224.54,completado
6467,1468,68,3,2023-01-10,234.0,cancelado
6468,1469,69,4,2023-01-17,422.38,cancelado
6469,1470,70,5,2023-01-24,64.36,devuelto
6470,1471,71,1,2023-01-31,61.89,completado
6471,1472,72,2,2023-02-07,309.18,completado
6472,1473,73,3,2023-02-14,393.26,completado
6473,1474,74,4,2023-02-21,474.22,completado
6474,1475,75,5,2023-02-28,413.57,completado
6475,1476,76,1,2023-03-07,30.57,completado
6476,1477,77,2,2023-03-14,61.65,completado
6477,1478,78,3,2023-03-21,318.66,cancelado
6478,1479,79,4,2023-03-28,436.73,cancelado
6479,1480,80,5,2023-04-04,456.38,devuelto
6480,1481,81,1,2023-04-11,86.95,completado
6481,1482,82,2,2023-04-18,153.14,completado
6482,1483,83,3,2023-04-25,226.34,completado
6483,1484,84,4,2023-05-02,257.89,completado
6484,1485,85,5,2023-05-09,368.95,completado
6485,1486,86,1,2023-05-16,58.65,completado
6486,1487,87,2,2023-05-23,327.08,completado
6487,1488,88,3,2023-05-30,173.96,cancelado
6488,1489,89,4,2023-06-06,77.51,cancelado
6489,1490,90,5,2023-06-13,425.81,devuelto
6490,1491,91,1,2023-06-20,225.16,completado
6491,1492,92,2,2023-06-27,213.72,completado
6492,1493,93,3,2023-07-04,386.83,completado
6493,1494,94,4,2023-07-11,130.2,completado
6494,1495,95,5,2023-07-18,406.48,completado
6495,1496,96,1,2023-07-25,177.25,completado
6496,1497,97,2,2023-08-01,257.46,completado
6497,1498,98,3,2023-08-08,51.76,cancelado
6498,1499,99,4,2023-08-15,192.49,cancelado
6499,1500,100,5,2023-08-22,379.87,devuelto
6500,1501,101,1,2023-08-29,186.72,completado
6501,1502,102,2,2023-09-05,335.85,completado
6502,1503,103,3,2023-09-12,84.29,completado
6503,1504,104,4,2023-09-19,379.22,completado
6504,1505,105,5,2023-09-26,216.64,completado
6505,1506,106,1,2023-10-03,121.81,completado
6506,1507,107,2,2023-10-10,402.87,completado
6507,1508,108,3,2023-10-17,212.57,cancelado
6508,1509,109,4,2023-10-24,210.56,cancelado
6509,1510,110,5,2023-10-31,234.79,devuelto
6510,1511,111,1,2023-11-07,427.67,completado
6511,1512,112,2,2023-11-14,399.36,completado
6512,1513,113,3,2023-11-21,187.27,completado
6513,1514,114,4,2023-11-28,24.58,completado
6514,1515,115,5,2023-12-05,81.34,completado
6515,1516,116,1,2023-12-12,14.87,completado
6516,1517,117,2,2023-12-19,405.06,completado
6517,1518,118,3,2023-12-26,472.38,cancelado
6518,1519,119,4,2024-01-02,51.54,cancelado
6519,1520,120,5,2024-01-09,164.25,devuelto
6520,1521,121,1,2024-01-16,491.15,completado
6521,1522,122,2,2024-01-23,90.52,completado
6522,1523,123,3,2024-01-30,40.12,completado
6523,1524,124,4,2024-02-06,382.0,completado
6524,1525,125,5,2024-02-13,333.49,completado
6525,1526,126,1,2024-02-20,324.32,completado
6526,1527,127,2,2024-02-27,452.23,completado
6527,1528,128,3,2024-03-05,38.33,cancelado
6528,1529,129,4,2024-03-12,319.49,cancelado
6529,1530,130,5,2024-03-19,359.55,devuelto
6530,1531,131,1,2024-03-26,333.58,completado
6531,1532,132,2,2024-04-02,264.69,completado
6532,1533,133,3,2024-04-09,154.9,completado
6533,1534,134,4,2024-04-16,206.98,completado
6534,1535,135,5,2024-04-23,343.63,completado
6535,1536,136,1,2024-04-30,281.27,completado
6536,1537,137,2,2024-05-07,159.12,completado
6537,1538,138,3,2024-05-14,373.92,cancelado
6538,1539,139,4,2024-05-21,455.52,cancelado
6539,1540,140,5,2024-05-28,13.87,devuelto
6540,1541,141,1,2024-06-04,147.09,completado
6541,1542,142,2,2024-06-11,268.62,completado
6542,1543,143,3,2024-06-18,461.02,completado
6543,1544,144,4,2024-06-25,353.14,completado
6544,1545,145,5,2024-07-02,228.63,completado
6545,1546,146,1,2024-07-09,110.52,completado
6546,1547,147,2,2024-07-16,276.77,completado
6547,1548,148,3,2024-07-23,396.29,cancelado
6548,1549,149,4,2024-07-30,329.5,cancelado
6549,1550,150,5,2024-08-06,351.76,devuelto
6550,1551,151,1,2024-08-13,444.96,completado
6551,1552,152,2,2024-08-20,392.97,completado
6552,1553,153,3,2024-08-27,208.21,completado
6553,1554,154,4,2024-09-03,106.67,completado
6554,1555,155,5,2024-09-10,157.75,completado
6555,1556,156,1,2024-09-17,28.12,completado
6556,1557,157,2,2024-09-24,173.9,completado
6557,1558,158,3,2024-10-01,365.3,cancelado
6558,1559,159,4,2024-10-08,372.63,cancelado
6559,1560,160,5,2024-10-15,71.74,devuelto
6560,1561,161,1,2024-10-22,496.04,completado
6561,1562,162,2,2024-10-29,149.12,completado
6562,1563,163,3,2024-11-05,55.48,completado
6563,1564,164,4,2024-11-12,280.38,completado
6564,1565,165,5,2024-11-19,265.45,completado
6565,1566,166,1,2024-11-26,380.95,completado
6566,1567,167,2,2024-12-03,88.41,completado
6567,1568,168,3,2024-12-10,23.67,cancelado
6568,1569,169,4,2024-12-17,400.33,cancelado
6569,1570,170,5,2024-12-24,300.33,devuelto
6570,1571,171,1,2023-01-01,128.26,completado
6571,1572,172,2,2023-01-08,389.34,completado
6572,1573,173,3,2023-01-15,365.99,completado
6573,1574,174,4,2023-01-22,493.61,completado
6574,1575,175,5,2023-01-29,64.12,completado
6575,1576,176,1,2023-02-05,39.37,completado
6576,1577,177,2,2023-02-12,192.76,completado
6577,1578,178,3,2023-02-19,317.22,cancelado
6578,1579,179,4,2023-02-26,183.69,cancelado
6579,1580,180,5,2023-03-05,33.39,devuelto
6580,1581,181,1,2023-03-12,328.97,completado
6581,1582,182,2,2023-03-19,71.13,completado
6582,1583,183,3,2023-03-26,156.0,completado
6583,1584,184,4,2023-04-02,371.06,completado
6584,1585,185,5,2023-04-09,232.04,completado
6585,1586,186,1,2023-04-16,491.65,completado
6586,1587,187,2,2023-04-23,404.64,completado
6587,1588,188,3,2023-04-30,494.61,cancelado
6588,1589,189,4,2023-05-07,287.14,cancelado
6589,1590,190,5,2023-05-14,448.23,devuelto
6590,1591,191,1,2023-05-21,317.59,completado
6591,1592,192,2,2023-05-28,271.31,completado
6592,1593,193,3,2023-06-04,301.82,completado
6593,1594,194,4,2023-06-11,181.67,completado
6594,1595,195,5,2023-06-18,149.42,completado
6595,1596,196,1,2023-06-25,394.55,completado
6596,1597,197,2,2023-07-02,360.28,completado
6597,1598,198,3,2023-07-09,339.49,cancelado
6598,1599,199,4,2023-07-16,360.03,cancelado
6599,1600,200,5,2023-07-23,264.64,devuelto
6600,1601,1,1,2023-07-30,131.34,completado
6601,1602,2,2,2023-08-06,170.65,completado
6602,1603,3,3,2023-08-13,295.36,completado
6603,1604,4,4,2023-08-20,413.19,completado
6604,1605,5,5,2023-08-27,187.02,completado
6605,1606,6,1,2023-09-03,58.01,completado
6606,1607,7,2,2023-09-10,358.7,completado
6607,1608,8,3,2023-09-17,415.93,cancelado
6608,1609,9,4,2023-09-24,50.15,cancelado
6609,1610,10,5,2023-10-01,40.47,devuelto
6610,1611,11,1,2023-10-08,445.37,completado
6611,1612,12,2,2023-10-15,243.36,completado
6612,1613,13,3,2023-10-22,228.62,completado
6613,1614,14,4,2023-10-29,190.95,completado
6614,1615,15,5,2023-11-05,267.87,completado
6615,1616,16,1,2023-11-12,298.24,completado
6616,1617,17,2,2023-11-19,264.28,completado
6617,1618,18,3,2023-11-26,203.44,cancelado
6618,1619,19,4,2023-12-03,139.21,cancelado
6619,1620,20,5,2023-12-10,254.43,devuelto
6620,1621,21,1,2023-12-17,217.48,completado
6621,1622,22,2,2023-12-24,225.64,completado
6622,1623,23,3,2023-12-31,466.21,completado
6623,1624,24,4,2024-01-07,249.88,completado
6624,1625,25,5,2024-01-14,486.9,completado
6625,1626,26,1,2024-01-21,413.67,completado
6626,1627,27,2,2024-01-28,80.73,completado
6627,1628,28,3,2024-02-04,72.29,cancelado
6628,1629,29,4,2024-02-11,358.46,cancelado
6629,1630,30,5,2024-02-18,73.4,devuelto
6630,1631,31,1,2024-02-25,355.22,completado
6631,1632,32,2,2024-03-03,433.0,completado
6632,1633,33,3,2024-03-10,67.85,completado
6633,1634,34,4,2024-03-17,114.19,completado
6634,1635,35,5,2024-03-24,241.94,completado
6635,1636,36,1,2024-03-31,375.78,completado
6636,1637,37,2,2024-04-07,472.59,completado
6637,1638,38,3,2024-04-14,190.97,cancelado
6638,1639,39,4,2024-04-21,476.39,cancelado
6639,1640,40,5,2024-04-28,304.78,devuelto
6640,1641,41,1,2024-05-05,210.22,completado
6641,1642,42,2,2024-05-12,69.22,completado
6642,1643,43,3,2024-05-19,290.16,completado
6643,1644,44,4,2024-05-26,29.74,completado
6644,1645,45,5,2024-06-02,85.12,completado
6645,1646,46,1,2024-06-09,192.02,completado
6646,1647,47,2,2024-06-16,495.6,completado
6647,1648,48,3,2024-06-23,158.6,cancelado
6648,1649,49,4,2024-06-30,248.1,cancelado
6649,1650,50,5,2024-07-07,397.69,devuelto
6650,1651,51,1,2024-07-14,79.65,completado
6651,1652,52,2,2024-07-21,298.92,completado
6652,1653,53,3,2024-07-28,33.84,completado
6653,1654,54,4,2024-08-04,448.18,completado
6654,1655,55,5,2024-08-11,445.64,completado
6655,1656,56,1,2024-08-18,115.63,completado
6656,1657,57,2,2024-08-25,411.37,completado
6657,1658,58,3,2024-09-01,249.51,cancelado
6658,1659,59,4,2024-09-08,69.94,cancelado
6659,1660,60,5,2024-09-15,180.84,devuelto
6660,1661,61,1,2024-09-22,436.51,completado
6661,1662,62,2,2024-09-29,214.61,completado
6662,1663,63,3,2024-10-06,290.8,completado
6663,1664,64,4,2024-10-13,287.22,completado
6664,1665,65,5,2024-10-20,451.14,completado
6665,1666,66,1,2024-10-27,392.86,completado
6666,1667,67,2,2024-11-03,242.86,completado
6667,1668,68,3,2024-11-10,362.82,cancelado
6668,1669,69,4,2024-11-17,306.8,cancelado
6669,1670,70,5,2024-11-24,383.36,devuelto
6670,1671,71,1,2024-12-01,257.33,completado
6671,1672,72,2,2024-12-08,235.86,completado
6672,1673,73,3,2024-12-15,230.47,completado
6673,1674,74,4,2024-12-22,230.05,completado
6674,1675,75,5,2024-12-29,434.51,completado
6675,1676,76,1,2023-01-06,169.36,completado
6676,1677,77,2,2023-01-13,401.91,completado
6677,1678,78,3,2023-01-20,335.61,cancelado
6678,1679,79,4,2023-01-27,210.72,cancelado
6679,1680,80,5,2023-02-03,124.08,devuelto
6680,1681,81,1,2023-02-10,203.74,completado
6681,1682,82,2,2023-02-17,275.09,completado
6682,1683,83,3,2023-02-24,479.46,completado
6683,1684,84,4,2023-03-03,446.12,completado
6684,1685,85,5,2023-03-10,370.6,completado
6685,1686,86,1,2023-03-17,326.5,completado
6686,1687,87,2,2023-03-24,434.32,completado
6687,1688,88,3,2023-03-31,356.53,cancelado
6688,1689,89,4,2023-04-07,290.28,cancelado
6689,1690,90,5,2023-04-14,400.12,devuelto
6690,1691,91,1,2023-04-21,356.63,completado
6691,1692,92,2,2023-04-28,284.91,completado
6692,1693,93,3,2023-05-05,70.65,completado
6693,1694,94,4,2023-05-12,284.08,completado
6694,1695,95,5,2023-05-19,104.29,completado
6695,1696,96,1,2023-05-26,313.16,completado
6696,1697,97,2,2023-06-02,292.66,completado
6697,1698,98,3,2023-06-09,35.91,cancelado
6698,1699,99,4,2023-06-16,289.42,cancelado
6699,1700,100,5,2023-06-23,102.8,devuelto
6700,1701,101,1,2023-06-30,243.16,completado
6701,1702,102,2,2023-07-07,449.46,completado
6702,1703,103,3,2023-07-14,68.94,completado
6703,1704,104,4,2023-07-21,468.73,completado
6704,1705,105,5,2023-07-28,98.07,completado
6705,1706,106,1,2023-08-04,19.3,completado
6706,1707,107,2,2023-08-11,395.51,completado
6707,1708,108,3,2023-08-18,130.19,cancelado
6708,1709,109,4,2023-08-25,355.75,cancelado
6709,1710,110,5,2023-09-01,444.95,devuelto
6710,1711,111,1,2023-09-08,227.67,completado
6711,1712,112,2,2023-09-15,405.39,completado
6712,1713,113,3,2023-09-22,307.36,completado
6713,1714,114,4,2023-09-29,206.88,completado
6714,1715,115,5,2023-10-06,32.04,completado
6715,1716,116,1,2023-10-13,432.37,completado
6716,1717,117,2,2023-10-20,21.4,completado
6717,1718,118,3,2023-10-27,224.14,cancelado
6718,1719,119,4,2023-11-03,213.32,cancelado
6719,1720,120,5,2023-11-10,431.23,devuelto
6720,1721,121,1,2023-11-17,165.52,completado
6721,1722,122,2,2023-11-24,136.02,completado
6722,1723,123,3,2023-12-01,66.18,completado
6723,1724,124,4,2023-12-08,58.67,completado
6724,1725,125,5,2023-12-15,92.4,completado
6725,1726,126,1,2023-12-22,80.58,completado
6726,1727,127,2,2023-12-29,135.22,completado
6727,1728,128,3,2024-01-05,53.92,cancelado
6728,1729,129,4,2024-01-12,160.33,cancelado
6729,1730,130,5,2024-01-19,209.57,devuelto
6730,1731,131,1,2024-01-26,92.9,completado
6731,1732,132,2,2024-02-02,311.09,completado
6732,1733,133,3,2024-02-09,169.39,completado
6733,1734,134,4,2024-02-16,23.31,completado
6734,1735,135,5,2024-02-23,38.67,completado
6735,1736,136,1,2024-03-01,201.07,completado
6736,1737,137,2,2024-03-08,166.82,completado
6737,1738,138,3,2024-03-15,212.28,cancelado
6738,1739,139,4,2024-03-22,168.87,cancelado
6739,1740,140,5,2024-03-29,194.0,devuelto
6740,1741,141,1,2024-04-05,415.59,completado
6741,1742,142,2,2024-04-12,69.27,completado
6742,1743,143,3,2024-04-19,109.25,completado
6743,1744,144,4,2024-04-26,378.55,completado
6744,1745,145,5,2024-05-03,297.15,completado
6745,1746,146,1,2024-05-10,251.56,completado
6746,1747,147,2,2024-05-17,378.67,completado
6747,1748,148,3,2024-05-24,198.67,cancelado
6748,1749,149,4,2024-05-31,66.39,cancelado
6749,1750,150,5,2024-06-07,39.71,devuelto
6750,1751,151,1,2024-06-14,237.76,completado
6751,1752,152,2,2024-06-21,209.47,completado
6752,1753,153,3,2024-06-28,247.24,completado
6753,1754,154,4,2024-07-05,209.67,completado
6754,1755,155,5,2024-07-12,124.53,completado
6755,1756,156,1,2024-07-19,444.22,completado
6756,1757,157,2,2024-07-26,141.89,completado
6757,1758,158,3,2024-08-02,482.1,cancelado
6758,1759,159,4,2024-08-09,340.8,cancelado
6759,1760,160,5,2024-08-16,130.69,devuelto
6760,1761,161,1,2024-08-23,281.81,completado
6761,1762,162,2,2024-08-30,394.75,completado
6762,1763,163,3,2024-09-06,159.26,completado
6763,1764,164,4,2024-09-13,209.31,completado
6764,1765,165,5,2024-09-20,51.12,completado
6765,1766,166,1,2024-09-27,321.54,completado
6766,1767,167,2,2024-10-04,109.69,completado
6767,1768,168,3,2024-10-11,484.28,cancelado
6768,1769,169,4,2024-10-18,192.92,cancelado
6769,1770,170,5,2024-10-25,492.8,devuelto
6770,1771,171,1,2024-11-01,393.19,completado
6771,1772,172,2,2024-11-08,273.39,completado
6772,1773,173,3,2024-11-15,217.64,completado
6773,1774,174,4,2024-11-22,456.63,completado
6774,1775,175,5,2024-11-29,231.35,completado
6775,1776,176,1,2024-12-06,10.49,completado
6776,1777,177,2,2024-12-13,237.68,completado
6777,1778,178,3,2024-12-20,416.39,cancelado
6778,1779,179,4,2024-12-27,151.73,cancelado
6779,1780,180,5,2023-01-04,486.32,devuelto
6780,1781,181,1,2023-01-11,10.27,completado
6781,1782,182,2,2023-01-18,467.42,completado
6782,1783,183,3,2023-01-25,246.27,completado
6783,1784,184,4,2023-02-01,302.96,completado
6784,1785,185,5,2023-02-08,421.35,completado
6785,1786,186,1,2023-02-15,196.28,completado
6786,1787,187,2,2023-02-22,182.19,completado
6787,1788,188,3,2023-03-01,319.78,cancelado
6788,1789,189,4,2023-03-08,296.73,cancelado
6789,1790,190,5,2023-03-15,260.06,devuelto
6790,1791,191,1,2023-03-22,32.29,completado
6791,1792,192,2,2023-03-29,372.2,completado
6792,1793,193,3,2023-04-05,285.91,completado
6793,1794,194,4,2023-04-12,157.31,completado
6794,1795,195,5,2023-04-19,203.7,completado
6795,1796,196,1,2023-04-26,70.26,completado
6796,1797,197,2,2023-05-03,78.43,completado
6797,1798,198,3,2023-05-10,282.67,cancelado
6798,1799,199,4,2023-05-17,146.93,cancelado
6799,1800,200,5,2023-05-24,221.66,devuelto
6800,1801,1,1,2023-05-31,309.12,completado
6801,1802,2,2,2023-06-07,479.13,completado
6802,1803,3,3,2023-06-14,165.97,completado
6803,1804,4,4,2023-06-21,344.23,completado
6804,1805,5,5,2023-06-28,177.89,completado
6805,1806,6,1,2023-07-05,138.07,completado
6806,1807,7,2,2023-07-12,378.82,completado
6807,1808,8,3,2023-07-19,231.83,cancelado
6808,1809,9,4,2023-07-26,130.5,cancelado
6809,1810,10,5,2023-08-02,491.68,devuelto
6810,1811,11,1,2023-08-09,177.4,completado
6811,1812,12,2,2023-08-16,235.3,completado
6812,1813,13,3,2023-08-23,303.76,completado
6813,1814,14,4,2023-08-30,17.78,completado
6814,1815,15,5,2023-09-06,349.0,completado
6815,1816,16,1,2023-09-13,326.76,completado
6816,1817,17,2,2023-09-20,11.0,completado
6817,1818,18,3,2023-09-27,243.5,cancelado
6818,1819,19,4,2023-10-04,451.71,cancelado
6819,1820,20,5,2023-10-11,339.63,devuelto
6820,1821,21,1,2023-10-18,212.45,completado
6821,1822,22,2,2023-10-25,448.68,completado
6822,1823,23,3,2023-11-01,354.62,completado
6823,1824,24,4,2023-11-08,383.61,completado
6824,1825,25,5,2023-11-15,273.68,completado
6825,1826,26,1,2023-11-22,395.78,completado
6826,1827,27,2,2023-11-29,328.06,completado
6827,1828,28,3,2023-12-06,47.99,cancelado
6828,1829,29,4,2023-12-13,25.16,cancelado
6829,1830,30,5,2023-12-20,417.72,devuelto
6830,1831,31,1,2023-12-27,339.09,completado
6831,1832,32,2,2024-01-03,339.4,completado
6832,1833,33,3,2024-01-10,182.97,completado
6833,1834,34,4,2024-01-17,408.26,completado
6834,1835,35,5,2024-01-24,415.46,completado
6835,1836,36,1,2024-01-31,185.4,completado
6836,1837,37,2,2024-02-07,96.82,completado
6837,1838,38,3,2024-02-14,386.3,cancelado
6838,1839,39,4,2024-02-21,351.54,cancelado
6839,1840,40,5,2024-02-28,14.13,devuelto
6840,1841,41,1,2024-03-06,236.72,completado
6841,1842,42,2,2024-03-13,468.76,completado
6842,1843,43,3,2024-03-20,227.84,completado
6843,1844,44,4,2024-03-27,118.55,completado
6844,1845,45,5,2024-04-03,19.69,completado
6845,1846,46,1,2024-04-10,147.76,completado
6846,1847,47,2,2024-04-17,461.49,completado
6847,1848,48,3,2024-04-24,185.33,cancelado
6848,1849,49,4,2024-05-01,54.08,cancelado
6849,1850,50,5,2024-05-08,310.59,devuelto
6850,1851,51,1,2024-05-15,158.56,completado
6851,1852,52,2,2024-05-22,361.73,completado
6852,1853,53,3,2024-05-29,124.79,completado
6853,1854,54,4,2024-06-05,251.97,completado
6854,1855,55,5,2024-06-12,187.87,completado
6855,1856,56,1,2024-06-19,147.57,completado
6856,1857,57,2,2024-06-26,453.21,completado
6857,1858,58,3,2024-07-03,356.41,cancelado
6858,1859,59,4,2024-07-10,112.45,cancelado
6859,1860,60,5,2024-07-17,106.08,devuelto
6860,1861,61,1,2024-07-24,412.35,completado
6861,1862,62,2,2024-07-31,204.08,completado
6862,1863,63,3,2024-08-07,436.26,completado
6863,1864,64,4,2024-08-14,288.86,completado
6864,1865,65,5,2024-08-21,252.07,completado
6865,1866,66,1,2024-08-28,280.37,completado
6866,1867,67,2,2024-09-04,333.32,completado
6867,1868,68,3,2024-09-11,287.2,cancelado
6868,1869,69,4,2024-09-18,344.37,cancelado
6869,1870,70,5,2024-09-25,286.92,devuelto
6870,1871,71,1,2024-10-02,42.03,completado
6871,1872,72,2,2024-10-09,72.84,completado
6872,1873,73,3,2024-10-16,41.87,completado
6873,1874,74,4,2024-10-23,137.22,completado
6874,1875,75,5,2024-10-30,289.25,completado
6875,1876,76,1,2024-11-06,121.7,completado
6876,1877,77,2,2024-11-13,266.31,completado
6877,1878,78,3,2024-11-20,393.3,cancelado
6878,1879,79,4,2024-11-27,104.01,cancelado
6879,1880,80,5,2024-12-04,342.21,devuelto
6880,1881,81,1,2024-12-11,496.06,completado
6881,1882,82,2,2024-12-18,349.56,completado
6882,1883,83,3,2024-12-25,271.14,completado
6883,1884,84,4,2023-01-02,133.93,completado
6884,1885,85,5,2023-01-09,284.46,completado
6885,1886,86,1,2023-01-16,232.42,completado
6886,1887,87,2,2023-01-23,469.57,completado
6887,1888,88,3,2023-01-30,324.07,cancelado
6888,1889,89,4,2023-02-06,472.11,cancelado
6889,1890,90,5,2023-02-13,35.41,devuelto
6890,1891,91,1,2023-02-20,469.99,completado
6891,1892,92,2,2023-02-27,221.95,completado
6892,1893,93,3,2023-03-06,497.6,completado
6893,1894,94,4,2023-03-13,144.28,completado
6894,1895,95,5,2023-03-20,343.29,completado
6895,1896,96,1,2023-03-27,238.63,completado
6896,1897,97,2,2023-04-03,187.12,completado
6897,1898,98,3,2023-04-10,381.92,cancelado
6898,1899,99,4,2023-04-17,443.06,cancelado
6899,1900,100,5,2023-04-24,120.03,devuelto
6900,1901,101,1,2023-05-01,146.19,completado
6901,1902,102,2,2023-05-08,215.83,completado
6902,1903,103,3,2023-05-15,229.94,completado
6903,1904,104,4,2023-05-22,12.53,completado
6904,1905,105,5,2023-05-29,105.36,completado
6905,1906,106,1,2023-06-05,50.09,completado
6906,1907,107,2,2023-06-12,290.19,completado
6907,1908,108,3,2023-06-19,22.43,cancelado
6908,1909,109,4,2023-06-26,371.35,cancelado
6909,1910,110,5,2023-07-03,489.27,devuelto
6910,1911,111,1,2023-07-10,217.67,completado
6911,1912,112,2,2023-07-17,46.48,completado
6912,1913,113,3,2023-07-24,132.49,completado
6913,1914,114,4,2023-07-31,90.6,completado
6914,1915,115,5,2023-08-07,162.29,completado
6915,1916,116,1,2023-08-14,316.74,completado
6916,1917,117,2,2023-08-21,57.4,completado
6917,1918,118,3,2023-08-28,245.18,cancelado
6918,1919,119,4,2023-09-04,405.95,cancelado
6919,1920,120,5,2023-09-11,300.34,devuelto
6920,1921,121,1,2023-09-18,316.89,completado
6921,1922,122,2,2023-09-25,173.81,completado
6922,1923,123,3,2023-10-02,132.7,completado
6923,1924,124,4,2023-10-09,62.84,completado
6924,1925,125,5,2023-10-16,126.8,completado
6925,1926,126,1,2023-10-23,176.99,completado
6926,1927,127,2,2023-10-30,36.67,completado
6927,1928,128,3,2023-11-06,173.46,cancelado
6928,1929,129,4,2023-11-13,399.11,cancelado
6929,1930,130,5,2023-11-20,472.34,devuelto
6930,1931,131,1,2023-11-27,390.12,completado
6931,1932,132,2,2023-12-04,313.59,completado
6932,1933,133,3,2023-12-11,384.41,completado
6933,1934,134,4,2023-12-18,316.42,completado
6934,1935,135,5,2023-12-25,293.68,completado
6935,1936,136,1,2024-01-01,51.91,completado
6936,1937,137,2,2024-01-08,39.74,completado
6937,1938,138,3,2024-01-15,26.34,cancelado
6938,1939,139,4,2024-01-22,163.51,cancelado
6939,1940,140,5,2024-01-29,425.37,devuelto
6940,1941,141,1,2024-02-05,41.86,completado
6941,1942,142,2,2024-02-12,72.49,completado
6942,1943,143,3,2024-02-19,460.37,completado
6943,1944,144,4,2024-02-26,226.54,completado
6944,1945,145,5,2024-03-04,157.72,completado
6945,1946,146,1,2024-03-11,316.83,completado
6946,1947,147,2,2024-03-18,42.24,completado
6947,1948,148,3,2024-03-25,342.01,cancelado
6948,1949,149,4,2024-04-01,284.04,cancelado
6949,1950,150,5,2024-04-08,154.51,devuelto
6950,1951,151,1,2024-04-15,196.91,completado
6951,1952,152,2,2024-04-22,56.96,completado
6952,1953,153,3,2024-04-29,378.46,completado
6953,1954,154,4,2024-05-06,124.22,completado
6954,1955,155,5,2024-05-13,303.79,completado
6955,1956,156,1,2024-05-20,333.26,completado
6956,1957,157,2,2024-05-27,15.2,completado
6957,1958,158,3,2024-06-03,198.12,cancelado
6958,1959,159,4,2024-06-10,399.63,cancelado
6959,1960,160,5,2024-06-17,441.17,devuelto
6960,1961,161,1,2024-06-24,313.42,completado
6961,1962,162,2,2024-07-01,176.41,completado
6962,1963,163,3,2024-07-08,469.42,completado
6963,1964,164,4,2024-07-15,393.64,completado
6964,1965,165,5,2024-07-22,232.5,completado
6965,1966,166,1,2024-07-29,170.81,completado
6966,1967,167,2,2024-08-05,104.32,completado
6967,1968,168,3,2024-08-12,60.32,cancelado
6968,1969,169,4,2024-08-19,301.64,cancelado
6969,1970,170,5,2024-08-26,43.1,devuelto
6970,1971,171,1,2024-09-02,396.81,completado
6971,1972,172,2,2024-09-09,104.87,completado
6972,1973,173,3,2024-09-16,290.87,completado
6973,1974,174,4,2024-09-23,322.31,completado
6974,1975,175,5,2024-09-30,135.58,completado
6975,1976,176,1,2024-10-07,216.29,completado
6976,1977,177,2,2024-10-14,365.07,completado
6977,1978,178,3,2024-10-21,227.87,cancelado
6978,1979,179,4,2024-10-28,129.14,cancelado
6979,1980,180,5,2024-11-04,400.54,devuelto
6980,1981,181,1,2024-11-11,39.64,completado
6981,1982,182,2,2024-11-18,162.72,completado
6982,1983,183,3,2024-11-25,223.57,completado
6983,1984,184,4,2024-12-02,480.27,completado
6984,1985,185,5,2024-12-09,379.64,completado
6985,1986,186,1,2024-12-16,162.48,completado
6986,1987,187,2,2024-12-23,443.76,completado
6987,1988,188,3,2024-12-30,389.99,cancelado
6988,1989,189,4,2023-01-07,82.23,cancelado
6989,1990,190,5,2023-01-14,161.25,devuelto
6990,1991,191,1,2023-01-21,178.02,completado
6991,1992,192,2,2023-01-28,190.73,completado
6992,1993,193,3,2023-02-04,13.96,completado
6993,1994,194,4,2023-02-11,297.36,completado
6994,1995,195,5,2023-02-18,342.37,completado
6995,1996,196,1,2023-02-25,38.09,completado
6996,1997,197,2,2023-03-04,258.48,completado
6997,1998,198,3,2023-03-11,419.24,cancelado
6998,1999,199,4,2023-03-18,430.76,cancelado
6999,2000,200,5,2023-03-25,216.81,devuelto
7000,2001,1,1,2023-04-01,105.75,completado
7001,2002,2,2,2023-04-08,108.18,completado
7002,2003,3,3,2023-04-15,455.17,completado
7003,2004,4,4,2023-04-22,394.78,completado
7004,2005,5,5,2023-04-29,177.36,completado
7005,2006,6,1,2023-05-06,337.25,completado
7006,2007,7,2,2023-05-13,350.44,completado
7007,2008,8,3,2023-05-20,491.14,cancelado
7008,2009,9,4,2023-05-27,303.88,cancelado
7009,2010,10,5,2023-06-03,172.26,devuelto
7010,2011,11,1,2023-06-10,293.42,completado
7011,2012,12,2,2023-06-17,481.9,completado
7012,2013,13,3,2023-06-24,311.89,completado
7013,2014,14,4,2023-07-01,215.16,completado
7014,2015,15,5,2023-07-08,89.52,completado
7015,2016,16,1,2023-07-15,232.61,completado
7016,2017,17,2,2023-07-22,396.7,completado
7017,2018,18,3,2023-07-29,30.67,cancelado
7018,2019,19,4,2023-08-05,117.51,cancelado
7019,2020,20,5,2023-08-12,11.81,devuelto
7020,2021,21,1,2023-08-19,119.28,completado
7021,2022,22,2,2023-08-26,122.83,completado
7022,2023,23,3,2023-09-02,315.72,completado
7023,2024,24,4,2023-09-09,127.12,completado
7024,2025,25,5,2023-09-16,369.95,completado
7025,2026,26,1,2023-09-23,476.77,completado
7026,2027,27,2,2023-09-30,172.44,completado
7027,2028,28,3,2023-10-07,372.64,cancelado
7028,2029,29,4,2023-10-14,110.61,cancelado
7029,2030,30,5,2023-10-21,100.28,devuelto
7030,2031,31,1,2023-10-28,495.04,completado
7031,2032,32,2,2023-11-04,187.78,completado
7032,2033,33,3,2023-11-11,46.13,completado
7033,2034,34,4,2023-11-18,24.71,completado
7034,2035,35,5,2023-11-25,66.44,completado
7035,2036,36,1,2023-12-02,152.38,completado
7036,2037,37,2,2023-12-09,105.26,completado
7037,2038,38,3,2023-12-16,296.99,cancelado
7038,2039,39,4,2023-12-23,385.11,cancelado
7039,2040,40,5,2023-12-30,31.51,devuelto
7040,2041,41,1,2024-01-06,24.55,completado
7041,2042,42,2,2024-01-13,106.93,completado
7042,2043,43,3,2024-01-20,95.33,completado
7043,2044,44,4,2024-01-27,443.84,completado
7044,2045,45,5,2024-02-03,362.23,completado
7045,2046,46,1,2024-02-10,176.51,completado
7046,2047,47,2,2024-02-17,281.71,completado
7047,2048,48,3,2024-02-24,97.49,cancelado
7048,2049,49,4,2024-03-02,20.53,cancelado
7049,2050,50,5,2024-03-09,423.01,devuelto
7050,2051,51,1,2024-03-16,456.22,completado
7051,2052,52,2,2024-03-23,20.29,completado
7052,2053,53,3,2024-03-30,341.95,completado
7053,2054,54,4,2024-04-06,195.67,completado
7054,2055,55,5,2024-04-13,395.83,completado
7055,2056,56,1,2024-04-20,64.37,completado
7056,2057,57,2,2024-04-27,468.7,completado
7057,2058,58,3,2024-05-04,159.49,cancelado
7058,2059,59,4,2024-05-11,127.67,cancelado
7059,2060,60,5,2024-05-18,406.65,devuelto
7060,2061,61,1,2024-05-25,333.85,completado
7061,2062,62,2,2024-06-01,471.17,completado
7062,2063,63,3,2024-06-08,488.78,completado
7063,2064,64,4,2024-06-15,498.87,completado
7064,2065,65,5,2024-06-22,442.02,completado
7065,2066,66,1,2024-06-29,440.41,completado
7066,2067,67,2,2024-07-06,42.03,completado
7067,2068,68,3,2024-07-13,80.77,cancelado
7068,2069,69,4,2024-07-20,462.84,cancelado
7069,2070,70,5,2024-07-27,399.5,devuelto
7070,2071,71,1,2024-08-03,103.92,completado
7071,2072,72,2,2024-08-10,195.32,completado
7072,2073,73,3,2024-08-17,193.39,completado
7073,2074,74,4,2024-08-24,303.78,completado
7074,2075,75,5,2024-08-31,488.72,completado
7075,2076,76,1,2024-09-07,129.83,completado
7076,2077,77,2,2024-09-14,32.64,completado
7077,2078,78,3,2024-09-21,311.85,cancelado
7078,2079,79,4,2024-09-28,102.66,cancelado
7079,2080,80,5,2024-10-05,272.38,devuelto
7080,2081,81,1,2024-10-12,396.9,completado
7081,2082,82,2,2024-10-19,170.56,completado
7082,2083,83,3,2024-10-26,36.1,completado
7083,2084,84,4,2024-11-02,399.85,completado
7084,2085,85,5,2024-11-09,437.7,completado
7085,2086,86,1,2024-11-16,427.24,completado
7086,2087,87,2,2024-11-23,484.51,completado
7087,2088,88,3,2024-11-30,444.06,cancelado
7088,2089,89,4,2024-12-07,112.53,cancelado
7089,2090,90,5,2024-12-14,49.89,devuelto
7090,2091,91,1,2024-12-21,240.63,completado
7091,2092,92,2,2024-12-28,335.12,completado
7092,2093,93,3,2023-01-05,41.79,completado
7093,2094,94,4,2023-01-12,259.22,completado
7094,2095,95,5,2023-01-19,378.14,completado
7095,2096,96,1,2023-01-26,326.09,completado
7096,2097,97,2,2023-02-02,259.49,completado
7097,2098,98,3,2023-02-09,254.31,cancelado
7098,2099,99,4,2023-02-16,237.49,cancelado
7099,2100,100,5,2023-02-23,167.69,devuelto
7100,2101,101,1,2023-03-02,193.2,completado
7101,2102,102,2,2023-03-09,350.31,completado
7102,2103,103,3,2023-03-16,360.67,completado
7103,2104,104,4,2023-03-23,252.45,completado
7104,2105,105,5,2023-03-30,141.48,completado
7105,2106,106,1,2023-04-06,206.46,completado
7106,2107,107,2,2023-04-13,461.38,completado
7107,2108,108,3,2023-04-20,296.15,cancelado
7108,2109,109,4,2023-04-27,27.94,cancelado
7109,2110,110,5,2023-05-04,117.57,devuelto
7110,2111,111,1,2023-05-11,109.47,completado
7111,2112,112,2,2023-05-18,432.95,completado
7112,2113,113,3,2023-05-25,203.99,completado
7113,2114,114,4,2023-06-01,159.94,completado
7114,2115,115,5,2023-06-08,445.47,completado
7115,2116,116,1,2023-06-15,289.97,completado
7116,2117,117,2,2023-06-22,468.39,completado
7117,2118,118,3,2023-06-29,193.31,cancelado
7118,2119,119,4,2023-07-06,279.77,cancelado
7119,2120,120,5,2023-07-13,75.82,devuelto
7120,2121,121,1,2023-07-20,51.17,completado
7121,2122,122,2,2023-07-27,227.81,completado
7122,2123,123,3,2023-08-03,182.27,completado
7123,2124,124,4,2023-08-10,296.14,completado
7124,2125,125,5,2023-08-17,237.97,completado
7125,2126,126,1,2023-08-24,314.35,completado
7126,2127,127,2,2023-08-31,218.79,completado
7127,2128,128,3,2023-09-07,239.1,cancelado
7128,2129,129,4,2023-09-14,210.39,cancelado
7129,2130,130,5,2023-09-21,404.21,devuelto
7130,2131,131,1,2023-09-28,165.34,completado
7131,2132,132,2,2023-10-05,197.36,completado
7132,2133,133,3,2023-10-12,97.99,completado
7133,2134,134,4,2023-10-19,124.56,completado
7134,2135,135,5,2023-10-26,326.22,completado
7135,2136,136,1,2023-11-02,185.96,completado
7136,2137,137,2,2023-11-09,50.39,completado
7137,2138,138,3,2023-11-16,422.88,cancelado
7138,2139,139,4,2023-11-23,261.27,cancelado
7139,2140,140,5,2023-11-30,325.39,devuelto
7140,2141,141,1,2023-12-07,395.08,completado
7141,2142,142,2,2023-12-14,464.04,completado
7142,2143,143,3,2023-12-21,58.22,completado
7143,2144,144,4,2023-12-28,44.96,completado
7144,2145,145,5,2024-01-04,28.76,completado
7145,2146,146,1,2024-01-11,108.15,completado
7146,2147,147,2,2024-01-18,106.36,completado
7147,2148,148,3,2024-01-25,171.33,cancelado
7148,2149,149,4,2024-02-01,158.33,cancelado
7149,2150,150,5,2024-02-08,409.63,devuelto
7150,2151,151,1,2024-02-15,344.93,completado
7151,2152,152,2,2024-02-22,144.49,completado
7152,2153,153,3,2024-02-29,355.76,completado
7153,2154,154,4,2024-03-07,499.02,completado
7154,2155,155,5,2024-03-14,499.22,completado
7155,2156,156,1,2024-03-21,378.67,completado
7156,2157,157,2,2024-03-28,372.51,completado
7157,2158,158,3,2024-04-04,457.07,cancelado
7158,2159,159,4,2024-04-11,14.18,cancelado
7159,2160,160,5,2024-04-18,156.74,devuelto
7160,2161,161,1,2024-04-25,412.93,completado
7161,2162,162,2,2024-05-02,393.73,completado
7162,2163,163,3,2024-05-09,207.87,completado
7163,2164,164,4,2024-05-16,208.82,completado
7164,2165,165,5,2024-05-23,294.18,completado
7165,2166,166,1,2024-05-30,331.1,completado
7166,2167,167,2,2024-06-06,241.28,completado
7167,2168,168,3,2024-06-13,261.2,cancelado
7168,2169,169,4,2024-06-20,382.97,cancelado
7169,2170,170,5,2024-06-27,83.15,devuelto
7170,2171,171,1,2024-07-04,204.78,completado
7171,2172,172,2,2024-07-11,121.19,completado
7172,2173,173,3,2024-07-18,377.08,completado
7173,2174,174,4,2024-07-25,242.47,completado
7174,2175,175,5,2024-08-01,262.75,completado
7175,2176,176,1,2024-08-08,395.13,completado
7176,2177,177,2,2024-08-15,381.23,completado
7177,2178,178,3,2024-08-22,364.03,cancelado
7178,2179,179,4,2024-08-29,236.09,cancelado
7179,2180,180,5,2024-09-05,398.04,devuelto
7180,2181,181,1,2024-09-12,163.41,completado
7181,2182,182,2,2024-09-19,102.04,completado
7182,2183,183,3,2024-09-26,387.36,completado
7183,2184,184,4,2024-10-03,351.99,completado
7184,2185,185,5,2024-10-10,112.7,completado
7185,2186,186,1,2024-10-17,230.49,completado
7186,2187,187,2,2024-10-24,283.64,completado
7187,2188,188,3,2024-10-31,193.6,cancelado
7188,2189,189,4,2024-11-07,292.98,cancelado
7189,2190,190,5,2024-11-14,72.89,devuelto
7190,2191,191,1,2024-11-21,472.24,completado
7191,2192,192,2,2024-11-28,14.74,completado
7192,2193,193,3,2024-12-05,407.1,completado
7193,2194,194,4,2024-12-12,418.81,completado
7194,2195,195,5,2024-12-19,176.51,completado
7195,2196,196,1,2024-12-26,215.38,completado
7196,2197,197,2,2023-01-03,346.02,completado
7197,2198,198,3,2023-01-10,207.65,cancelado
7198,2199,199,4,2023-01-17,391.54,cancelado
7199,2200,200,5,2023-01-24,273.43,devuelto
7200,2201,1,1,2023-01-31,169.78,completado
7201,2202,2,2,2023-02-07,21.39,completado
7202,2203,3,3,2023-02-14,394.83,completado
7203,2204,4,4,2023-02-21,461.85,completado
7204,2205,5,5,2023-02-28,85.31,completado
7205,2206,6,1,2023-03-07,476.79,completado
7206,2207,7,2,2023-03-14,171.82,completado
7207,2208,8,3,2023-03-21,318.62,cancelado
7208,2209,9,4,2023-03-28,305.47,cancelado
7209,2210,10,5,2023-04-04,307.84,devuelto
7210,2211,11,1,2023-04-11,434.8,completado
7211,2212,12,2,2023-04-18,490.28,completado
7212,2213,13,3,2023-04-25,110.06,completado
7213,2214,14,4,2023-05-02,201.41,completado
7214,2215,15,5,2023-05-09,271.9,completado
7215,2216,16,1,2023-05-16,102.29,completado
7216,2217,17,2,2023-05-23,63.23,completado
7217,2218,18,3,2023-05-30,289.06,cancelado
7218,2219,19,4,2023-06-06,231.25,cancelado
7219,2220,20,5,2023-06-13,448.42,devuelto
7220,2221,21,1,2023-06-20,55.69,completado
7221,2222,22,2,2023-06-27,61.11,completado
7222,2223,23,3,2023-07-04,280.92,completado
7223,2224,24,4,2023-07-11,25.71,completado
7224,2225,25,5,2023-07-18,347.62,completado
7225,2226,26,1,2023-07-25,249.42,completado
7226,2227,27,2,2023-08-01,101.48,completado
7227,2228,28,3,2023-08-08,44.05,cancelado
7228,2229,29,4,2023-08-15,481.87,cancelado
7229,2230,30,5,2023-08-22,149.07,devuelto
7230,2231,31,1,2023-08-29,124.19,completado
7231,2232,32,2,2023-09-05,333.19,completado
7232,2233,33,3,2023-09-12,44.29,completado
7233,2234,34,4,2023-09-19,38.15,completado
7234,2235,35,5,2023-09-26,264.08,completado
7235,2236,36,1,2023-10-03,94.19,completado
7236,2237,37,2,2023-10-10,431.26,completado
7237,2238,38,3,2023-10-17,211.32,cancelado
7238,2239,39,4,2023-10-24,86.95,cancelado
7239,2240,40,5,2023-10-31,64.26,devuelto
7240,2241,41,1,2023-11-07,272.86,completado
7241,2242,42,2,2023-11-14,244.34,completado
7242,2243,43,3,2023-11-21,43.69,completado
7243,2244,44,4,2023-11-28,478.0,completado
7244,2245,45,5,2023-12-05,434.19,completado
7245,2246,46,1,2023-12-12,73.67,completado
7246,2247,47,2,2023-12-19,110.78,completado
7247,2248,48,3,2023-12-26,221.78,cancelado
7248,2249,49,4,2024-01-02,357.74,cancelado
7249,2250,50,5,2024-01-09,242.64,devuelto
7250,2251,51,1,2024-01-16,305.82,completado
7251,2252,52,2,2024-01-23,470.19,completado
7252,2253,53,3,2024-01-30,297.87,completado
7253,2254,54,4,2024-02-06,256.21,completado
7254,2255,55,5,2024-02-13,345.57,completado
7255,2256,56,1,2024-02-20,144.97,completado
7256,2257,57,2,2024-02-27,13.65,completado
7257,2258,58,3,2024-03-05,79.92,cancelado
7258,2259,59,4,2024-03-12,41.35,cancelado
7259,2260,60,5,2024-03-19,205.63,devuelto
7260,2261,61,1,2024-03-26,405.71,completado
7261,2262,62,2,2024-04-02,267.67,completado
7262,2263,63,3,2024-04-09,456.05,completado
7263,2264,64,4,2024-04-16,440.83,completado
7264,2265,65,5,2024-04-23,235.5,completado
7265,2266,66,1,2024-04-30,292.31,completado
7266,2267,67,2,2024-05-07,371.27,completado
7267,2268,68,3,2024-05-14,151.08,cancelado
7268,2269,69,4,2024-05-21,441.69,cancelado
7269,2270,70,5,2024-05-28,233.59,devuelto
7270,2271,71,1,2024-06-04,353.16,completado
7271,2272,72,2,2024-06-11,358.71,completado
7272,2273,73,3,2024-06-18,155.75,completado
7273,2274,74,4,2024-06-25,310.38,completado
7274,2275,75,5,2024-07-02,406.89,completado
7275,2276,76,1,2024-07-09,95.81,completado
7276,2277,77,2,2024-07-16,132.08,completado
7277,2278,78,3,2024-07-23,450.98,cancelado
7278,2279,79,4,2024-07-30,369.29,cancelado
7279,2280,80,5,2024-08-06,234.34,devuelto
7280,2281,81,1,2024-08-13,456.31,completado
7281,2282,82,2,2024-08-20,99.89,completado
7282,2283,83,3,2024-08-27,288.62,completado
7283,2284,84,4,2024-09-03,202.84,completado
7284,2285,85,5,2024-09-10,473.39,completado
7285,2286,86,1,2024-09-17,127.45,completado
7286,2287,87,2,2024-09-24,436.56,completado
7287,2288,88,3,2024-10-01,144.15,cancelado
7288,2289,89,4,2024-10-08,317.76,cancelado
7289,2290,90,5,2024-10-15,153.03,devuelto
7290,2291,91,1,2024-10-22,458.99,completado
7291,2292,92,2,2024-10-29,352.04,completado
7292,2293,93,3,2024-11-05,363.98,completado
7293,2294,94,4,2024-11-12,116.45,completado
7294,2295,95,5,2024-11-19,251.81,completado
7295,2296,96,1,2024-11-26,496.27,completado
7296,2297,97,2,2024-12-03,280.88,completado
7297,2298,98,3,2024-12-10,497.71,cancelado
7298,2299,99,4,2024-12-17,47.5,cancelado
7299,2300,100,5,2024-12-24,61.56,devuelto
7300,2301,101,1,2023-01-01,385.6,completado
7301,2302,102,2,2023-01-08,169.75,completado
7302,2303,103,3,2023-01-15,230.96,completado
7303,2304,104,4,2023-01-22,133.86,completado
7304,2305,105,5,2023-01-29,257.97,completado
7305,2306,106,1,2023-02-05,236.46,completado
7306,2307,107,2,2023-02-12,45.87,completado
7307,2308,108,3,2023-02-19,350.3,cancelado
7308,2309,109,4,2023-02-26,377.37,cancelado
7309,2310,110,5,2023-03-05,196.77,devuelto
7310,2311,111,1,2023-03-12,375.52,completado
7311,2312,112,2,2023-03-19,429.33,completado
7312,2313,113,3,2023-03-26,204.37,completado
7313,2314,114,4,2023-04-02,15.26,completado
7314,2315,115,5,2023-04-09,66.19,completado
7315,2316,116,1,2023-04-16,459.4,completado
7316,2317,117,2,2023-04-23,170.28,completado
7317,2318,118,3,2023-04-30,376.85,cancelado
7318,2319,119,4,2023-05-07,247.53,cancelado
7319,2320,120,5,2023-05-14,43.44,devuelto
7320,2321,121,1,2023-05-21,278.73,completado
7321,2322,122,2,2023-05-28,128.72,completado
7322,2323,123,3,2023-06-04,475.51,completado
7323,2324,124,4,2023-06-11,78.73,completado
7324,2325,125,5,2023-06-18,412.01,completado
7325,2326,126,1,2023-06-25,422.37,completado
7326,2327,127,2,2023-07-02,93.59,completado
7327,2328,128,3,2023-07-09,18.85,cancelado
7328,2329,129,4,2023-07-16,59.25,cancelado
7329,2330,130,5,2023-07-23,154.13,devuelto
7330,2331,131,1,2023-07-30,271.98,completado
7331,2332,132,2,2023-08-06,201.52,completado
7332,2333,133,3,2023-08-13,48.02,completado
7333,2334,134,4,2023-08-20,384.16,completado
7334,2335,135,5,2023-08-27,341.92,completado
7335,2336,136,1,2023-09-03,85.21,completado
7336,2337,137,2,2023-09-10,185.46,completado
7337,2338,138,3,2023-09-17,116.17,cancelado
7338,2339,139,4,2023-09-24,26.88,cancelado
7339,2340,140,5,2023-10-01,340.77,devuelto
7340,2341,141,1,2023-10-08,115.92,completado
7341,2342,142,2,2023-10-15,351.4,completado
7342,2343,143,3,2023-10-22,419.89,completado
7343,2344,144,4,2023-10-29,407.64,completado
7344,2345,145,5,2023-11-05,324.1,completado
7345,2346,146,1,2023-11-12,361.04,completado
7346,2347,147,2,2023-11-19,449.53,completado
7347,2348,148,3,2023-11-26,201.4,cancelado
7348,2349,149,4,2023-12-03,161.08,cancelado
7349,2350,150,5,2023-12-10,35.68,devuelto
7350,2351,151,1,2023-12-17,12.29,completado
7351,2352,152,2,2023-12-24,388.48,completado
7352,2353,153,3,2023-12-31,385.89,completado
7353,2354,154,4,2024-01-07,465.12,completado
7354,2355,155,5,2024-01-14,193.58,completado
7355,2356,156,1,2024-01-21,126.88,completado
7356,2357,157,2,2024-01-28,54.78,completado
7357,2358,158,3,2024-02-04,216.62,cancelado
7358,2359,159,4,2024-02-11,494.75,cancelado
7359,2360,160,5,2024-02-18,175.19,devuelto
7360,2361,161,1,2024-02-25,104.15,completado
7361,2362,162,2,2024-03-03,337.79,completado
7362,2363,163,3,2024-03-10,118.08,completado
7363,2364,164,4,2024-03-17,442.32,completado
7364,2365,165,5,2024-03-24,400.49,completado
7365,2366,166,1,2024-03-31,416.92,completado
7366,2367,167,2,2024-04-07,92.26,completado
7367,2368,168,3,2024-04-14,91.85,cancelado
7368,2369,169,4,2024-04-21,213.68,cancelado
7369,2370,170,5,2024-04-28,62.77,devuelto
7370,2371,171,1,2024-05-05,170.3,completado
7371,2372,172,2,2024-05-12,285.41,completado
7372,2373,173,3,2024-05-19,102.88,completado
7373,2374,174,4,2024-05-26,111.49,completado
7374,2375,175,5,2024-06-02,275.43,completado
7375,2376,176,1,2024-06-09,470.07,completado
7376,2377,177,2,2024-06-16,69.19,completado
7377,2378,178,3,2024-06-23,114.75,cancelado
7378,2379,179,4,2024-06-30,184.72,cancelado
7379,2380,180,5,2024-07-07,95.07,devuelto
7380,2381,181,1,2024-07-14,207.05,completado
7381,2382,182,2,2024-07-21,164.96,completado
7382,2383,183,3,2024-07-28,200.7,completado
7383,2384,184,4,2024-08-04,234.8,completado
7384,2385,185,5,2024-08-11,42.35,completado
7385,2386,186,1,2024-08-18,409.39,completado
7386,2387,187,2,2024-08-25,328.47,completado
7387,2388,188,3,2024-09-01,190.8,cancelado
7388,2389,189,4,2024-09-08,42.99,cancelado
7389,2390,190,5,2024-09-15,117.09,devuelto
7390,2391,191,1,2024-09-22,157.75,completado
7391,2392,192,2,2024-09-29,303.45,completado
7392,2393,193,3,2024-10-06,491.72,completado
7393,2394,194,4,2024-10-13,59.89,completado
7394,2395,195,5,2024-10-20,272.73,completado
7395,2396,196,1,2024-10-27,495.36,completado
7396,2397,197,2,2024-11-03,426.73,completado
7397,2398,198,3,2024-11-10,94.01,cancelado
7398,2399,199,4,2024-11-17,479.93,cancelado
7399,2400,200,5,2024-11-24,303.93,devuelto
7400,2401,1,1,2024-12-01,490.89,completado
7401,2402,2,2,2024-12-08,351.19,completado
7402,2403,3,3,2024-12-15,342.17,completado
7403,2404,4,4,2024-12-22,486.46,completado
7404,2405,5,5,2024-12-29,349.92,completado
7405,2406,6,1,2023-01-06,172.7,completado
7406,2407,7,2,2023-01-13,321.32,completado
7407,2408,8,3,2023-01-20,443.14,cancelado
7408,2409,9,4,2023-01-27,165.8,cancelado
7409,2410,10,5,2023-02-03,427.26,devuelto
7410,2411,11,1,2023-02-10,246.24,completado
7411,2412,12,2,2023-02-17,174.2,completado
7412,2413,13,3,2023-02-24,308.18,completado
7413,2414,14,4,2023-03-03,296.67,completado
7414,2415,15,5,2023-03-10,197.36,completado
7415,2416,16,1,2023-03-17,323.89,completado
7416,2417,17,2,2023-03-24,123.89,completado
7417,2418,18,3,2023-03-31,297.86,cancelado
7418,2419,19,4,2023-04-07,494.31,cancelado
7419,2420,20,5,2023-04-14,123.98,devuelto
7420,2421,21,1,2023-04-21,312.01,completado
7421,2422,22,2,2023-04-28,449.42,completado
7422,2423,23,3,2023-05-05,161.34,completado
7423,2424,24,4,2023-05-12,371.58,completado
7424,2425,25,5,2023-05-19,381.05,completado
7425,2426,26,1,2023-05-26,313.69,completado
7426,2427,27,2,2023-06-02,39.36,completado
7427,2428,28,3,2023-06-09,193.52,cancelado
7428,2429,29,4,2023-06-16,155.34,cancelado
7429,2430,30,5,2023-06-23,84.32,devuelto
7430,2431,31,1,2023-06-30,110.15,completado
7431,2432,32,2,2023-07-07,28.57,completado
7432,2433,33,3,2023-07-14,462.47,completado
7433,2434,34,4,2023-07-21,303.06,completado
7434,2435,35,5,2023-07-28,473.48,completado
7435,2436,36,1,2023-08-04,372.24,completado
7436,2437,37,2,2023-08-11,171.06,completado
7437,2438,38,3,2023-08-18,146.28,cancelado
7438,2439,39,4,2023-08-25,325.37,cancelado
7439,2440,40,5,2023-09-01,382.64,devuelto
7440,2441,41,1,2023-09-08,265.23,completado
7441,2442,42,2,2023-09-15,489.01,completado
7442,2443,43,3,2023-09-22,327.54,completado
7443,2444,44,4,2023-09-29,151.34,completado
7444,2445,45,5,2023-10-06,21.61,completado
7445,2446,46,1,2023-10-13,425.0,completado
7446,2447,47,2,2023-10-20,172.32,completado
7447,2448,48,3,2023-10-27,128.7,cancelado
7448,2449,49,4,2023-11-03,274.26,cancelado
7449,2450,50,5,2023-11-10,454.25,devuelto
7450,2451,51,1,2023-11-17,335.85,completado
7451,2452,52,2,2023-11-24,131.69,completado
7452,2453,53,3,2023-12-01,346.8,completado
7453,2454,54,4,2023-12-08,362.56,completado
7454,2455,55,5,2023-12-15,307.95,completado
7455,2456,56,1,2023-12-22,196.93,completado
7456,2457,57,2,2023-12-29,167.6,completado
7457,2458,58,3,2024-01-05,226.76,cancelado
7458,2459,59,4,2024-01-12,12.96,cancelado
7459,2460,60,5,2024-01-19,436.23,devuelto
7460,2461,61,1,2024-01-26,44.29,completado
7461,2462,62,2,2024-02-02,104.31,completado
7462,2463,63,3,2024-02-09,320.84,completado
7463,2464,64,4,2024-02-16,79.35,completado
7464,2465,65,5,2024-02-23,110.07,completado
7465,2466,66,1,2024-03-01,54.96,completado
7466,2467,67,2,2024-03-08,300.39,completado
7467,2468,68,3,2024-03-15,417.3,cancelado
7468,2469,69,4,2024-03-22,466.59,cancelado
7469,2470,70,5,2024-03-29,125.79,devuelto
7470,2471,71,1,2024-04-05,48.3,completado
7471,2472,72,2,2024-04-12,365.24,completado
7472,2473,73,3,2024-04-19,162.62,completado
7473,2474,74,4,2024-04-26,363.62,completado
7474,2475,75,5,2024-05-03,130.01,completado
7475,2476,76,1,2024-05-10,96.45,completado
7476,2477,77,2,2024-05-17,132.0,completado
7477,2478,78,3,2024-05-24,149.82,cancelado
7478,2479,79,4,2024-05-31,229.65,cancelado
7479,2480,80,5,2024-06-07,321.45,devuelto
7480,2481,81,1,2024-06-14,143.21,completado
7481,2482,82,2,2024-06-21,392.83,completado
7482,2483,83,3,2024-06-28,49.21,completado
7483,2484,84,4,2024-07-05,486.55,completado
7484,2485,85,5,2024-07-12,205.14,completado
7485,2486,86,1,2024-07-19,92.21,completado
7486,2487,87,2,2024-07-26,226.27,completado
7487,2488,88,3,2024-08-02,257.59,cancelado
7488,2489,89,4,2024-08-09,370.11,cancelado
7489,2490,90,5,2024-08-16,382.56,devuelto
7490,2491,91,1,2024-08-23,411.61,completado
7491,2492,92,2,2024-08-30,398.84,completado
7492,2493,93,3,2024-09-06,19.71,completado
7493,2494,94,4,2024-09-13,196.9,completado
7494,2495,95,5,2024-09-20,428.48,completado
7495,2496,96,1,2024-09-27,381.84,completado
7496,2497,97,2,2024-10-04,461.55,completado
7497,2498,98,3,2024-10-11,301.64,cancelado
7498,2499,99,4,2024-10-18,84.87,cancelado
7499,2500,100,5,2024-10-25,366.06,devuelto
7500,2501,101,1,2024-11-01,136.07,completado
7501,2502,102,2,2024-11-08,237.19,completado
7502,2503,103,3,2024-11-15,232.27,completado
7503,2504,104,4,2024-11-22,193.82,completado
7504,2505,105,5,2024-11-29,306.95,completado
7505,2506,106,1,2024-12-06,45.25,completado
7506,2507,107,2,2024-12-13,76.96,completado
7507,2508,108,3,2024-12-20,239.94,cancelado
7508,2509,109,4,2024-12-27,85.81,cancelado
7509,2510,110,5,2023-01-04,102.92,devuelto
7510,2511,111,1,2023-01-11,16.29,completado
7511,2512,112,2,2023-01-18,255.34,completado
7512,2513,113,3,2023-01-25,365.42,completado
7513,2514,114,4,2023-02-01,250.81,completado
7514,2515,115,5,2023-02-08,463.59,completado
7515,2516,116,1,2023-02-15,470.74,completado
7516,2517,117,2,2023-02-22,485.54,completado
7517,2518,118,3,2023-03-01,192.84,cancelado
7518,2519,119,4,2023-03-08,249.88,cancelado
7519,2520,120,5,2023-03-15,324.11,devuelto
7520,2521,121,1,2023-03-22,298.27,completado
7521,2522,122,2,2023-03-29,210.31,completado
7522,2523,123,3,2023-04-05,29.03,completado
7523,2524,124,4,2023-04-12,461.59,completado
7524,2525,125,5,2023-04-19,198.56,completado
7525,2526,126,1,2023-04-26,287.15,completado
7526,2527,127,2,2023-05-03,105.17,completado
7527,2528,128,3,2023-05-10,223.79,cancelado
7528,2529,129,4,2023-05-17,135.08,cancelado
7529,2530,130,5,2023-05-24,457.41,devuelto
7530,2531,131,1,2023-05-31,363.9,completado
7531,2532,132,2,2023-06-07,259.71,completado
7532,2533,133,3,2023-06-14,249.42,completado
7533,2534,134,4,2023-06-21,347.36,completado
7534,2535,135,5,2023-06-28,351.26,completado
7535,2536,136,1,2023-07-05,328.94,completado
7536,2537,137,2,2023-07-12,463.99,completado
7537,2538,138,3,2023-07-19,370.48,cancelado
7538,2539,139,4,2023-07-26,128.75,cancelado
7539,2540,140,5,2023-08-02,26.91,devuelto
7540,2541,141,1,2023-08-09,408.43,completado
7541,2542,142,2,2023-08-16,319.17,completado
7542,2543,143,3,2023-08-23,341.45,completado
7543,2544,144,4,2023-08-30,351.76,completado
7544,2545,145,5,2023-09-06,326.21,completado
7545,2546,146,1,2023-09-13,138.05,completado
7546,2547,147,2,2023-09-20,233.18,completado
7547,2548,148,3,2023-09-27,343.72,cancelado
7548,2549,149,4,2023-10-04,134.6,cancelado
7549,2550,150,5,2023-10-11,305.05,devuelto
7550,2551,151,1,2023-10-18,476.37,completado
7551,2552,152,2,2023-10-25,422.34,completado
7552,2553,153,3,2023-11-01,16.05,completado
7553,2554,154,4,2023-11-08,387.78,completado
7554,2555,155,5,2023-11-15,325.75,completado
7555,2556,156,1,2023-11-22,459.27,completado
7556,2557,157,2,2023-11-29,204.86,completado
7557,2558,158,3,2023-12-06,297.22,cancelado
7558,2559,159,4,2023-12-13,451.49,cancelado
7559,2560,160,5,2023-12-20,264.08,devuelto
7560,2561,161,1,2023-12-27,102.52,completado
7561,2562,162,2,2024-01-03,217.24,completado
7562,2563,163,3,2024-01-10,416.58,completado
7563,2564,164,4,2024-01-17,133.91,completado
7564,2565,165,5,2024-01-24,158.09,completado
7565,2566,166,1,2024-01-31,484.16,completado
7566,2567,167,2,2024-02-07,332.66,completado
7567,2568,168,3,2024-02-14,197.57,cancelado
7568,2569,169,4,2024-02-21,160.91,cancelado
7569,2570,170,5,2024-02-28,211.69,devuelto
7570,2571,171,1,2024-03-06,439.44,completado
7571,2572,172,2,2024-03-13,366.55,completado
7572,2573,173,3,2024-03-20,53.55,completado
7573,2574,174,4,2024-03-27,321.73,completado
7574,2575,175,5,2024-04-03,390.58,completado
7575,2576,176,1,2024-04-10,178.75,completado
7576,2577,177,2,2024-04-17,79.93,completado
7577,2578,178,3,2024-04-24,376.88,cancelado
7578,2579,179,4,2024-05-01,465.71,cancelado
7579,2580,180,5,2024-05-08,205.01,devuelto
7580,2581,181,1,2024-05-15,160.97,completado
7581,2582,182,2,2024-05-22,493.64,completado
7582,2583,183,3,2024-05-29,410.03,completado
7583,2584,184,4,2024-06-05,10.77,completado
7584,2585,185,5,2024-06-12,44.22,completado
7585,2586,186,1,2024-06-19,351.2,completado
7586,2587,187,2,2024-06-26,267.23,completado
7587,2588,188,3,2024-07-03,330.72,cancelado
7588,2589,189,4,2024-07-10,369.19,cancelado
7589,2590,190,5,2024-07-17,93.61,devuelto
7590,2591,191,1,2024-07-24,193.58,completado
7591,2592,192,2,2024-07-31,354.98,completado
7592,2593,193,3,2024-08-07,107.03,completado
7593,2594,194,4,2024-08-14,99.17,completado
7594,2595,195,5,2024-08-21,474.76,completado
7595,2596,196,1,2024-08-28,230.82,completado
7596,2597,197,2,2024-09-04,409.04,completado
7597,2598,198,3,2024-09-11,100.96,cancelado
7598,2599,199,4,2024-09-18,38.9,cancelado
7599,2600,200,5,2024-09-25,99.54,devuelto
7600,2601,1,1,2024-10-02,381.99,completado
7601,2602,2,2,2024-10-09,137.08,completado
7602,2603,3,3,2024-10-16,452.11,completado
7603,2604,4,4,2024-10-23,210.31,completado
7604,2605,5,5,2024-10-30,317.15,completado
7605,2606,6,1,2024-11-06,315.97,completado
7606,2607,7,2,2024-11-13,435.5,completado
7607,2608,8,3,2024-11-20,91.4,cancelado
7608,2609,9,4,2024-11-27,153.63,cancelado
7609,2610,10,5,2024-12-04,195.09,devuelto
7610,2611,11,1,2024-12-11,145.61,completado
7611,2612,12,2,2024-12-18,177.65,completado
7612,2613,13,3,2024-12-25,296.97,completado
7613,2614,14,4,2023-01-02,244.17,completado
7614,2615,15,5,2023-01-09,339.67,completado
7615,2616,16,1,2023-01-16,59.4,completado
7616,2617,17,2,2023-01-23,39.92,completado
7617,2618,18,3,2023-01-30,378.38,cancelado
7618,2619,19,4,2023-02-06,13.54,cancelado
7619,2620,20,5,2023-02-13,295.4,devuelto
7620,2621,21,1,2023-02-20,493.93,completado
7621,2622,22,2,2023-02-27,57.45,completado
7622,2623,23,3,2023-03-06,265.94,completado
7623,2624,24,4,2023-03-13,13.56,completado
7624,2625,25,5,2023-03-20,305.46,completado
7625,2626,26,1,2023-03-27,493.58,completado
7626,2627,27,2,2023-04-03,383.07,completado
7627,2628,28,3,2023-04-10,466.74,cancelado
7628,2629,29,4,2023-04-17,241.88,cancelado
7629,2630,30,5,2023-04-24,175.14,devuelto
7630,2631,31,1,2023-05-01,220.43,completado
7631,2632,32,2,2023-05-08,191.68,completado
7632,2633,33,3,2023-05-15,446.17,completado
7633,2634,34,4,2023-05-22,499.73,completado
7634,2635,35,5,2023-05-29,410.26,completado
7635,2636,36,1,2023-06-05,471.09,completado
7636,2637,37,2,2023-06-12,335.89,completado
7637,2638,38,3,2023-06-19,195.43,cancelado
7638,2639,39,4,2023-06-26,38.05,cancelado
7639,2640,40,5,2023-07-03,184.45,devuelto
7640,2641,41,1,2023-07-10,171.83,completado
7641,2642,42,2,2023-07-17,59.09,completado
7642,2643,43,3,2023-07-24,233.89,completado
7643,2644,44,4,2023-07-31,352.17,completado
7644,2645,45,5,2023-08-07,365.36,completado
7645,2646,46,1,2023-08-14,445.11,completado
7646,2647,47,2,2023-08-21,78.04,completado
7647,2648,48,3,2023-08-28,304.94,cancelado
7648,2649,49,4,2023-09-04,435.81,cancelado
7649,2650,50,5,2023-09-11,146.94,devuelto
7650,2651,51,1,2023-09-18,352.64,completado
7651,2652,52,2,2023-09-25,409.38,completado
7652,2653,53,3,2023-10-02,190.53,completado
7653,2654,54,4,2023-10-09,312.99,completado
7654,2655,55,5,2023-10-16,332.85,completado
7655,2656,56,1,2023-10-23,242.85,completado
7656,2657,57,2,2023-10-30,212.43,completado
7657,2658,58,3,2023-11-06,102.09,cancelado
7658,2659,59,4,2023-11-13,493.23,cancelado
7659,2660,60,5,2023-11-20,479.2,devuelto
7660,2661,61,1,2023-11-27,408.18,completado
7661,2662,62,2,2023-12-04,18.15,completado
7662,2663,63,3,2023-12-11,186.5,completado
7663,2664,64,4,2023-12-18,32.42,completado
7664,2665,65,5,2023-12-25,405.7,completado
7665,2666,66,1,2024-01-01,169.51,completado
7666,2667,67,2,2024-01-08,227.71,completado
7667,2668,68,3,2024-01-15,307.31,cancelado
7668,2669,69,4,2024-01-22,206.08,cancelado
7669,2670,70,5,2024-01-29,310.17,devuelto
7670,2671,71,1,2024-02-05,49.87,completado
7671,2672,72,2,2024-02-12,219.68,completado
7672,2673,73,3,2024-02-19,466.43,completado
7673,2674,74,4,2024-02-26,466.11,completado
7674,2675,75,5,2024-03-04,493.57,completado
7675,2676,76,1,2024-03-11,429.98,completado
7676,2677,77,2,2024-03-18,453.55,completado
7677,2678,78,3,2024-03-25,369.8,cancelado
7678,2679,79,4,2024-04-01,153.99,cancelado
7679,2680,80,5,2024-04-08,105.59,devuelto
7680,2681,81,1,2024-04-15,80.15,completado
7681,2682,82,2,2024-04-22,264.83,completado
7682,2683,83,3,2024-04-29,290.23,completado
7683,2684,84,4,2024-05-06,429.83,completado
7684,2685,85,5,2024-05-13,257.27,completado
7685,2686,86,1,2024-05-20,72.65,completado
7686,2687,87,2,2024-05-27,400.44,completado
7687,2688,88,3,2024-06-03,157.66,cancelado
7688,2689,89,4,2024-06-10,339.8,cancelado
7689,2690,90,5,2024-06-17,278.89,devuelto
7690,2691,91,1,2024-06-24,438.65,completado
7691,2692,92,2,2024-07-01,92.35,completado
7692,2693,93,3,2024-07-08,228.68,completado
7693,2694,94,4,2024-07-15,66.68,completado
7694,2695,95,5,2024-07-22,334.69,completado
7695,2696,96,1,2024-07-29,128.04,completado
7696,2697,97,2,2024-08-05,113.7,completado
7697,2698,98,3,2024-08-12,379.09,cancelado
7698,2699,99,4,2024-08-19,333.28,cancelado
7699,2700,100,5,2024-08-26,53.82,devuelto
7700,2701,101,1,2024-09-02,223.1,completado
7701,2702,102,2,2024-09-09,360.72,completado
7702,2703,103,3,2024-09-16,88.52,completado
7703,2704,104,4,2024-09-23,465.19,completado
7704,2705,105,5,2024-09-30,452.3,completado
7705,2706,106,1,2024-10-07,385.49,completado
7706,2707,107,2,2024-10-14,117.98,completado
7707,2708,108,3,2024-10-21,136.24,cancelado
7708,2709,109,4,2024-10-28,243.39,cancelado
7709,2710,110,5,2024-11-04,449.78,devuelto
7710,2711,111,1,2024-11-11,70.32,completado
7711,2712,112,2,2024-11-18,76.52,completado
7712,2713,113,3,2024-11-25,271.93,completado
7713,2714,114,4,2024-12-02,365.45,completado
7714,2715,115,5,2024-12-09,54.32,completado
7715,2716,116,1,2024-12-16,348.97,completado
7716,2717,117,2,2024-12-23,437.25,completado
7717,2718,118,3,2024-12-30,466.57,cancelado
7718,2719,119,4,2023-01-07,385.51,cancelado
7719,2720,120,5,2023-01-14,304.33,devuelto
7720,2721,121,1,2023-01-21,325.55,completado
7721,2722,122,2,2023-01-28,194.74,completado
7722,2723,123,3,2023-02-04,361.55,completado
7723,2724,124,4,2023-02-11,370.64,completado
7724,2725,125,5,2023-02-18,197.01,completado
7725,2726,126,1,2023-02-25,324.63,completado
7726,2727,127,2,2023-03-04,285.33,completado
7727,2728,128,3,2023-03-11,429.51,cancelado
7728,2729,129,4,2023-03-18,406.14,cancelado
7729,2730,130,5,2023-03-25,119.54,devuelto
7730,2731,131,1,2023-04-01,66.69,completado
7731,2732,132,2,2023-04-08,52.96,completado
7732,2733,133,3,2023-04-15,53.68,completado
7733,2734,134,4,2023-04-22,372.88,completado
7734,2735,135,5,2023-04-29,469.23,completado
7735,2736,136,1,2023-05-06,374.86,completado
7736,2737,137,2,2023-05-13,66.89,completado
7737,2738,138,3,2023-05-20,190.19,cancelado
7738,2739,139,4,2023-05-27,428.13,cancelado
7739,2740,140,5,2023-06-03,477.49,devuelto
7740,2741,141,1,2023-06-10,292.69,completado
7741,2742,142,2,2023-06-17,10.82,completado
7742,2743,143,3,2023-06-24,40.32,completado
7743,2744,144,4,2023-07-01,272.45,completado
7744,2745,145,5,2023-07-08,425.09,completado
7745,2746,146,1,2023-07-15,490.13,completado
7746,2747,147,2,2023-07-22,166.63,completado
7747,2748,148,3,2023-07-29,188.86,cancelado
7748,2749,149,4,2023-08-05,342.86,cancelado
7749,2750,150,5,2023-08-12,400.32,devuelto
7750,2751,151,1,2023-08-19,264.68,completado
7751,2752,152,2,2023-08-26,304.79,completado
7752,2753,153,3,2023-09-02,118.85,completado
7753,2754,154,4,2023-09-09,203.7,completado
7754,2755,155,5,2023-09-16,273.76,completado
7755,2756,156,1,2023-09-23,235.7,completado
7756,2757,157,2,2023-09-30,80.9,completado
7757,2758,158,3,2023-10-07,472.02,cancelado
7758,2759,159,4,2023-10-14,420.24,cancelado
7759,2760,160,5,2023-10-21,254.92,devuelto
7760,2761,161,1,2023-10-28,233.33,completado
7761,2762,162,2,2023-11-04,304.72,completado
7762,2763,163,3,2023-11-11,81.48,completado
7763,2764,164,4,2023-11-18,336.02,completado
7764,2765,165,5,2023-11-25,402.63,completado
7765,2766,166,1,2023-12-02,354.45,completado
7766,2767,167,2,2023-12-09,303.45,completado
7767,2768,168,3,2023-12-16,161.36,cancelado
7768,2769,169,4,2023-12-23,495.26,cancelado
7769,2770,170,5,2023-12-30,70.5,devuelto
7770,2771,171,1,2024-01-06,498.46,completado
7771,2772,172,2,2024-01-13,356.2,completado
7772,2773,173,3,2024-01-20,244.36,completado
7773,2774,174,4,2024-01-27,416.06,completado
7774,2775,175,5,2024-02-03,252.56,completado
7775,2776,176,1,2024-02-10,355.03,completado
7776,2777,177,2,2024-02-17,194.59,completado
7777,2778,178,3,2024-02-24,490.76,cancelado
7778,2779,179,4,2024-03-02,173.24,cancelado
7779,2780,180,5,2024-03-09,415.66,devuelto
7780,2781,181,1,2024-03-16,113.2,completado
7781,2782,182,2,2024-03-23,369.0,completado
7782,2783,183,3,2024-03-30,407.11,completado
7783,2784,184,4,2024-04-06,353.2,completado
7784,2785,185,5,2024-04-13,35.76,completado
7785,2786,186,1,2024-04-20,434.06,completado
7786,2787,187,2,2024-04-27,97.72,completado
7787,2788,188,3,2024-05-04,248.88,cancelado
7788,2789,189,4,2024-05-11,201.99,cancelado
7789,2790,190,5,2024-05-18,492.35,devuelto
7790,2791,191,1,2024-05-25,333.03,completado
7791,2792,192,2,2024-06-01,425.77,completado
7792,2793,193,3,2024-06-08,495.62,completado
7793,2794,194,4,2024-06-15,278.49,completado
7794,2795,195,5,2024-06-22,175.33,completado
7795,2796,196,1,2024-06-29,342.17,completado
7796,2797,197,2,2024-07-06,495.25,completado
7797,2798,198,3,2024-07-13,381.28,cancelado
7798,2799,199,4,2024-07-20,201.62,cancelado
7799,2800,200,5,2024-07-27,268.64,devuelto
7800,2801,1,1,2024-08-03,148.69,completado
7801,2802,2,2,2024-08-10,351.22,completado
7802,2803,3,3,2024-08-17,105.6,completado
7803,2804,4,4,2024-08-24,429.56,completado
7804,2805,5,5,2024-08-31,202.95,completado
7805,2806,6,1,2024-09-07,74.14,completado
7806,2807,7,2,2024-09-14,378.61,completado
7807,2808,8,3,2024-09-21,294.39,cancelado
7808,2809,9,4,2024-09-28,404.49,cancelado
7809,2810,10,5,2024-10-05,426.41,devuelto
7810,2811,11,1,2024-10-12,357.7,completado
7811,2812,12,2,2024-10-19,234.19,completado
7812,2813,13,3,2024-10-26,90.21,completado
7813,2814,14,4,2024-11-02,77.4,completado
7814,2815,15,5,2024-11-09,351.02,completado
7815,2816,16,1,2024-11-16,152.63,completado
7816,2817,17,2,2024-11-23,80.96,completado
7817,2818,18,3,2024-11-30,116.89,cancelado
7818,2819,19,4,2024-12-07,376.71,cancelado
7819,2820,20,5,2024-12-14,370.31,devuelto
7820,2821,21,1,2024-12-21,14.47,completado
7821,2822,22,2,2024-12-28,365.72,completado
7822,2823,23,3,2023-01-05,292.08,completado
7823,2824,24,4,2023-01-12,342.38,completado
7824,2825,25,5,2023-01-19,494.36,completado
7825,2826,26,1,2023-01-26,82.33,completado
7826,2827,27,2,2023-02-02,475.7,completado
7827,2828,28,3,2023-02-09,219.28,cancelado
7828,2829,29,4,2023-02-16,422.41,cancelado
7829,2830,30,5,2023-02-23,463.73,devuelto
7830,2831,31,1,2023-03-02,57.06,completado
7831,2832,32,2,2023-03-09,487.34,completado
7832,2833,33,3,2023-03-16,98.02,completado
7833,2834,34,4,2023-03-23,35.71,completado
7834,2835,35,5,2023-03-30,490.34,completado
7835,2836,36,1,2023-04-06,328.55,completado
7836,2837,37,2,2023-04-13,300.76,completado
7837,2838,38,3,2023-04-20,485.17,cancelado
7838,2839,39,4,2023-04-27,317.22,cancelado
7839,2840,40,5,2023-05-04,207.96,devuelto
7840,2841,41,1,2023-05-11,26.66,completado
7841,2842,42,2,2023-05-18,128.02,completado
7842,2843,43,3,2023-05-25,249.43,completado
7843,2844,44,4,2023-06-01,347.11,completado
7844,2845,45,5,2023-06-08,477.73,completado
7845,2846,46,1,2023-06-15,329.87,completado
7846,2847,47,2,2023-06-22,193.93,completado
7847,2848,48,3,2023-06-29,348.98,cancelado
7848,2849,49,4,2023-07-06,399.71,cancelado
7849,2850,50,5,2023-07-13,332.67,devuelto
7850,2851,51,1,2023-07-20,391.09,completado
7851,2852,52,2,2023-07-27,433.8,completado
7852,2853,53,3,2023-08-03,328.65,completado
7853,2854,54,4,2023-08-10,144.86,completado
7854,2855,55,5,2023-08-17,330.07,completado
7855,2856,56,1,2023-08-24,189.99,completado
7856,2857,57,2,2023-08-31,68.8,completado
7857,2858,58,3,2023-09-07,50.49,cancelado
7858,2859,59,4,2023-09-14,249.72,cancelado
7859,2860,60,5,2023-09-21,337.71,devuelto
7860,2861,61,1,2023-09-28,259.78,completado
7861,2862,62,2,2023-10-05,21.28,completado
7862,2863,63,3,2023-10-12,290.76,completado
7863,2864,64,4,2023-10-19,290.59,completado
7864,2865,65,5,2023-10-26,144.13,completado
7865,2866,66,1,2023-11-02,375.23,completado
7866,2867,67,2,2023-11-09,399.23,completado
7867,2868,68,3,2023-11-16,98.74,cancelado
7868,2869,69,4,2023-11-23,247.25,cancelado
7869,2870,70,5,2023-11-30,325.85,devuelto
7870,2871,71,1,2023-12-07,222.49,completado
7871,2872,72,2,2023-12-14,290.0,completado
7872,2873,73,3,2023-12-21,58.73,completado
7873,2874,74,4,2023-12-28,41.11,completado
7874,2875,75,5,2024-01-04,455.35,completado
7875,2876,76,1,2024-01-11,399.66,completado
7876,2877,77,2,2024-01-18,100.6,completado
7877,2878,78,3,2024-01-25,408.31,cancelado
7878,2879,79,4,2024-02-01,19.68,cancelado
7879,2880,80,5,2024-02-08,282.47,devuelto
7880,2881,81,1,2024-02-15,272.84,completado
7881,2882,82,2,2024-02-22,407.98,completado
7882,2883,83,3,2024-02-29,249.4,completado
7883,2884,84,4,2024-03-07,264.26,completado
7884,2885,85,5,2024-03-14,296.51,completado
7885,2886,86,1,2024-03-21,359.74,completado
7886,2887,87,2,2024-03-28,397.13,completado
7887,2888,88,3,2024-04-04,70.8,cancelado
7888,2889,89,4,2024-04-11,378.96,cancelado
7889,2890,90,5,2024-04-18,483.18,devuelto
7890,2891,91,1,2024-04-25,449.83,completado
7891,2892,92,2,2024-05-02,98.53,completado
7892,2893,93,3,2024-05-09,303.56,completado
7893,2894,94,4,2024-05-16,98.17,completado
7894,2895,95,5,2024-05-23,281.81,completado
7895,2896,96,1,2024-05-30,402.25,completado
7896,2897,97,2,2024-06-06,70.29,completado
7897,2898,98,3,2024-06-13,73.12,cancelado
7898,2899,99,4,2024-06-20,111.05,cancelado
7899,2900,100,5,2024-06-27,88.99,devuelto
7900,2901,101,1,2024-07-04,285.62,completado
7901,2902,102,2,2024-07-11,427.21,completado
7902,2903,103,3,2024-07-18,27.15,completado
7903,2904,104,4,2024-07-25,490.16,completado
7904,2905,105,5,2024-08-01,258.01,completado
7905,2906,106,1,2024-08-08,188.14,completado
7906,2907,107,2,2024-08-15,276.77,completado
7907,2908,108,3,2024-08-22,217.3,cancelado
7908,2909,109,4,2024-08-29,473.16,cancelado
7909,2910,110,5,2024-09-05,10.04,devuelto
7910,2911,111,1,2024-09-12,157.29,completado
7911,2912,112,2,2024-09-19,473.65,completado
7912,2913,113,3,2024-09-26,264.53,completado
7913,2914,114,4,2024-10-03,393.57,completado
7914,2915,115,5,2024-10-10,332.99,completado
7915,2916,116,1,2024-10-17,228.01,completado
7916,2917,117,2,2024-10-24,292.77,completado
7917,2918,118,3,2024-10-31,350.6,cancelado
7918,2919,119,4,2024-11-07,266.11,cancelado
7919,2920,120,5,2024-11-14,493.15,devuelto
7920,2921,121,1,2024-11-21,182.54,completado
7921,2922,122,2,2024-11-28,273.72,completado
7922,2923,123,3,2024-12-05,112.82,completado
7923,2924,124,4,2024-12-12,58.51,completado
7924,2925,125,5,2024-12-19,411.68,completado
7925,2926,126,1,2024-12-26,126.18,completado
7926,2927,127,2,2023-01-03,102.16,completado
7927,2928,128,3,2023-01-10,156.86,cancelado
7928,2929,129,4,2023-01-17,417.99,cancelado
7929,2930,130,5,2023-01-24,479.14,devuelto
7930,2931,131,1,2023-01-31,305.05,completado
7931,2932,132,2,2023-02-07,115.86,completado
7932,2933,133,3,2023-02-14,185.94,completado
7933,2934,134,4,2023-02-21,72.96,completado
7934,2935,135,5,2023-02-28,314.93,completado
7935,2936,136,1,2023-03-07,46.44,completado
7936,2937,137,2,2023-03-14,134.93,completado
7937,2938,138,3,2023-03-21,197.07,cancelado
7938,2939,139,4,2023-03-28,452.79,cancelado
7939,2940,140,5,2023-04-04,206.03,devuelto
7940,2941,141,1,2023-04-11,50.79,completado
7941,2942,142,2,2023-04-18,134.55,completado
7942,2943,143,3,2023-04-25,218.42,completado
7943,2944,144,4,2023-05-02,350.31,completado
7944,2945,145,5,2023-05-09,272.59,completado
7945,2946,146,1,2023-05-16,44.57,completado
7946,2947,147,2,2023-05-23,369.01,completado
7947,2948,148,3,2023-05-30,497.73,cancelado
7948,2949,149,4,2023-06-06,351.43,cancelado
7949,2950,150,5,2023-06-13,104.39,devuelto
7950,2951,151,1,2023-06-20,192.35,completado
7951,2952,152,2,2023-06-27,332.09,completado
7952,2953,153,3,2023-07-04,412.05,completado
7953,2954,154,4,2023-07-11,306.42,completado
7954,2955,155,5,2023-07-18,215.65,completado
7955,2956,156,1,2023-07-25,85.21,completado
7956,2957,157,2,2023-08-01,496.3,completado
7957,2958,158,3,2023-08-08,222.48,cancelado
7958,2959,159,4,2023-08-15,22.7,cancelado
7959,2960,160,5,2023-08-22,305.77,devuelto
7960,2961,161,1,2023-08-29,47.99,completado
7961,2962,162,2,2023-09-05,71.06,completado
7962,2963,163,3,2023-09-12,63.9,completado
7963,2964,164,4,2023-09-19,278.7,completado
7964,2965,165,5,2023-09-26,42.32,completado
7965,2966,166,1,2023-10-03,323.69,completado
7966,2967,167,2,2023-10-10,187.78,completado
7967,2968,168,3,2023-10-17,173.42,cancelado
7968,2969,169,4,2023-10-24,143.89,cancelado
7969,2970,170,5,2023-10-31,435.74,devuelto
7970,2971,171,1,2023-11-07,120.63,completado
7971,2972,172,2,2023-11-14,14.83,completado
7972,2973,173,3,2023-11-21,194.81,completado
7973,2974,174,4,2023-11-28,484.7,completado
7974,2975,175,5,2023-12-05,195.53,completado
7975,2976,176,1,2023-12-12,61.45,completado
7976,2977,177,2,2023-12-19,463.56,completado
7977,2978,178,3,2023-12-26,96.11,cancelado
7978,2979,179,4,2024-01-02,366.88,cancelado
7979,2980,180,5,2024-01-09,160.21,devuelto
7980,2981,181,1,2024-01-16,412.46,completado
7981,2982,182,2,2024-01-23,249.91,completado
7982,2983,183,3,2024-01-30,269.19,completado
7983,2984,184,4,2024-02-06,353.22,completado
7984,2985,185,5,2024-02-13,434.05,completado
7985,2986,186,1,2024-02-20,280.26,completado
7986,2987,187,2,2024-02-27,307.66,completado
7987,2988,188,3,2024-03-05,449.32,cancelado
7988,2989,189,4,2024-03-12,93.67,cancelado
7989,2990,190,5,2024-03-19,473.79,devuelto
7990,2991,191,1,2024-03-26,200.89,completado
7991,2992,192,2,2024-04-02,179.13,completado
7992,2993,193,3,2024-04-09,373.24,completado
7993,2994,194,4,2024-04-16,484.32,completado
7994,2995,195,5,2024-04-23,270.52,completado
7995,2996,196,1,2024-04-30,301.36,completado
7996,2997,197,2,2024-05-07,426.32,completado
7997,2998,198,3,2024-05-14,243.66,cancelado
7998,2999,199,4,2024-05-21,72.51,cancelado
7999,3000,200,5,2024-05-28,14.65,devuelto
8000,3001,1,1,2024-06-04,261.65,completado
8001,3002,2,2,2024-06-11,86.19,completado
8002,3003,3,3,2024-06-18,71.92,completado
8003,3004,4,4,2024-06-25,195.61,completado
8004,3005,5,5,2024-07-02,370.36,completado
8005,3006,6,1,2024-07-09,35.9,completado
8006,3007,7,2,2024-07-16,365.46,completado
8007,3008,8,3,2024-07-23,487.5,cancelado
8008,3009,9,4,2024-07-30,356.68,cancelado
8009,3010,10,5,2024-08-06,132.06,devuelto
8010,3011,11,1,2024-08-13,308.26,completado
8011,3012,12,2,2024-08-20,356.33,completado
8012,3013,13,3,2024-08-27,99.72,completado
8013,3014,14,4,2024-09-03,493.26,completado
8014,3015,15,5,2024-09-10,401.25,completado
8015,3016,16,1,2024-09-17,256.09,completado
8016,3017,17,2,2024-09-24,145.15,completado
8017,3018,18,3,2024-10-01,219.6,cancelado
8018,3019,19,4,2024-10-08,471.42,cancelado
8019,3020,20,5,2024-10-15,441.88,devuelto
8020,3021,21,1,2024-10-22,408.87,completado
8021,3022,22,2,2024-10-29,159.54,completado
8022,3023,23,3,2024-11-05,430.38,completado
8023,3024,24,4,2024-11-12,474.25,completado
8024,3025,25,5,2024-11-19,209.19,completado
8025,3026,26,1,2024-11-26,163.24,completado
8026,3027,27,2,2024-12-03,54.17,completado
8027,3028,28,3,2024-12-10,48.94,cancelado
8028,3029,29,4,2024-12-17,367.68,cancelado
8029,3030,30,5,2024-12-24,472.98,devuelto
8030,3031,31,1,2023-01-01,90.91,completado
8031,3032,32,2,2023-01-08,38.13,completado
8032,3033,33,3,2023-01-15,374.27,completado
8033,3034,34,4,2023-01-22,281.54,completado
8034,3035,35,5,2023-01-29,251.5,completado
8035,3036,36,1,2023-02-05,438.43,completado
8036,3037,37,2,2023-02-12,481.46,completado
8037,3038,38,3,2023-02-19,217.75,cancelado
8038,3039,39,4,2023-02-26,259.25,cancelado
8039,3040,40,5,2023-03-05,368.09,devuelto
8040,3041,41,1,2023-03-12,245.03,completado
8041,3042,42,2,2023-03-19,262.36,completado
8042,3043,43,3,2023-03-26,499.0,completado
8043,3044,44,4,2023-04-02,445.16,completado
8044,3045,45,5,2023-04-09,351.96,completado
8045,3046,46,1,2023-04-16,208.68,completado
8046,3047,47,2,2023-04-23,311.98,completado
8047,3048,48,3,2023-04-30,456.33,cancelado
8048,3049,49,4,2023-05-07,375.5,cancelado
8049,3050,50,5,2023-05-14,359.94,devuelto
8050,3051,51,1,2023-05-21,354.27,completado
8051,3052,52,2,2023-05-28,377.34,completado
8052,3053,53,3,2023-06-04,129.67,completado
8053,3054,54,4,2023-06-11,372.1,completado
8054,3055,55,5,2023-06-18,475.93,completado
8055,3056,56,1,2023-06-25,413.45,completado
8056,3057,57,2,2023-07-02,441.36,completado
8057,3058,58,3,2023-07-09,268.77,cancelado
8058,3059,59,4,2023-07-16,308.5,cancelado
8059,3060,60,5,2023-07-23,307.61,devuelto
8060,3061,61,1,2023-07-30,482.68,completado
8061,3062,62,2,2023-08-06,340.52,completado
8062,3063,63,3,2023-08-13,442.15,completado
8063,3064,64,4,2023-08-20,266.52,completado
8064,3065,65,5,2023-08-27,120.28,completado
8065,3066,66,1,2023-09-03,46.81,completado
8066,3067,67,2,2023-09-10,421.31,completado
8067,3068,68,3,2023-09-17,261.71,cancelado
8068,3069,69,4,2023-09-24,476.72,cancelado
8069,3070,70,5,2023-10-01,217.13,devuelto
8070,3071,71,1,2023-10-08,195.76,completado
8071,3072,72,2,2023-10-15,192.91,completado
8072,3073,73,3,2023-10-22,65.48,completado
8073,3074,74,4,2023-10-29,457.88,completado
8074,3075,75,5,2023-11-05,132.38,completado
8075,3076,76,1,2023-11-12,274.17,completado
8076,3077,77,2,2023-11-19,385.54,completado
8077,3078,78,3,2023-11-26,67.75,cancelado
8078,3079,79,4,2023-12-03,156.6,cancelado
8079,3080,80,5,2023-12-10,153.84,devuelto
8080,3081,81,1,2023-12-17,114.4,completado
8081,3082,82,2,2023-12-24,371.63,completado
8082,3083,83,3,2023-12-31,288.73,completado
8083,3084,84,4,2024-01-07,116.56,completado
8084,3085,85,5,2024-01-14,159.36,completado
8085,3086,86,1,2024-01-21,467.22,completado
8086,3087,87,2,2024-01-28,325.06,completado
8087,3088,88,3,2024-02-04,414.61,cancelado
8088,3089,89,4,2024-02-11,27.36,cancelado
8089,3090,90,5,2024-02-18,236.9,devuelto
8090,3091,91,1,2024-02-25,312.7,completado
8091,3092,92,2,2024-03-03,249.25,completado
8092,3093,93,3,2024-03-10,184.31,completado
8093,3094,94,4,2024-03-17,311.61,completado
8094,3095,95,5,2024-03-24,170.99,completado
8095,3096,96,1,2024-03-31,183.41,completado
8096,3097,97,2,2024-04-07,12.53,completado
8097,3098,98,3,2024-04-14,446.2,cancelado
8098,3099,99,4,2024-04-21,101.22,cancelado
8099,3100,100,5,2024-04-28,183.72,devuelto
8100,3101,101,1,2024-05-05,59.66,completado
8101,3102,102,2,2024-05-12,251.1,completado
8102,3103,103,3,2024-05-19,51.52,completado
8103,3104,104,4,2024-05-26,262.02,completado
8104,3105,105,5,2024-06-02,85.32,completado
8105,3106,106,1,2024-06-09,70.68,completado
8106,3107,107,2,2024-06-16,248.83,completado
8107,3108,108,3,2024-06-23,86.26,cancelado
8108,3109,109,4,2024-06-30,331.75,cancelado
8109,3110,110,5,2024-07-07,120.79,devuelto
8110,3111,111,1,2024-07-14,203.73,completado
8111,3112,112,2,2024-07-21,156.65,completado
8112,3113,113,3,2024-07-28,219.89,completado
8113,3114,114,4,2024-08-04,99.27,completado
8114,3115,115,5,2024-08-11,407.66,completado
8115,3116,116,1,2024-08-18,63.26,completado
8116,3117,117,2,2024-08-25,224.9,completado
8117,3118,118,3,2024-09-01,421.29,cancelado
8118,3119,119,4,2024-09-08,89.3,cancelado
8119,3120,120,5,2024-09-15,183.33,devuelto
8120,3121,121,1,2024-09-22,222.64,completado
8121,3122,122,2,2024-09-29,186.03,completado
8122,3123,123,3,2024-10-06,436.55,completado
8123,3124,124,4,2024-10-13,107.25,completado
8124,3125,125,5,2024-10-20,102.89,completado
8125,3126,126,1,2024-10-27,29.73,completado
8126,3127,127,2,2024-11-03,203.33,completado
8127,3128,128,3,2024-11-10,374.52,cancelado
8128,3129,129,4,2024-11-17,451.49,cancelado
8129,3130,130,5,2024-11-24,88.55,devuelto
8130,3131,131,1,2024-12-01,107.51,completado
8131,3132,132,2,2024-12-08,244.85,completado
8132,3133,133,3,2024-12-15,335.97,completado
8133,3134,134,4,2024-12-22,140.24,completado
8134,3135,135,5,2024-12-29,216.34,completado
8135,3136,136,1,2023-01-06,279.56,completado
8136,3137,137,2,2023-01-13,401.91,completado
8137,3138,138,3,2023-01-20,360.02,cancelado
8138,3139,139,4,2023-01-27,169.19,cancelado
8139,3140,140,5,2023-02-03,384.55,devuelto
8140,3141,141,1,2023-02-10,442.07,completado
8141,3142,142,2,2023-02-17,255.91,completado
8142,3143,143,3,2023-02-24,462.55,completado
8143,3144,144,4,2023-03-03,423.1,completado
8144,3145,145,5,2023-03-10,200.54,completado
8145,3146,146,1,2023-03-17,63.77,completado
8146,3147,147,2,2023-03-24,62.86,completado
8147,3148,148,3,2023-03-31,20.36,cancelado
8148,3149,149,4,2023-04-07,86.22,cancelado
8149,3150,150,5,2023-04-14,255.0,devuelto
8150,3151,151,1,2023-04-21,386.02,completado
8151,3152,152,2,2023-04-28,125.89,completado
8152,3153,153,3,2023-05-05,342.37,completado
8153,3154,154,4,2023-05-12,177.65,completado
8154,3155,155,5,2023-05-19,488.45,completado
8155,3156,156,1,2023-05-26,371.34,completado
8156,3157,157,2,2023-06-02,222.82,completado
8157,3158,158,3,2023-06-09,151.84,cancelado
8158,3159,159,4,2023-06-16,248.11,cancelado
8159,3160,160,5,2023-06-23,382.84,devuelto
8160,3161,161,1,2023-06-30,131.4,completado
8161,3162,162,2,2023-07-07,84.72,completado
8162,3163,163,3,2023-07-14,260.51,completado
8163,3164,164,4,2023-07-21,132.24,completado
8164,3165,165,5,2023-07-28,385.7,completado
8165,3166,166,1,2023-08-04,433.44,completado
8166,3167,167,2,2023-08-11,497.19,completado
8167,3168,168,3,2023-08-18,131.2,cancelado
8168,3169,169,4,2023-08-25,412.1,cancelado
8169,3170,170,5,2023-09-01,107.22,devuelto
8170,3171,171,1,2023-09-08,356.17,completado
8171,3172,172,2,2023-09-15,406.88,completado
8172,3173,173,3,2023-09-22,353.56,completado
8173,3174,174,4,2023-09-29,256.14,completado
8174,3175,175,5,2023-10-06,98.78,completado
8175,3176,176,1,2023-10-13,496.35,completado
8176,3177,177,2,2023-10-20,299.69,completado
8177,3178,178,3,2023-10-27,320.89,cancelado
8178,3179,179,4,2023-11-03,122.4,cancelado
8179,3180,180,5,2023-11-10,74.82,devuelto
8180,3181,181,1,2023-11-17,28.8,completado
8181,3182,182,2,2023-11-24,495.3,completado
8182,3183,183,3,2023-12-01,465.26,completado
8183,3184,184,4,2023-12-08,218.89,completado
8184,3185,185,5,2023-12-15,312.07,completado
8185,3186,186,1,2023-12-22,54.56,completado
8186,3187,187,2,2023-12-29,34.97,completado
8187,3188,188,3,2024-01-05,209.58,cancelado
8188,3189,189,4,2024-01-12,160.16,cancelado
8189,3190,190,5,2024-01-19,320.32,devuelto
8190,3191,191,1,2024-01-26,123.4,completado
8191,3192,192,2,2024-02-02,174.73,completado
8192,3193,193,3,2024-02-09,244.81,completado
8193,3194,194,4,2024-02-16,259.83,completado
8194,3195,195,5,2024-02-23,325.5,completado
8195,3196,196,1,2024-03-01,159.1,completado
8196,3197,197,2,2024-03-08,141.93,completado
8197,3198,198,3,2024-03-15,147.47,cancelado
8198,3199,199,4,2024-03-22,182.0,cancelado
8199,3200,200,5,2024-03-29,214.86,devuelto
8200,3201,1,1,2024-04-05,166.72,completado
8201,3202,2,2,2024-04-12,33.3,completado
8202,3203,3,3,2024-04-19,30.04,completado
8203,3204,4,4,2024-04-26,35.54,completado
8204,3205,5,5,2024-05-03,374.93,completado
8205,3206,6,1,2024-05-10,113.87,completado
8206,3207,7,2,2024-05-17,241.31,completado
8207,3208,8,3,2024-05-24,455.16,cancelado
8208,3209,9,4,2024-05-31,59.37,cancelado
8209,3210,10,5,2024-06-07,100.57,devuelto
8210,3211,11,1,2024-06-14,474.68,completado
8211,3212,12,2,2024-06-21,188.15,completado
8212,3213,13,3,2024-06-28,159.13,completado
8213,3214,14,4,2024-07-05,57.47,completado
8214,3215,15,5,2024-07-12,16.69,completado
8215,3216,16,1,2024-07-19,280.37,completado
8216,3217,17,2,2024-07-26,432.37,completado
8217,3218,18,3,2024-08-02,172.29,cancelado
8218,3219,19,4,2024-08-09,373.23,cancelado
8219,3220,20,5,2024-08-16,187.08,devuelto
8220,3221,21,1,2024-08-23,391.62,completado
8221,3222,22,2,2024-08-30,269.14,completado
8222,3223,23,3,2024-09-06,192.08,completado
8223,3224,24,4,2024-09-13,328.62,completado
8224,3225,25,5,2024-09-20,112.92,completado
8225,3226,26,1,2024-09-27,198.18,completado
8226,3227,27,2,2024-10-04,444.72,completado
8227,3228,28,3,2024-10-11,73.94,cancelado
8228,3229,29,4,2024-10-18,373.87,cancelado
8229,3230,30,5,2024-10-25,68.97,devuelto
8230,3231,31,1,2024-11-01,297.42,completado
8231,3232,32,2,2024-11-08,456.97,completado
8232,3233,33,3,2024-11-15,330.63,completado
8233,3234,34,4,2024-11-22,103.31,completado
8234,3235,35,5,2024-11-29,355.28,completado
8235,3236,36,1,2024-12-06,463.5,completado
8236,3237,37,2,2024-12-13,46.69,completado
8237,3238,38,3,2024-12-20,277.82,cancelado
8238,3239,39,4,2024-12-27,178.02,cancelado
8239,3240,40,5,2023-01-04,365.42,devuelto
8240,3241,41,1,2023-01-11,494.93,completado
8241,3242,42,2,2023-01-18,108.98,completado
8242,3243,43,3,2023-01-25,363.18,completado
8243,3244,44,4,2023-02-01,31.47,completado
8244,3245,45,5,2023-02-08,103.94,completado
8245,3246,46,1,2023-02-15,279.74,completado
8246,3247,47,2,2023-02-22,133.74,completado
8247,3248,48,3,2023-03-01,439.77,cancelado
8248,3249,49,4,2023-03-08,428.18,cancelado
8249,3250,50,5,2023-03-15,454.34,devuelto
8250,3251,51,1,2023-03-22,487.81,completado
8251,3252,52,2,2023-03-29,448.51,completado
8252,3253,53,3,2023-04-05,229.76,completado
8253,3254,54,4,2023-04-12,361.49,completado
8254,3255,55,5,2023-04-19,456.32,completado
8255,3256,56,1,2023-04-26,43.18,completado
8256,3257,57,2,2023-05-03,215.31,completado
8257,3258,58,3,2023-05-10,466.35,cancelado
8258,3259,59,4,2023-05-17,256.9,cancelado
8259,3260,60,5,2023-05-24,20.72,devuelto
8260,3261,61,1,2023-05-31,303.59,completado
8261,3262,62,2,2023-06-07,351.39,completado
8262,3263,63,3,2023-06-14,73.18,completado
8263,3264,64,4,2023-06-21,32.27,completado
8264,3265,65,5,2023-06-28,287.43,completado
8265,3266,66,1,2023-07-05,399.25,completado
8266,3267,67,2,2023-07-12,349.96,completado
8267,3268,68,3,2023-07-19,372.95,cancelado
8268,3269,69,4,2023-07-26,204.77,cancelado
8269,3270,70,5,2023-08-02,345.5,devuelto
8270,3271,71,1,2023-08-09,436.43,completado
8271,3272,72,2,2023-08-16,486.05,completado
8272,3273,73,3,2023-08-23,91.1,completado
8273,3274,74,4,2023-08-30,377.86,completado
8274,3275,75,5,2023-09-06,198.23,completado
8275,3276,76,1,2023-09-13,391.89,completado
8276,3277,77,2,2023-09-20,206.42,completado
8277,3278,78,3,2023-09-27,143.03,cancelado
8278,3279,79,4,2023-10-04,100.19,cancelado
8279,3280,80,5,2023-10-11,88.4,devuelto
8280,3281,81,1,2023-10-18,116.73,completado
8281,3282,82,2,2023-10-25,351.39,completado
8282,3283,83,3,2023-11-01,440.79,completado
8283,3284,84,4,2023-11-08,397.42,completado
8284,3285,85,5,2023-11-15,233.17,completado
8285,3286,86,1,2023-11-22,356.8,completado
8286,3287,87,2,2023-11-29,267.29,completado
8287,3288,88,3,2023-12-06,158.67,cancelado
8288,3289,89,4,2023-12-13,117.96,cancelado
8289,3290,90,5,2023-12-20,357.04,devuelto
8290,3291,91,1,2023-12-27,280.55,completado
8291,3292,92,2,2024-01-03,93.84,completado
8292,3293,93,3,2024-01-10,32.35,completado
8293,3294,94,4,2024-01-17,126.73,completado
8294,3295,95,5,2024-01-24,29.15,completado
8295,3296,96,1,2024-01-31,82.59,completado
8296,3297,97,2,2024-02-07,442.97,completado
8297,3298,98,3,2024-02-14,464.35,cancelado
8298,3299,99,4,2024-02-21,142.51,cancelado
8299,3300,100,5,2024-02-28,397.4,devuelto
8300,3301,101,1,2024-03-06,324.78,completado
8301,3302,102,2,2024-03-13,132.01,completado
8302,3303,103,3,2024-03-20,413.47,completado
8303,3304,104,4,2024-03-27,271.95,completado
8304,3305,105,5,2024-04-03,10.69,completado
8305,3306,106,1,2024-04-10,180.26,completado
8306,3307,107,2,2024-04-17,306.53,completado
8307,3308,108,3,2024-04-24,190.86,cancelado
8308,3309,109,4,2024-05-01,50.79,cancelado
8309,3310,110,5,2024-05-08,355.68,devuelto
8310,3311,111,1,2024-05-15,279.14,completado
8311,3312,112,2,2024-05-22,363.82,completado
8312,3313,113,3,2024-05-29,210.09,completado
8313,3314,114,4,2024-06-05,309.63,completado
8314,3315,115,5,2024-06-12,169.07,completado
8315,3316,116,1,2024-06-19,38.06,completado
8316,3317,117,2,2024-06-26,409.8,completado
8317,3318,118,3,2024-07-03,413.73,cancelado
8318,3319,119,4,2024-07-10,117.45,cancelado
8319,3320,120,5,2024-07-17,482.96,devuelto
8320,3321,121,1,2024-07-24,96.6,completado
8321,3322,122,2,2024-07-31,486.09,completado
8322,3323,123,3,2024-08-07,273.32,completado
8323,3324,124,4,2024-08-14,489.59,completado
8324,3325,125,5,2024-08-21,391.31,completado
8325,3326,126,1,2024-08-28,392.45,completado
8326,3327,127,2,2024-09-04,62.16,completado
8327,3328,128,3,2024-09-11,375.43,cancelado
8328,3329,129,4,2024-09-18,197.17,cancelado
8329,3330,130,5,2024-09-25,330.37,devuelto
8330,3331,131,1,2024-10-02,436.31,completado
8331,3332,132,2,2024-10-09,320.81,completado
8332,3333,133,3,2024-10-16,279.93,completado
8333,3334,134,4,2024-10-23,410.26,completado
8334,3335,135,5,2024-10-30,118.11,completado
8335,3336,136,1,2024-11-06,141.71,completado
8336,3337,137,2,2024-11-13,295.02,completado
8337,3338,138,3,2024-11-20,405.79,cancelado
8338,3339,139,4,2024-11-27,378.92,cancelado
8339,3340,140,5,2024-12-04,86.26,devuelto
8340,3341,141,1,2024-12-11,123.54,completado
8341,3342,142,2,2024-12-18,365.88,completado
8342,3343,143,3,2024-12-25,190.63,completado
8343,3344,144,4,2023-01-02,452.06,completado
8344,3345,145,5,2023-01-09,55.91,completado
8345,3346,146,1,2023-01-16,98.94,completado
8346,3347,147,2,2023-01-23,100.66,completado
8347,3348,148,3,2023-01-30,432.55,cancelado
8348,3349,149,4,2023-02-06,102.54,cancelado
8349,3350,150,5,2023-02-13,250.35,devuelto
8350,3351,151,1,2023-02-20,367.45,completado
8351,3352,152,2,2023-02-27,327.31,completado
8352,3353,153,3,2023-03-06,20.31,completado
8353,3354,154,4,2023-03-13,89.83,completado
8354,3355,155,5,2023-03-20,97.09,completado
8355,3356,156,1,2023-03-27,203.16,completado
8356,3357,157,2,2023-04-03,307.83,completado
8357,3358,158,3,2023-04-10,44.03,cancelado
8358,3359,159,4,2023-04-17,45.3,cancelado
8359,3360,160,5,2023-04-24,130.17,devuelto
8360,3361,161,1,2023-05-01,455.47,completado
8361,3362,162,2,2023-05-08,485.49,completado
8362,3363,163,3,2023-05-15,59.11,completado
8363,3364,164,4,2023-05-22,268.12,completado
8364,3365,165,5,2023-05-29,366.11,completado
8365,3366,166,1,2023-06-05,405.92,completado
8366,3367,167,2,2023-06-12,305.61,completado
8367,3368,168,3,2023-06-19,195.16,cancelado
8368,3369,169,4,2023-06-26,20.15,cancelado
8369,3370,170,5,2023-07-03,415.02,devuelto
8370,3371,171,1,2023-07-10,384.09,completado
8371,3372,172,2,2023-07-17,325.8,completado
8372,3373,173,3,2023-07-24,31.43,completado
8373,3374,174,4,2023-07-31,131.69,completado
8374,3375,175,5,2023-08-07,50.96,completado
8375,3376,176,1,2023-08-14,79.89,completado
8376,3377,177,2,2023-08-21,317.42,completado
8377,3378,178,3,2023-08-28,16.61,cancelado
8378,3379,179,4,2023-09-04,483.52,cancelado
8379,3380,180,5,2023-09-11,479.23,devuelto
8380,3381,181,1,2023-09-18,62.11,completado
8381,3382,182,2,2023-09-25,370.7,completado
8382,3383,183,3,2023-10-02,175.81,completado
8383,3384,184,4,2023-10-09,356.65,completado
8384,3385,185,5,2023-10-16,109.14,completado
8385,3386,186,1,2023-10-23,245.41,completado
8386,3387,187,2,2023-10-30,285.8,completado
8387,3388,188,3,2023-11-06,227.72,cancelado
8388,3389,189,4,2023-11-13,89.94,cancelado
8389,3390,190,5,2023-11-20,172.56,devuelto
8390,3391,191,1,2023-11-27,85.71,completado
8391,3392,192,2,2023-12-04,37.38,completado
8392,3393,193,3,2023-12-11,349.1,completado
8393,3394,194,4,2023-12-18,317.47,completado
8394,3395,195,5,2023-12-25,70.31,completado
8395,3396,196,1,2024-01-01,414.21,completado
8396,3397,197,2,2024-01-08,60.38,completado
8397,3398,198,3,2024-01-15,155.4,cancelado
8398,3399,199,4,2024-01-22,260.66,cancelado
8399,3400,200,5,2024-01-29,419.88,devuelto
8400,3401,1,1,2024-02-05,79.5,completado
8401,3402,2,2,2024-02-12,456.96,completado
8402,3403,3,3,2024-02-19,21.76,completado
8403,3404,4,4,2024-02-26,219.3,completado
8404,3405,5,5,2024-03-04,82.21,completado
8405,3406,6,1,2024-03-11,331.13,completado
8406,3407,7,2,2024-03-18,120.68,completado
8407,3408,8,3,2024-03-25,440.71,cancelado
8408,3409,9,4,2024-04-01,198.52,cancelado
8409,3410,10,5,2024-04-08,443.27,devuelto
8410,3411,11,1,2024-04-15,413.16,completado
8411,3412,12,2,2024-04-22,65.08,completado
8412,3413,13,3,2024-04-29,93.08,completado
8413,3414,14,4,2024-05-06,63.97,completado
8414,3415,15,5,2024-05-13,59.85,completado
8415,3416,16,1,2024-05-20,478.37,completado
8416,3417,17,2,2024-05-27,185.08,completado
8417,3418,18,3,2024-06-03,311.69,cancelado
8418,3419,19,4,2024-06-10,67.99,cancelado
8419,3420,20,5,2024-06-17,462.43,devuelto
8420,3421,21,1,2024-06-24,460.74,completado
8421,3422,22,2,2024-07-01,448.84,completado
8422,3423,23,3,2024-07-08,306.21,completado
8423,3424,24,4,2024-07-15,97.25,completado
8424,3425,25,5,2024-07-22,269.94,completado
8425,3426,26,1,2024-07-29,303.81,completado
8426,3427,27,2,2024-08-05,342.92,completado
8427,3428,28,3,2024-08-12,83.61,cancelado
8428,3429,29,4,2024-08-19,336.96,cancelado
8429,3430,30,5,2024-08-26,157.77,devuelto
8430,3431,31,1,2024-09-02,410.61,completado
8431,3432,32,2,2024-09-09,180.71,completado
8432,3433,33,3,2024-09-16,60.92,completado
8433,3434,34,4,2024-09-23,458.95,completado
8434,3435,35,5,2024-09-30,334.25,completado
8435,3436,36,1,2024-10-07,467.11,completado
8436,3437,37,2,2024-10-14,407.25,completado
8437,3438,38,3,2024-10-21,358.54,cancelado
8438,3439,39,4,2024-10-28,47.42,cancelado
8439,3440,40,5,2024-11-04,11.07,devuelto
8440,3441,41,1,2024-11-11,467.22,completado
8441,3442,42,2,2024-11-18,82.84,completado
8442,3443,43,3,2024-11-25,331.37,completado
8443,3444,44,4,2024-12-02,166.93,completado
8444,3445,45,5,2024-12-09,201.39,completado
8445,3446,46,1,2024-12-16,363.46,completado
8446,3447,47,2,2024-12-23,394.92,completado
8447,3448,48,3,2024-12-30,244.43,cancelado
8448,3449,49,4,2023-01-07,42.98,cancelado
8449,3450,50,5,2023-01-14,293.14,devuelto
8450,3451,51,1,2023-01-21,480.2,completado
8451,3452,52,2,2023-01-28,146.45,completado
8452,3453,53,3,2023-02-04,54.32,completado
8453,3454,54,4,2023-02-11,497.44,completado
8454,3455,55,5,2023-02-18,99.12,completado
8455,3456,56,1,2023-02-25,198.66,completado
8456,3457,57,2,2023-03-04,166.46,completado
8457,3458,58,3,2023-03-11,217.68,cancelado
8458,3459,59,4,2023-03-18,349.78,cancelado
8459,3460,60,5,2023-03-25,212.83,devuelto
8460,3461,61,1,2023-04-01,398.82,completado
8461,3462,62,2,2023-04-08,173.4,completado
8462,3463,63,3,2023-04-15,403.05,completado
8463,3464,64,4,2023-04-22,330.44,completado
8464,3465,65,5,2023-04-29,130.49,completado
8465,3466,66,1,2023-05-06,215.14,completado
8466,3467,67,2,2023-05-13,253.58,completado
8467,3468,68,3,2023-05-20,271.55,cancelado
8468,3469,69,4,2023-05-27,270.91,cancelado
8469,3470,70,5,2023-06-03,412.49,devuelto
8470,3471,71,1,2023-06-10,198.47,completado
8471,3472,72,2,2023-06-17,294.67,completado
8472,3473,73,3,2023-06-24,216.7,completado
8473,3474,74,4,2023-07-01,293.16,completado
8474,3475,75,5,2023-07-08,349.81,completado
8475,3476,76,1,2023-07-15,376.66,completado
8476,3477,77,2,2023-07-22,354.52,completado
8477,3478,78,3,2023-07-29,125.24,cancelado
8478,3479,79,4,2023-08-05,11.4,cancelado
8479,3480,80,5,2023-08-12,497.01,devuelto
8480,3481,81,1,2023-08-19,18.41,completado
8481,3482,82,2,2023-08-26,283.6,completado
8482,3483,83,3,2023-09-02,479.23,completado
8483,3484,84,4,2023-09-09,461.24,completado
8484,3485,85,5,2023-09-16,39.19,completado
8485,3486,86,1,2023-09-23,181.18,completado
8486,3487,87,2,2023-09-30,425.89,completado
8487,3488,88,3,2023-10-07,434.72,cancelado
8488,3489,89,4,2023-10-14,411.32,cancelado
8489,3490,90,5,2023-10-21,154.4,devuelto
8490,3491,91,1,2023-10-28,80.63,completado
8491,3492,92,2,2023-11-04,428.12,completado
8492,3493,93,3,2023-11-11,486.19,completado
8493,3494,94,4,2023-11-18,457.35,completado
8494,3495,95,5,2023-11-25,128.82,completado
8495,3496,96,1,2023-12-02,415.63,completado
8496,3497,97,2,2023-12-09,37.37,completado
8497,3498,98,3,2023-12-16,77.52,cancelado
8498,3499,99,4,2023-12-23,481.41,cancelado
8499,3500,100,5,2023-12-30,354.94,devuelto
8500,3501,101,1,2024-01-06,194.96,completado
8501,3502,102,2,2024-01-13,22.91,completado
8502,3503,103,3,2024-01-20,482.81,completado
8503,3504,104,4,2024-01-27,192.13,completado
8504,3505,105,5,2024-02-03,353.69,completado
8505,3506,106,1,2024-02-10,334.75,completado
8506,3507,107,2,2024-02-17,46.15,completado
8507,3508,108,3,2024-02-24,420.34,cancelado
8508,3509,109,4,2024-03-02,436.53,cancelado
8509,3510,110,5,2024-03-09,24.79,devuelto
8510,3511,111,1,2024-03-16,188.97,completado
8511,3512,112,2,2024-03-23,48.71,completado
8512,3513,113,3,2024-03-30,47.76,completado
8513,3514,114,4,2024-04-06,288.9,completado
8514,3515,115,5,2024-04-13,408.72,completado
8515,3516,116,1,2024-04-20,83.36,completado
8516,3517,117,2,2024-04-27,99.39,completado
8517,3518,118,3,2024-05-04,374.34,cancelado
8518,3519,119,4,2024-05-11,376.57,cancelado
8519,3520,120,5,2024-05-18,352.3,devuelto
8520,3521,121,1,2024-05-25,156.76,completado
8521,3522,122,2,2024-06-01,211.65,completado
8522,3523,123,3,2024-06-08,175.3,completado
8523,3524,124,4,2024-06-15,392.88,completado
8524,3525,125,5,2024-06-22,350.67,completado
8525,3526,126,1,2024-06-29,150.52,completado
8526,3527,127,2,2024-07-06,86.38,completado
8527,3528,128,3,2024-07-13,441.77,cancelado
8528,3529,129,4,2024-07-20,25.74,cancelado
8529,3530,130,5,2024-07-27,378.06,devuelto
8530,3531,131,1,2024-08-03,256.61,completado
8531,3532,132,2,2024-08-10,15.33,completado
8532,3533,133,3,2024-08-17,418.01,completado
8533,3534,134,4,2024-08-24,343.15,completado
8534,3535,135,5,2024-08-31,439.23,completado
8535,3536,136,1,2024-09-07,281.54,completado
8536,3537,137,2,2024-09-14,416.46,completado
8537,3538,138,3,2024-09-21,460.38,cancelado
8538,3539,139,4,2024-09-28,255.92,cancelado
8539,3540,140,5,2024-10-05,357.58,devuelto
8540,3541,141,1,2024-10-12,217.6,completado
8541,3542,142,2,2024-10-19,86.83,completado
8542,3543,143,3,2024-10-26,486.83,completado
8543,3544,144,4,2024-11-02,265.54,completado
8544,3545,145,5,2024-11-09,489.18,completado
8545,3546,146,1,2024-11-16,71.32,completado
8546,3547,147,2,2024-11-23,113.81,completado
8547,3548,148,3,2024-11-30,313.33,cancelado
8548,3549,149,4,2024-12-07,117.26,cancelado
8549,3550,150,5,2024-12-14,100.01,devuelto
8550,3551,151,1,2024-12-21,375.54,completado
8551,3552,152,2,2024-12-28,284.05,completado
8552,3553,153,3,2023-01-05,422.44,completado
8553,3554,154,4,2023-01-12,410.11,completado
8554,3555,155,5,2023-01-19,239.53,completado
8555,3556,156,1,2023-01-26,163.46,completado
8556,3557,157,2,2023-02-02,324.53,completado
8557,3558,158,3,2023-02-09,415.35,cancelado
8558,3559,159,4,2023-02-16,90.76,cancelado
8559,3560,160,5,2023-02-23,403.64,devuelto
8560,3561,161,1,2023-03-02,326.86,completado
8561,3562,162,2,2023-03-09,105.42,completado
8562,3563,163,3,2023-03-16,63.12,completado
8563,3564,164,4,2023-03-23,48.13,completado
8564,3565,165,5,2023-03-30,305.56,completado
8565,3566,166,1,2023-04-06,424.84,completado
8566,3567,167,2,2023-04-13,23.74,completado
8567,3568,168,3,2023-04-20,148.28,cancelado
8568,3569,169,4,2023-04-27,275.37,cancelado
8569,3570,170,5,2023-05-04,42.01,devuelto
8570,3571,171,1,2023-05-11,302.58,completado
8571,3572,172,2,2023-05-18,380.7,completado
8572,3573,173,3,2023-05-25,161.47,completado
8573,3574,174,4,2023-06-01,280.33,completado
8574,3575,175,5,2023-06-08,322.81,completado
8575,3576,176,1,2023-06-15,25.86,completado
8576,3577,177,2,2023-06-22,141.89,completado
8577,3578,178,3,2023-06-29,488.56,cancelado
8578,3579,179,4,2023-07-06,286.75,cancelado
8579,3580,180,5,2023-07-13,286.23,devuelto
8580,3581,181,1,2023-07-20,397.21,completado
8581,3582,182,2,2023-07-27,32.38,completado
8582,3583,183,3,2023-08-03,164.14,completado
8583,3584,184,4,2023-08-10,472.32,completado
8584,3585,185,5,2023-08-17,14.15,completado
8585,3586,186,1,2023-08-24,184.76,completado
8586,3587,187,2,2023-08-31,148.38,completado
8587,3588,188,3,2023-09-07,205.09,cancelado
8588,3589,189,4,2023-09-14,105.49,cancelado
8589,3590,190,5,2023-09-21,378.4,devuelto
8590,3591,191,1,2023-09-28,365.59,completado
8591,3592,192,2,2023-10-05,487.19,completado
8592,3593,193,3,2023-10-12,354.3,completado
8593,3594,194,4,2023-10-19,57.72,completado
8594,3595,195,5,2023-10-26,209.57,completado
8595,3596,196,1,2023-11-02,373.31,completado
8596,3597,197,2,2023-11-09,59.49,completado
8597,3598,198,3,2023-11-16,405.67,cancelado
8598,3599,199,4,2023-11-23,83.59,cancelado
8599,3600,200,5,2023-11-30,297.72,devuelto
8600,3601,1,1,2023-12-07,197.23,completado
8601,3602,2,2,2023-12-14,297.32,completado
8602,3603,3,3,2023-12-21,427.49,completado
8603,3604,4,4,2023-12-28,152.16,completado
8604,3605,5,5,2024-01-04,84.25,completado
8605,3606,6,1,2024-01-11,236.92,completado
8606,3607,7,2,2024-01-18,443.75,completado
8607,3608,8,3,2024-01-25,55.71,cancelado
8608,3609,9,4,2024-02-01,362.05,cancelado
8609,3610,10,5,2024-02-08,443.36,devuelto
8610,3611,11,1,2024-02-15,405.66,completado
8611,3612,12,2,2024-02-22,330.57,completado
8612,3613,13,3,2024-02-29,386.72,completado
8613,3614,14,4,2024-03-07,88.91,completado
8614,3615,15,5,2024-03-14,482.2,completado
8615,3616,16,1,2024-03-21,262.99,completado
8616,3617,17,2,2024-03-28,367.07,completado
8617,3618,18,3,2024-04-04,329.18,cancelado
8618,3619,19,4,2024-04-11,465.81,cancelado
8619,3620,20,5,2024-04-18,177.29,devuelto
8620,3621,21,1,2024-04-25,394.82,completado
8621,3622,22,2,2024-05-02,176.12,completado
8622,3623,23,3,2024-05-09,186.56,completado
8623,3624,24,4,2024-05-16,429.42,completado
8624,3625,25,5,2024-05-23,221.14,completado
8625,3626,26,1,2024-05-30,446.43,completado
8626,3627,27,2,2024-06-06,389.35,completado
8627,3628,28,3,2024-06-13,199.94,cancelado
8628,3629,29,4,2024-06-20,112.32,cancelado
8629,3630,30,5,2024-06-27,309.09,devuelto
8630,3631,31,1,2024-07-04,46.75,completado
8631,3632,32,2,2024-07-11,84.68,completado
8632,3633,33,3,2024-07-18,317.62,completado
8633,3634,34,4,2024-07-25,253.79,completado
8634,3635,35,5,2024-08-01,404.32,completado
8635,3636,36,1,2024-08-08,79.89,completado
8636,3637,37,2,2024-08-15,436.52,completado
8637,3638,38,3,2024-08-22,278.1,cancelado
8638,3639,39,4,2024-08-29,484.78,cancelado
8639,3640,40,5,2024-09-05,392.91,devuelto
8640,3641,41,1,2024-09-12,52.71,completado
8641,3642,42,2,2024-09-19,56.12,completado
8642,3643,43,3,2024-09-26,163.72,completado
8643,3644,44,4,2024-10-03,467.69,completado
8644,3645,45,5,2024-10-10,89.12,completado
8645,3646,46,1,2024-10-17,147.26,completado
8646,3647,47,2,2024-10-24,188.03,completado
8647,3648,48,3,2024-10-31,53.72,cancelado
8648,3649,49,4,2024-11-07,97.8,cancelado
8649,3650,50,5,2024-11-14,388.25,devuelto
8650,3651,51,1,2024-11-21,136.39,completado
8651,3652,52,2,2024-11-28,241.9,completado
8652,3653,53,3,2024-12-05,135.45,completado
8653,3654,54,4,2024-12-12,439.56,completado
8654,3655,55,5,2024-12-19,328.64,completado
8655,3656,56,1,2024-12-26,78.82,completado
8656,3657,57,2,2023-01-03,70.74,completado
8657,3658,58,3,2023-01-10,288.68,cancelado
8658,3659,59,4,2023-01-17,29.4,cancelado
8659,3660,60,5,2023-01-24,430.91,devuelto
8660,3661,61,1,2023-01-31,206.46,completado
8661,3662,62,2,2023-02-07,429.93,completado
8662,3663,63,3,2023-02-14,459.4,completado
8663,3664,64,4,2023-02-21,73.2,completado
8664,3665,65,5,2023-02-28,189.7,completado
8665,3666,66,1,2023-03-07,423.97,completado
8666,3667,67,2,2023-03-14,476.5,completado
8667,3668,68,3,2023-03-21,193.1,cancelado
8668,3669,69,4,2023-03-28,344.28,cancelado
8669,3670,70,5,2023-04-04,257.91,devuelto
8670,3671,71,1,2023-04-11,138.79,completado
8671,3672,72,2,2023-04-18,439.01,completado
8672,3673,73,3,2023-04-25,344.45,completado
8673,3674,74,4,2023-05-02,314.1,completado
8674,3675,75,5,2023-05-09,325.49,completado
8675,3676,76,1,2023-05-16,373.11,completado
8676,3677,77,2,2023-05-23,129.96,completado
8677,3678,78,3,2023-05-30,412.41,cancelado
8678,3679,79,4,2023-06-06,13.89,cancelado
8679,3680,80,5,2023-06-13,428.0,devuelto
8680,3681,81,1,2023-06-20,152.42,completado
8681,3682,82,2,2023-06-27,87.52,completado
8682,3683,83,3,2023-07-04,205.65,completado
8683,3684,84,4,2023-07-11,45.76,completado
8684,3685,85,5,2023-07-18,200.23,completado
8685,3686,86,1,2023-07-25,236.52,completado
8686,3687,87,2,2023-08-01,55.82,completado
8687,3688,88,3,2023-08-08,238.28,cancelado
8688,3689,89,4,2023-08-15,324.82,cancelado
8689,3690,90,5,2023-08-22,451.06,devuelto
8690,3691,91,1,2023-08-29,237.78,completado
8691,3692,92,2,2023-09-05,52.05,completado
8692,3693,93,3,2023-09-12,368.57,completado
8693,3694,94,4,2023-09-19,459.56,completado
8694,3695,95,5,2023-09-26,462.02,completado
8695,3696,96,1,2023-10-03,386.43,completado
8696,3697,97,2,2023-10-10,107.74,completado
8697,3698,98,3,2023-10-17,171.07,cancelado
8698,3699,99,4,2023-10-24,165.47,cancelado
8699,3700,100,5,2023-10-31,498.25,devuelto
8700,3701,101,1,2023-11-07,248.28,completado
8701,3702,102,2,2023-11-14,354.12,completado
8702,3703,103,3,2023-11-21,243.35,completado
8703,3704,104,4,2023-11-28,146.4,completado
8704,3705,105,5,2023-12-05,28.76,completado
8705,3706,106,1,2023-12-12,86.31,completado
8706,3707,107,2,2023-12-19,240.28,completado
8707,3708,108,3,2023-12-26,323.71,cancelado
8708,3709,109,4,2024-01-02,166.89,cancelado
8709,3710,110,5,2024-01-09,25.35,devuelto
8710,3711,111,1,2024-01-16,304.53,completado
8711,3712,112,2,2024-01-23,196.34,completado
8712,3713,113,3,2024-01-30,468.87,completado
8713,3714,114,4,2024-02-06,187.13,completado
8714,3715,115,5,2024-02-13,220.75,completado
8715,3716,116,1,2024-02-20,241.97,completado
8716,3717,117,2,2024-02-27,36.5,completado
8717,3718,118,3,2024-03-05,435.33,cancelado
8718,3719,119,4,2024-03-12,476.8,cancelado
8719,3720,120,5,2024-03-19,345.0,devuelto
8720,3721,121,1,2024-03-26,142.23,completado
8721,3722,122,2,2024-04-02,321.49,completado
8722,3723,123,3,2024-04-09,50.96,completado
8723,3724,124,4,2024-04-16,43.94,completado
8724,3725,125,5,2024-04-23,208.48,completado
8725,3726,126,1,2024-04-30,156.19,completado
8726,3727,127,2,2024-05-07,358.98,completado
8727,3728,128,3,2024-05-14,436.93,cancelado
8728,3729,129,4,2024-05-21,267.14,cancelado
8729,3730,130,5,2024-05-28,338.13,devuelto
8730,3731,131,1,2024-06-04,137.13,completado
8731,3732,132,2,2024-06-11,416.97,completado
8732,3733,133,3,2024-06-18,55.3,completado
8733,3734,134,4,2024-06-25,451.8,completado
8734,3735,135,5,2024-07-02,177.59,completado
8735,3736,136,1,2024-07-09,379.06,completado
8736,3737,137,2,2024-07-16,90.62,completado
8737,3738,138,3,2024-07-23,181.15,cancelado
8738,3739,139,4,2024-07-30,215.36,cancelado
8739,3740,140,5,2024-08-06,242.99,devuelto
8740,3741,141,1,2024-08-13,347.53,completado
8741,3742,142,2,2024-08-20,88.74,completado
8742,3743,143,3,2024-08-27,351.38,completado
8743,3744,144,4,2024-09-03,183.8,completado
8744,3745,145,5,2024-09-10,349.52,completado
8745,3746,146,1,2024-09-17,200.68,completado
8746,3747,147,2,2024-09-24,14.87,completado
8747,3748,148,3,2024-10-01,393.71,cancelado
8748,3749,149,4,2024-10-08,302.59,cancelado
8749,3750,150,5,2024-10-15,48.13,devuelto
8750,3751,151,1,2024-10-22,337.3,completado
8751,3752,152,2,2024-10-29,312.09,completado
8752,3753,153,3,2024-11-05,168.63,completado
8753,3754,154,4,2024-11-12,493.32,completado
8754,3755,155,5,2024-11-19,470.09,completado
8755,3756,156,1,2024-11-26,373.99,completado
8756,3757,157,2,2024-12-03,370.99,completado
8757,3758,158,3,2024-12-10,165.09,cancelado
8758,3759,159,4,2024-12-17,83.75,cancelado
8759,3760,160,5,2024-12-24,234.74,devuelto
8760,3761,161,1,2023-01-01,82.27,completado
8761,3762,162,2,2023-01-08,433.51,completado
8762,3763,163,3,2023-01-15,65.67,completado
8763,3764,164,4,2023-01-22,485.29,completado
8764,3765,165,5,2023-01-29,209.13,completado
8765,3766,166,1,2023-02-05,265.14,completado
8766,3767,167,2,2023-02-12,11.8,completado
8767,3768,168,3,2023-02-19,230.77,cancelado
8768,3769,169,4,2023-02-26,417.93,cancelado
8769,3770,170,5,2023-03-05,71.6,devuelto
8770,3771,171,1,2023-03-12,230.17,completado
8771,3772,172,2,2023-03-19,485.03,completado
8772,3773,173,3,2023-03-26,57.75,completado
8773,3774,174,4,2023-04-02,117.13,completado
8774,3775,175,5,2023-04-09,489.73,completado
8775,3776,176,1,2023-04-16,215.89,completado
8776,3777,177,2,2023-04-23,277.58,completado
8777,3778,178,3,2023-04-30,91.39,cancelado
8778,3779,179,4,2023-05-07,195.0,cancelado
8779,3780,180,5,2023-05-14,180.56,devuelto
8780,3781,181,1,2023-05-21,476.66,completado
8781,3782,182,2,2023-05-28,486.15,completado
8782,3783,183,3,2023-06-04,292.65,completado
8783,3784,184,4,2023-06-11,17.04,completado
8784,3785,185,5,2023-06-18,408.75,completado
8785,3786,186,1,2023-06-25,17.93,completado
8786,3787,187,2,2023-07-02,449.36,completado
8787,3788,188,3,2023-07-09,256.02,cancelado
8788,3789,189,4,2023-07-16,435.2,cancelado
8789,3790,190,5,2023-07-23,352.67,devuelto
8790,3791,191,1,2023-07-30,327.97,completado
8791,3792,192,2,2023-08-06,233.44,completado
8792,3793,193,3,2023-08-13,211.09,completado
8793,3794,194,4,2023-08-20,182.58,completado
8794,3795,195,5,2023-08-27,275.81,completado
8795,3796,196,1,2023-09-03,266.35,completado
8796,3797,197,2,2023-09-10,384.89,completado
8797,3798,198,3,2023-09-17,65.56,cancelado
8798,3799,199,4,2023-09-24,96.15,cancelado
8799,3800,200,5,2023-10-01,219.91,devuelto
8800,3801,1,1,2023-10-08,96.68,completado
8801,3802,2,2,2023-10-15,301.5,completado
8802,3803,3,3,2023-10-22,275.95,completado
8803,3804,4,4,2023-10-29,196.97,completado
8804,3805,5,5,2023-11-05,424.09,completado
8805,3806,6,1,2023-11-12,347.39,completado
8806,3807,7,2,2023-11-19,224.37,completado
8807,3808,8,3,2023-11-26,148.79,cancelado
8808,3809,9,4,2023-12-03,313.98,cancelado
8809,3810,10,5,2023-12-10,463.32,devuelto
8810,3811,11,1,2023-12-17,429.93,completado
8811,3812,12,2,2023-12-24,497.73,completado
8812,3813,13,3,2023-12-31,404.91,completado
8813,3814,14,4,2024-01-07,60.87,completado
8814,3815,15,5,2024-01-14,328.32,completado
8815,3816,16,1,2024-01-21,311.97,completado
8816,3817,17,2,2024-01-28,211.53,completado
8817,3818,18,3,2024-02-04,253.24,cancelado
8818,3819,19,4,2024-02-11,378.35,cancelado
8819,3820,20,5,2024-02-18,464.34,devuelto
8820,3821,21,1,2024-02-25,58.85,completado
8821,3822,22,2,2024-03-03,227.61,completado
8822,3823,23,3,2024-03-10,294.8,completado
8823,3824,24,4,2024-03-17,25.99,completado
8824,3825,25,5,2024-03-24,152.05,completado
8825,3826,26,1,2024-03-31,216.11,completado
8826,3827,27,2,2024-04-07,119.21,completado
8827,3828,28,3,2024-04-14,232.77,cancelado
8828,3829,29,4,2024-04-21,196.73,cancelado
8829,3830,30,5,2024-04-28,105.82,devuelto
8830,3831,31,1,2024-05-05,240.09,completado
8831,3832,32,2,2024-05-12,70.98,completado
8832,3833,33,3,2024-05-19,484.13,completado
8833,3834,34,4,2024-05-26,457.87,completado
8834,3835,35,5,2024-06-02,212.34,completado
8835,3836,36,1,2024-06-09,412.0,completado
8836,3837,37,2,2024-06-16,354.88,completado
8837,3838,38,3,2024-06-23,373.16,cancelado
8838,3839,39,4,2024-06-30,13.73,cancelado
8839,3840,40,5,2024-07-07,193.58,devuelto
8840,3841,41,1,2024-07-14,119.73,completado
8841,3842,42,2,2024-07-21,148.97,completado
8842,3843,43,3,2024-07-28,441.01,completado
8843,3844,44,4,2024-08-04,139.6,completado
8844,3845,45,5,2024-08-11,420.86,completado
8845,3846,46,1,2024-08-18,399.62,completado
8846,3847,47,2,2024-08-25,213.21,completado
8847,3848,48,3,2024-09-01,128.36,cancelado
8848,3849,49,4,2024-09-08,451.09,cancelado
8849,3850,50,5,2024-09-15,213.13,devuelto
8850,3851,51,1,2024-09-22,17.61,completado
8851,3852,52,2,2024-09-29,85.15,completado
8852,3853,53,3,2024-10-06,193.46,completado
8853,3854,54,4,2024-10-13,410.19,completado
8854,3855,55,5,2024-10-20,411.82,completado
8855,3856,56,1,2024-10-27,303.97,completado
8856,3857,57,2,2024-11-03,174.19,completado
8857,3858,58,3,2024-11-10,479.99,cancelado
8858,3859,59,4,2024-11-17,496.49,cancelado
8859,3860,60,5,2024-11-24,128.5,devuelto
8860,3861,61,1,2024-12-01,487.01,completado
8861,3862,62,2,2024-12-08,104.4,completado
8862,3863,63,3,2024-12-15,325.77,completado
8863,3864,64,4,2024-12-22,415.99,completado
8864,3865,65,5,2024-12-29,402.65,completado
8865,3866,66,1,2023-01-06,293.15,completado
8866,3867,67,2,2023-01-13,73.15,completado
8867,3868,68,3,2023-01-20,321.77,cancelado
8868,3869,69,4,2023-01-27,488.9,cancelado
8869,3870,70,5,2023-02-03,95.12,devuelto
8870,3871,71,1,2023-02-10,453.04,completado
8871,3872,72,2,2023-02-17,263.47,completado
8872,3873,73,3,2023-02-24,224.33,completado
8873,3874,74,4,2023-03-03,58.79,completado
8874,3875,75,5,2023-03-10,402.57,completado
8875,3876,76,1,2023-03-17,257.09,completado
8876,3877,77,2,2023-03-24,319.41,completado
8877,3878,78,3,2023-03-31,394.3,cancelado
8878,3879,79,4,2023-04-07,423.09,cancelado
8879,3880,80,5,2023-04-14,317.39,devuelto
8880,3881,81,1,2023-04-21,137.51,completado
8881,3882,82,2,2023-04-28,280.92,completado
8882,3883,83,3,2023-05-05,474.86,completado
8883,3884,84,4,2023-05-12,109.84,completado
8884,3885,85,5,2023-05-19,55.7,completado
8885,3886,86,1,2023-05-26,224.34,completado
8886,3887,87,2,2023-06-02,318.16,completado
8887,3888,88,3,2023-06-09,300.71,cancelado
8888,3889,89,4,2023-06-16,23.63,cancelado
8889,3890,90,5,2023-06-23,356.71,devuelto
8890,3891,91,1,2023-06-30,461.09,completado
8891,3892,92,2,2023-07-07,48.6,completado
8892,3893,93,3,2023-07-14,197.38,completado
8893,3894,94,4,2023-07-21,373.75,completado
8894,3895,95,5,2023-07-28,73.97,completado
8895,3896,96,1,2023-08-04,232.32,completado
8896,3897,97,2,2023-08-11,319.44,completado
8897,3898,98,3,2023-08-18,185.48,cancelado
8898,3899,99,4,2023-08-25,127.46,cancelado
8899,3900,100,5,2023-09-01,449.98,devuelto
8900,3901,101,1,2023-09-08,155.49,completado
8901,3902,102,2,2023-09-15,272.35,completado
8902,3903,103,3,2023-09-22,130.17,completado
8903,3904,104,4,2023-09-29,392.21,completado
8904,3905,105,5,2023-10-06,395.16,completado
8905,3906,106,1,2023-10-13,387.49,completado
8906,3907,107,2,2023-10-20,333.04,completado
8907,3908,108,3,2023-10-27,144.73,cancelado
8908,3909,109,4,2023-11-03,468.14,cancelado
8909,3910,110,5,2023-11-10,317.44,devuelto
8910,3911,111,1,2023-11-17,322.81,completado
8911,3912,112,2,2023-11-24,293.88,completado
8912,3913,113,3,2023-12-01,60.68,completado
8913,3914,114,4,2023-12-08,234.97,completado
8914,3915,115,5,2023-12-15,301.99,completado
8915,3916,116,1,2023-12-22,62.47,completado
8916,3917,117,2,2023-12-29,148.41,completado
8917,3918,118,3,2024-01-05,448.36,cancelado
8918,3919,119,4,2024-01-12,55.46,cancelado
8919,3920,120,5,2024-01-19,252.18,devuelto
8920,3921,121,1,2024-01-26,187.08,completado
8921,3922,122,2,2024-02-02,420.77,completado
8922,3923,123,3,2024-02-09,201.49,completado
8923,3924,124,4,2024-02-16,250.61,completado
8924,3925,125,5,2024-02-23,20.76,completado
8925,3926,126,1,2024-03-01,46.05,completado
8926,3927,127,2,2024-03-08,480.02,completado
8927,3928,128,3,2024-03-15,47.39,cancelado
8928,3929,129,4,2024-03-22,346.79,cancelado
8929,3930,130,5,2024-03-29,193.87,devuelto
8930,3931,131,1,2024-04-05,163.66,completado
8931,3932,132,2,2024-04-12,455.07,completado
8932,3933,133,3,2024-04-19,406.19,completado
8933,3934,134,4,2024-04-26,98.11,completado
8934,3935,135,5,2024-05-03,14.97,completado
8935,3936,136,1,2024-05-10,97.55,completado
8936,3937,137,2,2024-05-17,287.97,completado
8937,3938,138,3,2024-05-24,307.26,cancelado
8938,3939,139,4,2024-05-31,25.41,cancelado
8939,3940,140,5,2024-06-07,488.2,devuelto
8940,3941,141,1,2024-06-14,496.93,completado
8941,3942,142,2,2024-06-21,247.12,completado
8942,3943,143,3,2024-06-28,310.86,completado
8943,3944,144,4,2024-07-05,277.78,completado
8944,3945,145,5,2024-07-12,87.61,completado
8945,3946,146,1,2024-07-19,373.43,completado
8946,3947,147,2,2024-07-26,464.03,completado
8947,3948,148,3,2024-08-02,104.49,cancelado
8948,3949,149,4,2024-08-09,24.48,cancelado
8949,3950,150,5,2024-08-16,21.29,devuelto
8950,3951,151,1,2024-08-23,260.75,completado
8951,3952,152,2,2024-08-30,84.65,completado
8952,3953,153,3,2024-09-06,434.77,completado
8953,3954,154,4,2024-09-13,66.25,completado
8954,3955,155,5,2024-09-20,116.31,completado
8955,3956,156,1,2024-09-27,170.49,completado
8956,3957,157,2,2024-10-04,117.68,completado
8957,3958,158,3,2024-10-11,366.59,cancelado
8958,3959,159,4,2024-10-18,470.53,cancelado
8959,3960,160,5,2024-10-25,141.12,devuelto
8960,3961,161,1,2024-11-01,245.97,completado
8961,3962,162,2,2024-11-08,477.08,completado
8962,3963,163,3,2024-11-15,180.79,completado
8963,3964,164,4,2024-11-22,280.23,completado
8964,3965,165,5,2024-11-29,154.22,completado
8965,3966,166,1,2024-12-06,375.15,completado
8966,3967,167,2,2024-12-13,252.94,completado
8967,3968,168,3,2024-12-20,261.2,cancelado
8968,3969,169,4,2024-12-27,205.97,cancelado
8969,3970,170,5,2023-01-04,104.6,devuelto
8970,3971,171,1,2023-01-11,94.75,completado
8971,3972,172,2,2023-01-18,346.66,completado
8972,3973,173,3,2023-01-25,444.78,completado
8973,3974,174,4,2023-02-01,147.73,completado
8974,3975,175,5,2023-02-08,202.48,completado
8975,3976,176,1,2023-02-15,295.99,completado
8976,3977,177,2,2023-02-22,385.56,completado
8977,3978,178,3,2023-03-01,162.68,cancelado
8978,3979,179,4,2023-03-08,399.11,cancelado
8979,3980,180,5,2023-03-15,477.34,devuelto
8980,3981,181,1,2023-03-22,249.04,completado
8981,3982,182,2,2023-03-29,442.6,completado
8982,3983,183,3,2023-04-05,217.63,completado
8983,3984,184,4,2023-04-12,376.07,completado
8984,3985,185,5,2023-04-19,409.79,completado
8985,3986,186,1,2023-04-26,315.23,completado
8986,3987,187,2,2023-05-03,307.57,completado
8987,3988,188,3,2023-05-10,220.36,cancelado
8988,3989,189,4,2023-05-17,287.9,cancelado
8989,3990,190,5,2023-05-24,193.24,devuelto
8990,3991,191,1,2023-05-31,320.02,completado
8991,3992,192,2,2023-06-07,41.49,completado
8992,3993,193,3,2023-06-14,91.95,completado
8993,3994,194,4,2023-06-21,26.54,completado
8994,3995,195,5,2023-06-28,260.56,completado
8995,3996,196,1,2023-07-05,297.57,completado
8996,3997,197,2,2023-07-12,153.8,completado
8997,3998,198,3,2023-07-19,415.08,cancelado
8998,3999,199,4,2023-07-26,326.1,cancelado
8999,4000,200,5,2023-08-02,482.92,devuelto
9000,4001,1,1,2023-08-09,182.6,completado
9001,4002,2,2,2023-08-16,24.67,completado
9002,4003,3,3,2023-08-23,98.15,completado
9003,4004,4,4,2023-08-30,168.11,completado
9004,4005,5,5,2023-09-06,397.54,completado
9005,4006,6,1,2023-09-13,185.29,completado
9006,4007,7,2,2023-09-20,45.59,completado
9007,4008,8,3,2023-09-27,331.91,cancelado
9008,4009,9,4,2023-10-04,192.26,cancelado
9009,4010,10,5,2023-10-11,391.96,devuelto
9010,4011,11,1,2023-10-18,69.93,completado
9011,4012,12,2,2023-10-25,166.11,completado
9012,4013,13,3,2023-11-01,15.34,completado
9013,4014,14,4,2023-11-08,171.15,completado
9014,4015,15,5,2023-11-15,238.03,completado
9015,4016,16,1,2023-11-22,399.67,completado
9016,4017,17,2,2023-11-29,450.38,completado
9017,4018,18,3,2023-12-06,285.2,cancelado
9018,4019,19,4,2023-12-13,198.94,cancelado
9019,4020,20,5,2023-12-20,304.88,devuelto
9020,4021,21,1,2023-12-27,268.36,completado
9021,4022,22,2,2024-01-03,60.43,completado
9022,4023,23,3,2024-01-10,146.24,completado
9023,4024,24,4,2024-01-17,307.87,completado
9024,4025,25,5,2024-01-24,442.85,completado
9025,4026,26,1,2024-01-31,431.36,completado
9026,4027,27,2,2024-02-07,46.66,completado
9027,4028,28,3,2024-02-14,447.41,cancelado
9028,4029,29,4,2024-02-21,216.66,cancelado
9029,4030,30,5,2024-02-28,380.54,devuelto
9030,4031,31,1,2024-03-06,165.71,completado
9031,4032,32,2,2024-03-13,166.86,completado
9032,4033,33,3,2024-03-20,106.59,completado
9033,4034,34,4,2024-03-27,403.34,completado
9034,4035,35,5,2024-04-03,254.34,completado
9035,4036,36,1,2024-04-10,495.23,completado
9036,4037,37,2,2024-04-17,216.41,completado
9037,4038,38,3,2024-04-24,70.81,cancelado
9038,4039,39,4,2024-05-01,93.86,cancelado
9039,4040,40,5,2024-05-08,170.17,devuelto
9040,4041,41,1,2024-05-15,197.6,completado
9041,4042,42,2,2024-05-22,292.44,completado
9042,4043,43,3,2024-05-29,149.67,completado
9043,4044,44,4,2024-06-05,325.4,completado
9044,4045,45,5,2024-06-12,429.49,completado
9045,4046,46,1,2024-06-19,494.1,completado
9046,4047,47,2,2024-06-26,456.71,completado
9047,4048,48,3,2024-07-03,149.34,cancelado
9048,4049,49,4,2024-07-10,422.41,cancelado
9049,4050,50,5,2024-07-17,207.38,devuelto
9050,4051,51,1,2024-07-24,448.96,completado
9051,4052,52,2,2024-07-31,459.84,completado
9052,4053,53,3,2024-08-07,29.17,completado
9053,4054,54,4,2024-08-14,325.94,completado
9054,4055,55,5,2024-08-21,44.03,completado
9055,4056,56,1,2024-08-28,56.61,completado
9056,4057,57,2,2024-09-04,403.23,completado
9057,4058,58,3,2024-09-11,364.39,cancelado
9058,4059,59,4,2024-09-18,144.59,cancelado
9059,4060,60,5,2024-09-25,379.31,devuelto
9060,4061,61,1,2024-10-02,206.17,completado
9061,4062,62,2,2024-10-09,282.66,completado
9062,4063,63,3,2024-10-16,163.46,completado
9063,4064,64,4,2024-10-23,310.04,completado
9064,4065,65,5,2024-10-30,202.73,completado
9065,4066,66,1,2024-11-06,351.26,completado
9066,4067,67,2,2024-11-13,232.75,completado
9067,4068,68,3,2024-11-20,425.85,cancelado
9068,4069,69,4,2024-11-27,483.9,cancelado
9069,4070,70,5,2024-12-04,69.49,devuelto
9070,4071,71,1,2024-12-11,193.21,completado
9071,4072,72,2,2024-12-18,312.81,completado
9072,4073,73,3,2024-12-25,24.35,completado
9073,4074,74,4,2023-01-02,33.44,completado
9074,4075,75,5,2023-01-09,15.09,completado
9075,4076,76,1,2023-01-16,61.52,completado
9076,4077,77,2,2023-01-23,168.2,completado
9077,4078,78,3,2023-01-30,346.92,cancelado
9078,4079,79,4,2023-02-06,223.48,cancelado
9079,4080,80,5,2023-02-13,93.39,devuelto
9080,4081,81,1,2023-02-20,103.67,completado
9081,4082,82,2,2023-02-27,452.12,completado
9082,4083,83,3,2023-03-06,190.75,completado
9083,4084,84,4,2023-03-13,452.41,completado
9084,4085,85,5,2023-03-20,494.89,completado
9085,4086,86,1,2023-03-27,467.71,completado
9086,4087,87,2,2023-04-03,435.33,completado
9087,4088,88,3,2023-04-10,137.25,cancelado
9088,4089,89,4,2023-04-17,394.62,cancelado
9089,4090,90,5,2023-04-24,64.29,devuelto
9090,4091,91,1,2023-05-01,474.1,completado
9091,4092,92,2,2023-05-08,46.77,completado
9092,4093,93,3,2023-05-15,171.37,completado
9093,4094,94,4,2023-05-22,310.25,completado
9094,4095,95,5,2023-05-29,408.12,completado
9095,4096,96,1,2023-06-05,142.26,completado
9096,4097,97,2,2023-06-12,93.47,completado
9097,4098,98,3,2023-06-19,77.5,cancelado
9098,4099,99,4,2023-06-26,235.74,cancelado
9099,4100,100,5,2023-07-03,71.88,devuelto
9100,4101,101,1,2023-07-10,432.33,completado
9101,4102,102,2,2023-07-17,378.99,completado
9102,4103,103,3,2023-07-24,445.02,completado
9103,4104,104,4,2023-07-31,483.26,completado
9104,4105,105,5,2023-08-07,212.51,completado
9105,4106,106,1,2023-08-14,228.92,completado
9106,4107,107,2,2023-08-21,69.96,completado
9107,4108,108,3,2023-08-28,268.52,cancelado
9108,4109,109,4,2023-09-04,293.16,cancelado
9109,4110,110,5,2023-09-11,334.02,devuelto
9110,4111,111,1,2023-09-18,488.41,completado
9111,4112,112,2,2023-09-25,167.74,completado
9112,4113,113,3,2023-10-02,368.12,completado
9113,4114,114,4,2023-10-09,120.66,completado
9114,4115,115,5,2023-10-16,139.27,completado
9115,4116,116,1,2023-10-23,155.15,completado
9116,4117,117,2,2023-10-30,50.57,completado
9117,4118,118,3,2023-11-06,283.67,cancelado
9118,4119,119,4,2023-11-13,437.71,cancelado
9119,4120,120,5,2023-11-20,333.15,devuelto
9120,4121,121,1,2023-11-27,370.28,completado
9121,4122,122,2,2023-12-04,110.89,completado
9122,4123,123,3,2023-12-11,48.23,completado
9123,4124,124,4,2023-12-18,486.16,completado
9124,4125,125,5,2023-12-25,39.53,completado
9125,4126,126,1,2024-01-01,16.43,completado
9126,4127,127,2,2024-01-08,115.91,completado
9127,4128,128,3,2024-01-15,411.07,cancelado
9128,4129,129,4,2024-01-22,102.08,cancelado
9129,4130,130,5,2024-01-29,61.22,devuelto
9130,4131,131,1,2024-02-05,112.24,completado
9131,4132,132,2,2024-02-12,299.36,completado
9132,4133,133,3,2024-02-19,268.55,completado
9133,4134,134,4,2024-02-26,430.64,completado
9134,4135,135,5,2024-03-04,382.64,completado
9135,4136,136,1,2024-03-11,162.79,completado
9136,4137,137,2,2024-03-18,232.47,completado
9137,4138,138,3,2024-03-25,85.46,cancelado
9138,4139,139,4,2024-04-01,257.21,cancelado
9139,4140,140,5,2024-04-08,457.92,devuelto
9140,4141,141,1,2024-04-15,117.2,completado
9141,4142,142,2,2024-04-22,188.19,completado
9142,4143,143,3,2024-04-29,487.78,completado
9143,4144,144,4,2024-05-06,435.25,completado
9144,4145,145,5,2024-05-13,261.6,completado
9145,4146,146,1,2024-05-20,392.21,completado
9146,4147,147,2,2024-05-27,102.1,completado
9147,4148,148,3,2024-06-03,146.14,cancelado
9148,4149,149,4,2024-06-10,90.46,cancelado
9149,4150,150,5,2024-06-17,160.5,devuelto
9150,4151,151,1,2024-06-24,436.22,completado
9151,4152,152,2,2024-07-01,327.71,completado
9152,4153,153,3,2024-07-08,82.17,completado
9153,4154,154,4,2024-07-15,439.34,completado
9154,4155,155,5,2024-07-22,375.06,completado
9155,4156,156,1,2024-07-29,127.88,completado
9156,4157,157,2,2024-08-05,448.11,completado
9157,4158,158,3,2024-08-12,101.64,cancelado
9158,4159,159,4,2024-08-19,24.01,cancelado
9159,4160,160,5,2024-08-26,334.32,devuelto
9160,4161,161,1,2024-09-02,231.79,completado
9161,4162,162,2,2024-09-09,140.13,completado
9162,4163,163,3,2024-09-16,464.19,completado
9163,4164,164,4,2024-09-23,51.19,completado
9164,4165,165,5,2024-09-30,221.42,completado
9165,4166,166,1,2024-10-07,83.8,completado
9166,4167,167,2,2024-10-14,256.07,completado
9167,4168,168,3,2024-10-21,258.88,cancelado
9168,4169,169,4,2024-10-28,36.05,cancelado
9169,4170,170,5,2024-11-04,143.57,devuelto
9170,4171,171,1,2024-11-11,57.93,completado
9171,4172,172,2,2024-11-18,327.82,completado
9172,4173,173,3,2024-11-25,368.68,completado
9173,4174,174,4,2024-12-02,217.07,completado
9174,4175,175,5,2024-12-09,154.06,completado
9175,4176,176,1,2024-12-16,207.32,completado
9176,4177,177,2,2024-12-23,301.08,completado
9177,4178,178,3,2024-12-30,269.49,cancelado
9178,4179,179,4,2023-01-07,251.87,cancelado
9179,4180,180,5,2023-01-14,222.45,devuelto
9180,4181,181,1,2023-01-21,343.77,completado
9181,4182,182,2,2023-01-28,326.71,completado
9182,4183,183,3,2023-02-04,479.9,completado
9183,4184,184,4,2023-02-11,117.59,completado
9184,4185,185,5,2023-02-18,36.04,completado
9185,4186,186,1,2023-02-25,27.49,completado
9186,4187,187,2,2023-03-04,140.43,completado
9187,4188,188,3,2023-03-11,42.27,cancelado
9188,4189,189,4,2023-03-18,59.51,cancelado
9189,4190,190,5,2023-03-25,120.97,devuelto
9190,4191,191,1,2023-04-01,313.91,completado
9191,4192,192,2,2023-04-08,360.75,completado
9192,4193,193,3,2023-04-15,202.03,completado
9193,4194,194,4,2023-04-22,59.64,completado
9194,4195,195,5,2023-04-29,369.62,completado
9195,4196,196,1,2023-05-06,440.97,completado
9196,4197,197,2,2023-05-13,141.45,completado
9197,4198,198,3,2023-05-20,110.8,cancelado
9198,4199,199,4,2023-05-27,395.01,cancelado
9199,4200,200,5,2023-06-03,180.34,devuelto
9200,4201,1,1,2023-06-10,151.12,completado
9201,4202,2,2,2023-06-17,302.19,completado
9202,4203,3,3,2023-06-24,369.6,completado
9203,4204,4,4,2023-07-01,56.18,completado
9204,4205,5,5,2023-07-08,256.59,completado
9205,4206,6,1,2023-07-15,353.23,completado
9206,4207,7,2,2023-07-22,243.61,completado
9207,4208,8,3,2023-07-29,159.61,cancelado
9208,4209,9,4,2023-08-05,454.27,cancelado
9209,4210,10,5,2023-08-12,126.92,devuelto
9210,4211,11,1,2023-08-19,164.41,completado
9211,4212,12,2,2023-08-26,44.03,completado
9212,4213,13,3,2023-09-02,101.8,completado
9213,4214,14,4,2023-09-09,450.94,completado
9214,4215,15,5,2023-09-16,79.5,completado
9215,4216,16,1,2023-09-23,16.24,completado
9216,4217,17,2,2023-09-30,242.55,completado
9217,4218,18,3,2023-10-07,173.69,cancelado
9218,4219,19,4,2023-10-14,96.98,cancelado
9219,4220,20,5,2023-10-21,139.28,devuelto
9220,4221,21,1,2023-10-28,47.72,completado
9221,4222,22,2,2023-11-04,342.81,completado
9222,4223,23,3,2023-11-11,428.01,completado
9223,4224,24,4,2023-11-18,301.06,completado
9224,4225,25,5,2023-11-25,485.08,completado
9225,4226,26,1,2023-12-02,295.75,completado
9226,4227,27,2,2023-12-09,249.27,completado
9227,4228,28,3,2023-12-16,131.28,cancelado
9228,4229,29,4,2023-12-23,63.6,cancelado
9229,4230,30,5,2023-12-30,411.27,devuelto
9230,4231,31,1,2024-01-06,287.96,completado
9231,4232,32,2,2024-01-13,495.3,completado
9232,4233,33,3,2024-01-20,419.33,completado
9233,4234,34,4,2024-01-27,267.38,completado
9234,4235,35,5,2024-02-03,91.98,completado
9235,4236,36,1,2024-02-10,81.83,completado
9236,4237,37,2,2024-02-17,56.02,completado
9237,4238,38,3,2024-02-24,159.26,cancelado
9238,4239,39,4,2024-03-02,370.73,cancelado
9239,4240,40,5,2024-03-09,231.78,devuelto
9240,4241,41,1,2024-03-16,370.06,completado
9241,4242,42,2,2024-03-23,495.0,completado
9242,4243,43,3,2024-03-30,136.1,completado
9243,4244,44,4,2024-04-06,248.38,completado
9244,4245,45,5,2024-04-13,188.5,completado
9245,4246,46,1,2024-04-20,16.64,completado
9246,4247,47,2,2024-04-27,182.79,completado
9247,4248,48,3,2024-05-04,357.98,cancelado
9248,4249,49,4,2024-05-11,446.77,cancelado
9249,4250,50,5,2024-05-18,389.52,devuelto
9250,4251,51,1,2024-05-25,429.91,completado
9251,4252,52,2,2024-06-01,452.06,completado
9252,4253,53,3,2024-06-08,301.91,completado
9253,4254,54,4,2024-06-15,65.25,completado
9254,4255,55,5,2024-06-22,346.03,completado
9255,4256,56,1,2024-06-29,366.83,completado
9256,4257,57,2,2024-07-06,20.16,completado
9257,4258,58,3,2024-07-13,489.53,cancelado
9258,4259,59,4,2024-07-20,429.57,cancelado
9259,4260,60,5,2024-07-27,333.09,devuelto
9260,4261,61,1,2024-08-03,79.4,completado
9261,4262,62,2,2024-08-10,253.94,completado
9262,4263,63,3,2024-08-17,129.74,completado
9263,4264,64,4,2024-08-24,373.1,completado
9264,4265,65,5,2024-08-31,486.91,completado
9265,4266,66,1,2024-09-07,186.12,completado
9266,4267,67,2,2024-09-14,374.74,completado
9267,4268,68,3,2024-09-21,104.98,cancelado
9268,4269,69,4,2024-09-28,477.86,cancelado
9269,4270,70,5,2024-10-05,322.98,devuelto
9270,4271,71,1,2024-10-12,483.07,completado
9271,4272,72,2,2024-10-19,439.8,completado
9272,4273,73,3,2024-10-26,342.61,completado
9273,4274,74,4,2024-11-02,450.62,completado
9274,4275,75,5,2024-11-09,230.14,completado
9275,4276,76,1,2024-11-16,479.57,completado
9276,4277,77,2,2024-11-23,268.18,completado
9277,4278,78,3,2024-11-30,140.0,cancelado
9278,4279,79,4,2024-12-07,342.74,cancelado
9279,4280,80,5,2024-12-14,445.12,devuelto
9280,4281,81,1,2024-12-21,201.6,completado
9281,4282,82,2,2024-12-28,214.47,completado
9282,4283,83,3,2023-01-05,497.03,completado
9283,4284,84,4,2023-01-12,161.57,completado
9284,4285,85,5,2023-01-19,30.14,completado
9285,4286,86,1,2023-01-26,264.84,completado
9286,4287,87,2,2023-02-02,178.2,completado
9287,4288,88,3,2023-02-09,310.06,cancelado
9288,4289,89,4,2023-02-16,222.4,cancelado
9289,4290,90,5,2023-02-23,232.96,devuelto
9290,4291,91,1,2023-03-02,484.39,completado
9291,4292,92,2,2023-03-09,398.25,completado
9292,4293,93,3,2023-03-16,151.32,completado
9293,4294,94,4,2023-03-23,485.04,completado
9294,4295,95,5,2023-03-30,254.47,completado
9295,4296,96,1,2023-04-06,345.91,completado
9296,4297,97,2,2023-04-13,238.5,completado
9297,4298,98,3,2023-04-20,83.61,cancelado
9298,4299,99,4,2023-04-27,483.67,cancelado
9299,4300,100,5,2023-05-04,315.66,devuelto
9300,4301,101,1,2023-05-11,335.52,completado
9301,4302,102,2,2023-05-18,158.79,completado
9302,4303,103,3,2023-05-25,151.25,completado
9303,4304,104,4,2023-06-01,401.89,completado
9304,4305,105,5,2023-06-08,17.64,completado
9305,4306,106,1,2023-06-15,30.07,completado
9306,4307,107,2,2023-06-22,148.68,completado
9307,4308,108,3,2023-06-29,300.61,cancelado
9308,4309,109,4,2023-07-06,36.06,cancelado
9309,4310,110,5,2023-07-13,159.85,devuelto
9310,4311,111,1,2023-07-20,220.86,completado
9311,4312,112,2,2023-07-27,333.52,completado
9312,4313,113,3,2023-08-03,10.31,completado
9313,4314,114,4,2023-08-10,133.2,completado
9314,4315,115,5,2023-08-17,181.61,completado
9315,4316,116,1,2023-08-24,148.8,completado
9316,4317,117,2,2023-08-31,430.92,completado
9317,4318,118,3,2023-09-07,336.01,cancelado
9318,4319,119,4,2023-09-14,386.75,cancelado
9319,4320,120,5,2023-09-21,85.97,devuelto
9320,4321,121,1,2023-09-28,52.14,completado
9321,4322,122,2,2023-10-05,142.63,completado
9322,4323,123,3,2023-10-12,498.0,completado
9323,4324,124,4,2023-10-19,106.4,completado
9324,4325,125,5,2023-10-26,296.76,completado
9325,4326,126,1,2023-11-02,49.55,completado
9326,4327,127,2,2023-11-09,117.24,completado
9327,4328,128,3,2023-11-16,241.86,cancelado
9328,4329,129,4,2023-11-23,183.77,cancelado
9329,4330,130,5,2023-11-30,407.74,devuelto
9330,4331,131,1,2023-12-07,322.15,completado
9331,4332,132,2,2023-12-14,217.06,completado
9332,4333,133,3,2023-12-21,483.78,completado
9333,4334,134,4,2023-12-28,58.09,completado
9334,4335,135,5,2024-01-04,138.02,completado
9335,4336,136,1,2024-01-11,157.99,completado
9336,4337,137,2,2024-01-18,162.26,completado
9337,4338,138,3,2024-01-25,286.31,cancelado
9338,4339,139,4,2024-02-01,342.67,cancelado
9339,4340,140,5,2024-02-08,168.02,devuelto
9340,4341,141,1,2024-02-15,293.3,completado
9341,4342,142,2,2024-02-22,344.83,completado
9342,4343,143,3,2024-02-29,107.76,completado
9343,4344,144,4,2024-03-07,76.49,completado
9344,4345,145,5,2024-03-14,281.6,completado
9345,4346,146,1,2024-03-21,157.52,completado
9346,4347,147,2,2024-03-28,51.94,completado
9347,4348,148,3,2024-04-04,287.67,cancelado
9348,4349,149,4,2024-04-11,317.88,cancelado
9349,4350,150,5,2024-04-18,277.46,devuelto
9350,4351,151,1,2024-04-25,194.22,completado
9351,4352,152,2,2024-05-02,439.2,completado
9352,4353,153,3,2024-05-09,224.08,completado
9353,4354,154,4,2024-05-16,77.92,completado
9354,4355,155,5,2024-05-23,226.53,completado
9355,4356,156,1,2024-05-30,163.5,completado
9356,4357,157,2,2024-06-06,468.09,completado
9357,4358,158,3,2024-06-13,359.17,cancelado
9358,4359,159,4,2024-06-20,239.51,cancelado
9359,4360,160,5,2024-06-27,219.56,devuelto
9360,4361,161,1,2024-07-04,216.05,completado
9361,4362,162,2,2024-07-11,211.03,completado
9362,4363,163,3,2024-07-18,23.56,completado
9363,4364,164,4,2024-07-25,283.87,completado
9364,4365,165,5,2024-08-01,479.17,completado
9365,4366,166,1,2024-08-08,216.25,completado
9366,4367,167,2,2024-08-15,380.37,completado
9367,4368,168,3,2024-08-22,311.45,cancelado
9368,4369,169,4,2024-08-29,158.17,cancelado
9369,4370,170,5,2024-09-05,128.9,devuelto
9370,4371,171,1,2024-09-12,260.98,completado
9371,4372,172,2,2024-09-19,72.36,completado
9372,4373,173,3,2024-09-26,276.2,completado
9373,4374,174,4,2024-10-03,287.13,completado
9374,4375,175,5,2024-10-10,153.74,completado
9375,4376,176,1,2024-10-17,380.11,completado
9376,4377,177,2,2024-10-24,202.4,completado
9377,4378,178,3,2024-10-31,207.44,cancelado
9378,4379,179,4,2024-11-07,12.92,cancelado
9379,4380,180,5,2024-11-14,405.67,devuelto
9380,4381,181,1,2024-11-21,438.71,completado
9381,4382,182,2,2024-11-28,235.51,completado
9382,4383,183,3,2024-12-05,36.63,completado
9383,4384,184,4,2024-12-12,36.8,completado
9384,4385,185,5,2024-12-19,416.65,completado
9385,4386,186,1,2024-12-26,328.44,completado
9386,4387,187,2,2023-01-03,173.41,completado
9387,4388,188,3,2023-01-10,57.73,cancelado
9388,4389,189,4,2023-01-17,152.38,cancelado
9389,4390,190,5,2023-01-24,245.92,devuelto
9390,4391,191,1,2023-01-31,172.34,completado
9391,4392,192,2,2023-02-07,39.82,completado
9392,4393,193,3,2023-02-14,372.83,completado
9393,4394,194,4,2023-02-21,340.46,completado
9394,4395,195,5,2023-02-28,372.29,completado
9395,4396,196,1,2023-03-07,35.98,completado
9396,4397,197,2,2023-03-14,110.48,completado
9397,4398,198,3,2023-03-21,80.63,cancelado
9398,4399,199,4,2023-03-28,372.81,cancelado
9399,4400,200,5,2023-04-04,252.7,devuelto
9400,4401,1,1,2023-04-11,119.54,completado
9401,4402,2,2,2023-04-18,341.08,completado
9402,4403,3,3,2023-04-25,427.61,completado
9403,4404,4,4,2023-05-02,157.44,completado
9404,4405,5,5,2023-05-09,162.34,completado
9405,4406,6,1,2023-05-16,494.69,completado
9406,4407,7,2,2023-05-23,13.16,completado
9407,4408,8,3,2023-05-30,247.63,cancelado
9408,4409,9,4,2023-06-06,347.01,cancelado
9409,4410,10,5,2023-06-13,66.21,devuelto
9410,4411,11,1,2023-06-20,10.02,completado
9411,4412,12,2,2023-06-27,305.86,completado
9412,4413,13,3,2023-07-04,69.31,completado
9413,4414,14,4,2023-07-11,57.46,completado
9414,4415,15,5,2023-07-18,110.1,completado
9415,4416,16,1,2023-07-25,242.13,completado
9416,4417,17,2,2023-08-01,418.04,completado
9417,4418,18,3,2023-08-08,227.47,cancelado
9418,4419,19,4,2023-08-15,37.27,cancelado
9419,4420,20,5,2023-08-22,69.69,devuelto
9420,4421,21,1,2023-08-29,208.23,completado
9421,4422,22,2,2023-09-05,491.52,completado
9422,4423,23,3,2023-09-12,411.93,completado
9423,4424,24,4,2023-09-19,422.44,completado
9424,4425,25,5,2023-09-26,277.89,completado
9425,4426,26,1,2023-10-03,412.63,completado
9426,4427,27,2,2023-10-10,343.85,completado
9427,4428,28,3,2023-10-17,431.06,cancelado
9428,4429,29,4,2023-10-24,312.41,cancelado
9429,4430,30,5,2023-10-31,221.85,devuelto
9430,4431,31,1,2023-11-07,321.74,completado
9431,4432,32,2,2023-11-14,100.56,completado
9432,4433,33,3,2023-11-21,411.09,completado
9433,4434,34,4,2023-11-28,332.16,completado
9434,4435,35,5,2023-12-05,93.68,completado
9435,4436,36,1,2023-12-12,373.42,completado
9436,4437,37,2,2023-12-19,277.87,completado
9437,4438,38,3,2023-12-26,243.32,cancelado
9438,4439,39,4,2024-01-02,152.12,cancelado
9439,4440,40,5,2024-01-09,337.09,devuelto
9440,4441,41,1,2024-01-16,479.95,completado
9441,4442,42,2,2024-01-23,251.55,completado
9442,4443,43,3,2024-01-30,337.17,completado
9443,4444,44,4,2024-02-06,201.68,completado
9444,4445,45,5,2024-02-13,351.85,completado
9445,4446,46,1,2024-02-20,62.59,completado
9446,4447,47,2,2024-02-27,214.28,completado
9447,4448,48,3,2024-03-05,218.17,cancelado
9448,4449,49,4,2024-03-12,23.71,cancelado
9449,4450,50,5,2024-03-19,233.97,devuelto
9450,4451,51,1,2024-03-26,286.46,completado
9451,4452,52,2,2024-04-02,15.4,completado
9452,4453,53,3,2024-04-09,158.35,completado
9453,4454,54,4,2024-04-16,326.1,completado
9454,4455,55,5,2024-04-23,447.68,completado
9455,4456,56,1,2024-04-30,313.74,completado
9456,4457,57,2,2024-05-07,30.89,completado
9457,4458,58,3,2024-05-14,454.46,cancelado
9458,4459,59,4,2024-05-21,481.77,cancelado
9459,4460,60,5,2024-05-28,239.27,devuelto
9460,4461,61,1,2024-06-04,364.3,completado
9461,4462,62,2,2024-06-11,145.68,completado
9462,4463,63,3,2024-06-18,491.06,completado
9463,4464,64,4,2024-06-25,185.3,completado
9464,4465,65,5,2024-07-02,429.36,completado
9465,4466,66,1,2024-07-09,256.57,completado
9466,4467,67,2,2024-07-16,180.93,completado
9467,4468,68,3,2024-07-23,356.05,cancelado
9468,4469,69,4,2024-07-30,201.41,cancelado
9469,4470,70,5,2024-08-06,40.76,devuelto
9470,4471,71,1,2024-08-13,331.4,completado
9471,4472,72,2,2024-08-20,182.41,completado
9472,4473,73,3,2024-08-27,362.41,completado
9473,4474,74,4,2024-09-03,176.25,completado
9474,4475,75,5,2024-09-10,360.44,completado
9475,4476,76,1,2024-09-17,395.48,completado
9476,4477,77,2,2024-09-24,146.39,completado
9477,4478,78,3,2024-10-01,383.68,cancelado
9478,4479,79,4,2024-10-08,158.44,cancelado
9479,4480,80,5,2024-10-15,203.03,devuelto
9480,4481,81,1,2024-10-22,458.92,completado
9481,4482,82,2,2024-10-29,326.12,completado
9482,4483,83,3,2024-11-05,194.5,completado
9483,4484,84,4,2024-11-12,241.16,completado
9484,4485,85,5,2024-11-19,332.9,completado
9485,4486,86,1,2024-11-26,292.26,completado
9486,4487,87,2,2024-12-03,464.43,completado
9487,4488,88,3,2024-12-10,389.95,cancelado
9488,4489,89,4,2024-12-17,267.46,cancelado
9489,4490,90,5,2024-12-24,73.42,devuelto
9490,4491,91,1,2023-01-01,168.8,completado
9491,4492,92,2,2023-01-08,478.05,completado
9492,4493,93,3,2023-01-15,180.57,completado
9493,4494,94,4,2023-01-22,312.56,completado
9494,4495,95,5,2023-01-29,207.85,completado
9495,4496,96,1,2023-02-05,32.02,completado
9496,4497,97,2,2023-02-12,427.5,completado
9497,4498,98,3,2023-02-19,88.0,cancelado
9498,4499,99,4,2023-02-26,57.3,cancelado
9499,4500,100,5,2023-03-05,62.05,devuelto
9500,4501,101,1,2023-03-12,467.77,completado
9501,4502,102,2,2023-03-19,243.44,completado
9502,4503,103,3,2023-03-26,382.36,completado
9503,4504,104,4,2023-04-02,490.85,completado
9504,4505,105,5,2023-04-09,406.19,completado
9505,4506,106,1,2023-04-16,369.0,completado
9506,4507,107,2,2023-04-23,125.94,completado
9507,4508,108,3,2023-04-30,450.9,cancelado
9508,4509,109,4,2023-05-07,95.26,cancelado
9509,4510,110,5,2023-05-14,447.31,devuelto
9510,4511,111,1,2023-05-21,380.35,completado
9511,4512,112,2,2023-05-28,215.83,completado
9512,4513,113,3,2023-06-04,41.54,completado
9513,4514,114,4,2023-06-11,309.83,completado
9514,4515,115,5,2023-06-18,66.09,completado
9515,4516,116,1,2023-06-25,424.93,completado
9516,4517,117,2,2023-07-02,45.71,completado
9517,4518,118,3,2023-07-09,384.04,cancelado
9518,4519,119,4,2023-07-16,307.2,cancelado
9519,4520,120,5,2023-07-23,421.93,devuelto
9520,4521,121,1,2023-07-30,462.54,completado
9521,4522,122,2,2023-08-06,167.37,completado
9522,4523,123,3,2023-08-13,352.38,completado
9523,4524,124,4,2023-08-20,195.04,completado
9524,4525,125,5,2023-08-27,494.55,completado
9525,4526,126,1,2023-09-03,291.15,completado
9526,4527,127,2,2023-09-10,107.87,completado
9527,4528,128,3,2023-09-17,133.72,cancelado
9528,4529,129,4,2023-09-24,224.38,cancelado
9529,4530,130,5,2023-10-01,150.18,devuelto
9530,4531,131,1,2023-10-08,108.58,completado
9531,4532,132,2,2023-10-15,89.42,completado
9532,4533,133,3,2023-10-22,408.78,completado
9533,4534,134,4,2023-10-29,406.25,completado
9534,4535,135,5,2023-11-05,104.22,completado
9535,4536,136,1,2023-11-12,295.23,completado
9536,4537,137,2,2023-11-19,318.27,completado
9537,4538,138,3,2023-11-26,337.64,cancelado
9538,4539,139,4,2023-12-03,109.73,cancelado
9539,4540,140,5,2023-12-10,406.9,devuelto
9540,4541,141,1,2023-12-17,447.71,completado
9541,4542,142,2,2023-12-24,186.18,completado
9542,4543,143,3,2023-12-31,209.93,completado
9543,4544,144,4,2024-01-07,277.82,completado
9544,4545,145,5,2024-01-14,45.26,completado
9545,4546,146,1,2024-01-21,100.8,completado
9546,4547,147,2,2024-01-28,367.69,completado
9547,4548,148,3,2024-02-04,456.38,cancelado
9548,4549,149,4,2024-02-11,324.69,cancelado
9549,4550,150,5,2024-02-18,253.13,devuelto
9550,4551,151,1,2024-02-25,417.88,completado
9551,4552,152,2,2024-03-03,289.48,completado
9552,4553,153,3,2024-03-10,242.13,completado
9553,4554,154,4,2024-03-17,182.53,completado
9554,4555,155,5,2024-03-24,313.05,completado
9555,4556,156,1,2024-03-31,283.76,completado
9556,4557,157,2,2024-04-07,77.56,completado
9557,4558,158,3,2024-04-14,42.91,cancelado
9558,4559,159,4,2024-04-21,219.48,cancelado
9559,4560,160,5,2024-04-28,194.3,devuelto
9560,4561,161,1,2024-05-05,44.73,completado
9561,4562,162,2,2024-05-12,48.29,completado
9562,4563,163,3,2024-05-19,393.37,completado
9563,4564,164,4,2024-05-26,156.13,completado
9564,4565,165,5,2024-06-02,67.78,completado
9565,4566,166,1,2024-06-09,122.98,completado
9566,4567,167,2,2024-06-16,304.73,completado
9567,4568,168,3,2024-06-23,172.15,cancelado
9568,4569,169,4,2024-06-30,119.77,cancelado
9569,4570,170,5,2024-07-07,470.9,devuelto
9570,4571,171,1,2024-07-14,461.91,completado
9571,4572,172,2,2024-07-21,133.18,completado
9572,4573,173,3,2024-07-28,354.6,completado
9573,4574,174,4,2024-08-04,43.3,completado
9574,4575,175,5,2024-08-11,437.02,completado
9575,4576,176,1,2024-08-18,484.38,completado
9576,4577,177,2,2024-08-25,46.64,completado
9577,4578,178,3,2024-09-01,291.92,cancelado
9578,4579,179,4,2024-09-08,428.07,cancelado
9579,4580,180,5,2024-09-15,466.59,devuelto
9580,4581,181,1,2024-09-22,255.02,completado
9581,4582,182,2,2024-09-29,205.62,completado
9582,4583,183,3,2024-10-06,37.76,completado
9583,4584,184,4,2024-10-13,351.78,completado
9584,4585,185,5,2024-10-20,64.33,completado
9585,4586,186,1,2024-10-27,240.78,completado
9586,4587,187,2,2024-11-03,459.52,completado
9587,4588,188,3,2024-11-10,138.9,cancelado
9588,4589,189,4,2024-11-17,24.69,cancelado
9589,4590,190,5,2024-11-24,175.64,devuelto
9590,4591,191,1,2024-12-01,137.83,completado
9591,4592,192,2,2024-12-08,173.93,completado
9592,4593,193,3,2024-12-15,384.72,completado
9593,4594,194,4,2024-12-22,78.25,completado
9594,4595,195,5,2024-12-29,278.07,completado
9595,4596,196,1,2023-01-06,369.6,completado
9596,4597,197,2,2023-01-13,462.85,completado
9597,4598,198,3,2023-01-20,335.03,cancelado
9598,4599,199,4,2023-01-27,440.35,cancelado
9599,4600,200,5,2023-02-03,125.45,devuelto
9600,4601,1,1,2023-02-10,45.73,completado
9601,4602,2,2,2023-02-17,474.52,completado
9602,4603,3,3,2023-02-24,453.12,completado
9603,4604,4,4,2023-03-03,354.51,completado
9604,4605,5,5,2023-03-10,385.13,completado
9605,4606,6,1,2023-03-17,27.33,completado
9606,4607,7,2,2023-03-24,490.72,completado
9607,4608,8,3,2023-03-31,475.45,cancelado
9608,4609,9,4,2023-04-07,303.09,cancelado
9609,4610,10,5,2023-04-14,310.09,devuelto
9610,4611,11,1,2023-04-21,49.49,completado
9611,4612,12,2,2023-04-28,280.2,completado
9612,4613,13,3,2023-05-05,473.83,completado
9613,4614,14,4,2023-05-12,142.55,completado
9614,4615,15,5,2023-05-19,30.45,completado
9615,4616,16,1,2023-05-26,27.44,completado
9616,4617,17,2,2023-06-02,258.73,completado
9617,4618,18,3,2023-06-09,328.67,cancelado
9618,4619,19,4,2023-06-16,221.44,cancelado
9619,4620,20,5,2023-06-23,158.67,devuelto
9620,4621,21,1,2023-06-30,426.42,completado
9621,4622,22,2,2023-07-07,486.02,completado
9622,4623,23,3,2023-07-14,20.51,completado
9623,4624,24,4,2023-07-21,37.12,completado
9624,4625,25,5,2023-07-28,389.07,completado
9625,4626,26,1,2023-08-04,407.57,completado
9626,4627,27,2,2023-08-11,271.75,completado
9627,4628,28,3,2023-08-18,431.54,cancelado
9628,4629,29,4,2023-08-25,344.15,cancelado
9629,4630,30,5,2023-09-01,371.58,devuelto
9630,4631,31,1,2023-09-08,280.72,completado
9631,4632,32,2,2023-09-15,35.55,completado
9632,4633,33,3,2023-09-22,385.18,completado
9633,4634,34,4,2023-09-29,350.77,completado
9634,4635,35,5,2023-10-06,220.56,completado
9635,4636,36,1,2023-10-13,219.15,completado
9636,4637,37,2,2023-10-20,77.51,completado
9637,4638,38,3,2023-10-27,224.6,cancelado
9638,4639,39,4,2023-11-03,449.6,cancelado
9639,4640,40,5,2023-11-10,491.44,devuelto
9640,4641,41,1,2023-11-17,190.18,completado
9641,4642,42,2,2023-11-24,104.89,completado
9642,4643,43,3,2023-12-01,223.9,completado
9643,4644,44,4,2023-12-08,38.38,completado
9644,4645,45,5,2023-12-15,123.7,completado
9645,4646,46,1,2023-12-22,298.42,completado
9646,4647,47,2,2023-12-29,121.29,completado
9647,4648,48,3,2024-01-05,376.26,cancelado
9648,4649,49,4,2024-01-12,445.28,cancelado
9649,4650,50,5,2024-01-19,398.66,devuelto
9650,4651,51,1,2024-01-26,288.34,completado
9651,4652,52,2,2024-02-02,495.56,completado
9652,4653,53,3,2024-02-09,17.3,completado
9653,4654,54,4,2024-02-16,362.72,completado
9654,4655,55,5,2024-02-23,408.18,completado
9655,4656,56,1,2024-03-01,47.54,completado
9656,4657,57,2,2024-03-08,72.09,completado
9657,4658,58,3,2024-03-15,98.49,cancelado
9658,4659,59,4,2024-03-22,31.42,cancelado
9659,4660,60,5,2024-03-29,181.34,devuelto
9660,4661,61,1,2024-04-05,331.05,completado
9661,4662,62,2,2024-04-12,129.68,completado
9662,4663,63,3,2024-04-19,153.28,completado
9663,4664,64,4,2024-04-26,307.0,completado
9664,4665,65,5,2024-05-03,244.56,completado
9665,4666,66,1,2024-05-10,69.96,completado
9666,4667,67,2,2024-05-17,47.63,completado
9667,4668,68,3,2024-05-24,132.6,cancelado
9668,4669,69,4,2024-05-31,276.39,cancelado
9669,4670,70,5,2024-06-07,252.52,devuelto
9670,4671,71,1,2024-06-14,370.26,completado
9671,4672,72,2,2024-06-21,184.91,completado
9672,4673,73,3,2024-06-28,458.4,completado
9673,4674,74,4,2024-07-05,117.94,completado
9674,4675,75,5,2024-07-12,359.44,completado
9675,4676,76,1,2024-07-19,471.3,completado
9676,4677,77,2,2024-07-26,392.3,completado
9677,4678,78,3,2024-08-02,153.41,cancelado
9678,4679,79,4,2024-08-09,330.29,cancelado
9679,4680,80,5,2024-08-16,268.15,devuelto
9680,4681,81,1,2024-08-23,141.09,completado
9681,4682,82,2,2024-08-30,351.91,completado
9682,4683,83,3,2024-09-06,256.69,completado
9683,4684,84,4,2024-09-13,36.46,completado
9684,4685,85,5,2024-09-20,451.21,completado
9685,4686,86,1,2024-09-27,355.7,completado
9686,4687,87,2,2024-10-04,314.72,completado
9687,4688,88,3,2024-10-11,147.09,cancelado
9688,4689,89,4,2024-10-18,109.74,cancelado
9689,4690,90,5,2024-10-25,77.19,devuelto
9690,4691,91,1,2024-11-01,488.21,completado
9691,4692,92,2,2024-11-08,122.96,completado
9692,4693,93,3,2024-11-15,373.54,completado
9693,4694,94,4,2024-11-22,113.28,completado
9694,4695,95,5,2024-11-29,192.47,completado
9695,4696,96,1,2024-12-06,410.03,completado
9696,4697,97,2,2024-12-13,79.56,completado
9697,4698,98,3,2024-12-20,489.18,cancelado
9698,4699,99,4,2024-12-27,352.19,cancelado
9699,4700,100,5,2023-01-04,328.45,devuelto
9700,4701,101,1,2023-01-11,232.34,completado
9701,4702,102,2,2023-01-18,65.98,completado
9702,4703,103,3,2023-01-25,254.46,completado
9703,4704,104,4,2023-02-01,26.54,completado
9704,4705,105,5,2023-02-08,146.2,completado
9705,4706,106,1,2023-02-15,198.25,completado
9706,4707,107,2,2023-02-22,415.32,completado
9707,4708,108,3,2023-03-01,51.4,cancelado
9708,4709,109,4,2023-03-08,146.76,cancelado
9709,4710,110,5,2023-03-15,308.78,devuelto
9710,4711,111,1,2023-03-22,252.73,completado
9711,4712,112,2,2023-03-29,432.76,completado
9712,4713,113,3,2023-04-05,198.48,completado
9713,4714,114,4,2023-04-12,31.76,completado
9714,4715,115,5,2023-04-19,110.81,completado
9715,4716,116,1,2023-04-26,100.37,completado
9716,4717,117,2,2023-05-03,221.23,completado
9717,4718,118,3,2023-05-10,35.61,cancelado
9718,4719,119,4,2023-05-17,159.52,cancelado
9719,4720,120,5,2023-05-24,275.36,devuelto
9720,4721,121,1,2023-05-31,180.42,completado
9721,4722,122,2,2023-06-07,22.74,completado
9722,4723,123,3,2023-06-14,308.28,completado
9723,4724,124,4,2023-06-21,447.65,completado
9724,4725,125,5,2023-06-28,462.12,completado
9725,4726,126,1,2023-07-05,454.65,completado
9726,4727,127,2,2023-07-12,407.02,completado
9727,4728,128,3,2023-07-19,299.57,cancelado
9728,4729,129,4,2023-07-26,381.05,cancelado
9729,4730,130,5,2023-08-02,177.06,devuelto
9730,4731,131,1,2023-08-09,416.33,completado
9731,4732,132,2,2023-08-16,222.7,completado
9732,4733,133,3,2023-08-23,219.5,completado
9733,4734,134,4,2023-08-30,367.32,completado
9734,4735,135,5,2023-09-06,370.35,completado
9735,4736,136,1,2023-09-13,37.99,completado
9736,4737,137,2,2023-09-20,63.51,completado
9737,4738,138,3,2023-09-27,200.17,cancelado
9738,4739,139,4,2023-10-04,363.44,cancelado
9739,4740,140,5,2023-10-11,342.21,devuelto
9740,4741,141,1,2023-10-18,430.67,completado
9741,4742,142,2,2023-10-25,469.61,completado
9742,4743,143,3,2023-11-01,237.12,completado
9743,4744,144,4,2023-11-08,290.58,completado
9744,4745,145,5,2023-11-15,288.47,completado
9745,4746,146,1,2023-11-22,264.27,completado
9746,4747,147,2,2023-11-29,89.65,completado
9747,4748,148,3,2023-12-06,196.83,cancelado
9748,4749,149,4,2023-12-13,375.36,cancelado
9749,4750,150,5,2023-12-20,463.08,devuelto
9750,4751,151,1,2023-12-27,74.62,completado
9751,4752,152,2,2024-01-03,17.44,completado
9752,4753,153,3,2024-01-10,401.8,completado
9753,4754,154,4,2024-01-17,475.97,completado
9754,4755,155,5,2024-01-24,51.91,completado
9755,4756,156,1,2024-01-31,132.47,completado
9756,4757,157,2,2024-02-07,275.97,completado
9757,4758,158,3,2024-02-14,175.39,cancelado
9758,4759,159,4,2024-02-21,203.35,cancelado
9759,4760,160,5,2024-02-28,311.62,devuelto
9760,4761,161,1,2024-03-06,187.23,completado
9761,4762,162,2,2024-03-13,333.02,completado
9762,4763,163,3,2024-03-20,393.39,completado
9763,4764,164,4,2024-03-27,407.03,completado
9764,4765,165,5,2024-04-03,307.92,completado
9765,4766,166,1,2024-04-10,70.91,completado
9766,4767,167,2,2024-04-17,288.54,completado
9767,4768,168,3,2024-04-24,167.28,cancelado
9768,4769,169,4,2024-05-01,139.61,cancelado
9769,4770,170,5,2024-05-08,97.6,devuelto
9770,4771,171,1,2024-05-15,236.73,completado
9771,4772,172,2,2024-05-22,225.56,completado
9772,4773,173,3,2024-05-29,238.56,completado
9773,4774,174,4,2024-06-05,483.28,completado
9774,4775,175,5,2024-06-12,245.3,completado
9775,4776,176,1,2024-06-19,423.72,completado
9776,4777,177,2,2024-06-26,116.74,completado
9777,4778,178,3,2024-07-03,38.71,cancelado
9778,4779,179,4,2024-07-10,470.03,cancelado
9779,4780,180,5,2024-07-17,145.46,devuelto
9780,4781,181,1,2024-07-24,309.06,completado
9781,4782,182,2,2024-07-31,163.87,completado
9782,4783,183,3,2024-08-07,41.38,completado
9783,4784,184,4,2024-08-14,98.1,completado
9784,4785,185,5,2024-08-21,385.33,completado
9785,4786,186,1,2024-08-28,145.31,completado
9786,4787,187,2,2024-09-04,435.84,completado
9787,4788,188,3,2024-09-11,72.34,cancelado
9788,4789,189,4,2024-09-18,318.87,cancelado
9789,4790,190,5,2024-09-25,81.98,devuelto
9790,4791,191,1,2024-10-02,312.8,completado
9791,4792,192,2,2024-10-09,34.29,completado
9792,4793,193,3,2024-10-16,66.08,completado
9793,4794,194,4,2024-10-23,28.87,completado
9794,4795,195,5,2024-10-30,345.38,completado
9795,4796,196,1,2024-11-06,431.68,completado
9796,4797,197,2,2024-11-13,294.15,completado
9797,4798,198,3,2024-11-20,30.56,cancelado
9798,4799,199,4,2024-11-27,361.51,cancelado
9799,4800,200,5,2024-12-04,39.8,devuelto
9800,4801,1,1,2024-12-11,360.13,completado
9801,4802,2,2,2024-12-18,136.94,completado
9802,4803,3,3,2024-12-25,136.15,completado
9803,4804,4,4,2023-01-02,342.41,completado
9804,4805,5,5,2023-01-09,430.17,completado
9805,4806,6,1,2023-01-16,183.13,completado
9806,4807,7,2,2023-01-23,361.98,completado
9807,4808,8,3,2023-01-30,304.28,cancelado
9808,4809,9,4,2023-02-06,181.37,cancelado
9809,4810,10,5,2023-02-13,47.96,devuelto
9810,4811,11,1,2023-02-20,227.47,completado
9811,4812,12,2,2023-02-27,260.41,completado
9812,4813,13,3,2023-03-06,126.12,completado
9813,4814,14,4,2023-03-13,169.64,completado
9814,4815,15,5,2023-03-20,191.97,completado
9815,4816,16,1,2023-03-27,413.12,completado
9816,4817,17,2,2023-04-03,213.83,completado
9817,4818,18,3,2023-04-10,324.52,cancelado
9818,4819,19,4,2023-04-17,439.17,cancelado
9819,4820,20,5,2023-04-24,80.11,devuelto
9820,4821,21,1,2023-05-01,170.0,completado
9821,4822,22,2,2023-05-08,396.2,completado
9822,4823,23,3,2023-05-15,174.14,completado
9823,4824,24,4,2023-05-22,209.99,completado
9824,4825,25,5,2023-05-29,329.47,completado
9825,4826,26,1,2023-06-05,240.64,completado
9826,4827,27,2,2023-06-12,487.02,completado
9827,4828,28,3,2023-06-19,314.74,cancelado
9828,4829,29,4,2023-06-26,88.55,cancelado
9829,4830,30,5,2023-07-03,31.86,devuelto
9830,4831,31,1,2023-07-10,465.85,completado
9831,4832,32,2,2023-07-17,456.82,completado
9832,4833,33,3,2023-07-24,22.51,completado
9833,4834,34,4,2023-07-31,308.43,completado
9834,4835,35,5,2023-08-07,405.94,completado
9835,4836,36,1,2023-08-14,260.29,completado
9836,4837,37,2,2023-08-21,392.63,completado
9837,4838,38,3,2023-08-28,259.01,cancelado
9838,4839,39,4,2023-09-04,294.93,cancelado
9839,4840,40,5,2023-09-11,178.59,devuelto
9840,4841,41,1,2023-09-18,115.29,completado
9841,4842,42,2,2023-09-25,417.06,completado
9842,4843,43,3,2023-10-02,25.97,completado
9843,4844,44,4,2023-10-09,365.87,completado
9844,4845,45,5,2023-10-16,196.73,completado
9845,4846,46,1,2023-10-23,498.93,completado
9846,4847,47,2,2023-10-30,48.44,completado
9847,4848,48,3,2023-11-06,47.88,cancelado
9848,4849,49,4,2023-11-13,468.4,cancelado
9849,4850,50,5,2023-11-20,120.04,devuelto
9850,4851,51,1,2023-11-27,256.71,completado
9851,4852,52,2,2023-12-04,291.48,completado
9852,4853,53,3,2023-12-11,278.63,completado
9853,4854,54,4,2023-12-18,214.86,completado
9854,4855,55,5,2023-12-25,369.19,completado
9855,4856,56,1,2024-01-01,425.32,completado
9856,4857,57,2,2024-01-08,268.6,completado
9857,4858,58,3,2024-01-15,35.2,cancelado
9858,4859,59,4,2024-01-22,241.44,cancelado
9859,4860,60,5,2024-01-29,266.98,devuelto
9860,4861,61,1,2024-02-05,226.1,completado
9861,4862,62,2,2024-02-12,141.9,completado
9862,4863,63,3,2024-02-19,419.64,completado
9863,4864,64,4,2024-02-26,153.6,completado
9864,4865,65,5,2024-03-04,129.57,completado
9865,4866,66,1,2024-03-11,129.11,completado
9866,4867,67,2,2024-03-18,386.15,completado
9867,4868,68,3,2024-03-25,187.36,cancelado
9868,4869,69,4,2024-04-01,233.35,cancelado
9869,4870,70,5,2024-04-08,376.61,devuelto
9870,4871,71,1,2024-04-15,66.55,completado
9871,4872,72,2,2024-04-22,128.11,completado
9872,4873,73,3,2024-04-29,369.07,completado
9873,4874,74,4,2024-05-06,441.31,completado
9874,4875,75,5,2024-05-13,187.32,completado
9875,4876,76,1,2024-05-20,182.47,completado
9876,4877,77,2,2024-05-27,257.77,completado
9877,4878,78,3,2024-06-03,458.17,cancelado
9878,4879,79,4,2024-06-10,330.13,cancelado
9879,4880,80,5,2024-06-17,306.56,devuelto
9880,4881,81,1,2024-06-24,229.99,completado
9881,4882,82,2,2024-07-01,215.24,completado
9882,4883,83,3,2024-07-08,288.98,completado
9883,4884,84,4,2024-07-15,415.12,completado
9884,4885,85,5,2024-07-22,71.39,completado
9885,4886,86,1,2024-07-29,273.43,completado
9886,4887,87,2,2024-08-05,390.46,completado
9887,4888,88,3,2024-08-12,209.73,cancelado
9888,4889,89,4,2024-08-19,296.53,cancelado
9889,4890,90,5,2024-08-26,77.69,devuelto
9890,4891,91,1,2024-09-02,137.54,completado
9891,4892,92,2,2024-09-09,150.57,completado
9892,4893,93,3,2024-09-16,163.78,completado
9893,4894,94,4,2024-09-23,49.94,completado
9894,4895,95,5,2024-09-30,216.3,completado
9895,4896,96,1,2024-10-07,491.79,completado
9896,4897,97,2,2024-10-14,292.25,completado
9897,4898,98,3,2024-10-21,319.99,cancelado
9898,4899,99,4,2024-10-28,388.6,cancelado
9899,4900,100,5,2024-11-04,450.94,devuelto
9900,4901,101,1,2024-11-11,439.44,completado
9901,4902,102,2,2024-11-18,17.6,completado
9902,4903,103,3,2024-11-25,69.19,completado
9903,4904,104,4,2024-12-02,139.05,completado
9904,4905,105,5,2024-12-09,281.74,completado
9905,4906,106,1,2024-12-16,465.76,completado
9906,4907,107,2,2024-12-23,374.0,completado
9907,4908,108,3,2024-12-30,71.93,cancelado
9908,4909,109,4,2023-01-07,26.7,cancelado
9909,4910,110,5,2023-01-14,221.4,devuelto
9910,4911,111,1,2023-01-21,348.12,completado
9911,4912,112,2,2023-01-28,495.07,completado
9912,4913,113,3,2023-02-04,74.87,completado
9913,4914,114,4,2023-02-11,434.77,completado
9914,4915,115,5,2023-02-18,460.13,completado
9915,4916,116,1,2023-02-25,453.09,completado
9916,4917,117,2,2023-03-04,183.64,completado
9917,4918,118,3,2023-03-11,207.14,cancelado
9918,4919,119,4,2023-03-18,282.9,cancelado
9919,4920,120,5,2023-03-25,358.87,devuelto
9920,4921,121,1,2023-04-01,68.32,completado
9921,4922,122,2,2023-04-08,449.74,completado
9922,4923,123,3,2023-04-15,450.19,completado
9923,4924,124,4,2023-04-22,299.82,completado
9924,4925,125,5,2023-04-29,312.15,completado
9925,4926,126,1,2023-05-06,497.13,completado
9926,4927,127,2,2023-05-13,32.17,completado
9927,4928,128,3,2023-05-20,371.99,cancelado
9928,4929,129,4,2023-05-27,183.93,cancelado
9929,4930,130,5,2023-06-03,229.96,devuelto
9930,4931,131,1,2023-06-10,210.35,completado
9931,4932,132,2,2023-06-17,230.38,completado
9932,4933,133,3,2023-06-24,419.05,completado
9933,4934,134,4,2023-07-01,151.75,completado
9934,4935,135,5,2023-07-08,243.78,completado
9935,4936,136,1,2023-07-15,75.96,completado
9936,4937,137,2,2023-07-22,99.89,completado
9937,4938,138,3,2023-07-29,385.32,cancelado
9938,4939,139,4,2023-08-05,459.01,cancelado
9939,4940,140,5,2023-08-12,468.94,devuelto
9940,4941,141,1,2023-08-19,51.06,completado
9941,4942,142,2,2023-08-26,448.84,completado
9942,4943,143,3,2023-09-02,300.84,completado
9943,4944,144,4,2023-09-09,191.24,completado
9944,4945,145,5,2023-09-16,328.21,completado
9945,4946,146,1,2023-09-23,195.89,completado
9946,4947,147,2,2023-09-30,224.91,completado
9947,4948,148,3,2023-10-07,259.25,cancelado
9948,4949,149,4,2023-10-14,298.16,cancelado
9949,4950,150,5,2023-10-21,472.94,devuelto
9950,4951,151,1,2023-10-28,57.48,completado
9951,4952,152,2,2023-11-04,155.7,completado
9952,4953,153,3,2023-11-11,177.15,completado
9953,4954,154,4,2023-11-18,286.42,completado
9954,4955,155,5,2023-11-25,449.68,completado
9955,4956,156,1,2023-12-02,294.12,completado
9956,4957,157,2,2023-12-09,423.59,completado
9957,4958,158,3,2023-12-16,219.08,cancelado
9958,4959,159,4,2023-12-23,168.17,cancelado
9959,4960,160,5,2023-12-30,166.1,devuelto
9960,4961,161,1,2024-01-06,97.42,completado
9961,4962,162,2,2024-01-13,80.17,completado
9962,4963,163,3,2024-01-20,408.85,completado
9963,4964,164,4,2024-01-27,369.97,completado
9964,4965,165,5,2024-02-03,494.71,completado
9965,4966,166,1,2024-02-10,113.23,completado
9966,4967,167,2,2024-02-17,264.38,completado
9967,4968,168,3,2024-02-24,291.82,cancelado
9968,4969,169,4,2024-03-02,311.58,cancelado
9969,4970,170,5,2024-03-09,58.74,devuelto
9970,4971,171,1,2024-03-16,149.55,completado
9971,4972,172,2,2024-03-23,68.09,completado
9972,4973,173,3,2024-03-30,144.19,completado
9973,4974,174,4,2024-04-06,225.07,completado
9974,4975,175,5,2024-04-13,443.82,completado
9975,4976,176,1,2024-04-20,151.35,completado
9976,4977,177,2,2024-04-27,459.67,completado
9977,4978,178,3,2024-05-04,494.51,cancelado
9978,4979,179,4,2024-05-11,379.2,cancelado
9979,4980,180,5,2024-05-18,463.01,devuelto
9980,4981,181,1,2024-05-25,336.55,completado
9981,4982,182,2,2024-06-01,79.09,completado
9982,4983,183,3,2024-06-08,111.35,completado
9983,4984,184,4,2024-06-15,421.01,completado
9984,4985,185,5,2024-06-22,379.88,completado
9985,4986,186,1,2024-06-29,23.4,completado
9986,4987,187,2,2024-07-06,452.25,completado
9987,4988,188,3,2024-07-13,480.33,cancelado
9988,4989,189,4,2024-07-20,274.52,cancelado
9989,4990,190,5,2024-07-27,401.51,devuelto
9990,4991,191,1,2024-08-03,13.27,completado
9991,4992,192,2,2024-08-10,417.93,completado
9992,4993,193,3,2024-08-17,22.63,completado
9993,4994,194,4,2024-08-24,109.54,completado
9994,4995,195,5,2024-08-31,471.48,completado
9995,4996,196,1,2024-09-07,289.87,completado
9996,4997,197,2,2024-09-14,368.72,completado
9997,4998,198,3,2024-09-21,265.24,cancelado
9998,4999,199,4,2024-09-28,417.21,cancelado
9999,5000,200,5,2024-10-05,154.52,devuelto
10000,1,1,1,2024-10-12,63.71,completado
10001,2,2,2,2024-10-19,356.1,completado
10002,3,3,3,2024-10-26,423.92,completado
10003,4,4,4,2024-11-02,227.76,completado
10004,5,5,5,2024-11-09,221.81,completado
10005,6,6,1,2024-11-16,138.9,completado
10006,7,7,2,2024-11-23,433.61,completado
10007,8,8,3,2024-11-30,496.61,cancelado
10008,9,9,4,2024-12-07,368.5,cancelado
10009,10,10,5,2024-12-14,67.07,devuelto
10010,11,11,1,2024-12-21,183.32,completado
10011,12,12,2,2024-12-28,48.74,completado
10012,13,13,3,2023-01-05,398.73,completado
10013,14,14,4,2023-01-12,366.41,completado
10014,15,15,5,2023-01-19,170.29,completado
10015,16,16,1,2023-01-26,258.46,completado
10016,17,17,2,2023-02-02,145.29,completado
10017,18,18,3,2023-02-09,319.01,cancelado
10018,19,19,4,2023-02-16,261.29,cancelado
10019,20,20,5,2023-02-23,390.75,devuelto
10020,21,21,1,2023-03-02,356.34,completado
10021,22,22,2,2023-03-09,164.26,completado
10022,23,23,3,2023-03-16,463.12,completado
10023,24,24,4,2023-03-23,222.36,completado
10024,25,25,5,2023-03-30,466.86,completado
10025,26,26,1,2023-04-06,399.16,completado
10026,27,27,2,2023-04-13,165.59,completado
10027,28,28,3,2023-04-20,422.3,cancelado
10028,29,29,4,2023-04-27,333.95,cancelado
10029,30,30,5,2023-05-04,440.01,devuelto
10030,31,31,1,2023-05-11,27.46,completado
10031,32,32,2,2023-05-18,320.9,completado
10032,33,33,3,2023-05-25,13.91,completado
10033,34,34,4,2023-06-01,77.07,completado
10034,35,35,5,2023-06-08,194.34,completado
10035,36,36,1,2023-06-15,472.15,completado
10036,37,37,2,2023-06-22,339.94,completado
10037,38,38,3,2023-06-29,139.99,cancelado
10038,39,39,4,2023-07-06,84.2,cancelado
10039,40,40,5,2023-07-13,408.8,devuelto
10040,41,41,1,2023-07-20,369.44,completado
10041,42,42,2,2023-07-27,148.47,completado
10042,43,43,3,2023-08-03,107.3,completado
10043,44,44,4,2023-08-10,439.17,completado
10044,45,45,5,2023-08-17,475.91,completado
10045,46,46,1,2023-08-24,430.01,completado
10046,47,47,2,2023-08-31,377.23,completado
10047,48,48,3,2023-09-07,11.57,cancelado
10048,49,49,4,2023-09-14,42.96,cancelado
10049,50,50,5,2023-09-21,283.29,devuelto
10050,51,51,1,2023-09-28,112.19,completado
10051,52,52,2,2023-10-05,97.28,completado
10052,53,53,3,2023-10-12,214.9,completado
10053,54,54,4,2023-10-19,138.91,completado
10054,55,55,5,2023-10-26,196.34,completado
10055,56,56,1,2023-11-02,296.11,completado
10056,57,57,2,2023-11-09,322.48,completado
10057,58,58,3,2023-11-16,247.27,cancelado
10058,59,59,4,2023-11-23,331.9,cancelado
10059,60,60,5,2023-11-30,98.23,devuelto
10060,61,61,1,2023-12-07,157.05,completado
10061,62,62,2,2023-12-14,123.63,completado
10062,63,63,3,2023-12-21,153.14,completado
10063,64,64,4,2023-12-28,247.68,completado
10064,65,65,5,2024-01-04,400.41,completado
10065,66,66,1,2024-01-11,202.18,completado
10066,67,67,2,2024-01-18,184.99,completado
10067,68,68,3,2024-01-25,245.67,cancelado
10068,69,69,4,2024-02-01,57.3,cancelado
10069,70,70,5,2024-02-08,65.06,devuelto
10070,71,71,1,2024-02-15,441.64,completado
10071,72,72,2,2024-02-22,379.93,completado
10072,73,73,3,2024-02-29,150.76,completado
10073,74,74,4,2024-03-07,484.99,completado
10074,75,75,5,2024-03-14,169.44,completado
10075,76,76,1,2024-03-21,334.58,completado
10076,77,77,2,2024-03-28,66.75,completado
10077,78,78,3,2024-04-04,237.72,cancelado
10078,79,79,4,2024-04-11,166.26,cancelado
10079,80,80,5,2024-04-18,65.63,devuelto
10080,81,81,1,2024-04-25,351.51,completado
10081,82,82,2,2024-05-02,355.36,completado
10082,83,83,3,2024-05-09,389.1,completado
10083,84,84,4,2024-05-16,247.03,completado
10084,85,85,5,2024-05-23,404.31,completado
10085,86,86,1,2024-05-30,249.7,completado
10086,87,87,2,2024-06-06,211.88,completado
10087,88,88,3,2024-06-13,125.08,cancelado
10088,89,89,4,2024-06-20,152.56,cancelado
10089,90,90,5,2024-06-27,258.67,devuelto
10090,91,91,1,2024-07-04,446.01,completado
10091,92,92,2,2024-07-11,393.59,completado
10092,93,93,3,2024-07-18,39.79,completado
10093,94,94,4,2024-07-25,388.18,completado
10094,95,95,5,2024-08-01,138.19,completado
10095,96,96,1,2024-08-08,165.63,completado
10096,97,97,2,2024-08-15,201.78,completado
10097,98,98,3,2024-08-22,226.56,cancelado
10098,99,99,4,2024-08-29,205.35,cancelado
10099,100,100,5,2024-09-05,457.06,devuelto
10100,101,101,1,2024-09-12,141.48,completado
10101,102,102,2,2024-09-19,366.81,completado
10102,103,103,3,2024-09-26,176.52,completado
10103,104,104,4,2024-10-03,411.08,completado
10104,105,105,5,2024-10-10,161.17,completado
10105,106,106,1,2024-10-17,210.81,completado
10106,107,107,2,2024-10-24,290.53,completado
10107,108,108,3,2024-10-31,91.6,cancelado
10108,109,109,4,2024-11-07,111.04,cancelado
10109,110,110,5,2024-11-14,316.39,devuelto
10110,111,111,1,2024-11-21,474.46,completado
10111,112,112,2,2024-11-28,310.52,completado
10112,113,113,3,2024-12-05,171.55,completado
10113,114,114,4,2024-12-12,306.43,completado
10114,115,115,5,2024-12-19,19.76,completado
10115,116,116,1,2024-12-26,363.89,completado
10116,117,117,2,2023-01-03,403.18,completado
10117,118,118,3,2023-01-10,54.22,cancelado
10118,119,119,4,2023-01-17,355.32,cancelado
10119,120,120,5,2023-01-24,456.99,devuelto
10120,121,121,1,2023-01-31,385.75,completado
10121,122,122,2,2023-02-07,280.92,completado
10122,123,123,3,2023-02-14,330.92,completado
10123,124,124,4,2023-02-21,264.14,completado
10124,125,125,5,2023-02-28,187.43,completado
10125,126,126,1,2023-03-07,107.24,completado
10126,127,127,2,2023-03-14,86.93,completado
10127,128,128,3,2023-03-21,272.49,cancelado
10128,129,129,4,2023-03-28,431.26,cancelado
10129,130,130,5,2023-04-04,122.37,devuelto
10130,131,131,1,2023-04-11,402.63,completado
10131,132,132,2,2023-04-18,456.22,completado
10132,133,133,3,2023-04-25,172.44,completado
10133,134,134,4,2023-05-02,115.65,completado
10134,135,135,5,2023-05-09,369.33,completado
10135,136,136,1,2023-05-16,470.61,completado
10136,137,137,2,2023-05-23,27.68,completado
10137,138,138,3,2023-05-30,19.81,cancelado
10138,139,139,4,2023-06-06,470.77,cancelado
10139,140,140,5,2023-06-13,60.24,devuelto
10140,141,141,1,2023-06-20,204.99,completado
10141,142,142,2,2023-06-27,247.6,completado
10142,143,143,3,2023-07-04,86.9,completado
10143,144,144,4,2023-07-11,157.72,completado
10144,145,145,5,2023-07-18,122.7,completado
10145,146,146,1,2023-07-25,388.48,completado
10146,147,147,2,2023-08-01,131.18,completado
10147,148,148,3,2023-08-08,143.5,cancelado
10148,149,149,4,2023-08-15,70.58,cancelado
10149,150,150,5,2023-08-22,394.19,devuelto
10150,151,151,1,2023-08-29,331.09,completado
10151,152,152,2,2023-09-05,74.28,completado
10152,153,153,3,2023-09-12,372.86,completado
10153,154,154,4,2023-09-19,142.3,completado
10154,155,155,5,2023-09-26,51.61,completado
10155,156,156,1,2023-10-03,46.21,completado
10156,157,157,2,2023-10-10,363.84,completado
10157,158,158,3,2023-10-17,383.57,cancelado
10158,159,159,4,2023-10-24,213.54,cancelado
10159,160,160,5,2023-10-31,17.22,devuelto
10160,161,161,1,2023-11-07,416.82,completado
10161,162,162,2,2023-11-14,306.39,completado
10162,163,163,3,2023-11-21,84.41,completado
10163,164,164,4,2023-11-28,370.58,completado
10164,165,165,5,2023-12-05,398.38,completado
10165,166,166,1,2023-12-12,105.2,completado
10166,167,167,2,2023-12-19,306.79,completado
10167,168,168,3,2023-12-26,162.97,cancelado
10168,169,169,4,2024-01-02,168.63,cancelado
10169,170,170,5,2024-01-09,261.05,devuelto
10170,171,171,1,2024-01-16,21.48,completado
10171,172,172,2,2024-01-23,144.28,completado
10172,173,173,3,2024-01-30,109.31,completado
10173,174,174,4,2024-02-06,139.49,completado
10174,175,175,5,2024-02-13,331.46,completado
10175,176,176,1,2024-02-20,240.99,completado
10176,177,177,2,2024-02-27,152.71,completado
10177,178,178,3,2024-03-05,55.6,cancelado
10178,179,179,4,2024-03-12,483.77,cancelado
10179,180,180,5,2024-03-19,284.89,devuelto
10180,181,181,1,2024-03-26,246.84,completado
10181,182,182,2,2024-04-02,454.76,completado
10182,183,183,3,2024-04-09,271.27,completado
10183,184,184,4,2024-04-16,129.86,completado
10184,185,185,5,2024-04-23,18.43,completado
10185,186,186,1,2024-04-30,253.55,completado
10186,187,187,2,2024-05-07,202.89,completado
10187,188,188,3,2024-05-14,192.64,cancelado
10188,189,189,4,2024-05-21,277.82,cancelado
10189,190,190,5,2024-05-28,63.07,devuelto
10190,191,191,1,2024-06-04,119.79,completado
10191,192,192,2,2024-06-11,487.84,completado
10192,193,193,3,2024-06-18,204.7,completado
10193,194,194,4,2024-06-25,123.74,completado
10194,195,195,5,2024-07-02,191.21,completado
10195,196,196,1,2024-07-09,285.95,completado
10196,197,197,2,2024-07-16,324.98,completado
10197,198,198,3,2024-07-23,172.89,cancelado
10198,199,199,4,2024-07-30,406.74,cancelado
10199,200,200,5,2024-08-06,488.15,devuelto
10200,201,1,1,2024-08-13,56.74,completado
10201,202,2,2,2024-08-20,92.94,completado
10202,203,3,3,2024-08-27,433.77,completado
10203,204,4,4,2024-09-03,250.01,completado
10204,205,5,5,2024-09-10,132.48,completado
10205,206,6,1,2024-09-17,79.25,completado
10206,207,7,2,2024-09-24,312.08,completado
10207,208,8,3,2024-10-01,242.02,cancelado
10208,209,9,4,2024-10-08,364.29,cancelado
10209,210,10,5,2024-10-15,287.65,devuelto
10210,211,11,1,2024-10-22,123.89,completado
10211,212,12,2,2024-10-29,386.03,completado
10212,213,13,3,2024-11-05,133.49,completado
10213,214,14,4,2024-11-12,162.61,completado
10214,215,15,5,2024-11-19,175.56,completado
10215,216,16,1,2024-11-26,83.8,completado
10216,217,17,2,2024-12-03,167.51,completado
10217,218,18,3,2024-12-10,287.0,cancelado
10218,219,19,4,2024-12-17,209.2,cancelado
10219,220,20,5,2024-12-24,12.73,devuelto
10220,221,21,1,2023-01-01,348.29,completado
10221,222,22,2,2023-01-08,379.97,completado
10222,223,23,3,2023-01-15,399.4,completado
10223,224,24,4,2023-01-22,277.34,completado
10224,225,25,5,2023-01-29,163.38,completado
10225,226,26,1,2023-02-05,329.48,completado
10226,227,27,2,2023-02-12,167.7,completado
10227,228,28,3,2023-02-19,357.35,cancelado
10228,229,29,4,2023-02-26,262.07,cancelado
10229,230,30,5,2023-03-05,430.74,devuelto
10230,231,31,1,2023-03-12,496.45,completado
10231,232,32,2,2023-03-19,49.9,completado
10232,233,33,3,2023-03-26,61.47,completado
10233,234,34,4,2023-04-02,352.64,completado
10234,235,35,5,2023-04-09,194.09,completado
10235,236,36,1,2023-04-16,380.87,completado
10236,237,37,2,2023-04-23,89.43,completado
10237,238,38,3,2023-04-30,376.59,cancelado
10238,239,39,4,2023-05-07,91.44,cancelado
10239,240,40,5,2023-05-14,224.42,devuelto
10240,241,41,1,2023-05-21,486.24,completado
10241,242,42,2,2023-05-28,29.14,completado
10242,243,43,3,2023-06-04,217.85,completado
10243,244,44,4,2023-06-11,93.65,completado
10244,245,45,5,2023-06-18,403.55,completado
10245,246,46,1,2023-06-25,248.72,completado
10246,247,47,2,2023-07-02,377.01,completado
10247,248,48,3,2023-07-09,278.07,cancelado
10248,249,49,4,2023-07-16,205.71,cancelado
10249,250,50,5,2023-07-23,155.41,devuelto
10250,251,51,1,2023-07-30,223.38,completado
10251,252,52,2,2023-08-06,154.17,completado
10252,253,53,3,2023-08-13,461.77,completado
10253,254,54,4,2023-08-20,341.57,completado
10254,255,55,5,2023-08-27,266.02,completado
10255,256,56,1,2023-09-03,311.4,completado
10256,257,57,2,2023-09-10,192.1,completado
10257,258,58,3,2023-09-17,328.61,cancelado
10258,259,59,4,2023-09-24,79.34,cancelado
10259,260,60,5,2023-10-01,266.39,devuelto
10260,261,61,1,2023-10-08,110.19,completado
10261,262,62,2,2023-10-15,310.86,completado
10262,263,63,3,2023-10-22,360.09,completado
10263,264,64,4,2023-10-29,264.5,completado
10264,265,65,5,2023-11-05,133.11,completado
10265,266,66,1,2023-11-12,236.81,completado
10266,267,67,2,2023-11-19,468.74,completado
10267,268,68,3,2023-11-26,464.27,cancelado
10268,269,69,4,2023-12-03,362.86,cancelado
10269,270,70,5,2023-12-10,427.67,devuelto
10270,271,71,1,2023-12-17,76.32,completado
10271,272,72,2,2023-12-24,266.95,completado
10272,273,73,3,2023-12-31,416.41,completado
10273,274,74,4,2024-01-07,14.81,completado
10274,275,75,5,2024-01-14,213.99,completado
10275,276,76,1,2024-01-21,83.67,completado
10276,277,77,2,2024-01-28,42.85,completado
10277,278,78,3,2024-02-04,488.72,cancelado
10278,279,79,4,2024-02-11,162.8,cancelado
10279,280,80,5,2024-02-18,101.96,devuelto
10280,281,81,1,2024-02-25,350.08,completado
10281,282,82,2,2024-03-03,273.49,completado
10282,283,83,3,2024-03-10,172.21,completado
10283,284,84,4,2024-03-17,39.94,completado
10284,285,85,5,2024-03-24,239.66,completado
10285,286,86,1,2024-03-31,86.66,completado
10286,287,87,2,2024-04-07,181.72,completado
10287,288,88,3,2024-04-14,283.99,cancelado
10288,289,89,4,2024-04-21,120.75,cancelado
10289,290,90,5,2024-04-28,318.12,devuelto
10290,291,91,1,2024-05-05,464.66,completado
10291,292,92,2,2024-05-12,144.54,completado
10292,293,93,3,2024-05-19,412.17,completado
10293,294,94,4,2024-05-26,435.37,completado
10294,295,95,5,2024-06-02,296.39,completado
10295,296,96,1,2024-06-09,159.82,completado
10296,297,97,2,2024-06-16,316.01,completado
10297,298,98,3,2024-06-23,207.6,cancelado
10298,299,99,4,2024-06-30,134.83,cancelado
10299,300,100,5,2024-07-07,275.1,devuelto
10300,301,101,1,2024-07-14,333.09,completado
10301,302,102,2,2024-07-21,47.96,completado
10302,303,103,3,2024-07-28,84.69,completado
10303,304,104,4,2024-08-04,368.02,completado
10304,305,105,5,2024-08-11,147.19,completado
10305,306,106,1,2024-08-18,138.84,completado
10306,307,107,2,2024-08-25,60.14,completado
10307,308,108,3,2024-09-01,400.47,cancelado
10308,309,109,4,2024-09-08,297.79,cancelado
10309,310,110,5,2024-09-15,385.37,devuelto
10310,311,111,1,2024-09-22,171.78,completado
10311,312,112,2,2024-09-29,388.27,completado
10312,313,113,3,2024-10-06,300.16,completado
10313,314,114,4,2024-10-13,145.85,completado
10314,315,115,5,2024-10-20,405.58,completado
10315,316,116,1,2024-10-27,436.95,completado
10316,317,117,2,2024-11-03,337.56,completado
10317,318,118,3,2024-11-10,241.97,cancelado
10318,319,119,4,2024-11-17,92.37,cancelado
10319,320,120,5,2024-11-24,393.85,devuelto
10320,321,121,1,2024-12-01,494.65,completado
10321,322,122,2,2024-12-08,54.76,completado
10322,323,123,3,2024-12-15,403.64,completado
10323,324,124,4,2024-12-22,81.78,completado
10324,325,125,5,2024-12-29,90.76,completado
10325,326,126,1,2023-01-06,438.56,completado
10326,327,127,2,2023-01-13,168.44,completado
10327,328,128,3,2023-01-20,449.02,cancelado
10328,329,129,4,2023-01-27,35.57,cancelado
10329,330,130,5,2023-02-03,260.74,devuelto
10330,331,131,1,2023-02-10,225.45,completado
10331,332,132,2,2023-02-17,335.77,completado
10332,333,133,3,2023-02-24,170.27,completado
10333,334,134,4,2023-03-03,255.18,completado
10334,335,135,5,2023-03-10,67.48,completado
10335,336,136,1,2023-03-17,284.47,completado
10336,337,137,2,2023-03-24,194.88,completado
10337,338,138,3,2023-03-31,198.91,cancelado
10338,339,139,4,2023-04-07,242.49,cancelado
10339,340,140,5,2023-04-14,162.76,devuelto
10340,341,141,1,2023-04-21,265.77,completado
10341,342,142,2,2023-04-28,270.04,completado
10342,343,143,3,2023-05-05,442.81,completado
10343,344,144,4,2023-05-12,422.67,completado
10344,345,145,5,2023-05-19,478.13,completado
10345,346,146,1,2023-05-26,473.29,completado
10346,347,147,2,2023-06-02,418.47,completado
10347,348,148,3,2023-06-09,358.56,cancelado
10348,349,149,4,2023-06-16,421.54,cancelado
10349,350,150,5,2023-06-23,284.64,devuelto
10350,351,151,1,2023-06-30,250.15,completado
10351,352,152,2,2023-07-07,396.59,completado
10352,353,153,3,2023-07-14,345.83,completado
10353,354,154,4,2023-07-21,283.37,completado
10354,355,155,5,2023-07-28,223.35,completado
10355,356,156,1,2023-08-04,180.61,completado
10356,357,157,2,2023-08-11,22.39,completado
10357,358,158,3,2023-08-18,189.19,cancelado
10358,359,159,4,2023-08-25,238.38,cancelado
10359,360,160,5,2023-09-01,338.32,devuelto
10360,361,161,1,2023-09-08,366.96,completado
10361,362,162,2,2023-09-15,114.75,completado
10362,363,163,3,2023-09-22,284.3,completado
10363,364,164,4,2023-09-29,498.97,completado
10364,365,165,5,2023-10-06,470.31,completado
10365,366,166,1,2023-10-13,197.4,completado
10366,367,167,2,2023-10-20,97.71,completado
10367,368,168,3,2023-10-27,376.34,cancelado
10368,369,169,4,2023-11-03,15.23,cancelado
10369,370,170,5,2023-11-10,226.62,devuelto
10370,371,171,1,2023-11-17,267.74,completado
10371,372,172,2,2023-11-24,12.75,completado
10372,373,173,3,2023-12-01,162.09,completado
10373,374,174,4,2023-12-08,56.11,completado
10374,375,175,5,2023-12-15,190.75,completado
10375,376,176,1,2023-12-22,134.34,completado
10376,377,177,2,2023-12-29,461.57,completado
10377,378,178,3,2024-01-05,307.32,cancelado
10378,379,179,4,2024-01-12,26.43,cancelado
10379,380,180,5,2024-01-19,144.73,devuelto
10380,381,181,1,2024-01-26,244.58,completado
10381,382,182,2,2024-02-02,31.52,completado
10382,383,183,3,2024-02-09,350.79,completado
10383,384,184,4,2024-02-16,133.99,completado
10384,385,185,5,2024-02-23,316.38,completado
10385,386,186,1,2024-03-01,485.86,completado
10386,387,187,2,2024-03-08,413.43,completado
10387,388,188,3,2024-03-15,432.96,cancelado
10388,389,189,4,2024-03-22,464.51,cancelado
10389,390,190,5,2024-03-29,498.64,devuelto
10390,391,191,1,2024-04-05,319.8,completado
10391,392,192,2,2024-04-12,250.25,completado
10392,393,193,3,2024-04-19,241.99,completado
10393,394,194,4,2024-04-26,438.72,completado
10394,395,195,5,2024-05-03,377.79,completado
10395,396,196,1,2024-05-10,405.64,completado
10396,397,197,2,2024-05-17,28.71,completado
10397,398,198,3,2024-05-24,24.13,cancelado
10398,399,199,4,2024-05-31,448.19,cancelado
10399,400,200,5,2024-06-07,85.06,devuelto
10400,401,1,1,2024-06-14,370.74,completado
10401,402,2,2,2024-06-21,436.75,completado
10402,403,3,3,2024-06-28,74.51,completado
10403,404,4,4,2024-07-05,215.59,completado
10404,405,5,5,2024-07-12,424.44,completado
10405,406,6,1,2024-07-19,37.46,completado
10406,407,7,2,2024-07-26,322.36,completado
10407,408,8,3,2024-08-02,40.54,cancelado
10408,409,9,4,2024-08-09,57.76,cancelado
10409,410,10,5,2024-08-16,276.6,devuelto
10410,411,11,1,2024-08-23,491.87,completado
10411,412,12,2,2024-08-30,105.15,completado
10412,413,13,3,2024-09-06,310.86,completado
10413,414,14,4,2024-09-13,18.17,completado
10414,415,15,5,2024-09-20,420.26,completado
10415,416,16,1,2024-09-27,425.63,completado
10416,417,17,2,2024-10-04,165.08,completado
10417,418,18,3,2024-10-11,357.56,cancelado
10418,419,19,4,2024-10-18,453.81,cancelado
10419,420,20,5,2024-10-25,297.56,devuelto
10420,421,21,1,2024-11-01,472.71,completado
10421,422,22,2,2024-11-08,263.01,completado
10422,423,23,3,2024-11-15,470.87,completado
10423,424,24,4,2024-11-22,207.55,completado
10424,425,25,5,2024-11-29,420.48,completado
10425,426,26,1,2024-12-06,338.12,completado
10426,427,27,2,2024-12-13,41.83,completado
10427,428,28,3,2024-12-20,414.27,cancelado
10428,429,29,4,2024-12-27,255.75,cancelado
10429,430,30,5,2023-01-04,367.19,devuelto
10430,431,31,1,2023-01-11,51.14,completado
10431,432,32,2,2023-01-18,227.27,completado
10432,433,33,3,2023-01-25,145.01,completado
10433,434,34,4,2023-02-01,107.35,completado
10434,435,35,5,2023-02-08,257.68,completado
10435,436,36,1,2023-02-15,94.75,completado
10436,437,37,2,2023-02-22,375.95,completado
10437,438,38,3,2023-03-01,420.55,cancelado
10438,439,39,4,2023-03-08,11.58,cancelado
10439,440,40,5,2023-03-15,144.14,devuelto
10440,441,41,1,2023-03-22,181.84,completado
10441,442,42,2,2023-03-29,177.31,completado
10442,443,43,3,2023-04-05,288.4,completado
10443,444,44,4,2023-04-12,351.18,completado
10444,445,45,5,2023-04-19,287.43,completado
10445,446,46,1,2023-04-26,236.87,completado
10446,447,47,2,2023-05-03,66.97,completado
10447,448,48,3,2023-05-10,54.38,cancelado
10448,449,49,4,2023-05-17,367.48,cancelado
10449,450,50,5,2023-05-24,100.97,devuelto
10450,451,51,1,2023-05-31,299.66,completado
10451,452,52,2,2023-06-07,483.23,completado
10452,453,53,3,2023-06-14,385.69,completado
10453,454,54,4,2023-06-21,396.48,completado
10454,455,55,5,2023-06-28,116.59,completado
10455,456,56,1,2023-07-05,193.52,completado
10456,457,57,2,2023-07-12,49.82,completado
10457,458,58,3,2023-07-19,364.9,cancelado
10458,459,59,4,2023-07-26,130.9,cancelado
10459,460,60,5,2023-08-02,420.28,devuelto
10460,461,61,1,2023-08-09,324.74,completado
10461,462,62,2,2023-08-16,451.72,completado
10462,463,63,3,2023-08-23,103.63,completado
10463,464,64,4,2023-08-30,380.36,completado
10464,465,65,5,2023-09-06,75.04,completado
10465,466,66,1,2023-09-13,36.13,completado
10466,467,67,2,2023-09-20,355.9,completado
10467,468,68,3,2023-09-27,97.22,cancelado
10468,469,69,4,2023-10-04,78.81,cancelado
10469,470,70,5,2023-10-11,164.62,devuelto
10470,471,71,1,2023-10-18,120.72,completado
10471,472,72,2,2023-10-25,102.24,completado
10472,473,73,3,2023-11-01,442.95,completado
10473,474,74,4,2023-11-08,96.78,completado
10474,475,75,5,2023-11-15,154.52,completado
10475,476,76,1,2023-11-22,351.8,completado
10476,477,77,2,2023-11-29,139.63,completado
10477,478,78,3,2023-12-06,250.04,cancelado
10478,479,79,4,2023-12-13,293.56,cancelado
10479,480,80,5,2023-12-20,180.94,devuelto
10480,481,81,1,2023-12-27,324.49,completado
10481,482,82,2,2024-01-03,230.34,completado
10482,483,83,3,2024-01-10,319.2,completado
10483,484,84,4,2024-01-17,417.55,completado
10484,485,85,5,2024-01-24,28.0,completado
10485,486,86,1,2024-01-31,419.01,completado
10486,487,87,2,2024-02-07,198.98,completado
10487,488,88,3,2024-02-14,273.59,cancelado
10488,489,89,4,2024-02-21,113.22,cancelado
10489,490,90,5,2024-02-28,354.07,devuelto
10490,491,91,1,2024-03-06,179.99,completado
10491,492,92,2,2024-03-13,407.35,completado
10492,493,93,3,2024-03-20,400.17,completado
10493,494,94,4,2024-03-27,111.65,completado
10494,495,95,5,2024-04-03,352.83,completado
10495,496,96,1,2024-04-10,256.84,completado
10496,497,97,2,2024-04-17,416.63,completado
10497,498,98,3,2024-04-24,399.2,cancelado
10498,499,99,4,2024-05-01,54.47,cancelado
10499,500,100,5,2024-05-08,388.97,devuelto
10500,501,101,1,2024-05-15,136.52,completado
10501,502,102,2,2024-05-22,239.17,completado
10502,503,103,3,2024-05-29,25.41,completado
10503,504,104,4,2024-06-05,66.5,completado
10504,505,105,5,2024-06-12,332.58,completado
10505,506,106,1,2024-06-19,101.35,completado
10506,507,107,2,2024-06-26,78.51,completado
10507,508,108,3,2024-07-03,297.54,cancelado
10508,509,109,4,2024-07-10,192.42,cancelado
10509,510,110,5,2024-07-17,195.18,devuelto
10510,511,111,1,2024-07-24,298.31,completado
10511,512,112,2,2024-07-31,26.59,completado
10512,513,113,3,2024-08-07,353.63,completado
10513,514,114,4,2024-08-14,318.44,completado
10514,515,115,5,2024-08-21,435.97,completado
10515,516,116,1,2024-08-28,13.87,completado
10516,517,117,2,2024-09-04,216.49,completado
10517,518,118,3,2024-09-11,174.01,cancelado
10518,519,119,4,2024-09-18,327.46,cancelado
10519,520,120,5,2024-09-25,59.1,devuelto
10520,521,121,1,2024-10-02,457.44,completado
10521,522,122,2,2024-10-09,160.08,completado
10522,523,123,3,2024-10-16,238.75,completado
10523,524,124,4,2024-10-23,101.22,completado
10524,525,125,5,2024-10-30,20.66,completado
10525,526,126,1,2024-11-06,406.52,completado
10526,527,127,2,2024-11-13,233.66,completado
10527,528,128,3,2024-11-20,292.22,cancelado
10528,529,129,4,2024-11-27,223.13,cancelado
10529,530,130,5,2024-12-04,205.67,devuelto
10530,531,131,1,2024-12-11,418.71,completado
10531,532,132,2,2024-12-18,133.76,completado
10532,533,133,3,2024-12-25,192.88,completado
10533,534,134,4,2023-01-02,175.56,completado
10534,535,135,5,2023-01-09,342.49,completado
10535,536,136,1,2023-01-16,157.08,completado
10536,537,137,2,2023-01-23,485.68,completado
10537,538,138,3,2023-01-30,439.94,cancelado
10538,539,139,4,2023-02-06,383.95,cancelado
10539,540,140,5,2023-02-13,451.42,devuelto
10540,541,141,1,2023-02-20,258.41,completado
10541,542,142,2,2023-02-27,216.28,completado
10542,543,143,3,2023-03-06,389.3,completado
10543,544,144,4,2023-03-13,477.45,completado
10544,545,145,5,2023-03-20,206.37,completado
10545,546,146,1,2023-03-27,23.99,completado
10546,547,147,2,2023-04-03,260.98,completado
10547,548,148,3,2023-04-10,461.95,cancelado
10548,549,149,4,2023-04-17,444.43,cancelado
10549,550,150,5,2023-04-24,482.97,devuelto
10550,551,151,1,2023-05-01,471.99,completado
10551,552,152,2,2023-05-08,107.25,completado
10552,553,153,3,2023-05-15,486.49,completado
10553,554,154,4,2023-05-22,378.41,completado
10554,555,155,5,2023-05-29,73.65,completado
10555,556,156,1,2023-06-05,173.24,completado
10556,557,157,2,2023-06-12,480.36,completado
10557,558,158,3,2023-06-19,485.46,cancelado
10558,559,159,4,2023-06-26,161.54,cancelado
10559,560,160,5,2023-07-03,385.25,devuelto
10560,561,161,1,2023-07-10,402.73,completado
10561,562,162,2,2023-07-17,234.77,completado
10562,563,163,3,2023-07-24,91.02,completado
10563,564,164,4,2023-07-31,10.41,completado
10564,565,165,5,2023-08-07,82.27,completado
10565,566,166,1,2023-08-14,442.65,completado
10566,567,167,2,2023-08-21,157.63,completado
10567,568,168,3,2023-08-28,49.38,cancelado
10568,569,169,4,2023-09-04,125.73,cancelado
10569,570,170,5,2023-09-11,109.63,devuelto
10570,571,171,1,2023-09-18,54.18,completado
10571,572,172,2,2023-09-25,129.92,completado
10572,573,173,3,2023-10-02,345.51,completado
10573,574,174,4,2023-10-09,424.38,completado
10574,575,175,5,2023-10-16,193.39,completado
10575,576,176,1,2023-10-23,243.9,completado
10576,577,177,2,2023-10-30,178.91,completado
10577,578,178,3,2023-11-06,240.69,cancelado
10578,579,179,4,2023-11-13,346.53,cancelado
10579,580,180,5,2023-11-20,352.4,devuelto
10580,581,181,1,2023-11-27,457.29,completado
10581,582,182,2,2023-12-04,337.53,completado
10582,583,183,3,2023-12-11,417.36,completado
10583,584,184,4,2023-12-18,356.05,completado
10584,585,185,5,2023-12-25,383.9,completado
10585,586,186,1,2024-01-01,56.95,completado
10586,587,187,2,2024-01-08,72.97,completado
10587,588,188,3,2024-01-15,383.89,cancelado
10588,589,189,4,2024-01-22,75.43,cancelado
10589,590,190,5,2024-01-29,388.9,devuelto
10590,591,191,1,2024-02-05,450.03,completado
10591,592,192,2,2024-02-12,411.7,completado
10592,593,193,3,2024-02-19,367.88,completado
10593,594,194,4,2024-02-26,218.05,completado
10594,595,195,5,2024-03-04,202.99,completado
10595,596,196,1,2024-03-11,45.11,completado
10596,597,197,2,2024-03-18,249.27,completado
10597,598,198,3,2024-03-25,372.81,cancelado
10598,599,199,4,2024-04-01,297.35,cancelado
10599,600,200,5,2024-04-08,118.63,devuelto
10600,601,1,1,2024-04-15,308.18,completado
10601,602,2,2,2024-04-22,386.24,completado
10602,603,3,3,2024-04-29,190.87,completado
10603,604,4,4,2024-05-06,176.53,completado
10604,605,5,5,2024-05-13,413.39,completado
10605,606,6,1,2024-05-20,309.18,completado
10606,607,7,2,2024-05-27,378.33,completado
10607,608,8,3,2024-06-03,458.15,cancelado
10608,609,9,4,2024-06-10,326.33,cancelado
10609,610,10,5,2024-06-17,77.66,devuelto
10610,611,11,1,2024-06-24,102.11,completado
10611,612,12,2,2024-07-01,113.5,completado
10612,613,13,3,2024-07-08,223.35,completado
10613,614,14,4,2024-07-15,176.4,completado
10614,615,15,5,2024-07-22,330.48,completado
10615,616,16,1,2024-07-29,218.6,completado
10616,617,17,2,2024-08-05,149.63,completado
10617,618,18,3,2024-08-12,199.54,cancelado
10618,619,19,4,2024-08-19,412.42,cancelado
10619,620,20,5,2024-08-26,27.07,devuelto
10620,621,21,1,2024-09-02,479.67,completado
10621,622,22,2,2024-09-09,216.65,completado
10622,623,23,3,2024-09-16,90.14,completado
10623,624,24,4,2024-09-23,344.35,completado
10624,625,25,5,2024-09-30,418.77,completado
10625,626,26,1,2024-10-07,237.81,completado
10626,627,27,2,2024-10-14,50.49,completado
10627,628,28,3,2024-10-21,346.17,cancelado
10628,629,29,4,2024-10-28,59.69,cancelado
10629,630,30,5,2024-11-04,432.61,devuelto
10630,631,31,1,2024-11-11,403.74,completado
10631,632,32,2,2024-11-18,15.99,completado
10632,633,33,3,2024-11-25,166.32,completado
10633,634,34,4,2024-12-02,291.59,completado
10634,635,35,5,2024-12-09,198.16,completado
10635,636,36,1,2024-12-16,232.8,completado
10636,637,37,2,2024-12-23,248.21,completado
10637,638,38,3,2024-12-30,480.36,cancelado
10638,639,39,4,2023-01-07,206.83,cancelado
10639,640,40,5,2023-01-14,387.97,devuelto
10640,641,41,1,2023-01-21,158.45,completado
10641,642,42,2,2023-01-28,136.74,completado
10642,643,43,3,2023-02-04,320.72,completado
10643,644,44,4,2023-02-11,305.78,completado
10644,645,45,5,2023-02-18,403.19,completado
10645,646,46,1,2023-02-25,230.63,completado
10646,647,47,2,2023-03-04,192.68,completado
10647,648,48,3,2023-03-11,242.04,cancelado
10648,649,49,4,2023-03-18,174.18,cancelado
10649,650,50,5,2023-03-25,272.16,devuelto
10650,651,51,1,2023-04-01,188.78,completado
10651,652,52,2,2023-04-08,394.89,completado
10652,653,53,3,2023-04-15,490.56,completado
10653,654,54,4,2023-04-22,270.54,completado
10654,655,55,5,2023-04-29,197.9,completado
10655,656,56,1,2023-05-06,340.61,completado
10656,657,57,2,2023-05-13,83.69,completado
10657,658,58,3,2023-05-20,175.19,cancelado
10658,659,59,4,2023-05-27,467.75,cancelado
10659,660,60,5,2023-06-03,299.17,devuelto
10660,661,61,1,2023-06-10,106.83,completado
10661,662,62,2,2023-06-17,408.29,completado
10662,663,63,3,2023-06-24,366.54,completado
10663,664,64,4,2023-07-01,232.94,completado
10664,665,65,5,2023-07-08,33.79,completado
10665,666,66,1,2023-07-15,148.04,completado
10666,667,67,2,2023-07-22,69.56,completado
10667,668,68,3,2023-07-29,249.91,cancelado
10668,669,69,4,2023-08-05,189.88,cancelado
10669,670,70,5,2023-08-12,445.69,devuelto
10670,671,71,1,2023-08-19,346.33,completado
10671,672,72,2,2023-08-26,133.64,completado
10672,673,73,3,2023-09-02,175.36,completado
10673,674,74,4,2023-09-09,155.11,completado
10674,675,75,5,2023-09-16,411.39,completado
10675,676,76,1,2023-09-23,275.95,completado
10676,677,77,2,2023-09-30,97.58,completado
10677,678,78,3,2023-10-07,184.87,cancelado
10678,679,79,4,2023-10-14,18.58,cancelado
10679,680,80,5,2023-10-21,169.07,devuelto
10680,681,81,1,2023-10-28,321.63,completado
10681,682,82,2,2023-11-04,301.93,completado
10682,683,83,3,2023-11-11,185.05,completado
10683,684,84,4,2023-11-18,27.94,completado
10684,685,85,5,2023-11-25,371.95,completado
10685,686,86,1,2023-12-02,131.83,completado
10686,687,87,2,2023-12-09,51.18,completado
10687,688,88,3,2023-12-16,56.34,cancelado
10688,689,89,4,2023-12-23,366.13,cancelado
10689,690,90,5,2023-12-30,320.13,devuelto
10690,691,91,1,2024-01-06,221.24,completado
10691,692,92,2,2024-01-13,144.6,completado
10692,693,93,3,2024-01-20,486.21,completado
10693,694,94,4,2024-01-27,347.61,completado
10694,695,95,5,2024-02-03,129.61,completado
10695,696,96,1,2024-02-10,414.53,completado
10696,697,97,2,2024-02-17,419.11,completado
10697,698,98,3,2024-02-24,369.02,cancelado
10698,699,99,4,2024-03-02,266.54,cancelado
10699,700,100,5,2024-03-09,234.63,devuelto
10700,701,101,1,2024-03-16,47.5,completado
10701,702,102,2,2024-03-23,192.67,completado
10702,703,103,3,2024-03-30,81.91,completado
10703,704,104,4,2024-04-06,488.65,completado
10704,705,105,5,2024-04-13,322.53,completado
10705,706,106,1,2024-04-20,442.2,completado
10706,707,107,2,2024-04-27,197.14,completado
10707,708,108,3,2024-05-04,490.33,cancelado
10708,709,109,4,2024-05-11,48.59,cancelado
10709,710,110,5,2024-05-18,464.45,devuelto
10710,711,111,1,2024-05-25,377.14,completado
10711,712,112,2,2024-06-01,217.04,completado
10712,713,113,3,2024-06-08,20.97,completado
10713,714,114,4,2024-06-15,475.68,completado
10714,715,115,5,2024-06-22,135.86,completado
10715,716,116,1,2024-06-29,329.92,completado
10716,717,117,2,2024-07-06,442.63,completado
10717,718,118,3,2024-07-13,420.06,cancelado
10718,719,119,4,2024-07-20,222.38,cancelado
10719,720,120,5,2024-07-27,67.05,devuelto
10720,721,121,1,2024-08-03,103.91,completado
10721,722,122,2,2024-08-10,137.88,completado
10722,723,123,3,2024-08-17,158.57,completado
10723,724,124,4,2024-08-24,261.88,completado
10724,725,125,5,2024-08-31,428.58,completado
10725,726,126,1,2024-09-07,129.44,completado
10726,727,127,2,2024-09-14,401.49,completado
10727,728,128,3,2024-09-21,193.38,cancelado
10728,729,129,4,2024-09-28,241.73,cancelado
10729,730,130,5,2024-10-05,382.75,devuelto
10730,731,131,1,2024-10-12,224.1,completado
10731,732,132,2,2024-10-19,375.97,completado
10732,733,133,3,2024-10-26,391.37,completado
10733,734,134,4,2024-11-02,145.66,completado
10734,735,135,5,2024-11-09,339.01,completado
10735,736,136,1,2024-11-16,306.27,completado
10736,737,137,2,2024-11-23,455.78,completado
10737,738,138,3,2024-11-30,342.32,cancelado
10738,739,139,4,2024-12-07,143.61,cancelado
10739,740,140,5,2024-12-14,209.52,devuelto
10740,741,141,1,2024-12-21,19.17,completado
10741,742,142,2,2024-12-28,213.02,completado
10742,743,143,3,2023-01-05,73.59,completado
10743,744,144,4,2023-01-12,140.86,completado
10744,745,145,5,2023-01-19,303.55,completado
10745,746,146,1,2023-01-26,488.19,completado
10746,747,147,2,2023-02-02,165.9,completado
10747,748,148,3,2023-02-09,118.45,cancelado
10748,749,149,4,2023-02-16,18.86,cancelado
10749,750,150,5,2023-02-23,169.06,devuelto
10750,751,151,1,2023-03-02,41.22,completado
10751,752,152,2,2023-03-09,151.04,completado
10752,753,153,3,2023-03-16,358.9,completado
10753,754,154,4,2023-03-23,415.22,completado
10754,755,155,5,2023-03-30,298.08,completado
10755,756,156,1,2023-04-06,321.04,completado
10756,757,157,2,2023-04-13,171.09,completado
10757,758,158,3,2023-04-20,200.63,cancelado
10758,759,159,4,2023-04-27,465.64,cancelado
10759,760,160,5,2023-05-04,16.16,devuelto
10760,761,161,1,2023-05-11,176.89,completado
10761,762,162,2,2023-05-18,179.72,completado
10762,763,163,3,2023-05-25,227.75,completado
10763,764,164,4,2023-06-01,236.35,completado
10764,765,165,5,2023-06-08,373.86,completado
10765,766,166,1,2023-06-15,113.21,completado
10766,767,167,2,2023-06-22,351.89,completado
10767,768,168,3,2023-06-29,339.76,cancelado
10768,769,169,4,2023-07-06,135.29,cancelado
10769,770,170,5,2023-07-13,25.81,devuelto
10770,771,171,1,2023-07-20,427.62,completado
10771,772,172,2,2023-07-27,484.18,completado
10772,773,173,3,2023-08-03,319.38,completado
10773,774,174,4,2023-08-10,285.05,completado
10774,775,175,5,2023-08-17,179.2,completado
10775,776,176,1,2023-08-24,111.7,completado
10776,777,177,2,2023-08-31,492.59,completado
10777,778,178,3,2023-09-07,190.9,cancelado
10778,779,179,4,2023-09-14,152.99,cancelado
10779,780,180,5,2023-09-21,164.52,devuelto
10780,781,181,1,2023-09-28,340.51,completado
10781,782,182,2,2023-10-05,24.49,completado
10782,783,183,3,2023-10-12,316.18,completado
10783,784,184,4,2023-10-19,91.7,completado
10784,785,185,5,2023-10-26,182.3,completado
10785,786,186,1,2023-11-02,221.45,completado
10786,787,187,2,2023-11-09,497.95,completado
10787,788,188,3,2023-11-16,21.47,cancelado
10788,789,189,4,2023-11-23,486.94,cancelado
10789,790,190,5,2023-11-30,282.66,devuelto
10790,791,191,1,2023-12-07,250.47,completado
10791,792,192,2,2023-12-14,125.01,completado
10792,793,193,3,2023-12-21,461.38,completado
10793,794,194,4,2023-12-28,74.53,completado
10794,795,195,5,2024-01-04,307.49,completado
10795,796,196,1,2024-01-11,426.34,completado
10796,797,197,2,2024-01-18,57.52,completado
10797,798,198,3,2024-01-25,116.97,cancelado
10798,799,199,4,2024-02-01,496.14,cancelado
10799,800,200,5,2024-02-08,289.67,devuelto
10800,801,1,1,2024-02-15,97.52,completado
10801,802,2,2,2024-02-22,87.97,completado
10802,803,3,3,2024-02-29,390.99,completado
10803,804,4,4,2024-03-07,369.89,completado
10804,805,5,5,2024-03-14,206.55,completado
10805,806,6,1,2024-03-21,210.17,completado
10806,807,7,2,2024-03-28,378.13,completado
10807,808,8,3,2024-04-04,214.91,cancelado
10808,809,9,4,2024-04-11,303.63,cancelado
10809,810,10,5,2024-04-18,166.51,devuelto
10810,811,11,1,2024-04-25,187.96,completado
10811,812,12,2,2024-05-02,61.76,completado
10812,813,13,3,2024-05-09,443.53,completado
10813,814,14,4,2024-05-16,480.52,completado
10814,815,15,5,2024-05-23,383.26,completado
10815,816,16,1,2024-05-30,165.71,completado
10816,817,17,2,2024-06-06,272.46,completado
10817,818,18,3,2024-06-13,202.16,cancelado
10818,819,19,4,2024-06-20,430.94,cancelado
10819,820,20,5,2024-06-27,252.47,devuelto
10820,821,21,1,2024-07-04,237.32,completado
10821,822,22,2,2024-07-11,414.81,completado
10822,823,23,3,2024-07-18,230.23,completado
10823,824,24,4,2024-07-25,462.72,completado
10824,825,25,5,2024-08-01,97.04,completado
10825,826,26,1,2024-08-08,151.32,completado
10826,827,27,2,2024-08-15,271.01,completado
10827,828,28,3,2024-08-22,173.69,cancelado
10828,829,29,4,2024-08-29,237.37,cancelado
10829,830,30,5,2024-09-05,94.41,devuelto
10830,831,31,1,2024-09-12,454.57,completado
10831,832,32,2,2024-09-19,197.84,completado
10832,833,33,3,2024-09-26,330.02,completado
10833,834,34,4,2024-10-03,487.38,completado
10834,835,35,5,2024-10-10,211.04,completado
10835,836,36,1,2024-10-17,321.84,completado
10836,837,37,2,2024-10-24,313.25,completado
10837,838,38,3,2024-10-31,77.9,cancelado
10838,839,39,4,2024-11-07,313.76,cancelado
10839,840,40,5,2024-11-14,499.47,devuelto
10840,841,41,1,2024-11-21,303.79,completado
10841,842,42,2,2024-11-28,368.75,completado
10842,843,43,3,2024-12-05,473.29,completado
10843,844,44,4,2024-12-12,169.26,completado
10844,845,45,5,2024-12-19,132.47,completado
10845,846,46,1,2024-12-26,288.96,completado
10846,847,47,2,2023-01-03,241.24,completado
10847,848,48,3,2023-01-10,54.57,cancelado
10848,849,49,4,2023-01-17,191.44,cancelado
10849,850,50,5,2023-01-24,374.05,devuelto
10850,851,51,1,2023-01-31,442.92,completado
10851,852,52,2,2023-02-07,330.52,completado
10852,853,53,3,2023-02-14,280.51,completado
10853,854,54,4,2023-02-21,433.08,completado
10854,855,55,5,2023-02-28,426.65,completado
10855,856,56,1,2023-03-07,89.08,completado
10856,857,57,2,2023-03-14,190.84,completado
10857,858,58,3,2023-03-21,438.58,cancelado
10858,859,59,4,2023-03-28,95.85,cancelado
10859,860,60,5,2023-04-04,469.2,devuelto
10860,861,61,1,2023-04-11,461.48,completado
10861,862,62,2,2023-04-18,168.13,completado
10862,863,63,3,2023-04-25,153.56,completado
10863,864,64,4,2023-05-02,448.28,completado
10864,865,65,5,2023-05-09,111.43,completado
10865,866,66,1,2023-05-16,235.98,completado
10866,867,67,2,2023-05-23,130.07,completado
10867,868,68,3,2023-05-30,305.59,cancelado
10868,869,69,4,2023-06-06,494.96,cancelado
10869,870,70,5,2023-06-13,400.41,devuelto
10870,871,71,1,2023-06-20,486.67,completado
10871,872,72,2,2023-06-27,255.11,completado
10872,873,73,3,2023-07-04,64.47,completado
10873,874,74,4,2023-07-11,305.96,completado
10874,875,75,5,2023-07-18,172.32,completado
10875,876,76,1,2023-07-25,460.88,completado
10876,877,77,2,2023-08-01,88.04,completado
10877,878,78,3,2023-08-08,236.48,cancelado
10878,879,79,4,2023-08-15,481.61,cancelado
10879,880,80,5,2023-08-22,13.37,devuelto
10880,881,81,1,2023-08-29,25.84,completado
10881,882,82,2,2023-09-05,341.67,completado
10882,883,83,3,2023-09-12,434.86,completado
10883,884,84,4,2023-09-19,497.81,completado
10884,885,85,5,2023-09-26,432.46,completado
10885,886,86,1,2023-10-03,44.48,completado
10886,887,87,2,2023-10-10,214.37,completado
10887,888,88,3,2023-10-17,137.41,cancelado
10888,889,89,4,2023-10-24,360.83,cancelado
10889,890,90,5,2023-10-31,69.28,devuelto
10890,891,91,1,2023-11-07,390.53,completado
10891,892,92,2,2023-11-14,327.07,completado
10892,893,93,3,2023-11-21,271.74,completado
10893,894,94,4,2023-11-28,21.62,completado
10894,895,95,5,2023-12-05,245.6,completado
10895,896,96,1,2023-12-12,365.76,completado
10896,897,97,2,2023-12-19,153.55,completado
10897,898,98,3,2023-12-26,205.21,cancelado
10898,899,99,4,2024-01-02,412.93,cancelado
10899,900,100,5,2024-01-09,386.69,devuelto
10900,901,101,1,2024-01-16,188.05,completado
10901,902,102,2,2024-01-23,361.15,completado
10902,903,103,3,2024-01-30,260.66,completado
10903,904,104,4,2024-02-06,328.32,completado
10904,905,105,5,2024-02-13,220.01,completado
10905,906,106,1,2024-02-20,70.79,completado
10906,907,107,2,2024-02-27,81.53,completado
10907,908,108,3,2024-03-05,138.62,cancelado
10908,909,109,4,2024-03-12,414.36,cancelado
10909,910,110,5,2024-03-19,379.25,devuelto
10910,911,111,1,2024-03-26,64.77,completado
10911,912,112,2,2024-04-02,92.79,completado
10912,913,113,3,2024-04-09,212.32,completado
10913,914,114,4,2024-04-16,176.52,completado
10914,915,115,5,2024-04-23,457.36,completado
10915,916,116,1,2024-04-30,399.82,completado
10916,917,117,2,2024-05-07,112.94,completado
10917,918,118,3,2024-05-14,57.59,cancelado
10918,919,119,4,2024-05-21,324.6,cancelado
10919,920,120,5,2024-05-28,46.29,devuelto
10920,921,121,1,2024-06-04,450.61,completado
10921,922,122,2,2024-06-11,250.87,completado
10922,923,123,3,2024-06-18,129.92,completado
10923,924,124,4,2024-06-25,137.4,completado
10924,925,125,5,2024-07-02,154.69,completado
10925,926,126,1,2024-07-09,227.89,completado
10926,927,127,2,2024-07-16,395.81,completado
10927,928,128,3,2024-07-23,352.79,cancelado
10928,929,129,4,2024-07-30,288.43,cancelado
10929,930,130,5,2024-08-06,301.27,devuelto
10930,931,131,1,2024-08-13,383.05,completado
10931,932,132,2,2024-08-20,82.53,completado
10932,933,133,3,2024-08-27,151.33,completado
10933,934,134,4,2024-09-03,118.3,completado
10934,935,135,5,2024-09-10,191.72,completado
10935,936,136,1,2024-09-17,187.73,completado
10936,937,137,2,2024-09-24,152.7,completado
10937,938,138,3,2024-10-01,472.95,cancelado
10938,939,139,4,2024-10-08,87.57,cancelado
10939,940,140,5,2024-10-15,320.61,devuelto
10940,941,141,1,2024-10-22,242.89,completado
10941,942,142,2,2024-10-29,225.53,completado
10942,943,143,3,2024-11-05,154.49,completado
10943,944,144,4,2024-11-12,374.43,completado
10944,945,145,5,2024-11-19,350.59,completado
10945,946,146,1,2024-11-26,81.8,completado
10946,947,147,2,2024-12-03,153.24,completado
10947,948,148,3,2024-12-10,198.27,cancelado
10948,949,149,4,2024-12-17,322.01,cancelado
10949,950,150,5,2024-12-24,23.72,devuelto
10950,951,151,1,2023-01-01,113.71,completado
10951,952,152,2,2023-01-08,158.45,completado
10952,953,153,3,2023-01-15,296.28,completado
10953,954,154,4,2023-01-22,137.12,completado
10954,955,155,5,2023-01-29,363.36,completado
10955,956,156,1,2023-02-05,375.27,completado
10956,957,157,2,2023-02-12,498.1,completado
10957,958,158,3,2023-02-19,208.86,cancelado
10958,959,159,4,2023-02-26,313.05,cancelado
10959,960,160,5,2023-03-05,93.5,devuelto
10960,961,161,1,2023-03-12,178.66,completado
10961,962,162,2,2023-03-19,86.38,completado
10962,963,163,3,2023-03-26,427.78,completado
10963,964,164,4,2023-04-02,164.01,completado
10964,965,165,5,2023-04-09,193.44,completado
10965,966,166,1,2023-04-16,434.05,completado
10966,967,167,2,2023-04-23,247.77,completado
10967,968,168,3,2023-04-30,92.87,cancelado
10968,969,169,4,2023-05-07,267.37,cancelado
10969,970,170,5,2023-05-14,95.94,devuelto
10970,971,171,1,2023-05-21,449.6,completado
10971,972,172,2,2023-05-28,16.97,completado
10972,973,173,3,2023-06-04,474.0,completado
10973,974,174,4,2023-06-11,177.76,completado
10974,975,175,5,2023-06-18,161.56,completado
10975,976,176,1,2023-06-25,119.91,completado
10976,977,177,2,2023-07-02,146.37,completado
10977,978,178,3,2023-07-09,391.23,cancelado
10978,979,179,4,2023-07-16,396.74,cancelado
10979,980,180,5,2023-07-23,328.5,devuelto
10980,981,181,1,2023-07-30,184.69,completado
10981,982,182,2,2023-08-06,235.07,completado
10982,983,183,3,2023-08-13,457.22,completado
10983,984,184,4,2023-08-20,454.09,completado
10984,985,185,5,2023-08-27,421.59,completado
10985,986,186,1,2023-09-03,424.42,completado
10986,987,187,2,2023-09-10,393.71,completado
10987,988,188,3,2023-09-17,266.82,cancelado
10988,989,189,4,2023-09-24,121.9,cancelado
10989,990,190,5,2023-10-01,109.24,devuelto
10990,991,191,1,2023-10-08,335.48,completado
10991,992,192,2,2023-10-15,205.26,completado
10992,993,193,3,2023-10-22,58.43,completado
10993,994,194,4,2023-10-29,171.46,completado
10994,995,195,5,2023-11-05,42.93,completado
10995,996,196,1,2023-11-12,281.11,completado
10996,997,197,2,2023-11-19,272.03,completado
10997,998,198,3,2023-11-26,373.22,cancelado
10998,999,199,4,2023-12-03,437.58,cancelado
10999,1000,200,5,2023-12-10,485.51,devuelto
11000,1001,1,1,2023-12-17,37.43,completado
11001,1002,2,2,2023-12-24,287.68,completado
11002,1003,3,3,2023-12-31,131.51,completado
11003,1004,4,4,2024-01-07,135.48,completado
11004,1005,5,5,2024-01-14,372.32,completado
11005,1006,6,1,2024-01-21,347.95,completado
11006,1007,7,2,2024-01-28,328.9,completado
11007,1008,8,3,2024-02-04,130.09,cancelado
11008,1009,9,4,2024-02-11,347.92,cancelado
11009,1010,10,5,2024-02-18,233.47,devuelto
11010,1011,11,1,2024-02-25,29.71,completado
11011,1012,12,2,2024-03-03,308.48,completado
11012,1013,13,3,2024-03-10,280.47,completado
11013,1014,14,4,2024-03-17,54.77,completado
11014,1015,15,5,2024-03-24,103.11,completado
11015,1016,16,1,2024-03-31,417.04,completado
11016,1017,17,2,2024-04-07,41.2,completado
11017,1018,18,3,2024-04-14,452.54,cancelado
11018,1019,19,4,2024-04-21,266.05,cancelado
11019,1020,20,5,2024-04-28,39.82,devuelto
11020,1021,21,1,2024-05-05,121.52,completado
11021,1022,22,2,2024-05-12,296.98,completado
11022,1023,23,3,2024-05-19,294.82,completado
11023,1024,24,4,2024-05-26,237.49,completado
11024,1025,25,5,2024-06-02,273.1,completado
11025,1026,26,1,2024-06-09,392.89,completado
11026,1027,27,2,2024-06-16,166.24,completado
11027,1028,28,3,2024-06-23,320.61,cancelado
11028,1029,29,4,2024-06-30,106.25,cancelado
11029,1030,30,5,2024-07-07,67.04,devuelto
11030,1031,31,1,2024-07-14,50.86,completado
11031,1032,32,2,2024-07-21,106.72,completado
11032,1033,33,3,2024-07-28,275.76,completado
11033,1034,34,4,2024-08-04,115.35,completado
11034,1035,35,5,2024-08-11,248.74,completado
11035,1036,36,1,2024-08-18,288.97,completado
11036,1037,37,2,2024-08-25,295.04,completado
11037,1038,38,3,2024-09-01,431.96,cancelado
11038,1039,39,4,2024-09-08,64.65,cancelado
11039,1040,40,5,2024-09-15,444.39,devuelto
11040,1041,41,1,2024-09-22,390.92,completado
11041,1042,42,2,2024-09-29,105.45,completado
11042,1043,43,3,2024-10-06,404.83,completado
11043,1044,44,4,2024-10-13,311.06,completado
11044,1045,45,5,2024-10-20,233.56,completado
11045,1046,46,1,2024-10-27,10.24,completado
11046,1047,47,2,2024-11-03,379.73,completado
11047,1048,48,3,2024-11-10,304.66,cancelado
11048,1049,49,4,2024-11-17,251.38,cancelado
11049,1050,50,5,2024-11-24,96.5,devuelto
11050,1051,51,1,2024-12-01,258.57,completado
11051,1052,52,2,2024-12-08,261.96,completado
11052,1053,53,3,2024-12-15,476.2,completado
11053,1054,54,4,2024-12-22,156.82,completado
11054,1055,55,5,2024-12-29,434.96,completado
11055,1056,56,1,2023-01-06,132.02,completado
11056,1057,57,2,2023-01-13,144.89,completado
11057,1058,58,3,2023-01-20,285.02,cancelado
11058,1059,59,4,2023-01-27,161.31,cancelado
11059,1060,60,5,2023-02-03,225.62,devuelto
11060,1061,61,1,2023-02-10,488.84,completado
11061,1062,62,2,2023-02-17,473.39,completado
11062,1063,63,3,2023-02-24,248.91,completado
11063,1064,64,4,2023-03-03,166.41,completado
11064,1065,65,5,2023-03-10,487.43,completado
11065,1066,66,1,2023-03-17,240.55,completado
11066,1067,67,2,2023-03-24,89.93,completado
11067,1068,68,3,2023-03-31,42.12,cancelado
11068,1069,69,4,2023-04-07,221.69,cancelado
11069,1070,70,5,2023-04-14,159.27,devuelto
11070,1071,71,1,2023-04-21,463.39,completado
11071,1072,72,2,2023-04-28,227.17,completado
11072,1073,73,3,2023-05-05,322.56,completado
11073,1074,74,4,2023-05-12,273.91,completado
11074,1075,75,5,2023-05-19,99.5,completado
11075,1076,76,1,2023-05-26,391.61,completado
11076,1077,77,2,2023-06-02,383.8,completado
11077,1078,78,3,2023-06-09,114.48,cancelado
11078,1079,79,4,2023-06-16,255.87,cancelado
11079,1080,80,5,2023-06-23,166.81,devuelto
11080,1081,81,1,2023-06-30,269.9,completado
11081,1082,82,2,2023-07-07,60.43,completado
11082,1083,83,3,2023-07-14,157.03,completado
11083,1084,84,4,2023-07-21,308.67,completado
11084,1085,85,5,2023-07-28,289.79,completado
11085,1086,86,1,2023-08-04,85.75,completado
11086,1087,87,2,2023-08-11,86.63,completado
11087,1088,88,3,2023-08-18,385.53,cancelado
11088,1089,89,4,2023-08-25,395.05,cancelado
11089,1090,90,5,2023-09-01,427.66,devuelto
11090,1091,91,1,2023-09-08,308.96,completado
11091,1092,92,2,2023-09-15,87.0,completado
11092,1093,93,3,2023-09-22,478.79,completado
11093,1094,94,4,2023-09-29,490.77,completado
11094,1095,95,5,2023-10-06,330.21,completado
11095,1096,96,1,2023-10-13,396.49,completado
11096,1097,97,2,2023-10-20,392.08,completado
11097,1098,98,3,2023-10-27,142.0,cancelado
11098,1099,99,4,2023-11-03,467.09,cancelado
11099,1100,100,5,2023-11-10,241.27,devuelto
11100,1101,101,1,2023-11-17,429.56,completado
11101,1102,102,2,2023-11-24,158.77,completado
11102,1103,103,3,2023-12-01,81.04,completado
11103,1104,104,4,2023-12-08,173.52,completado
11104,1105,105,5,2023-12-15,183.43,completado
11105,1106,106,1,2023-12-22,375.15,completado
11106,1107,107,2,2023-12-29,230.36,completado
11107,1108,108,3,2024-01-05,218.4,cancelado
11108,1109,109,4,2024-01-12,202.84,cancelado
11109,1110,110,5,2024-01-19,214.39,devuelto
11110,1111,111,1,2024-01-26,383.49,completado
11111,1112,112,2,2024-02-02,208.0,completado
11112,1113,113,3,2024-02-09,484.65,completado
11113,1114,114,4,2024-02-16,183.27,completado
11114,1115,115,5,2024-02-23,404.63,completado
11115,1116,116,1,2024-03-01,487.74,completado
11116,1117,117,2,2024-03-08,385.85,completado
11117,1118,118,3,2024-03-15,19.55,cancelado
11118,1119,119,4,2024-03-22,355.13,cancelado
11119,1120,120,5,2024-03-29,112.22,devuelto
11120,1121,121,1,2024-04-05,361.17,completado
11121,1122,122,2,2024-04-12,154.45,completado
11122,1123,123,3,2024-04-19,193.0,completado
11123,1124,124,4,2024-04-26,167.7,completado
11124,1125,125,5,2024-05-03,397.55,completado
11125,1126,126,1,2024-05-10,169.59,completado
11126,1127,127,2,2024-05-17,284.39,completado
11127,1128,128,3,2024-05-24,107.73,cancelado
11128,1129,129,4,2024-05-31,115.34,cancelado
11129,1130,130,5,2024-06-07,256.44,devuelto
11130,1131,131,1,2024-06-14,429.64,completado
11131,1132,132,2,2024-06-21,62.35,completado
11132,1133,133,3,2024-06-28,129.14,completado
11133,1134,134,4,2024-07-05,169.49,completado
11134,1135,135,5,2024-07-12,245.04,completado
11135,1136,136,1,2024-07-19,363.42,completado
11136,1137,137,2,2024-07-26,240.24,completado
11137,1138,138,3,2024-08-02,485.86,cancelado
11138,1139,139,4,2024-08-09,32.54,cancelado
11139,1140,140,5,2024-08-16,333.11,devuelto
11140,1141,141,1,2024-08-23,347.02,completado
11141,1142,142,2,2024-08-30,455.35,completado
11142,1143,143,3,2024-09-06,248.65,completado
11143,1144,144,4,2024-09-13,147.27,completado
11144,1145,145,5,2024-09-20,307.29,completado
11145,1146,146,1,2024-09-27,193.76,completado
11146,1147,147,2,2024-10-04,59.71,completado
11147,1148,148,3,2024-10-11,323.42,cancelado
11148,1149,149,4,2024-10-18,145.26,cancelado
11149,1150,150,5,2024-10-25,191.03,devuelto
11150,1151,151,1,2024-11-01,462.57,completado
11151,1152,152,2,2024-11-08,64.41,completado
11152,1153,153,3,2024-11-15,75.8,completado
11153,1154,154,4,2024-11-22,377.41,completado
11154,1155,155,5,2024-11-29,169.03,completado
11155,1156,156,1,2024-12-06,389.87,completado
11156,1157,157,2,2024-12-13,212.75,completado
11157,1158,158,3,2024-12-20,84.37,cancelado
11158,1159,159,4,2024-12-27,83.71,cancelado
11159,1160,160,5,2023-01-04,156.44,devuelto
11160,1161,161,1,2023-01-11,108.0,completado
11161,1162,162,2,2023-01-18,53.12,completado
11162,1163,163,3,2023-01-25,130.16,completado
11163,1164,164,4,2023-02-01,290.64,completado
11164,1165,165,5,2023-02-08,383.77,completado
11165,1166,166,1,2023-02-15,137.75,completado
11166,1167,167,2,2023-02-22,270.2,completado
11167,1168,168,3,2023-03-01,152.8,cancelado
11168,1169,169,4,2023-03-08,20.71,cancelado
11169,1170,170,5,2023-03-15,388.33,devuelto
11170,1171,171,1,2023-03-22,43.32,completado
11171,1172,172,2,2023-03-29,395.09,completado
11172,1173,173,3,2023-04-05,358.59,completado
11173,1174,174,4,2023-04-12,163.84,completado
11174,1175,175,5,2023-04-19,428.18,completado
11175,1176,176,1,2023-04-26,453.5,completado
11176,1177,177,2,2023-05-03,228.46,completado
11177,1178,178,3,2023-05-10,443.45,cancelado
11178,1179,179,4,2023-05-17,100.23,cancelado
11179,1180,180,5,2023-05-24,239.48,devuelto
11180,1181,181,1,2023-05-31,235.79,completado
11181,1182,182,2,2023-06-07,173.18,completado
11182,1183,183,3,2023-06-14,342.06,completado
11183,1184,184,4,2023-06-21,354.99,completado
11184,1185,185,5,2023-06-28,135.13,completado
11185,1186,186,1,2023-07-05,376.35,completado
11186,1187,187,2,2023-07-12,21.34,completado
11187,1188,188,3,2023-07-19,68.4,cancelado
11188,1189,189,4,2023-07-26,211.28,cancelado
11189,1190,190,5,2023-08-02,204.19,devuelto
11190,1191,191,1,2023-08-09,248.32,completado
11191,1192,192,2,2023-08-16,33.54,completado
11192,1193,193,3,2023-08-23,268.91,completado
11193,1194,194,4,2023-08-30,457.36,completado
11194,1195,195,5,2023-09-06,261.01,completado
11195,1196,196,1,2023-09-13,17.94,completado
11196,1197,197,2,2023-09-20,224.23,completado
11197,1198,198,3,2023-09-27,25.72,cancelado
11198,1199,199,4,2023-10-04,257.06,cancelado
11199,1200,200,5,2023-10-11,401.16,devuelto
11200,1201,1,1,2023-10-18,397.17,completado
11201,1202,2,2,2023-10-25,251.08,completado
11202,1203,3,3,2023-11-01,291.66,completado
11203,1204,4,4,2023-11-08,320.84,completado
11204,1205,5,5,2023-11-15,369.87,completado
11205,1206,6,1,2023-11-22,287.0,completado
11206,1207,7,2,2023-11-29,487.37,completado
11207,1208,8,3,2023-12-06,392.49,cancelado
11208,1209,9,4,2023-12-13,270.56,cancelado
11209,1210,10,5,2023-12-20,401.31,devuelto
11210,1211,11,1,2023-12-27,424.69,completado
11211,1212,12,2,2024-01-03,52.99,completado
11212,1213,13,3,2024-01-10,462.02,completado
11213,1214,14,4,2024-01-17,308.92,completado
11214,1215,15,5,2024-01-24,496.55,completado
11215,1216,16,1,2024-01-31,378.43,completado
11216,1217,17,2,2024-02-07,385.89,completado
11217,1218,18,3,2024-02-14,221.16,cancelado
11218,1219,19,4,2024-02-21,145.66,cancelado
11219,1220,20,5,2024-02-28,231.13,devuelto
11220,1221,21,1,2024-03-06,441.46,completado
11221,1222,22,2,2024-03-13,372.08,completado
11222,1223,23,3,2024-03-20,328.72,completado
11223,1224,24,4,2024-03-27,45.78,completado
11224,1225,25,5,2024-04-03,327.44,completado
11225,1226,26,1,2024-04-10,176.51,completado
11226,1227,27,2,2024-04-17,268.58,completado
11227,1228,28,3,2024-04-24,349.37,cancelado
11228,1229,29,4,2024-05-01,411.9,cancelado
11229,1230,30,5,2024-05-08,221.87,devuelto
11230,1231,31,1,2024-05-15,20.53,completado
11231,1232,32,2,2024-05-22,291.62,completado
11232,1233,33,3,2024-05-29,13.11,completado
11233,1234,34,4,2024-06-05,415.83,completado
11234,1235,35,5,2024-06-12,19.25,completado
11235,1236,36,1,2024-06-19,120.36,completado
11236,1237,37,2,2024-06-26,219.3,completado
11237,1238,38,3,2024-07-03,136.84,cancelado
11238,1239,39,4,2024-07-10,119.22,cancelado
11239,1240,40,5,2024-07-17,340.52,devuelto
11240,1241,41,1,2024-07-24,170.04,completado
11241,1242,42,2,2024-07-31,234.3,completado
11242,1243,43,3,2024-08-07,336.05,completado
11243,1244,44,4,2024-08-14,387.26,completado
11244,1245,45,5,2024-08-21,291.47,completado
11245,1246,46,1,2024-08-28,183.78,completado
11246,1247,47,2,2024-09-04,441.35,completado
11247,1248,48,3,2024-09-11,434.95,cancelado
11248,1249,49,4,2024-09-18,84.78,cancelado
11249,1250,50,5,2024-09-25,388.77,devuelto
11250,1251,51,1,2024-10-02,111.01,completado
11251,1252,52,2,2024-10-09,98.98,completado
11252,1253,53,3,2024-10-16,22.85,completado
11253,1254,54,4,2024-10-23,304.94,completado
11254,1255,55,5,2024-10-30,423.9,completado
11255,1256,56,1,2024-11-06,391.94,completado
11256,1257,57,2,2024-11-13,274.64,completado
11257,1258,58,3,2024-11-20,477.78,cancelado
11258,1259,59,4,2024-11-27,170.46,cancelado
11259,1260,60,5,2024-12-04,164.51,devuelto
11260,1261,61,1,2024-12-11,122.75,completado
11261,1262,62,2,2024-12-18,112.32,completado
11262,1263,63,3,2024-12-25,158.44,completado
11263,1264,64,4,2023-01-02,217.9,completado
11264,1265,65,5,2023-01-09,142.83,completado
11265,1266,66,1,2023-01-16,468.79,completado
11266,1267,67,2,2023-01-23,116.45,completado
11267,1268,68,3,2023-01-30,184.12,cancelado
11268,1269,69,4,2023-02-06,77.28,cancelado
11269,1270,70,5,2023-02-13,450.45,devuelto
11270,1271,71,1,2023-02-20,225.42,completado
11271,1272,72,2,2023-02-27,418.74,completado
11272,1273,73,3,2023-03-06,193.81,completado
11273,1274,74,4,2023-03-13,227.54,completado
11274,1275,75,5,2023-03-20,374.53,completado
11275,1276,76,1,2023-03-27,372.56,completado
11276,1277,77,2,2023-04-03,196.4,completado
11277,1278,78,3,2023-04-10,228.94,cancelado
11278,1279,79,4,2023-04-17,205.6,cancelado
11279,1280,80,5,2023-04-24,110.76,devuelto
11280,1281,81,1,2023-05-01,196.45,completado
11281,1282,82,2,2023-05-08,409.1,completado
11282,1283,83,3,2023-05-15,55.5,completado
11283,1284,84,4,2023-05-22,95.8,completado
11284,1285,85,5,2023-05-29,457.51,completado
11285,1286,86,1,2023-06-05,365.01,completado
11286,1287,87,2,2023-06-12,69.63,completado
11287,1288,88,3,2023-06-19,380.74,cancelado
11288,1289,89,4,2023-06-26,68.98,cancelado
11289,1290,90,5,2023-07-03,249.66,devuelto
11290,1291,91,1,2023-07-10,306.38,completado
11291,1292,92,2,2023-07-17,377.34,completado
11292,1293,93,3,2023-07-24,165.27,completado
11293,1294,94,4,2023-07-31,103.58,completado
11294,1295,95,5,2023-08-07,492.72,completado
11295,1296,96,1,2023-08-14,401.9,completado
11296,1297,97,2,2023-08-21,186.33,completado
11297,1298,98,3,2023-08-28,135.09,cancelado
11298,1299,99,4,2023-09-04,64.88,cancelado
11299,1300,100,5,2023-09-11,233.91,devuelto
11300,1301,101,1,2023-09-18,13.56,completado
11301,1302,102,2,2023-09-25,403.67,completado
11302,1303,103,3,2023-10-02,206.15,completado
11303,1304,104,4,2023-10-09,430.17,completado
11304,1305,105,5,2023-10-16,183.79,completado
11305,1306,106,1,2023-10-23,473.41,completado
11306,1307,107,2,2023-10-30,419.9,completado
11307,1308,108,3,2023-11-06,222.73,cancelado
11308,1309,109,4,2023-11-13,425.43,cancelado
11309,1310,110,5,2023-11-20,157.34,devuelto
11310,1311,111,1,2023-11-27,499.86,completado
11311,1312,112,2,2023-12-04,51.38,completado
11312,1313,113,3,2023-12-11,325.36,completado
11313,1314,114,4,2023-12-18,200.95,completado
11314,1315,115,5,2023-12-25,240.97,completado
11315,1316,116,1,2024-01-01,476.14,completado
11316,1317,117,2,2024-01-08,144.61,completado
11317,1318,118,3,2024-01-15,327.21,cancelado
11318,1319,119,4,2024-01-22,168.4,cancelado
11319,1320,120,5,2024-01-29,78.96,devuelto
11320,1321,121,1,2024-02-05,132.01,completado
11321,1322,122,2,2024-02-12,286.64,completado
11322,1323,123,3,2024-02-19,72.69,completado
11323,1324,124,4,2024-02-26,86.32,completado
11324,1325,125,5,2024-03-04,350.58,completado
11325,1326,126,1,2024-03-11,383.52,completado
11326,1327,127,2,2024-03-18,39.98,completado
11327,1328,128,3,2024-03-25,403.17,cancelado
11328,1329,129,4,2024-04-01,434.51,cancelado
11329,1330,130,5,2024-04-08,333.87,devuelto
11330,1331,131,1,2024-04-15,192.13,completado
11331,1332,132,2,2024-04-22,213.29,completado
11332,1333,133,3,2024-04-29,87.17,completado
11333,1334,134,4,2024-05-06,94.49,completado
11334,1335,135,5,2024-05-13,468.78,completado
11335,1336,136,1,2024-05-20,483.0,completado
11336,1337,137,2,2024-05-27,373.56,completado
11337,1338,138,3,2024-06-03,407.06,cancelado
11338,1339,139,4,2024-06-10,98.99,cancelado
11339,1340,140,5,2024-06-17,440.75,devuelto
11340,1341,141,1,2024-06-24,63.6,completado
11341,1342,142,2,2024-07-01,89.56,completado
11342,1343,143,3,2024-07-08,253.8,completado
11343,1344,144,4,2024-07-15,159.97,completado
11344,1345,145,5,2024-07-22,316.4,completado
11345,1346,146,1,2024-07-29,455.4,completado
11346,1347,147,2,2024-08-05,139.94,completado
11347,1348,148,3,2024-08-12,167.33,cancelado
11348,1349,149,4,2024-08-19,393.8,cancelado
11349,1350,150,5,2024-08-26,172.48,devuelto
11350,1351,151,1,2024-09-02,445.52,completado
11351,1352,152,2,2024-09-09,26.77,completado
11352,1353,153,3,2024-09-16,437.29,completado
11353,1354,154,4,2024-09-23,457.65,completado
11354,1355,155,5,2024-09-30,32.78,completado
11355,1356,156,1,2024-10-07,194.75,completado
11356,1357,157,2,2024-10-14,303.27,completado
11357,1358,158,3,2024-10-21,267.35,cancelado
11358,1359,159,4,2024-10-28,87.5,cancelado
11359,1360,160,5,2024-11-04,17.32,devuelto
11360,1361,161,1,2024-11-11,449.62,completado
11361,1362,162,2,2024-11-18,55.14,completado
11362,1363,163,3,2024-11-25,494.21,completado
11363,1364,164,4,2024-12-02,65.08,completado
11364,1365,165,5,2024-12-09,243.09,completado
11365,1366,166,1,2024-12-16,491.85,completado
11366,1367,167,2,2024-12-23,429.51,completado
11367,1368,168,3,2024-12-30,273.0,cancelado
11368,1369,169,4,2023-01-07,75.86,cancelado
11369,1370,170,5,2023-01-14,305.6,devuelto
11370,1371,171,1,2023-01-21,322.06,completado
11371,1372,172,2,2023-01-28,162.6,completado
11372,1373,173,3,2023-02-04,240.05,completado
11373,1374,174,4,2023-02-11,452.41,completado
11374,1375,175,5,2023-02-18,72.82,completado
11375,1376,176,1,2023-02-25,331.62,completado
11376,1377,177,2,2023-03-04,189.14,completado
11377,1378,178,3,2023-03-11,310.67,cancelado
11378,1379,179,4,2023-03-18,360.99,cancelado
11379,1380,180,5,2023-03-25,244.12,devuelto
11380,1381,181,1,2023-04-01,376.87,completado
11381,1382,182,2,2023-04-08,427.46,completado
11382,1383,183,3,2023-04-15,106.18,completado
11383,1384,184,4,2023-04-22,117.46,completado
11384,1385,185,5,2023-04-29,73.61,completado
11385,1386,186,1,2023-05-06,471.72,completado
11386,1387,187,2,2023-05-13,120.52,completado
11387,1388,188,3,2023-05-20,50.27,cancelado
11388,1389,189,4,2023-05-27,56.45,cancelado
11389,1390,190,5,2023-06-03,207.88,devuelto
11390,1391,191,1,2023-06-10,444.59,completado
11391,1392,192,2,2023-06-17,61.56,completado
11392,1393,193,3,2023-06-24,120.85,completado
11393,1394,194,4,2023-07-01,100.47,completado
11394,1395,195,5,2023-07-08,333.09,completado
11395,1396,196,1,2023-07-15,171.03,completado
11396,1397,197,2,2023-07-22,487.24,completado
11397,1398,198,3,2023-07-29,337.49,cancelado
11398,1399,199,4,2023-08-05,264.76,cancelado
11399,1400,200,5,2023-08-12,292.81,devuelto
11400,1401,1,1,2023-08-19,442.96,completado
11401,1402,2,2,2023-08-26,382.35,completado
11402,1403,3,3,2023-09-02,74.54,completado
11403,1404,4,4,2023-09-09,216.79,completado
11404,1405,5,5,2023-09-16,333.99,completado
11405,1406,6,1,2023-09-23,293.89,completado
11406,1407,7,2,2023-09-30,467.97,completado
11407,1408,8,3,2023-10-07,26.77,cancelado
11408,1409,9,4,2023-10-14,453.95,cancelado
11409,1410,10,5,2023-10-21,198.66,devuelto
11410,1411,11,1,2023-10-28,33.53,completado
11411,1412,12,2,2023-11-04,106.97,completado
11412,1413,13,3,2023-11-11,99.26,completado
11413,1414,14,4,2023-11-18,80.05,completado
11414,1415,15,5,2023-11-25,26.72,completado
11415,1416,16,1,2023-12-02,399.44,completado
11416,1417,17,2,2023-12-09,89.32,completado
11417,1418,18,3,2023-12-16,168.04,cancelado
11418,1419,19,4,2023-12-23,290.32,cancelado
11419,1420,20,5,2023-12-30,247.08,devuelto
11420,1421,21,1,2024-01-06,178.51,completado
11421,1422,22,2,2024-01-13,318.07,completado
11422,1423,23,3,2024-01-20,410.32,completado
11423,1424,24,4,2024-01-27,292.83,completado
11424,1425,25,5,2024-02-03,231.53,completado
11425,1426,26,1,2024-02-10,115.27,completado
11426,1427,27,2,2024-02-17,314.44,completado
11427,1428,28,3,2024-02-24,277.48,cancelado
11428,1429,29,4,2024-03-02,67.73,cancelado
11429,1430,30,5,2024-03-09,146.86,devuelto
11430,1431,31,1,2024-03-16,386.57,completado
11431,1432,32,2,2024-03-23,462.7,completado
11432,1433,33,3,2024-03-30,175.25,completado
11433,1434,34,4,2024-04-06,447.34,completado
11434,1435,35,5,2024-04-13,135.09,completado
11435,1436,36,1,2024-04-20,405.42,completado
11436,1437,37,2,2024-04-27,248.8,completado
11437,1438,38,3,2024-05-04,278.96,cancelado
11438,1439,39,4,2024-05-11,334.99,cancelado
11439,1440,40,5,2024-05-18,337.33,devuelto
11440,1441,41,1,2024-05-25,177.76,completado
11441,1442,42,2,2024-06-01,264.35,completado
11442,1443,43,3,2024-06-08,40.93,completado
11443,1444,44,4,2024-06-15,189.06,completado
11444,1445,45,5,2024-06-22,324.72,completado
11445,1446,46,1,2024-06-29,482.73,completado
11446,1447,47,2,2024-07-06,71.85,completado
11447,1448,48,3,2024-07-13,121.29,cancelado
11448,1449,49,4,2024-07-20,234.14,cancelado
11449,1450,50,5,2024-07-27,64.46,devuelto
11450,1451,51,1,2024-08-03,279.73,completado
11451,1452,52,2,2024-08-10,154.9,completado
11452,1453,53,3,2024-08-17,437.92,completado
11453,1454,54,4,2024-08-24,160.44,completado
11454,1455,55,5,2024-08-31,223.72,completado
11455,1456,56,1,2024-09-07,492.31,completado
11456,1457,57,2,2024-09-14,50.65,completado
11457,1458,58,3,2024-09-21,434.81,cancelado
11458,1459,59,4,2024-09-28,257.31,cancelado
11459,1460,60,5,2024-10-05,204.8,devuelto
11460,1461,61,1,2024-10-12,471.21,completado
11461,1462,62,2,2024-10-19,499.29,completado
11462,1463,63,3,2024-10-26,105.49,completado
11463,1464,64,4,2024-11-02,421.61,completado
11464,1465,65,5,2024-11-09,118.71,completado
11465,1466,66,1,2024-11-16,18.19,completado
11466,1467,67,2,2024-11-23,369.37,completado
11467,1468,68,3,2024-11-30,183.43,cancelado
11468,1469,69,4,2024-12-07,304.46,cancelado
11469,1470,70,5,2024-12-14,84.37,devuelto
11470,1471,71,1,2024-12-21,431.36,completado
11471,1472,72,2,2024-12-28,267.27,completado
11472,1473,73,3,2023-01-05,402.13,completado
11473,1474,74,4,2023-01-12,187.7,completado
11474,1475,75,5,2023-01-19,122.91,completado
11475,1476,76,1,2023-01-26,474.11,completado
11476,1477,77,2,2023-02-02,270.13,completado
11477,1478,78,3,2023-02-09,193.49,cancelado
11478,1479,79,4,2023-02-16,59.07,cancelado
11479,1480,80,5,2023-02-23,91.16,devuelto
11480,1481,81,1,2023-03-02,320.81,completado
11481,1482,82,2,2023-03-09,312.91,completado
11482,1483,83,3,2023-03-16,423.19,completado
11483,1484,84,4,2023-03-23,378.04,completado
11484,1485,85,5,2023-03-30,84.51,completado
11485,1486,86,1,2023-04-06,471.67,completado
11486,1487,87,2,2023-04-13,308.74,completado
11487,1488,88,3,2023-04-20,430.56,cancelado
11488,1489,89,4,2023-04-27,146.43,cancelado
11489,1490,90,5,2023-05-04,479.94,devuelto
11490,1491,91,1,2023-05-11,474.96,completado
11491,1492,92,2,2023-05-18,155.28,completado
11492,1493,93,3,2023-05-25,451.47,completado
11493,1494,94,4,2023-06-01,486.28,completado
11494,1495,95,5,2023-06-08,447.93,completado
11495,1496,96,1,2023-06-15,239.32,completado
11496,1497,97,2,2023-06-22,76.7,completado
11497,1498,98,3,2023-06-29,469.69,cancelado
11498,1499,99,4,2023-07-06,10.17,cancelado
11499,1500,100,5,2023-07-13,133.15,devuelto
11500,1501,101,1,2023-07-20,282.32,completado
11501,1502,102,2,2023-07-27,162.69,completado
11502,1503,103,3,2023-08-03,462.3,completado
11503,1504,104,4,2023-08-10,310.43,completado
11504,1505,105,5,2023-08-17,480.05,completado
11505,1506,106,1,2023-08-24,39.02,completado
11506,1507,107,2,2023-08-31,211.08,completado
11507,1508,108,3,2023-09-07,80.46,cancelado
11508,1509,109,4,2023-09-14,413.0,cancelado
11509,1510,110,5,2023-09-21,384.65,devuelto
11510,1511,111,1,2023-09-28,405.42,completado
11511,1512,112,2,2023-10-05,475.95,completado
11512,1513,113,3,2023-10-12,128.81,completado
11513,1514,114,4,2023-10-19,395.29,completado
11514,1515,115,5,2023-10-26,326.58,completado
11515,1516,116,1,2023-11-02,201.59,completado
11516,1517,117,2,2023-11-09,104.75,completado
11517,1518,118,3,2023-11-16,418.82,cancelado
11518,1519,119,4,2023-11-23,44.56,cancelado
11519,1520,120,5,2023-11-30,482.05,devuelto
11520,1521,121,1,2023-12-07,145.35,completado
11521,1522,122,2,2023-12-14,447.39,completado
11522,1523,123,3,2023-12-21,70.5,completado
11523,1524,124,4,2023-12-28,372.43,completado
11524,1525,125,5,2024-01-04,472.73,completado
11525,1526,126,1,2024-01-11,84.4,completado
11526,1527,127,2,2024-01-18,227.26,completado
11527,1528,128,3,2024-01-25,339.4,cancelado
11528,1529,129,4,2024-02-01,382.69,cancelado
11529,1530,130,5,2024-02-08,15.28,devuelto
11530,1531,131,1,2024-02-15,67.47,completado
11531,1532,132,2,2024-02-22,162.47,completado
11532,1533,133,3,2024-02-29,60.28,completado
11533,1534,134,4,2024-03-07,317.99,completado
11534,1535,135,5,2024-03-14,240.84,completado
11535,1536,136,1,2024-03-21,333.61,completado
11536,1537,137,2,2024-03-28,156.42,completado
11537,1538,138,3,2024-04-04,71.18,cancelado
11538,1539,139,4,2024-04-11,374.03,cancelado
11539,1540,140,5,2024-04-18,232.64,devuelto
11540,1541,141,1,2024-04-25,44.5,completado
11541,1542,142,2,2024-05-02,489.71,completado
11542,1543,143,3,2024-05-09,456.15,completado
11543,1544,144,4,2024-05-16,177.27,completado
11544,1545,145,5,2024-05-23,143.33,completado
11545,1546,146,1,2024-05-30,494.1,completado
11546,1547,147,2,2024-06-06,196.94,completado
11547,1548,148,3,2024-06-13,446.65,cancelado
11548,1549,149,4,2024-06-20,65.29,cancelado
11549,1550,150,5,2024-06-27,238.6,devuelto
11550,1551,151,1,2024-07-04,296.64,completado
11551,1552,152,2,2024-07-11,439.36,completado
11552,1553,153,3,2024-07-18,348.8,completado
11553,1554,154,4,2024-07-25,399.28,completado
11554,1555,155,5,2024-08-01,381.65,completado
11555,1556,156,1,2024-08-08,120.07,completado
11556,1557,157,2,2024-08-15,60.49,completado
11557,1558,158,3,2024-08-22,498.83,cancelado
11558,1559,159,4,2024-08-29,305.62,cancelado
11559,1560,160,5,2024-09-05,303.53,devuelto
11560,1561,161,1,2024-09-12,187.65,completado
11561,1562,162,2,2024-09-19,435.99,completado
11562,1563,163,3,2024-09-26,335.81,completado
11563,1564,164,4,2024-10-03,419.99,completado
11564,1565,165,5,2024-10-10,481.99,completado
11565,1566,166,1,2024-10-17,216.62,completado
11566,1567,167,2,2024-10-24,322.65,completado
11567,1568,168,3,2024-10-31,433.93,cancelado
11568,1569,169,4,2024-11-07,147.3,cancelado
11569,1570,170,5,2024-11-14,364.79,devuelto
11570,1571,171,1,2024-11-21,145.17,completado
11571,1572,172,2,2024-11-28,133.32,completado
11572,1573,173,3,2024-12-05,258.83,completado
11573,1574,174,4,2024-12-12,215.63,completado
11574,1575,175,5,2024-12-19,419.79,completado
11575,1576,176,1,2024-12-26,491.71,completado
11576,1577,177,2,2023-01-03,50.72,completado
11577,1578,178,3,2023-01-10,59.55,cancelado
11578,1579,179,4,2023-01-17,404.94,cancelado
11579,1580,180,5,2023-01-24,128.94,devuelto
11580,1581,181,1,2023-01-31,252.54,completado
11581,1582,182,2,2023-02-07,299.63,completado
11582,1583,183,3,2023-02-14,336.16,completado
11583,1584,184,4,2023-02-21,60.94,completado
11584,1585,185,5,2023-02-28,392.65,completado
11585,1586,186,1,2023-03-07,357.18,completado
11586,1587,187,2,2023-03-14,284.73,completado
11587,1588,188,3,2023-03-21,420.33,cancelado
11588,1589,189,4,2023-03-28,194.15,cancelado
11589,1590,190,5,2023-04-04,264.29,devuelto
11590,1591,191,1,2023-04-11,463.37,completado
11591,1592,192,2,2023-04-18,197.47,completado
11592,1593,193,3,2023-04-25,304.81,completado
11593,1594,194,4,2023-05-02,299.27,completado
11594,1595,195,5,2023-05-09,398.86,completado
11595,1596,196,1,2023-05-16,477.5,completado
11596,1597,197,2,2023-05-23,292.06,completado
11597,1598,198,3,2023-05-30,67.56,cancelado
11598,1599,199,4,2023-06-06,384.38,cancelado
11599,1600,200,5,2023-06-13,186.74,devuelto
11600,1601,1,1,2023-06-20,339.58,completado
11601,1602,2,2,2023-06-27,452.86,completado
11602,1603,3,3,2023-07-04,216.7,completado
11603,1604,4,4,2023-07-11,202.94,completado
11604,1605,5,5,2023-07-18,374.71,completado
11605,1606,6,1,2023-07-25,180.18,completado
11606,1607,7,2,2023-08-01,396.19,completado
11607,1608,8,3,2023-08-08,427.59,cancelado
11608,1609,9,4,2023-08-15,290.94,cancelado
11609,1610,10,5,2023-08-22,266.16,devuelto
11610,1611,11,1,2023-08-29,470.7,completado
11611,1612,12,2,2023-09-05,408.45,completado
11612,1613,13,3,2023-09-12,317.78,completado
11613,1614,14,4,2023-09-19,391.04,completado
11614,1615,15,5,2023-09-26,337.84,completado
11615,1616,16,1,2023-10-03,22.56,completado
11616,1617,17,2,2023-10-10,287.8,completado
11617,1618,18,3,2023-10-17,21.83,cancelado
11618,1619,19,4,2023-10-24,473.52,cancelado
11619,1620,20,5,2023-10-31,58.41,devuelto
11620,1621,21,1,2023-11-07,461.13,completado
11621,1622,22,2,2023-11-14,402.93,completado
11622,1623,23,3,2023-11-21,367.24,completado
11623,1624,24,4,2023-11-28,426.22,completado
11624,1625,25,5,2023-12-05,134.22,completado
11625,1626,26,1,2023-12-12,411.0,completado
11626,1627,27,2,2023-12-19,178.58,completado
11627,1628,28,3,2023-12-26,487.05,cancelado
11628,1629,29,4,2024-01-02,131.86,cancelado
11629,1630,30,5,2024-01-09,228.54,devuelto
11630,1631,31,1,2024-01-16,33.42,completado
11631,1632,32,2,2024-01-23,234.52,completado
11632,1633,33,3,2024-01-30,495.58,completado
11633,1634,34,4,2024-02-06,138.96,completado
11634,1635,35,5,2024-02-13,398.88,completado
11635,1636,36,1,2024-02-20,112.6,completado
11636,1637,37,2,2024-02-27,387.7,completado
11637,1638,38,3,2024-03-05,278.17,cancelado
11638,1639,39,4,2024-03-12,167.72,cancelado
11639,1640,40,5,2024-03-19,206.65,devuelto
11640,1641,41,1,2024-03-26,180.78,completado
11641,1642,42,2,2024-04-02,409.58,completado
11642,1643,43,3,2024-04-09,423.91,completado
11643,1644,44,4,2024-04-16,429.76,completado
11644,1645,45,5,2024-04-23,173.54,completado
11645,1646,46,1,2024-04-30,312.04,completado
11646,1647,47,2,2024-05-07,372.53,completado
11647,1648,48,3,2024-05-14,419.76,cancelado
11648,1649,49,4,2024-05-21,121.51,cancelado
11649,1650,50,5,2024-05-28,416.05,devuelto
11650,1651,51,1,2024-06-04,59.64,completado
11651,1652,52,2,2024-06-11,363.75,completado
11652,1653,53,3,2024-06-18,323.33,completado
11653,1654,54,4,2024-06-25,163.33,completado
11654,1655,55,5,2024-07-02,253.62,completado
11655,1656,56,1,2024-07-09,101.23,completado
11656,1657,57,2,2024-07-16,197.52,completado
11657,1658,58,3,2024-07-23,139.69,cancelado
11658,1659,59,4,2024-07-30,356.62,cancelado
11659,1660,60,5,2024-08-06,181.79,devuelto
11660,1661,61,1,2024-08-13,404.89,completado
11661,1662,62,2,2024-08-20,448.93,completado
11662,1663,63,3,2024-08-27,379.84,completado
11663,1664,64,4,2024-09-03,480.06,completado
11664,1665,65,5,2024-09-10,168.15,completado
11665,1666,66,1,2024-09-17,64.63,completado
11666,1667,67,2,2024-09-24,295.1,completado
11667,1668,68,3,2024-10-01,455.33,cancelado
11668,1669,69,4,2024-10-08,353.11,cancelado
11669,1670,70,5,2024-10-15,284.64,devuelto
11670,1671,71,1,2024-10-22,380.82,completado
11671,1672,72,2,2024-10-29,273.74,completado
11672,1673,73,3,2024-11-05,205.01,completado
11673,1674,74,4,2024-11-12,350.86,completado
11674,1675,75,5,2024-11-19,107.32,completado
11675,1676,76,1,2024-11-26,54.37,completado
11676,1677,77,2,2024-12-03,303.0,completado
11677,1678,78,3,2024-12-10,439.7,cancelado
11678,1679,79,4,2024-12-17,208.27,cancelado
11679,1680,80,5,2024-12-24,139.05,devuelto
11680,1681,81,1,2023-01-01,360.79,completado
11681,1682,82,2,2023-01-08,271.09,completado
11682,1683,83,3,2023-01-15,204.41,completado
11683,1684,84,4,2023-01-22,461.42,completado
11684,1685,85,5,2023-01-29,60.78,completado
11685,1686,86,1,2023-02-05,478.48,completado
11686,1687,87,2,2023-02-12,409.14,completado
11687,1688,88,3,2023-02-19,444.85,cancelado
11688,1689,89,4,2023-02-26,154.02,cancelado
11689,1690,90,5,2023-03-05,289.35,devuelto
11690,1691,91,1,2023-03-12,50.28,completado
11691,1692,92,2,2023-03-19,499.73,completado
11692,1693,93,3,2023-03-26,226.84,completado
11693,1694,94,4,2023-04-02,29.98,completado
11694,1695,95,5,2023-04-09,278.51,completado
11695,1696,96,1,2023-04-16,337.09,completado
11696,1697,97,2,2023-04-23,144.16,completado
11697,1698,98,3,2023-04-30,252.3,cancelado
11698,1699,99,4,2023-05-07,418.29,cancelado
11699,1700,100,5,2023-05-14,491.8,devuelto
11700,1701,101,1,2023-05-21,130.22,completado
11701,1702,102,2,2023-05-28,120.66,completado
11702,1703,103,3,2023-06-04,327.47,completado
11703,1704,104,4,2023-06-11,115.82,completado
11704,1705,105,5,2023-06-18,16.08,completado
11705,1706,106,1,2023-06-25,129.4,completado
11706,1707,107,2,2023-07-02,20.18,completado
11707,1708,108,3,2023-07-09,309.99,cancelado
11708,1709,109,4,2023-07-16,420.59,cancelado
11709,1710,110,5,2023-07-23,213.12,devuelto
11710,1711,111,1,2023-07-30,280.1,completado
11711,1712,112,2,2023-08-06,288.36,completado
11712,1713,113,3,2023-08-13,212.04,completado
11713,1714,114,4,2023-08-20,425.47,completado
11714,1715,115,5,2023-08-27,294.64,completado
11715,1716,116,1,2023-09-03,317.36,completado
11716,1717,117,2,2023-09-10,445.42,completado
11717,1718,118,3,2023-09-17,489.77,cancelado
11718,1719,119,4,2023-09-24,375.93,cancelado
11719,1720,120,5,2023-10-01,356.31,devuelto
11720,1721,121,1,2023-10-08,491.14,completado
11721,1722,122,2,2023-10-15,403.68,completado
11722,1723,123,3,2023-10-22,139.14,completado
11723,1724,124,4,2023-10-29,191.41,completado
11724,1725,125,5,2023-11-05,451.03,completado
11725,1726,126,1,2023-11-12,469.09,completado
11726,1727,127,2,2023-11-19,166.88,completado
11727,1728,128,3,2023-11-26,184.97,cancelado
11728,1729,129,4,2023-12-03,479.46,cancelado
11729,1730,130,5,2023-12-10,75.9,devuelto
11730,1731,131,1,2023-12-17,431.37,completado
11731,1732,132,2,2023-12-24,493.27,completado
11732,1733,133,3,2023-12-31,130.98,completado
11733,1734,134,4,2024-01-07,273.75,completado
11734,1735,135,5,2024-01-14,73.09,completado
11735,1736,136,1,2024-01-21,490.7,completado
11736,1737,137,2,2024-01-28,394.27,completado
11737,1738,138,3,2024-02-04,258.65,cancelado
11738,1739,139,4,2024-02-11,243.11,cancelado
11739,1740,140,5,2024-02-18,163.61,devuelto
11740,1741,141,1,2024-02-25,405.55,completado
11741,1742,142,2,2024-03-03,306.0,completado
11742,1743,143,3,2024-03-10,362.85,completado
11743,1744,144,4,2024-03-17,361.61,completado
11744,1745,145,5,2024-03-24,326.03,completado
11745,1746,146,1,2024-03-31,281.5,completado
11746,1747,147,2,2024-04-07,492.69,completado
11747,1748,148,3,2024-04-14,237.99,cancelado
11748,1749,149,4,2024-04-21,291.39,cancelado
11749,1750,150,5,2024-04-28,36.07,devuelto
11750,1751,151,1,2024-05-05,313.21,completado
11751,1752,152,2,2024-05-12,253.6,completado
11752,1753,153,3,2024-05-19,223.73,completado
11753,1754,154,4,2024-05-26,477.05,completado
11754,1755,155,5,2024-06-02,93.96,completado
11755,1756,156,1,2024-06-09,284.38,completado
11756,1757,157,2,2024-06-16,283.91,completado
11757,1758,158,3,2024-06-23,38.2,cancelado
11758,1759,159,4,2024-06-30,180.33,cancelado
11759,1760,160,5,2024-07-07,435.11,devuelto
11760,1761,161,1,2024-07-14,82.46,completado
11761,1762,162,2,2024-07-21,344.18,completado
11762,1763,163,3,2024-07-28,42.05,completado
11763,1764,164,4,2024-08-04,362.25,completado
11764,1765,165,5,2024-08-11,289.18,completado
11765,1766,166,1,2024-08-18,474.2,completado
11766,1767,167,2,2024-08-25,366.6,completado
11767,1768,168,3,2024-09-01,359.67,cancelado
11768,1769,169,4,2024-09-08,250.5,cancelado
11769,1770,170,5,2024-09-15,355.07,devuelto
11770,1771,171,1,2024-09-22,471.95,completado
11771,1772,172,2,2024-09-29,493.24,completado
11772,1773,173,3,2024-10-06,115.45,completado
11773,1774,174,4,2024-10-13,231.53,completado
11774,1775,175,5,2024-10-20,273.81,completado
11775,1776,176,1,2024-10-27,340.59,completado
11776,1777,177,2,2024-11-03,171.96,completado
11777,1778,178,3,2024-11-10,289.23,cancelado
11778,1779,179,4,2024-11-17,439.22,cancelado
11779,1780,180,5,2024-11-24,473.67,devuelto
11780,1781,181,1,2024-12-01,80.67,completado
11781,1782,182,2,2024-12-08,274.41,completado
11782,1783,183,3,2024-12-15,343.85,completado
11783,1784,184,4,2024-12-22,164.08,completado
11784,1785,185,5,2024-12-29,13.32,completado
11785,1786,186,1,2023-01-06,308.7,completado
11786,1787,187,2,2023-01-13,358.94,completado
11787,1788,188,3,2023-01-20,185.59,cancelado
11788,1789,189,4,2023-01-27,68.64,cancelado
11789,1790,190,5,2023-02-03,488.9,devuelto
11790,1791,191,1,2023-02-10,310.79,completado
11791,1792,192,2,2023-02-17,269.59,completado
11792,1793,193,3,2023-02-24,367.89,completado
11793,1794,194,4,2023-03-03,368.95,completado
11794,1795,195,5,2023-03-10,131.91,completado
11795,1796,196,1,2023-03-17,304.75,completado
11796,1797,197,2,2023-03-24,381.82,completado
11797,1798,198,3,2023-03-31,97.88,cancelado
11798,1799,199,4,2023-04-07,98.81,cancelado
11799,1800,200,5,2023-04-14,328.21,devuelto
11800,1801,1,1,2023-04-21,252.54,completado
11801,1802,2,2,2023-04-28,68.56,completado
11802,1803,3,3,2023-05-05,53.66,completado
11803,1804,4,4,2023-05-12,473.61,completado
11804,1805,5,5,2023-05-19,291.26,completado
11805,1806,6,1,2023-05-26,475.02,completado
11806,1807,7,2,2023-06-02,199.85,completado
11807,1808,8,3,2023-06-09,209.71,cancelado
11808,1809,9,4,2023-06-16,351.24,cancelado
11809,1810,10,5,2023-06-23,77.87,devuelto
11810,1811,11,1,2023-06-30,178.21,completado
11811,1812,12,2,2023-07-07,56.97,completado
11812,1813,13,3,2023-07-14,184.03,completado
11813,1814,14,4,2023-07-21,356.56,completado
11814,1815,15,5,2023-07-28,440.74,completado
11815,1816,16,1,2023-08-04,254.84,completado
11816,1817,17,2,2023-08-11,100.44,completado
11817,1818,18,3,2023-08-18,206.7,cancelado
11818,1819,19,4,2023-08-25,121.05,cancelado
11819,1820,20,5,2023-09-01,492.96,devuelto
11820,1821,21,1,2023-09-08,320.17,completado
11821,1822,22,2,2023-09-15,176.46,completado
11822,1823,23,3,2023-09-22,378.39,completado
11823,1824,24,4,2023-09-29,266.69,completado
11824,1825,25,5,2023-10-06,20.0,completado
11825,1826,26,1,2023-10-13,307.02,completado
11826,1827,27,2,2023-10-20,491.18,completado
11827,1828,28,3,2023-10-27,38.98,cancelado
11828,1829,29,4,2023-11-03,192.84,cancelado
11829,1830,30,5,2023-11-10,92.57,devuelto
11830,1831,31,1,2023-11-17,482.16,completado
11831,1832,32,2,2023-11-24,269.27,completado
11832,1833,33,3,2023-12-01,12.28,completado
11833,1834,34,4,2023-12-08,198.53,completado
11834,1835,35,5,2023-12-15,23.55,completado
11835,1836,36,1,2023-12-22,453.52,completado
11836,1837,37,2,2023-12-29,286.05,completado
11837,1838,38,3,2024-01-05,431.09,cancelado
11838,1839,39,4,2024-01-12,478.3,cancelado
11839,1840,40,5,2024-01-19,102.36,devuelto
11840,1841,41,1,2024-01-26,314.23,completado
11841,1842,42,2,2024-02-02,99.08,completado
11842,1843,43,3,2024-02-09,117.0,completado
11843,1844,44,4,2024-02-16,179.17,completado
11844,1845,45,5,2024-02-23,437.33,completado
11845,1846,46,1,2024-03-01,457.18,completado
11846,1847,47,2,2024-03-08,303.86,completado
11847,1848,48,3,2024-03-15,291.25,cancelado
11848,1849,49,4,2024-03-22,446.8,cancelado
11849,1850,50,5,2024-03-29,356.12,devuelto
11850,1851,51,1,2024-04-05,441.04,completado
11851,1852,52,2,2024-04-12,96.97,completado
11852,1853,53,3,2024-04-19,82.94,completado
11853,1854,54,4,2024-04-26,411.31,completado
11854,1855,55,5,2024-05-03,24.87,completado
11855,1856,56,1,2024-05-10,29.0,completado
11856,1857,57,2,2024-05-17,273.42,completado
11857,1858,58,3,2024-05-24,479.44,cancelado
11858,1859,59,4,2024-05-31,470.94,cancelado
11859,1860,60,5,2024-06-07,405.53,devuelto
11860,1861,61,1,2024-06-14,162.72,completado
11861,1862,62,2,2024-06-21,152.8,completado
11862,1863,63,3,2024-06-28,181.04,completado
11863,1864,64,4,2024-07-05,98.4,completado
11864,1865,65,5,2024-07-12,264.06,completado
11865,1866,66,1,2024-07-19,451.11,completado
11866,1867,67,2,2024-07-26,253.85,completado
11867,1868,68,3,2024-08-02,305.72,cancelado
11868,1869,69,4,2024-08-09,498.7,cancelado
11869,1870,70,5,2024-08-16,460.8,devuelto
11870,1871,71,1,2024-08-23,469.53,completado
11871,1872,72,2,2024-08-30,465.02,completado
11872,1873,73,3,2024-09-06,278.51,completado
11873,1874,74,4,2024-09-13,200.53,completado
11874,1875,75,5,2024-09-20,229.49,completado
11875,1876,76,1,2024-09-27,67.03,completado
11876,1877,77,2,2024-10-04,281.69,completado
11877,1878,78,3,2024-10-11,175.79,cancelado
11878,1879,79,4,2024-10-18,189.19,cancelado
11879,1880,80,5,2024-10-25,127.33,devuelto
11880,1881,81,1,2024-11-01,410.62,completado
11881,1882,82,2,2024-11-08,102.29,completado
11882,1883,83,3,2024-11-15,208.1,completado
11883,1884,84,4,2024-11-22,185.58,completado
11884,1885,85,5,2024-11-29,459.14,completado
11885,1886,86,1,2024-12-06,461.35,completado
11886,1887,87,2,2024-12-13,407.34,completado
11887,1888,88,3,2024-12-20,455.74,cancelado
11888,1889,89,4,2024-12-27,356.74,cancelado
11889,1890,90,5,2023-01-04,421.14,devuelto
11890,1891,91,1,2023-01-11,58.4,completado
11891,1892,92,2,2023-01-18,264.72,completado
11892,1893,93,3,2023-01-25,335.12,completado
11893,1894,94,4,2023-02-01,167.07,completado
11894,1895,95,5,2023-02-08,268.4,completado
11895,1896,96,1,2023-02-15,291.79,completado
11896,1897,97,2,2023-02-22,270.64,completado
11897,1898,98,3,2023-03-01,203.15,cancelado
11898,1899,99,4,2023-03-08,277.73,cancelado
11899,1900,100,5,2023-03-15,108.46,devuelto
11900,1901,101,1,2023-03-22,166.96,completado
11901,1902,102,2,2023-03-29,229.47,completado
11902,1903,103,3,2023-04-05,107.04,completado
11903,1904,104,4,2023-04-12,472.68,completado
11904,1905,105,5,2023-04-19,218.9,completado
11905,1906,106,1,2023-04-26,223.22,completado
11906,1907,107,2,2023-05-03,50.37,completado
11907,1908,108,3,2023-05-10,21.68,cancelado
11908,1909,109,4,2023-05-17,61.12,cancelado
11909,1910,110,5,2023-05-24,285.01,devuelto
11910,1911,111,1,2023-05-31,308.73,completado
11911,1912,112,2,2023-06-07,159.89,completado
11912,1913,113,3,2023-06-14,496.22,completado
11913,1914,114,4,2023-06-21,387.66,completado
11914,1915,115,5,2023-06-28,387.71,completado
11915,1916,116,1,2023-07-05,352.46,completado
11916,1917,117,2,2023-07-12,268.5,completado
11917,1918,118,3,2023-07-19,30.4,cancelado
11918,1919,119,4,2023-07-26,473.92,cancelado
11919,1920,120,5,2023-08-02,160.49,devuelto
11920,1921,121,1,2023-08-09,297.86,completado
11921,1922,122,2,2023-08-16,451.14,completado
11922,1923,123,3,2023-08-23,275.97,completado
11923,1924,124,4,2023-08-30,324.06,completado
11924,1925,125,5,2023-09-06,372.24,completado
11925,1926,126,1,2023-09-13,271.8,completado
11926,1927,127,2,2023-09-20,33.13,completado
11927,1928,128,3,2023-09-27,158.44,cancelado
11928,1929,129,4,2023-10-04,102.24,cancelado
11929,1930,130,5,2023-10-11,482.45,devuelto
11930,1931,131,1,2023-10-18,35.69,completado
11931,1932,132,2,2023-10-25,414.44,completado
11932,1933,133,3,2023-11-01,438.12,completado
11933,1934,134,4,2023-11-08,371.88,completado
11934,1935,135,5,2023-11-15,266.75,completado
11935,1936,136,1,2023-11-22,97.36,completado
11936,1937,137,2,2023-11-29,191.7,completado
11937,1938,138,3,2023-12-06,352.6,cancelado
11938,1939,139,4,2023-12-13,456.22,cancelado
11939,1940,140,5,2023-12-20,58.34,devuelto
11940,1941,141,1,2023-12-27,475.48,completado
11941,1942,142,2,2024-01-03,447.25,completado
11942,1943,143,3,2024-01-10,359.08,completado
11943,1944,144,4,2024-01-17,45.75,completado
11944,1945,145,5,2024-01-24,109.77,completado
11945,1946,146,1,2024-01-31,111.3,completado
11946,1947,147,2,2024-02-07,323.81,completado
11947,1948,148,3,2024-02-14,17.64,cancelado
11948,1949,149,4,2024-02-21,461.82,cancelado
11949,1950,150,5,2024-02-28,110.95,devuelto
11950,1951,151,1,2024-03-06,347.8,completado
11951,1952,152,2,2024-03-13,462.91,completado
11952,1953,153,3,2024-03-20,12.32,completado
11953,1954,154,4,2024-03-27,127.79,completado
11954,1955,155,5,2024-04-03,408.68,completado
11955,1956,156,1,2024-04-10,417.34,completado
11956,1957,157,2,2024-04-17,492.36,completado
11957,1958,158,3,2024-04-24,493.67,cancelado
11958,1959,159,4,2024-05-01,415.02,cancelado
11959,1960,160,5,2024-05-08,192.17,devuelto
11960,1961,161,1,2024-05-15,420.52,completado
11961,1962,162,2,2024-05-22,31.93,completado
11962,1963,163,3,2024-05-29,79.42,completado
11963,1964,164,4,2024-06-05,130.62,completado
11964,1965,165,5,2024-06-12,337.58,completado
11965,1966,166,1,2024-06-19,442.15,completado
11966,1967,167,2,2024-06-26,217.19,completado
11967,1968,168,3,2024-07-03,289.56,cancelado
11968,1969,169,4,2024-07-10,433.23,cancelado
11969,1970,170,5,2024-07-17,316.83,devuelto
11970,1971,171,1,2024-07-24,110.39,completado
11971,1972,172,2,2024-07-31,440.55,completado
11972,1973,173,3,2024-08-07,370.95,completado
11973,1974,174,4,2024-08-14,143.58,completado
11974,1975,175,5,2024-08-21,348.24,completado
11975,1976,176,1,2024-08-28,213.78,completado
11976,1977,177,2,2024-09-04,212.68,completado
11977,1978,178,3,2024-09-11,146.26,cancelado
11978,1979,179,4,2024-09-18,451.53,cancelado
11979,1980,180,5,2024-09-25,410.2,devuelto
11980,1981,181,1,2024-10-02,249.23,completado
11981,1982,182,2,2024-10-09,304.06,completado
11982,1983,183,3,2024-10-16,317.0,completado
11983,1984,184,4,2024-10-23,203.78,completado
11984,1985,185,5,2024-10-30,351.04,completado
11985,1986,186,1,2024-11-06,230.07,completado
11986,1987,187,2,2024-11-13,334.85,completado
11987,1988,188,3,2024-11-20,119.26,cancelado
11988,1989,189,4,2024-11-27,322.42,cancelado
11989,1990,190,5,2024-12-04,66.49,devuelto
11990,1991,191,1,2024-12-11,452.09,completado
11991,1992,192,2,2024-12-18,249.38,completado
11992,1993,193,3,2024-12-25,99.85,completado
11993,1994,194,4,2023-01-02,170.42,completado
11994,1995,195,5,2023-01-09,472.32,completado
11995,1996,196,1,2023-01-16,135.68,completado
11996,1997,197,2,2023-01-23,343.64,completado
11997,1998,198,3,2023-01-30,466.0,cancelado
11998,1999,199,4,2023-02-06,205.12,cancelado
11999,2000,200,5,2023-02-13,272.77,devuelto
12000,2001,1,1,2023-02-20,149.51,completado
12001,2002,2,2,2023-02-27,289.35,completado
12002,2003,3,3,2023-03-06,63.16,completado
12003,2004,4,4,2023-03-13,68.51,completado
12004,2005,5,5,2023-03-20,413.21,completado
12005,2006,6,1,2023-03-27,443.17,completado
12006,2007,7,2,2023-04-03,475.6,completado
12007,2008,8,3,2023-04-10,281.83,cancelado
12008,2009,9,4,2023-04-17,254.0,cancelado
12009,2010,10,5,2023-04-24,72.29,devuelto
12010,2011,11,1,2023-05-01,497.82,completado
12011,2012,12,2,2023-05-08,239.79,completado
12012,2013,13,3,2023-05-15,63.58,completado
12013,2014,14,4,2023-05-22,122.04,completado
12014,2015,15,5,2023-05-29,418.22,completado
12015,2016,16,1,2023-06-05,100.39,completado
12016,2017,17,2,2023-06-12,383.65,completado
12017,2018,18,3,2023-06-19,405.14,cancelado
12018,2019,19,4,2023-06-26,128.46,cancelado
12019,2020,20,5,2023-07-03,311.51,devuelto
12020,2021,21,1,2023-07-10,224.67,completado
12021,2022,22,2,2023-07-17,79.95,completado
12022,2023,23,3,2023-07-24,302.53,completado
12023,2024,24,4,2023-07-31,30.12,completado
12024,2025,25,5,2023-08-07,467.47,completado
12025,2026,26,1,2023-08-14,385.73,completado
12026,2027,27,2,2023-08-21,102.6,completado
12027,2028,28,3,2023-08-28,113.11,cancelado
12028,2029,29,4,2023-09-04,165.78,cancelado
12029,2030,30,5,2023-09-11,288.71,devuelto
12030,2031,31,1,2023-09-18,474.81,completado
12031,2032,32,2,2023-09-25,177.26,completado
12032,2033,33,3,2023-10-02,475.7,completado
12033,2034,34,4,2023-10-09,461.7,completado
12034,2035,35,5,2023-10-16,181.56,completado
12035,2036,36,1,2023-10-23,108.32,completado
12036,2037,37,2,2023-10-30,325.63,completado
12037,2038,38,3,2023-11-06,201.74,cancelado
12038,2039,39,4,2023-11-13,85.02,cancelado
12039,2040,40,5,2023-11-20,152.98,devuelto
12040,2041,41,1,2023-11-27,41.19,completado
12041,2042,42,2,2023-12-04,100.14,completado
12042,2043,43,3,2023-12-11,105.23,completado
12043,2044,44,4,2023-12-18,332.43,completado
12044,2045,45,5,2023-12-25,225.05,completado
12045,2046,46,1,2024-01-01,436.96,completado
12046,2047,47,2,2024-01-08,44.0,completado
12047,2048,48,3,2024-01-15,130.43,cancelado
12048,2049,49,4,2024-01-22,268.99,cancelado
12049,2050,50,5,2024-01-29,282.86,devuelto
12050,2051,51,1,2024-02-05,80.25,completado
12051,2052,52,2,2024-02-12,482.45,completado
12052,2053,53,3,2024-02-19,37.79,completado
12053,2054,54,4,2024-02-26,345.53,completado
12054,2055,55,5,2024-03-04,210.86,completado
12055,2056,56,1,2024-03-11,271.79,completado
12056,2057,57,2,2024-03-18,313.11,completado
12057,2058,58,3,2024-03-25,93.26,cancelado
12058,2059,59,4,2024-04-01,467.07,cancelado
12059,2060,60,5,2024-04-08,191.48,devuelto
12060,2061,61,1,2024-04-15,80.31,completado
12061,2062,62,2,2024-04-22,60.86,completado
12062,2063,63,3,2024-04-29,124.49,completado
12063,2064,64,4,2024-05-06,196.79,completado
12064,2065,65,5,2024-05-13,285.73,completado
12065,2066,66,1,2024-05-20,408.72,completado
12066,2067,67,2,2024-05-27,386.66,completado
12067,2068,68,3,2024-06-03,68.62,cancelado
12068,2069,69,4,2024-06-10,120.01,cancelado
12069,2070,70,5,2024-06-17,317.86,devuelto
12070,2071,71,1,2024-06-24,286.18,completado
12071,2072,72,2,2024-07-01,46.22,completado
12072,2073,73,3,2024-07-08,327.94,completado
12073,2074,74,4,2024-07-15,456.3,completado
12074,2075,75,5,2024-07-22,469.23,completado
12075,2076,76,1,2024-07-29,325.95,completado
12076,2077,77,2,2024-08-05,148.41,completado
12077,2078,78,3,2024-08-12,311.86,cancelado
12078,2079,79,4,2024-08-19,230.34,cancelado
12079,2080,80,5,2024-08-26,376.55,devuelto
12080,2081,81,1,2024-09-02,344.61,completado
12081,2082,82,2,2024-09-09,310.18,completado
12082,2083,83,3,2024-09-16,179.12,completado
12083,2084,84,4,2024-09-23,494.11,completado
12084,2085,85,5,2024-09-30,232.94,completado
12085,2086,86,1,2024-10-07,460.52,completado
12086,2087,87,2,2024-10-14,85.04,completado
12087,2088,88,3,2024-10-21,272.86,cancelado
12088,2089,89,4,2024-10-28,186.47,cancelado
12089,2090,90,5,2024-11-04,80.76,devuelto
12090,2091,91,1,2024-11-11,322.18,completado
12091,2092,92,2,2024-11-18,95.43,completado
12092,2093,93,3,2024-11-25,484.01,completado
12093,2094,94,4,2024-12-02,499.58,completado
12094,2095,95,5,2024-12-09,442.15,completado
12095,2096,96,1,2024-12-16,190.36,completado
12096,2097,97,2,2024-12-23,20.26,completado
12097,2098,98,3,2024-12-30,404.67,cancelado
12098,2099,99,4,2023-01-07,80.55,cancelado
12099,2100,100,5,2023-01-14,235.37,devuelto
12100,2101,101,1,2023-01-21,358.24,completado
12101,2102,102,2,2023-01-28,275.33,completado
12102,2103,103,3,2023-02-04,121.22,completado
12103,2104,104,4,2023-02-11,207.09,completado
12104,2105,105,5,2023-02-18,421.67,completado
12105,2106,106,1,2023-02-25,182.94,completado
12106,2107,107,2,2023-03-04,471.52,completado
12107,2108,108,3,2023-03-11,216.36,cancelado
12108,2109,109,4,2023-03-18,214.69,cancelado
12109,2110,110,5,2023-03-25,369.39,devuelto
12110,2111,111,1,2023-04-01,227.51,completado
12111,2112,112,2,2023-04-08,200.34,completado
12112,2113,113,3,2023-04-15,188.14,completado
12113,2114,114,4,2023-04-22,169.75,completado
12114,2115,115,5,2023-04-29,205.45,completado
12115,2116,116,1,2023-05-06,364.42,completado
12116,2117,117,2,2023-05-13,110.9,completado
12117,2118,118,3,2023-05-20,116.31,cancelado
12118,2119,119,4,2023-05-27,103.57,cancelado
12119,2120,120,5,2023-06-03,105.35,devuelto
12120,2121,121,1,2023-06-10,438.07,completado
12121,2122,122,2,2023-06-17,333.07,completado
12122,2123,123,3,2023-06-24,313.25,completado
12123,2124,124,4,2023-07-01,451.17,completado
12124,2125,125,5,2023-07-08,278.62,completado
12125,2126,126,1,2023-07-15,384.35,completado
12126,2127,127,2,2023-07-22,210.02,completado
12127,2128,128,3,2023-07-29,325.56,cancelado
12128,2129,129,4,2023-08-05,114.62,cancelado
12129,2130,130,5,2023-08-12,79.25,devuelto
12130,2131,131,1,2023-08-19,63.24,completado
12131,2132,132,2,2023-08-26,329.6,completado
12132,2133,133,3,2023-09-02,157.16,completado
12133,2134,134,4,2023-09-09,418.12,completado
12134,2135,135,5,2023-09-16,389.54,completado
12135,2136,136,1,2023-09-23,315.56,completado
12136,2137,137,2,2023-09-30,34.93,completado
12137,2138,138,3,2023-10-07,116.42,cancelado
12138,2139,139,4,2023-10-14,280.33,cancelado
12139,2140,140,5,2023-10-21,86.79,devuelto
12140,2141,141,1,2023-10-28,198.3,completado
12141,2142,142,2,2023-11-04,263.58,completado
12142,2143,143,3,2023-11-11,98.35,completado
12143,2144,144,4,2023-11-18,227.06,completado
12144,2145,145,5,2023-11-25,350.05,completado
12145,2146,146,1,2023-12-02,199.13,completado
12146,2147,147,2,2023-12-09,336.83,completado
12147,2148,148,3,2023-12-16,143.93,cancelado
12148,2149,149,4,2023-12-23,375.53,cancelado
12149,2150,150,5,2023-12-30,286.05,devuelto
12150,2151,151,1,2024-01-06,86.37,completado
12151,2152,152,2,2024-01-13,206.92,completado
12152,2153,153,3,2024-01-20,393.11,completado
12153,2154,154,4,2024-01-27,106.93,completado
12154,2155,155,5,2024-02-03,211.53,completado
12155,2156,156,1,2024-02-10,239.6,completado
12156,2157,157,2,2024-02-17,435.33,completado
12157,2158,158,3,2024-02-24,73.97,cancelado
12158,2159,159,4,2024-03-02,466.31,cancelado
12159,2160,160,5,2024-03-09,164.95,devuelto
12160,2161,161,1,2024-03-16,467.18,completado
12161,2162,162,2,2024-03-23,310.04,completado
12162,2163,163,3,2024-03-30,370.31,completado
12163,2164,164,4,2024-04-06,439.2,completado
12164,2165,165,5,2024-04-13,341.33,completado
12165,2166,166,1,2024-04-20,395.61,completado
12166,2167,167,2,2024-04-27,52.02,completado
12167,2168,168,3,2024-05-04,14.25,cancelado
12168,2169,169,4,2024-05-11,432.5,cancelado
12169,2170,170,5,2024-05-18,35.85,devuelto
12170,2171,171,1,2024-05-25,427.77,completado
12171,2172,172,2,2024-06-01,163.51,completado
12172,2173,173,3,2024-06-08,451.88,completado
12173,2174,174,4,2024-06-15,109.47,completado
12174,2175,175,5,2024-06-22,83.8,completado
12175,2176,176,1,2024-06-29,114.38,completado
12176,2177,177,2,2024-07-06,421.93,completado
12177,2178,178,3,2024-07-13,187.84,cancelado
12178,2179,179,4,2024-07-20,455.53,cancelado
12179,2180,180,5,2024-07-27,295.89,devuelto
12180,2181,181,1,2024-08-03,415.84,completado
12181,2182,182,2,2024-08-10,242.79,completado
12182,2183,183,3,2024-08-17,354.77,completado
12183,2184,184,4,2024-08-24,151.97,completado
12184,2185,185,5,2024-08-31,59.73,completado
12185,2186,186,1,2024-09-07,285.32,completado
12186,2187,187,2,2024-09-14,451.4,completado
12187,2188,188,3,2024-09-21,84.49,cancelado
12188,2189,189,4,2024-09-28,213.44,cancelado
12189,2190,190,5,2024-10-05,270.83,devuelto
12190,2191,191,1,2024-10-12,312.96,completado
12191,2192,192,2,2024-10-19,87.56,completado
12192,2193,193,3,2024-10-26,280.64,completado
12193,2194,194,4,2024-11-02,240.09,completado
12194,2195,195,5,2024-11-09,491.82,completado
12195,2196,196,1,2024-11-16,348.08,completado
12196,2197,197,2,2024-11-23,452.79,completado
12197,2198,198,3,2024-11-30,488.3,cancelado
12198,2199,199,4,2024-12-07,335.3,cancelado
12199,2200,200,5,2024-12-14,81.86,devuelto
12200,2201,1,1,2024-12-21,228.0,completado
12201,2202,2,2,2024-12-28,380.28,completado
12202,2203,3,3,2023-01-05,76.44,completado
12203,2204,4,4,2023-01-12,196.67,completado
12204,2205,5,5,2023-01-19,195.89,completado
12205,2206,6,1,2023-01-26,93.52,completado
12206,2207,7,2,2023-02-02,19.78,completado
12207,2208,8,3,2023-02-09,347.18,cancelado
12208,2209,9,4,2023-02-16,410.8,cancelado
12209,2210,10,5,2023-02-23,466.16,devuelto
12210,2211,11,1,2023-03-02,296.6,completado
12211,2212,12,2,2023-03-09,99.1,completado
12212,2213,13,3,2023-03-16,448.05,completado
12213,2214,14,4,2023-03-23,485.45,completado
12214,2215,15,5,2023-03-30,473.84,completado
12215,2216,16,1,2023-04-06,287.72,completado
12216,2217,17,2,2023-04-13,443.95,completado
12217,2218,18,3,2023-04-20,494.03,cancelado
12218,2219,19,4,2023-04-27,444.38,cancelado
12219,2220,20,5,2023-05-04,43.76,devuelto
12220,2221,21,1,2023-05-11,76.12,completado
12221,2222,22,2,2023-05-18,157.05,completado
12222,2223,23,3,2023-05-25,202.87,completado
12223,2224,24,4,2023-06-01,83.25,completado
12224,2225,25,5,2023-06-08,496.52,completado
12225,2226,26,1,2023-06-15,397.57,completado
12226,2227,27,2,2023-06-22,337.76,completado
12227,2228,28,3,2023-06-29,481.17,cancelado
12228,2229,29,4,2023-07-06,167.14,cancelado
12229,2230,30,5,2023-07-13,358.59,devuelto
12230,2231,31,1,2023-07-20,474.89,completado
12231,2232,32,2,2023-07-27,50.71,completado
12232,2233,33,3,2023-08-03,305.38,completado
12233,2234,34,4,2023-08-10,401.67,completado
12234,2235,35,5,2023-08-17,17.82,completado
12235,2236,36,1,2023-08-24,446.61,completado
12236,2237,37,2,2023-08-31,214.69,completado
12237,2238,38,3,2023-09-07,92.84,cancelado
12238,2239,39,4,2023-09-14,427.11,cancelado
12239,2240,40,5,2023-09-21,104.09,devuelto
12240,2241,41,1,2023-09-28,147.32,completado
12241,2242,42,2,2023-10-05,265.01,completado
12242,2243,43,3,2023-10-12,458.8,completado
12243,2244,44,4,2023-10-19,249.91,completado
12244,2245,45,5,2023-10-26,453.85,completado
12245,2246,46,1,2023-11-02,35.49,completado
12246,2247,47,2,2023-11-09,127.01,completado
12247,2248,48,3,2023-11-16,160.25,cancelado
12248,2249,49,4,2023-11-23,229.98,cancelado
12249,2250,50,5,2023-11-30,222.15,devuelto
12250,2251,51,1,2023-12-07,29.82,completado
12251,2252,52,2,2023-12-14,377.5,completado
12252,2253,53,3,2023-12-21,382.28,completado
12253,2254,54,4,2023-12-28,234.46,completado
12254,2255,55,5,2024-01-04,49.32,completado
12255,2256,56,1,2024-01-11,280.12,completado
12256,2257,57,2,2024-01-18,74.02,completado
12257,2258,58,3,2024-01-25,489.34,cancelado
12258,2259,59,4,2024-02-01,315.84,cancelado
12259,2260,60,5,2024-02-08,369.97,devuelto
12260,2261,61,1,2024-02-15,19.41,completado
12261,2262,62,2,2024-02-22,196.53,completado
12262,2263,63,3,2024-02-29,453.22,completado
12263,2264,64,4,2024-03-07,196.21,completado
12264,2265,65,5,2024-03-14,27.63,completado
12265,2266,66,1,2024-03-21,339.23,completado
12266,2267,67,2,2024-03-28,351.46,completado
12267,2268,68,3,2024-04-04,174.46,cancelado
12268,2269,69,4,2024-04-11,403.54,cancelado
12269,2270,70,5,2024-04-18,428.28,devuelto
12270,2271,71,1,2024-04-25,394.22,completado
12271,2272,72,2,2024-05-02,209.53,completado
12272,2273,73,3,2024-05-09,177.64,completado
12273,2274,74,4,2024-05-16,472.02,completado
12274,2275,75,5,2024-05-23,362.37,completado
12275,2276,76,1,2024-05-30,280.67,completado
12276,2277,77,2,2024-06-06,249.53,completado
12277,2278,78,3,2024-06-13,140.67,cancelado
12278,2279,79,4,2024-06-20,457.55,cancelado
12279,2280,80,5,2024-06-27,460.2,devuelto
12280,2281,81,1,2024-07-04,51.55,completado
12281,2282,82,2,2024-07-11,336.45,completado
12282,2283,83,3,2024-07-18,166.12,completado
12283,2284,84,4,2024-07-25,259.31,completado
12284,2285,85,5,2024-08-01,65.63,completado
12285,2286,86,1,2024-08-08,407.27,completado
12286,2287,87,2,2024-08-15,405.05,completado
12287,2288,88,3,2024-08-22,62.45,cancelado
12288,2289,89,4,2024-08-29,46.46,cancelado
12289,2290,90,5,2024-09-05,192.96,devuelto
12290,2291,91,1,2024-09-12,85.46,completado
12291,2292,92,2,2024-09-19,402.71,completado
12292,2293,93,3,2024-09-26,391.65,completado
12293,2294,94,4,2024-10-03,433.21,completado
12294,2295,95,5,2024-10-10,14.73,completado
12295,2296,96,1,2024-10-17,16.59,completado
12296,2297,97,2,2024-10-24,405.42,completado
12297,2298,98,3,2024-10-31,436.38,cancelado
12298,2299,99,4,2024-11-07,312.56,cancelado
12299,2300,100,5,2024-11-14,86.56,devuelto
12300,2301,101,1,2024-11-21,316.8,completado
12301,2302,102,2,2024-11-28,436.96,completado
12302,2303,103,3,2024-12-05,235.77,completado
12303,2304,104,4,2024-12-12,437.97,completado
12304,2305,105,5,2024-12-19,395.2,completado
12305,2306,106,1,2024-12-26,61.86,completado
12306,2307,107,2,2023-01-03,69.77,completado
12307,2308,108,3,2023-01-10,355.03,cancelado
12308,2309,109,4,2023-01-17,107.77,cancelado
12309,2310,110,5,2023-01-24,375.57,devuelto
12310,2311,111,1,2023-01-31,49.77,completado
12311,2312,112,2,2023-02-07,54.93,completado
12312,2313,113,3,2023-02-14,476.18,completado
12313,2314,114,4,2023-02-21,11.88,completado
12314,2315,115,5,2023-02-28,397.88,completado
12315,2316,116,1,2023-03-07,124.21,completado
12316,2317,117,2,2023-03-14,34.5,completado
12317,2318,118,3,2023-03-21,48.91,cancelado
12318,2319,119,4,2023-03-28,167.0,cancelado
12319,2320,120,5,2023-04-04,269.37,devuelto
12320,2321,121,1,2023-04-11,243.26,completado
12321,2322,122,2,2023-04-18,106.68,completado
12322,2323,123,3,2023-04-25,494.09,completado
12323,2324,124,4,2023-05-02,306.67,completado
12324,2325,125,5,2023-05-09,101.17,completado
12325,2326,126,1,2023-05-16,151.15,completado
12326,2327,127,2,2023-05-23,341.32,completado
12327,2328,128,3,2023-05-30,433.85,cancelado
12328,2329,129,4,2023-06-06,40.02,cancelado
12329,2330,130,5,2023-06-13,100.61,devuelto
12330,2331,131,1,2023-06-20,13.09,completado
12331,2332,132,2,2023-06-27,96.17,completado
12332,2333,133,3,2023-07-04,106.88,completado
12333,2334,134,4,2023-07-11,80.51,completado
12334,2335,135,5,2023-07-18,275.58,completado
12335,2336,136,1,2023-07-25,486.63,completado
12336,2337,137,2,2023-08-01,352.98,completado
12337,2338,138,3,2023-08-08,354.41,cancelado
12338,2339,139,4,2023-08-15,47.13,cancelado
12339,2340,140,5,2023-08-22,101.65,devuelto
12340,2341,141,1,2023-08-29,167.49,completado
12341,2342,142,2,2023-09-05,496.07,completado
12342,2343,143,3,2023-09-12,89.59,completado
12343,2344,144,4,2023-09-19,321.3,completado
12344,2345,145,5,2023-09-26,300.23,completado
12345,2346,146,1,2023-10-03,304.76,completado
12346,2347,147,2,2023-10-10,258.26,completado
12347,2348,148,3,2023-10-17,149.85,cancelado
12348,2349,149,4,2023-10-24,219.0,cancelado
12349,2350,150,5,2023-10-31,413.99,devuelto
12350,2351,151,1,2023-11-07,370.37,completado
12351,2352,152,2,2023-11-14,269.97,completado
12352,2353,153,3,2023-11-21,330.87,completado
12353,2354,154,4,2023-11-28,484.39,completado
12354,2355,155,5,2023-12-05,133.32,completado
12355,2356,156,1,2023-12-12,379.61,completado
12356,2357,157,2,2023-12-19,41.68,completado
12357,2358,158,3,2023-12-26,40.76,cancelado
12358,2359,159,4,2024-01-02,178.67,cancelado
12359,2360,160,5,2024-01-09,369.13,devuelto
12360,2361,161,1,2024-01-16,313.72,completado
12361,2362,162,2,2024-01-23,410.67,completado
12362,2363,163,3,2024-01-30,49.18,completado
12363,2364,164,4,2024-02-06,384.57,completado
12364,2365,165,5,2024-02-13,360.89,completado
12365,2366,166,1,2024-02-20,15.88,completado
12366,2367,167,2,2024-02-27,374.69,completado
12367,2368,168,3,2024-03-05,53.23,cancelado
12368,2369,169,4,2024-03-12,298.19,cancelado
12369,2370,170,5,2024-03-19,459.0,devuelto
12370,2371,171,1,2024-03-26,187.13,completado
12371,2372,172,2,2024-04-02,343.73,completado
12372,2373,173,3,2024-04-09,342.32,completado
12373,2374,174,4,2024-04-16,42.28,completado
12374,2375,175,5,2024-04-23,138.59,completado
12375,2376,176,1,2024-04-30,421.47,completado
12376,2377,177,2,2024-05-07,230.89,completado
12377,2378,178,3,2024-05-14,373.67,cancelado
12378,2379,179,4,2024-05-21,245.42,cancelado
12379,2380,180,5,2024-05-28,254.85,devuelto
12380,2381,181,1,2024-06-04,384.07,completado
12381,2382,182,2,2024-06-11,163.6,completado
12382,2383,183,3,2024-06-18,499.56,completado
12383,2384,184,4,2024-06-25,103.24,completado
12384,2385,185,5,2024-07-02,297.74,completado
12385,2386,186,1,2024-07-09,30.92,completado
12386,2387,187,2,2024-07-16,182.92,completado
12387,2388,188,3,2024-07-23,237.82,cancelado
12388,2389,189,4,2024-07-30,236.2,cancelado
12389,2390,190,5,2024-08-06,462.49,devuelto
12390,2391,191,1,2024-08-13,424.78,completado
12391,2392,192,2,2024-08-20,486.42,completado
12392,2393,193,3,2024-08-27,237.18,completado
12393,2394,194,4,2024-09-03,450.55,completado
12394,2395,195,5,2024-09-10,231.57,completado
12395,2396,196,1,2024-09-17,79.62,completado
12396,2397,197,2,2024-09-24,377.77,completado
12397,2398,198,3,2024-10-01,215.6,cancelado
12398,2399,199,4,2024-10-08,22.0,cancelado
12399,2400,200,5,2024-10-15,78.32,devuelto
12400,2401,1,1,2024-10-22,165.19,completado
12401,2402,2,2,2024-10-29,494.98,completado
12402,2403,3,3,2024-11-05,319.77,completado
12403,2404,4,4,2024-11-12,205.71,completado
12404,2405,5,5,2024-11-19,16.84,completado
12405,2406,6,1,2024-11-26,397.77,completado
12406,2407,7,2,2024-12-03,334.27,completado
12407,2408,8,3,2024-12-10,94.66,cancelado
12408,2409,9,4,2024-12-17,300.54,cancelado
12409,2410,10,5,2024-12-24,100.12,devuelto
12410,2411,11,1,2023-01-01,56.47,completado
12411,2412,12,2,2023-01-08,201.73,completado
12412,2413,13,3,2023-01-15,83.45,completado
12413,2414,14,4,2023-01-22,175.28,completado
12414,2415,15,5,2023-01-29,20.62,completado
12415,2416,16,1,2023-02-05,202.19,completado
12416,2417,17,2,2023-02-12,158.73,completado
12417,2418,18,3,2023-02-19,478.05,cancelado
12418,2419,19,4,2023-02-26,279.17,cancelado
12419,2420,20,5,2023-03-05,121.59,devuelto
12420,2421,21,1,2023-03-12,248.4,completado
12421,2422,22,2,2023-03-19,364.63,completado
12422,2423,23,3,2023-03-26,222.1,completado
12423,2424,24,4,2023-04-02,474.19,completado
12424,2425,25,5,2023-04-09,88.31,completado
12425,2426,26,1,2023-04-16,484.86,completado
12426,2427,27,2,2023-04-23,39.28,completado
12427,2428,28,3,2023-04-30,481.11,cancelado
12428,2429,29,4,2023-05-07,42.78,cancelado
12429,2430,30,5,2023-05-14,168.41,devuelto
12430,2431,31,1,2023-05-21,243.58,completado
12431,2432,32,2,2023-05-28,151.77,completado
12432,2433,33,3,2023-06-04,125.22,completado
12433,2434,34,4,2023-06-11,472.24,completado
12434,2435,35,5,2023-06-18,403.77,completado
12435,2436,36,1,2023-06-25,214.01,completado
12436,2437,37,2,2023-07-02,16.35,completado
12437,2438,38,3,2023-07-09,160.92,cancelado
12438,2439,39,4,2023-07-16,87.72,cancelado
12439,2440,40,5,2023-07-23,318.92,devuelto
12440,2441,41,1,2023-07-30,345.19,completado
12441,2442,42,2,2023-08-06,220.21,completado
12442,2443,43,3,2023-08-13,69.71,completado
12443,2444,44,4,2023-08-20,73.42,completado
12444,2445,45,5,2023-08-27,148.13,completado
12445,2446,46,1,2023-09-03,365.13,completado
12446,2447,47,2,2023-09-10,405.49,completado
12447,2448,48,3,2023-09-17,433.41,cancelado
12448,2449,49,4,2023-09-24,191.09,cancelado
12449,2450,50,5,2023-10-01,485.51,devuelto
12450,2451,51,1,2023-10-08,40.93,completado
12451,2452,52,2,2023-10-15,229.07,completado
12452,2453,53,3,2023-10-22,214.33,completado
12453,2454,54,4,2023-10-29,112.63,completado
12454,2455,55,5,2023-11-05,169.84,completado
12455,2456,56,1,2023-11-12,124.38,completado
12456,2457,57,2,2023-11-19,437.22,completado
12457,2458,58,3,2023-11-26,163.14,cancelado
12458,2459,59,4,2023-12-03,458.71,cancelado
12459,2460,60,5,2023-12-10,486.54,devuelto
12460,2461,61,1,2023-12-17,395.54,completado
12461,2462,62,2,2023-12-24,281.95,completado
12462,2463,63,3,2023-12-31,292.84,completado
12463,2464,64,4,2024-01-07,172.22,completado
12464,2465,65,5,2024-01-14,105.25,completado
12465,2466,66,1,2024-01-21,72.3,completado
12466,2467,67,2,2024-01-28,167.7,completado
12467,2468,68,3,2024-02-04,320.01,cancelado
12468,2469,69,4,2024-02-11,485.86,cancelado
12469,2470,70,5,2024-02-18,122.17,devuelto
12470,2471,71,1,2024-02-25,300.49,completado
12471,2472,72,2,2024-03-03,126.14,completado
12472,2473,73,3,2024-03-10,411.63,completado
12473,2474,74,4,2024-03-17,249.41,completado
12474,2475,75,5,2024-03-24,240.18,completado
12475,2476,76,1,2024-03-31,19.5,completado
12476,2477,77,2,2024-04-07,260.37,completado
12477,2478,78,3,2024-04-14,56.84,cancelado
12478,2479,79,4,2024-04-21,377.59,cancelado
12479,2480,80,5,2024-04-28,315.57,devuelto
12480,2481,81,1,2024-05-05,49.84,completado
12481,2482,82,2,2024-05-12,250.56,completado
12482,2483,83,3,2024-05-19,305.27,completado
12483,2484,84,4,2024-05-26,446.55,completado
12484,2485,85,5,2024-06-02,479.55,completado
12485,2486,86,1,2024-06-09,140.34,completado
12486,2487,87,2,2024-06-16,230.25,completado
12487,2488,88,3,2024-06-23,390.94,cancelado
12488,2489,89,4,2024-06-30,397.73,cancelado
12489,2490,90,5,2024-07-07,145.34,devuelto
12490,2491,91,1,2024-07-14,80.11,completado
12491,2492,92,2,2024-07-21,425.41,completado
12492,2493,93,3,2024-07-28,38.92,completado
12493,2494,94,4,2024-08-04,130.83,completado
12494,2495,95,5,2024-08-11,320.2,completado
12495,2496,96,1,2024-08-18,170.34,completado
12496,2497,97,2,2024-08-25,414.17,completado
12497,2498,98,3,2024-09-01,246.45,cancelado
12498,2499,99,4,2024-09-08,81.6,cancelado
12499,2500,100,5,2024-09-15,143.65,devuelto
12500,2501,101,1,2024-09-22,166.82,completado
12501,2502,102,2,2024-09-29,492.79,completado
12502,2503,103,3,2024-10-06,306.34,completado
12503,2504,104,4,2024-10-13,272.79,completado
12504,2505,105,5,2024-10-20,413.83,completado
12505,2506,106,1,2024-10-27,326.46,completado
12506,2507,107,2,2024-11-03,479.29,completado
12507,2508,108,3,2024-11-10,302.82,cancelado
12508,2509,109,4,2024-11-17,68.98,cancelado
12509,2510,110,5,2024-11-24,369.38,devuelto
12510,2511,111,1,2024-12-01,370.39,completado
12511,2512,112,2,2024-12-08,105.52,completado
12512,2513,113,3,2024-12-15,401.44,completado
12513,2514,114,4,2024-12-22,148.4,completado
12514,2515,115,5,2024-12-29,397.45,completado
12515,2516,116,1,2023-01-06,217.27,completado
12516,2517,117,2,2023-01-13,411.11,completado
12517,2518,118,3,2023-01-20,15.35,cancelado
12518,2519,119,4,2023-01-27,137.88,cancelado
12519,2520,120,5,2023-02-03,80.59,devuelto
12520,2521,121,1,2023-02-10,22.39,completado
12521,2522,122,2,2023-02-17,329.3,completado
12522,2523,123,3,2023-02-24,383.56,completado
12523,2524,124,4,2023-03-03,48.57,completado
12524,2525,125,5,2023-03-10,237.82,completado
12525,2526,126,1,2023-03-17,455.81,completado
12526,2527,127,2,2023-03-24,82.33,completado
12527,2528,128,3,2023-03-31,316.69,cancelado
12528,2529,129,4,2023-04-07,282.08,cancelado
12529,2530,130,5,2023-04-14,300.98,devuelto
12530,2531,131,1,2023-04-21,381.65,completado
12531,2532,132,2,2023-04-28,62.79,completado
12532,2533,133,3,2023-05-05,144.04,completado
12533,2534,134,4,2023-05-12,145.22,completado
12534,2535,135,5,2023-05-19,356.09,completado
12535,2536,136,1,2023-05-26,232.13,completado
12536,2537,137,2,2023-06-02,89.82,completado
12537,2538,138,3,2023-06-09,72.98,cancelado
12538,2539,139,4,2023-06-16,478.49,cancelado
12539,2540,140,5,2023-06-23,70.72,devuelto
12540,2541,141,1,2023-06-30,435.19,completado
12541,2542,142,2,2023-07-07,280.76,completado
12542,2543,143,3,2023-07-14,190.72,completado
12543,2544,144,4,2023-07-21,164.48,completado
12544,2545,145,5,2023-07-28,363.05,completado
12545,2546,146,1,2023-08-04,279.56,completado
12546,2547,147,2,2023-08-11,318.16,completado
12547,2548,148,3,2023-08-18,326.7,cancelado
12548,2549,149,4,2023-08-25,203.81,cancelado
12549,2550,150,5,2023-09-01,170.04,devuelto
12550,2551,151,1,2023-09-08,419.68,completado
12551,2552,152,2,2023-09-15,26.92,completado
12552,2553,153,3,2023-09-22,148.63,completado
12553,2554,154,4,2023-09-29,287.15,completado
12554,2555,155,5,2023-10-06,288.58,completado
12555,2556,156,1,2023-10-13,442.8,completado
12556,2557,157,2,2023-10-20,37.37,completado
12557,2558,158,3,2023-10-27,361.46,cancelado
12558,2559,159,4,2023-11-03,74.61,cancelado
12559,2560,160,5,2023-11-10,41.3,devuelto
12560,2561,161,1,2023-11-17,43.27,completado
12561,2562,162,2,2023-11-24,84.27,completado
12562,2563,163,3,2023-12-01,266.16,completado
12563,2564,164,4,2023-12-08,470.66,completado
12564,2565,165,5,2023-12-15,125.16,completado
12565,2566,166,1,2023-12-22,379.78,completado
12566,2567,167,2,2023-12-29,486.44,completado
12567,2568,168,3,2024-01-05,175.7,cancelado
12568,2569,169,4,2024-01-12,212.19,cancelado
12569,2570,170,5,2024-01-19,377.92,devuelto
12570,2571,171,1,2024-01-26,251.3,completado
12571,2572,172,2,2024-02-02,277.1,completado
12572,2573,173,3,2024-02-09,267.09,completado
12573,2574,174,4,2024-02-16,324.49,completado
12574,2575,175,5,2024-02-23,204.04,completado
12575,2576,176,1,2024-03-01,85.94,completado
12576,2577,177,2,2024-03-08,413.19,completado
12577,2578,178,3,2024-03-15,409.04,cancelado
12578,2579,179,4,2024-03-22,229.76,cancelado
12579,2580,180,5,2024-03-29,66.47,devuelto
12580,2581,181,1,2024-04-05,456.6,completado
12581,2582,182,2,2024-04-12,137.77,completado
12582,2583,183,3,2024-04-19,127.24,completado
12583,2584,184,4,2024-04-26,325.93,completado
12584,2585,185,5,2024-05-03,283.27,completado
12585,2586,186,1,2024-05-10,35.72,completado
12586,2587,187,2,2024-05-17,423.02,completado
12587,2588,188,3,2024-05-24,120.5,cancelado
12588,2589,189,4,2024-05-31,30.77,cancelado
12589,2590,190,5,2024-06-07,117.31,devuelto
12590,2591,191,1,2024-06-14,124.01,completado
12591,2592,192,2,2024-06-21,84.79,completado
12592,2593,193,3,2024-06-28,436.54,completado
12593,2594,194,4,2024-07-05,255.29,completado
12594,2595,195,5,2024-07-12,168.25,completado
12595,2596,196,1,2024-07-19,380.42,completado
12596,2597,197,2,2024-07-26,338.43,completado
12597,2598,198,3,2024-08-02,19.44,cancelado
12598,2599,199,4,2024-08-09,385.11,cancelado
12599,2600,200,5,2024-08-16,251.19,devuelto
12600,2601,1,1,2024-08-23,338.12,completado
12601,2602,2,2,2024-08-30,351.59,completado
12602,2603,3,3,2024-09-06,279.52,completado
12603,2604,4,4,2024-09-13,29.66,completado
12604,2605,5,5,2024-09-20,298.94,completado
12605,2606,6,1,2024-09-27,112.33,completado
12606,2607,7,2,2024-10-04,295.54,completado
12607,2608,8,3,2024-10-11,13.5,cancelado
12608,2609,9,4,2024-10-18,353.89,cancelado
12609,2610,10,5,2024-10-25,294.98,devuelto
12610,2611,11,1,2024-11-01,190.38,completado
12611,2612,12,2,2024-11-08,450.3,completado
12612,2613,13,3,2024-11-15,90.45,completado
12613,2614,14,4,2024-11-22,114.26,completado
12614,2615,15,5,2024-11-29,272.75,completado
12615,2616,16,1,2024-12-06,458.45,completado
12616,2617,17,2,2024-12-13,374.68,completado
12617,2618,18,3,2024-12-20,147.89,cancelado
12618,2619,19,4,2024-12-27,282.57,cancelado
12619,2620,20,5,2023-01-04,260.33,devuelto
12620,2621,21,1,2023-01-11,88.33,completado
12621,2622,22,2,2023-01-18,108.78,completado
12622,2623,23,3,2023-01-25,307.73,completado
12623,2624,24,4,2023-02-01,173.9,completado
12624,2625,25,5,2023-02-08,170.26,completado
12625,2626,26,1,2023-02-15,137.57,completado
12626,2627,27,2,2023-02-22,68.39,completado
12627,2628,28,3,2023-03-01,149.84,cancelado
12628,2629,29,4,2023-03-08,24.12,cancelado
12629,2630,30,5,2023-03-15,305.65,devuelto
12630,2631,31,1,2023-03-22,329.19,completado
12631,2632,32,2,2023-03-29,260.78,completado
12632,2633,33,3,2023-04-05,208.79,completado
12633,2634,34,4,2023-04-12,100.57,completado
12634,2635,35,5,2023-04-19,30.41,completado
12635,2636,36,1,2023-04-26,404.27,completado
12636,2637,37,2,2023-05-03,373.98,completado
12637,2638,38,3,2023-05-10,438.37,cancelado
12638,2639,39,4,2023-05-17,108.07,cancelado
12639,2640,40,5,2023-05-24,289.4,devuelto
12640,2641,41,1,2023-05-31,376.16,completado
12641,2642,42,2,2023-06-07,418.14,completado
12642,2643,43,3,2023-06-14,340.36,completado
12643,2644,44,4,2023-06-21,444.46,completado
12644,2645,45,5,2023-06-28,410.75,completado
12645,2646,46,1,2023-07-05,186.86,completado
12646,2647,47,2,2023-07-12,36.64,completado
12647,2648,48,3,2023-07-19,316.8,cancelado
12648,2649,49,4,2023-07-26,287.75,cancelado
12649,2650,50,5,2023-08-02,443.35,devuelto
12650,2651,51,1,2023-08-09,133.64,completado
12651,2652,52,2,2023-08-16,260.44,completado
12652,2653,53,3,2023-08-23,161.85,completado
12653,2654,54,4,2023-08-30,116.05,completado
12654,2655,55,5,2023-09-06,98.65,completado
12655,2656,56,1,2023-09-13,173.63,completado
12656,2657,57,2,2023-09-20,254.8,completado
12657,2658,58,3,2023-09-27,362.77,cancelado
12658,2659,59,4,2023-10-04,362.78,cancelado
12659,2660,60,5,2023-10-11,234.36,devuelto
12660,2661,61,1,2023-10-18,201.47,completado
12661,2662,62,2,2023-10-25,379.39,completado
12662,2663,63,3,2023-11-01,461.2,completado
12663,2664,64,4,2023-11-08,245.29,completado
12664,2665,65,5,2023-11-15,302.4,completado
12665,2666,66,1,2023-11-22,399.55,completado
12666,2667,67,2,2023-11-29,336.84,completado
12667,2668,68,3,2023-12-06,469.53,cancelado
12668,2669,69,4,2023-12-13,48.06,cancelado
12669,2670,70,5,2023-12-20,62.56,devuelto
12670,2671,71,1,2023-12-27,10.13,completado
12671,2672,72,2,2024-01-03,25.29,completado
12672,2673,73,3,2024-01-10,34.51,completado
12673,2674,74,4,2024-01-17,15.49,completado
12674,2675,75,5,2024-01-24,144.37,completado
12675,2676,76,1,2024-01-31,10.0,completado
12676,2677,77,2,2024-02-07,228.08,completado
12677,2678,78,3,2024-02-14,367.09,cancelado
12678,2679,79,4,2024-02-21,480.99,cancelado
12679,2680,80,5,2024-02-28,57.64,devuelto
12680,2681,81,1,2024-03-06,190.34,completado
12681,2682,82,2,2024-03-13,326.43,completado
12682,2683,83,3,2024-03-20,485.76,completado
12683,2684,84,4,2024-03-27,373.5,completado
12684,2685,85,5,2024-04-03,192.68,completado
12685,2686,86,1,2024-04-10,147.19,completado
12686,2687,87,2,2024-04-17,330.28,completado
12687,2688,88,3,2024-04-24,155.76,cancelado
12688,2689,89,4,2024-05-01,27.15,cancelado
12689,2690,90,5,2024-05-08,68.84,devuelto
12690,2691,91,1,2024-05-15,79.5,completado
12691,2692,92,2,2024-05-22,233.89,completado
12692,2693,93,3,2024-05-29,466.8,completado
12693,2694,94,4,2024-06-05,491.81,completado
12694,2695,95,5,2024-06-12,458.14,completado
12695,2696,96,1,2024-06-19,68.96,completado
12696,2697,97,2,2024-06-26,321.99,completado
12697,2698,98,3,2024-07-03,476.69,cancelado
12698,2699,99,4,2024-07-10,398.45,cancelado
12699,2700,100,5,2024-07-17,441.34,devuelto
12700,2701,101,1,2024-07-24,466.7,completado
12701,2702,102,2,2024-07-31,95.54,completado
12702,2703,103,3,2024-08-07,65.17,completado
12703,2704,104,4,2024-08-14,365.16,completado
12704,2705,105,5,2024-08-21,233.07,completado
12705,2706,106,1,2024-08-28,444.36,completado
12706,2707,107,2,2024-09-04,350.51,completado
12707,2708,108,3,2024-09-11,143.84,cancelado
12708,2709,109,4,2024-09-18,21.05,cancelado
12709,2710,110,5,2024-09-25,285.98,devuelto
12710,2711,111,1,2024-10-02,41.01,completado
12711,2712,112,2,2024-10-09,348.98,completado
12712,2713,113,3,2024-10-16,115.58,completado
12713,2714,114,4,2024-10-23,204.79,completado
12714,2715,115,5,2024-10-30,194.94,completado
12715,2716,116,1,2024-11-06,28.21,completado
12716,2717,117,2,2024-11-13,221.92,completado
12717,2718,118,3,2024-11-20,238.19,cancelado
12718,2719,119,4,2024-11-27,95.76,cancelado
12719,2720,120,5,2024-12-04,16.5,devuelto
12720,2721,121,1,2024-12-11,449.73,completado
12721,2722,122,2,2024-12-18,331.74,completado
12722,2723,123,3,2024-12-25,480.12,completado
12723,2724,124,4,2023-01-02,439.42,completado
12724,2725,125,5,2023-01-09,357.85,completado
12725,2726,126,1,2023-01-16,362.25,completado
12726,2727,127,2,2023-01-23,109.32,completado
12727,2728,128,3,2023-01-30,140.97,cancelado
12728,2729,129,4,2023-02-06,338.91,cancelado
12729,2730,130,5,2023-02-13,481.96,devuelto
12730,2731,131,1,2023-02-20,102.15,completado
12731,2732,132,2,2023-02-27,347.94,completado
12732,2733,133,3,2023-03-06,407.07,completado
12733,2734,134,4,2023-03-13,497.96,completado
12734,2735,135,5,2023-03-20,31.62,completado
12735,2736,136,1,2023-03-27,285.97,completado
12736,2737,137,2,2023-04-03,429.93,completado
12737,2738,138,3,2023-04-10,283.88,cancelado
12738,2739,139,4,2023-04-17,354.44,cancelado
12739,2740,140,5,2023-04-24,398.06,devuelto
12740,2741,141,1,2023-05-01,360.63,completado
12741,2742,142,2,2023-05-08,373.84,completado
12742,2743,143,3,2023-05-15,150.39,completado
12743,2744,144,4,2023-05-22,53.32,completado
12744,2745,145,5,2023-05-29,189.98,completado
12745,2746,146,1,2023-06-05,412.15,completado
12746,2747,147,2,2023-06-12,276.85,completado
12747,2748,148,3,2023-06-19,192.9,cancelado
12748,2749,149,4,2023-06-26,451.89,cancelado
12749,2750,150,5,2023-07-03,365.84,devuelto
12750,2751,151,1,2023-07-10,274.98,completado
12751,2752,152,2,2023-07-17,167.15,completado
12752,2753,153,3,2023-07-24,323.26,completado
12753,2754,154,4,2023-07-31,209.43,completado
12754,2755,155,5,2023-08-07,294.3,completado
12755,2756,156,1,2023-08-14,192.33,completado
12756,2757,157,2,2023-08-21,491.92,completado
12757,2758,158,3,2023-08-28,385.98,cancelado
12758,2759,159,4,2023-09-04,82.34,cancelado
12759,2760,160,5,2023-09-11,339.6,devuelto
12760,2761,161,1,2023-09-18,445.82,completado
12761,2762,162,2,2023-09-25,341.1,completado
12762,2763,163,3,2023-10-02,209.83,completado
12763,2764,164,4,2023-10-09,481.08,completado
12764,2765,165,5,2023-10-16,52.36,completado
12765,2766,166,1,2023-10-23,134.07,completado
12766,2767,167,2,2023-10-30,77.44,completado
12767,2768,168,3,2023-11-06,463.11,cancelado
12768,2769,169,4,2023-11-13,326.28,cancelado
12769,2770,170,5,2023-11-20,230.88,devuelto
12770,2771,171,1,2023-11-27,274.21,completado
12771,2772,172,2,2023-12-04,343.37,completado
12772,2773,173,3,2023-12-11,445.97,completado
12773,2774,174,4,2023-12-18,178.29,completado
12774,2775,175,5,2023-12-25,459.97,completado
12775,2776,176,1,2024-01-01,491.53,completado
12776,2777,177,2,2024-01-08,81.07,completado
12777,2778,178,3,2024-01-15,177.41,cancelado
12778,2779,179,4,2024-01-22,320.02,cancelado
12779,2780,180,5,2024-01-29,374.95,devuelto
12780,2781,181,1,2024-02-05,427.04,completado
12781,2782,182,2,2024-02-12,291.11,completado
12782,2783,183,3,2024-02-19,488.84,completado
12783,2784,184,4,2024-02-26,398.22,completado
12784,2785,185,5,2024-03-04,414.1,completado
12785,2786,186,1,2024-03-11,204.21,completado
12786,2787,187,2,2024-03-18,413.49,completado
12787,2788,188,3,2024-03-25,441.55,cancelado
12788,2789,189,4,2024-04-01,495.35,cancelado
12789,2790,190,5,2024-04-08,276.56,devuelto
12790,2791,191,1,2024-04-15,264.59,completado
12791,2792,192,2,2024-04-22,291.98,completado
12792,2793,193,3,2024-04-29,134.81,completado
12793,2794,194,4,2024-05-06,279.72,completado
12794,2795,195,5,2024-05-13,471.72,completado
12795,2796,196,1,2024-05-20,372.46,completado
12796,2797,197,2,2024-05-27,345.17,completado
12797,2798,198,3,2024-06-03,395.98,cancelado
12798,2799,199,4,2024-06-10,249.7,cancelado
12799,2800,200,5,2024-06-17,169.49,devuelto
12800,2801,1,1,2024-06-24,419.87,completado
12801,2802,2,2,2024-07-01,192.93,completado
12802,2803,3,3,2024-07-08,469.09,completado
12803,2804,4,4,2024-07-15,266.33,completado
12804,2805,5,5,2024-07-22,411.49,completado
12805,2806,6,1,2024-07-29,117.34,completado
12806,2807,7,2,2024-08-05,182.06,completado
12807,2808,8,3,2024-08-12,209.92,cancelado
12808,2809,9,4,2024-08-19,378.27,cancelado
12809,2810,10,5,2024-08-26,62.15,devuelto
12810,2811,11,1,2024-09-02,323.83,completado
12811,2812,12,2,2024-09-09,232.29,completado
12812,2813,13,3,2024-09-16,418.83,completado
12813,2814,14,4,2024-09-23,448.66,completado
12814,2815,15,5,2024-09-30,102.28,completado
12815,2816,16,1,2024-10-07,10.29,completado
12816,2817,17,2,2024-10-14,398.86,completado
12817,2818,18,3,2024-10-21,257.21,cancelado
12818,2819,19,4,2024-10-28,62.82,cancelado
12819,2820,20,5,2024-11-04,80.73,devuelto
12820,2821,21,1,2024-11-11,45.38,completado
12821,2822,22,2,2024-11-18,475.55,completado
12822,2823,23,3,2024-11-25,128.5,completado
12823,2824,24,4,2024-12-02,209.0,completado
12824,2825,25,5,2024-12-09,414.36,completado
12825,2826,26,1,2024-12-16,275.56,completado
12826,2827,27,2,2024-12-23,57.33,completado
12827,2828,28,3,2024-12-30,409.1,cancelado
12828,2829,29,4,2023-01-07,21.52,cancelado
12829,2830,30,5,2023-01-14,25.24,devuelto
12830,2831,31,1,2023-01-21,69.33,completado
12831,2832,32,2,2023-01-28,101.0,completado
12832,2833,33,3,2023-02-04,390.27,completado
12833,2834,34,4,2023-02-11,44.95,completado
12834,2835,35,5,2023-02-18,134.18,completado
12835,2836,36,1,2023-02-25,476.0,completado
12836,2837,37,2,2023-03-04,216.74,completado
12837,2838,38,3,2023-03-11,185.18,cancelado
12838,2839,39,4,2023-03-18,207.47,cancelado
12839,2840,40,5,2023-03-25,351.93,devuelto
12840,2841,41,1,2023-04-01,157.11,completado
12841,2842,42,2,2023-04-08,200.0,completado
12842,2843,43,3,2023-04-15,112.14,completado
12843,2844,44,4,2023-04-22,219.98,completado
12844,2845,45,5,2023-04-29,298.95,completado
12845,2846,46,1,2023-05-06,244.44,completado
12846,2847,47,2,2023-05-13,311.25,completado
12847,2848,48,3,2023-05-20,30.52,cancelado
12848,2849,49,4,2023-05-27,250.75,cancelado
12849,2850,50,5,2023-06-03,25.44,devuelto
12850,2851,51,1,2023-06-10,166.62,completado
12851,2852,52,2,2023-06-17,25.21,completado
12852,2853,53,3,2023-06-24,353.31,completado
12853,2854,54,4,2023-07-01,431.98,completado
12854,2855,55,5,2023-07-08,198.04,completado
12855,2856,56,1,2023-07-15,274.12,completado
12856,2857,57,2,2023-07-22,58.02,completado
12857,2858,58,3,2023-07-29,347.41,cancelado
12858,2859,59,4,2023-08-05,313.91,cancelado
12859,2860,60,5,2023-08-12,182.02,devuelto
12860,2861,61,1,2023-08-19,485.97,completado
12861,2862,62,2,2023-08-26,250.25,completado
12862,2863,63,3,2023-09-02,23.39,completado
12863,2864,64,4,2023-09-09,28.95,completado
12864,2865,65,5,2023-09-16,248.85,completado
12865,2866,66,1,2023-09-23,453.88,completado
12866,2867,67,2,2023-09-30,242.69,completado
12867,2868,68,3,2023-10-07,276.43,cancelado
12868,2869,69,4,2023-10-14,50.65,cancelado
12869,2870,70,5,2023-10-21,364.9,devuelto
12870,2871,71,1,2023-10-28,360.65,completado
12871,2872,72,2,2023-11-04,461.93,completado
12872,2873,73,3,2023-11-11,232.8,completado
12873,2874,74,4,2023-11-18,377.04,completado
12874,2875,75,5,2023-11-25,128.28,completado
12875,2876,76,1,2023-12-02,492.16,completado
12876,2877,77,2,2023-12-09,26.83,completado
12877,2878,78,3,2023-12-16,161.81,cancelado
12878,2879,79,4,2023-12-23,390.81,cancelado
12879,2880,80,5,2023-12-30,428.77,devuelto
12880,2881,81,1,2024-01-06,116.11,completado
12881,2882,82,2,2024-01-13,211.2,completado
12882,2883,83,3,2024-01-20,15.04,completado
12883,2884,84,4,2024-01-27,72.91,completado
12884,2885,85,5,2024-02-03,432.73,completado
12885,2886,86,1,2024-02-10,392.61,completado
12886,2887,87,2,2024-02-17,468.41,completado
12887,2888,88,3,2024-02-24,227.77,cancelado
12888,2889,89,4,2024-03-02,256.02,cancelado
12889,2890,90,5,2024-03-09,236.96,devuelto
12890,2891,91,1,2024-03-16,351.59,completado
12891,2892,92,2,2024-03-23,200.21,completado
12892,2893,93,3,2024-03-30,463.24,completado
12893,2894,94,4,2024-04-06,330.31,completado
12894,2895,95,5,2024-04-13,33.87,completado
12895,2896,96,1,2024-04-20,296.97,completado
12896,2897,97,2,2024-04-27,352.13,completado
12897,2898,98,3,2024-05-04,250.64,cancelado
12898,2899,99,4,2024-05-11,452.11,cancelado
12899,2900,100,5,2024-05-18,153.76,devuelto
12900,2901,101,1,2024-05-25,89.75,completado
12901,2902,102,2,2024-06-01,152.24,completado
12902,2903,103,3,2024-06-08,172.39,completado
12903,2904,104,4,2024-06-15,63.74,completado
12904,2905,105,5,2024-06-22,85.85,completado
12905,2906,106,1,2024-06-29,420.31,completado
12906,2907,107,2,2024-07-06,107.57,completado
12907,2908,108,3,2024-07-13,248.26,cancelado
12908,2909,109,4,2024-07-20,12.79,cancelado
12909,2910,110,5,2024-07-27,390.11,devuelto
12910,2911,111,1,2024-08-03,405.33,completado
12911,2912,112,2,2024-08-10,453.65,completado
12912,2913,113,3,2024-08-17,388.51,completado
12913,2914,114,4,2024-08-24,31.5,completado
12914,2915,115,5,2024-08-31,99.51,completado
12915,2916,116,1,2024-09-07,176.63,completado
12916,2917,117,2,2024-09-14,344.69,completado
12917,2918,118,3,2024-09-21,424.31,cancelado
12918,2919,119,4,2024-09-28,122.08,cancelado
12919,2920,120,5,2024-10-05,227.89,devuelto
12920,2921,121,1,2024-10-12,353.38,completado
12921,2922,122,2,2024-10-19,456.71,completado
12922,2923,123,3,2024-10-26,59.75,completado
12923,2924,124,4,2024-11-02,78.21,completado
12924,2925,125,5,2024-11-09,372.77,completado
12925,2926,126,1,2024-11-16,473.87,completado
12926,2927,127,2,2024-11-23,285.76,completado
12927,2928,128,3,2024-11-30,224.67,cancelado
12928,2929,129,4,2024-12-07,189.67,cancelado
12929,2930,130,5,2024-12-14,352.47,devuelto
12930,2931,131,1,2024-12-21,20.06,completado
12931,2932,132,2,2024-12-28,267.34,completado
12932,2933,133,3,2023-01-05,349.97,completado
12933,2934,134,4,2023-01-12,321.07,completado
12934,2935,135,5,2023-01-19,62.1,completado
12935,2936,136,1,2023-01-26,242.09,completado
12936,2937,137,2,2023-02-02,146.66,completado
12937,2938,138,3,2023-02-09,283.07,cancelado
12938,2939,139,4,2023-02-16,216.91,cancelado
12939,2940,140,5,2023-02-23,41.94,devuelto
12940,2941,141,1,2023-03-02,138.76,completado
12941,2942,142,2,2023-03-09,474.84,completado
12942,2943,143,3,2023-03-16,185.24,completado
12943,2944,144,4,2023-03-23,206.65,completado
12944,2945,145,5,2023-03-30,460.44,completado
12945,2946,146,1,2023-04-06,454.24,completado
12946,2947,147,2,2023-04-13,439.01,completado
12947,2948,148,3,2023-04-20,69.3,cancelado
12948,2949,149,4,2023-04-27,89.38,cancelado
12949,2950,150,5,2023-05-04,289.51,devuelto
12950,2951,151,1,2023-05-11,335.67,completado
12951,2952,152,2,2023-05-18,228.59,completado
12952,2953,153,3,2023-05-25,498.3,completado
12953,2954,154,4,2023-06-01,192.93,completado
12954,2955,155,5,2023-06-08,138.87,completado
12955,2956,156,1,2023-06-15,42.74,completado
12956,2957,157,2,2023-06-22,397.1,completado
12957,2958,158,3,2023-06-29,100.9,cancelado
12958,2959,159,4,2023-07-06,212.5,cancelado
12959,2960,160,5,2023-07-13,284.24,devuelto
12960,2961,161,1,2023-07-20,123.8,completado
12961,2962,162,2,2023-07-27,82.22,completado
12962,2963,163,3,2023-08-03,75.28,completado
12963,2964,164,4,2023-08-10,353.72,completado
12964,2965,165,5,2023-08-17,15.48,completado
12965,2966,166,1,2023-08-24,39.4,completado
12966,2967,167,2,2023-08-31,396.16,completado
12967,2968,168,3,2023-09-07,65.25,cancelado
12968,2969,169,4,2023-09-14,336.3,cancelado
12969,2970,170,5,2023-09-21,296.93,devuelto
12970,2971,171,1,2023-09-28,14.34,completado
12971,2972,172,2,2023-10-05,441.39,completado
12972,2973,173,3,2023-10-12,77.16,completado
12973,2974,174,4,2023-10-19,461.16,completado
12974,2975,175,5,2023-10-26,431.69,completado
12975,2976,176,1,2023-11-02,402.6,completado
12976,2977,177,2,2023-11-09,102.45,completado
12977,2978,178,3,2023-11-16,242.63,cancelado
12978,2979,179,4,2023-11-23,244.58,cancelado
12979,2980,180,5,2023-11-30,58.53,devuelto
12980,2981,181,1,2023-12-07,200.05,completado
12981,2982,182,2,2023-12-14,320.36,completado
12982,2983,183,3,2023-12-21,275.29,completado
12983,2984,184,4,2023-12-28,403.9,completado
12984,2985,185,5,2024-01-04,81.6,completado
12985,2986,186,1,2024-01-11,72.21,completado
12986,2987,187,2,2024-01-18,259.84,completado
12987,2988,188,3,2024-01-25,431.98,cancelado
12988,2989,189,4,2024-02-01,43.32,cancelado
12989,2990,190,5,2024-02-08,261.56,devuelto
12990,2991,191,1,2024-02-15,493.81,completado
12991,2992,192,2,2024-02-22,287.42,completado
12992,2993,193,3,2024-02-29,131.06,completado
12993,2994,194,4,2024-03-07,379.17,completado
12994,2995,195,5,2024-03-14,421.49,completado
12995,2996,196,1,2024-03-21,187.24,completado
12996,2997,197,2,2024-03-28,120.42,completado
12997,2998,198,3,2024-04-04,138.61,cancelado
12998,2999,199,4,2024-04-11,39.24,cancelado
12999,3000,200,5,2024-04-18,221.62,devuelto
13000,3001,1,1,2024-04-25,436.63,completado
13001,3002,2,2,2024-05-02,392.51,completado
13002,3003,3,3,2024-05-09,23.56,completado
13003,3004,4,4,2024-05-16,339.11,completado
13004,3005,5,5,2024-05-23,466.08,completado
13005,3006,6,1,2024-05-30,201.48,completado
13006,3007,7,2,2024-06-06,307.15,completado
13007,3008,8,3,2024-06-13,434.8,cancelado
13008,3009,9,4,2024-06-20,376.82,cancelado
13009,3010,10,5,2024-06-27,72.39,devuelto
13010,3011,11,1,2024-07-04,311.3,completado
13011,3012,12,2,2024-07-11,397.33,completado
13012,3013,13,3,2024-07-18,445.48,completado
13013,3014,14,4,2024-07-25,326.56,completado
13014,3015,15,5,2024-08-01,380.16,completado
13015,3016,16,1,2024-08-08,87.07,completado
13016,3017,17,2,2024-08-15,303.5,completado
13017,3018,18,3,2024-08-22,150.94,cancelado
13018,3019,19,4,2024-08-29,388.82,cancelado
13019,3020,20,5,2024-09-05,222.04,devuelto
13020,3021,21,1,2024-09-12,25.15,completado
13021,3022,22,2,2024-09-19,42.5,completado
13022,3023,23,3,2024-09-26,51.57,completado
13023,3024,24,4,2024-10-03,446.91,completado
13024,3025,25,5,2024-10-10,81.33,completado
13025,3026,26,1,2024-10-17,324.29,completado
13026,3027,27,2,2024-10-24,191.07,completado
13027,3028,28,3,2024-10-31,202.7,cancelado
13028,3029,29,4,2024-11-07,237.61,cancelado
13029,3030,30,5,2024-11-14,405.34,devuelto
13030,3031,31,1,2024-11-21,459.38,completado
13031,3032,32,2,2024-11-28,158.71,completado
13032,3033,33,3,2024-12-05,272.29,completado
13033,3034,34,4,2024-12-12,170.27,completado
13034,3035,35,5,2024-12-19,160.99,completado
13035,3036,36,1,2024-12-26,474.76,completado
13036,3037,37,2,2023-01-03,260.61,completado
13037,3038,38,3,2023-01-10,199.19,cancelado
13038,3039,39,4,2023-01-17,436.87,cancelado
13039,3040,40,5,2023-01-24,347.34,devuelto
13040,3041,41,1,2023-01-31,350.67,completado
13041,3042,42,2,2023-02-07,462.49,completado
13042,3043,43,3,2023-02-14,306.55,completado
13043,3044,44,4,2023-02-21,333.89,completado
13044,3045,45,5,2023-02-28,291.25,completado
13045,3046,46,1,2023-03-07,239.97,completado
13046,3047,47,2,2023-03-14,54.58,completado
13047,3048,48,3,2023-03-21,249.94,cancelado
13048,3049,49,4,2023-03-28,177.78,cancelado
13049,3050,50,5,2023-04-04,263.33,devuelto
13050,3051,51,1,2023-04-11,319.37,completado
13051,3052,52,2,2023-04-18,133.28,completado
13052,3053,53,3,2023-04-25,141.42,completado
13053,3054,54,4,2023-05-02,142.91,completado
13054,3055,55,5,2023-05-09,151.58,completado
13055,3056,56,1,2023-05-16,261.62,completado
13056,3057,57,2,2023-05-23,163.4,completado
13057,3058,58,3,2023-05-30,453.85,cancelado
13058,3059,59,4,2023-06-06,454.54,cancelado
13059,3060,60,5,2023-06-13,287.35,devuelto
13060,3061,61,1,2023-06-20,180.77,completado
13061,3062,62,2,2023-06-27,160.11,completado
13062,3063,63,3,2023-07-04,414.61,completado
13063,3064,64,4,2023-07-11,263.66,completado
13064,3065,65,5,2023-07-18,211.65,completado
13065,3066,66,1,2023-07-25,139.32,completado
13066,3067,67,2,2023-08-01,217.69,completado
13067,3068,68,3,2023-08-08,332.96,cancelado
13068,3069,69,4,2023-08-15,386.47,cancelado
13069,3070,70,5,2023-08-22,446.37,devuelto
13070,3071,71,1,2023-08-29,78.25,completado
13071,3072,72,2,2023-09-05,387.26,completado
13072,3073,73,3,2023-09-12,154.56,completado
13073,3074,74,4,2023-09-19,346.68,completado
13074,3075,75,5,2023-09-26,187.13,completado
13075,3076,76,1,2023-10-03,275.96,completado
13076,3077,77,2,2023-10-10,167.36,completado
13077,3078,78,3,2023-10-17,401.04,cancelado
13078,3079,79,4,2023-10-24,295.06,cancelado
13079,3080,80,5,2023-10-31,94.97,devuelto
13080,3081,81,1,2023-11-07,365.05,completado
13081,3082,82,2,2023-11-14,439.31,completado
13082,3083,83,3,2023-11-21,322.91,completado
13083,3084,84,4,2023-11-28,110.81,completado
13084,3085,85,5,2023-12-05,397.07,completado
13085,3086,86,1,2023-12-12,416.89,completado
13086,3087,87,2,2023-12-19,99.71,completado
13087,3088,88,3,2023-12-26,327.26,cancelado
13088,3089,89,4,2024-01-02,253.51,cancelado
13089,3090,90,5,2024-01-09,130.36,devuelto
13090,3091,91,1,2024-01-16,247.33,completado
13091,3092,92,2,2024-01-23,142.66,completado
13092,3093,93,3,2024-01-30,288.41,completado
13093,3094,94,4,2024-02-06,273.33,completado
13094,3095,95,5,2024-02-13,81.71,completado
13095,3096,96,1,2024-02-20,306.93,completado
13096,3097,97,2,2024-02-27,133.74,completado
13097,3098,98,3,2024-03-05,483.59,cancelado
13098,3099,99,4,2024-03-12,408.43,cancelado
13099,3100,100,5,2024-03-19,492.1,devuelto
13100,3101,101,1,2024-03-26,11.6,completado
13101,3102,102,2,2024-04-02,102.57,completado
13102,3103,103,3,2024-04-09,467.72,completado
13103,3104,104,4,2024-04-16,464.62,completado
13104,3105,105,5,2024-04-23,232.83,completado
13105,3106,106,1,2024-04-30,495.52,completado
13106,3107,107,2,2024-05-07,295.96,completado
13107,3108,108,3,2024-05-14,145.77,cancelado
13108,3109,109,4,2024-05-21,288.05,cancelado
13109,3110,110,5,2024-05-28,107.6,devuelto
13110,3111,111,1,2024-06-04,34.99,completado
13111,3112,112,2,2024-06-11,219.58,completado
13112,3113,113,3,2024-06-18,491.03,completado
13113,3114,114,4,2024-06-25,301.68,completado
13114,3115,115,5,2024-07-02,243.42,completado
13115,3116,116,1,2024-07-09,199.57,completado
13116,3117,117,2,2024-07-16,68.53,completado
13117,3118,118,3,2024-07-23,98.74,cancelado
13118,3119,119,4,2024-07-30,187.05,cancelado
13119,3120,120,5,2024-08-06,402.64,devuelto
13120,3121,121,1,2024-08-13,36.71,completado
13121,3122,122,2,2024-08-20,425.12,completado
13122,3123,123,3,2024-08-27,145.9,completado
13123,3124,124,4,2024-09-03,278.76,completado
13124,3125,125,5,2024-09-10,141.52,completado
13125,3126,126,1,2024-09-17,394.1,completado
13126,3127,127,2,2024-09-24,463.62,completado
13127,3128,128,3,2024-10-01,346.49,cancelado
13128,3129,129,4,2024-10-08,110.4,cancelado
13129,3130,130,5,2024-10-15,446.74,devuelto
13130,3131,131,1,2024-10-22,287.62,completado
13131,3132,132,2,2024-10-29,14.83,completado
13132,3133,133,3,2024-11-05,175.43,completado
13133,3134,134,4,2024-11-12,315.94,completado
13134,3135,135,5,2024-11-19,145.82,completado
13135,3136,136,1,2024-11-26,220.6,completado
13136,3137,137,2,2024-12-03,122.94,completado
13137,3138,138,3,2024-12-10,312.97,cancelado
13138,3139,139,4,2024-12-17,289.6,cancelado
13139,3140,140,5,2024-12-24,140.7,devuelto
13140,3141,141,1,2023-01-01,280.78,completado
13141,3142,142,2,2023-01-08,421.98,completado
13142,3143,143,3,2023-01-15,84.33,completado
13143,3144,144,4,2023-01-22,281.32,completado
13144,3145,145,5,2023-01-29,165.19,completado
13145,3146,146,1,2023-02-05,117.74,completado
13146,3147,147,2,2023-02-12,404.8,completado
13147,3148,148,3,2023-02-19,414.31,cancelado
13148,3149,149,4,2023-02-26,109.54,cancelado
13149,3150,150,5,2023-03-05,311.99,devuelto
13150,3151,151,1,2023-03-12,477.69,completado
13151,3152,152,2,2023-03-19,54.68,completado
13152,3153,153,3,2023-03-26,372.82,completado
13153,3154,154,4,2023-04-02,489.55,completado
13154,3155,155,5,2023-04-09,142.17,completado
13155,3156,156,1,2023-04-16,248.27,completado
13156,3157,157,2,2023-04-23,56.88,completado
13157,3158,158,3,2023-04-30,424.24,cancelado
13158,3159,159,4,2023-05-07,118.28,cancelado
13159,3160,160,5,2023-05-14,235.16,devuelto
13160,3161,161,1,2023-05-21,91.16,completado
13161,3162,162,2,2023-05-28,95.04,completado
13162,3163,163,3,2023-06-04,117.97,completado
13163,3164,164,4,2023-06-11,62.62,completado
13164,3165,165,5,2023-06-18,127.0,completado
13165,3166,166,1,2023-06-25,161.16,completado
13166,3167,167,2,2023-07-02,294.02,completado
13167,3168,168,3,2023-07-09,303.86,cancelado
13168,3169,169,4,2023-07-16,199.48,cancelado
13169,3170,170,5,2023-07-23,114.56,devuelto
13170,3171,171,1,2023-07-30,59.18,completado
13171,3172,172,2,2023-08-06,50.18,completado
13172,3173,173,3,2023-08-13,359.09,completado
13173,3174,174,4,2023-08-20,226.84,completado
13174,3175,175,5,2023-08-27,372.19,completado
13175,3176,176,1,2023-09-03,198.39,completado
13176,3177,177,2,2023-09-10,311.38,completado
13177,3178,178,3,2023-09-17,196.28,cancelado
13178,3179,179,4,2023-09-24,275.22,cancelado
13179,3180,180,5,2023-10-01,143.14,devuelto
13180,3181,181,1,2023-10-08,442.09,completado
13181,3182,182,2,2023-10-15,250.84,completado
13182,3183,183,3,2023-10-22,396.9,completado
13183,3184,184,4,2023-10-29,266.73,completado
13184,3185,185,5,2023-11-05,167.82,completado
13185,3186,186,1,2023-11-12,254.53,completado
13186,3187,187,2,2023-11-19,311.66,completado
13187,3188,188,3,2023-11-26,420.73,cancelado
13188,3189,189,4,2023-12-03,307.21,cancelado
13189,3190,190,5,2023-12-10,192.75,devuelto
13190,3191,191,1,2023-12-17,354.69,completado
13191,3192,192,2,2023-12-24,304.47,completado
13192,3193,193,3,2023-12-31,352.48,completado
13193,3194,194,4,2024-01-07,195.06,completado
13194,3195,195,5,2024-01-14,396.15,completado
13195,3196,196,1,2024-01-21,111.49,completado
13196,3197,197,2,2024-01-28,163.96,completado
13197,3198,198,3,2024-02-04,208.5,cancelado
13198,3199,199,4,2024-02-11,131.9,cancelado
13199,3200,200,5,2024-02-18,152.43,devuelto
13200,3201,1,1,2024-02-25,123.14,completado
13201,3202,2,2,2024-03-03,304.21,completado
13202,3203,3,3,2024-03-10,240.16,completado
13203,3204,4,4,2024-03-17,21.9,completado
13204,3205,5,5,2024-03-24,468.28,completado
13205,3206,6,1,2024-03-31,129.6,completado
13206,3207,7,2,2024-04-07,351.81,completado
13207,3208,8,3,2024-04-14,231.6,cancelado
13208,3209,9,4,2024-04-21,402.05,cancelado
13209,3210,10,5,2024-04-28,200.55,devuelto
13210,3211,11,1,2024-05-05,179.14,completado
13211,3212,12,2,2024-05-12,196.68,completado
13212,3213,13,3,2024-05-19,250.57,completado
13213,3214,14,4,2024-05-26,364.85,completado
13214,3215,15,5,2024-06-02,455.5,completado
13215,3216,16,1,2024-06-09,53.84,completado
13216,3217,17,2,2024-06-16,134.91,completado
13217,3218,18,3,2024-06-23,121.99,cancelado
13218,3219,19,4,2024-06-30,189.63,cancelado
13219,3220,20,5,2024-07-07,498.58,devuelto
13220,3221,21,1,2024-07-14,244.48,completado
13221,3222,22,2,2024-07-21,92.59,completado
13222,3223,23,3,2024-07-28,428.29,completado
13223,3224,24,4,2024-08-04,326.05,completado
13224,3225,25,5,2024-08-11,303.56,completado
13225,3226,26,1,2024-08-18,406.97,completado
13226,3227,27,2,2024-08-25,424.49,completado
13227,3228,28,3,2024-09-01,489.79,cancelado
13228,3229,29,4,2024-09-08,188.64,cancelado
13229,3230,30,5,2024-09-15,382.75,devuelto
13230,3231,31,1,2024-09-22,54.09,completado
13231,3232,32,2,2024-09-29,458.77,completado
13232,3233,33,3,2024-10-06,55.26,completado
13233,3234,34,4,2024-10-13,350.7,completado
13234,3235,35,5,2024-10-20,34.53,completado
13235,3236,36,1,2024-10-27,48.84,completado
13236,3237,37,2,2024-11-03,466.68,completado
13237,3238,38,3,2024-11-10,232.02,cancelado
13238,3239,39,4,2024-11-17,153.64,cancelado
13239,3240,40,5,2024-11-24,430.67,devuelto
13240,3241,41,1,2024-12-01,146.47,completado
13241,3242,42,2,2024-12-08,458.82,completado
13242,3243,43,3,2024-12-15,122.25,completado
13243,3244,44,4,2024-12-22,162.68,completado
13244,3245,45,5,2024-12-29,265.05,completado
13245,3246,46,1,2023-01-06,123.59,completado
13246,3247,47,2,2023-01-13,55.21,completado
13247,3248,48,3,2023-01-20,35.55,cancelado
13248,3249,49,4,2023-01-27,330.76,cancelado
13249,3250,50,5,2023-02-03,394.29,devuelto
13250,3251,51,1,2023-02-10,477.38,completado
13251,3252,52,2,2023-02-17,471.34,completado
13252,3253,53,3,2023-02-24,96.21,completado
13253,3254,54,4,2023-03-03,278.49,completado
13254,3255,55,5,2023-03-10,471.59,completado
13255,3256,56,1,2023-03-17,448.51,completado
13256,3257,57,2,2023-03-24,125.76,completado
13257,3258,58,3,2023-03-31,405.79,cancelado
13258,3259,59,4,2023-04-07,105.74,cancelado
13259,3260,60,5,2023-04-14,359.14,devuelto
13260,3261,61,1,2023-04-21,43.02,completado
13261,3262,62,2,2023-04-28,59.74,completado
13262,3263,63,3,2023-05-05,410.47,completado
13263,3264,64,4,2023-05-12,97.58,completado
13264,3265,65,5,2023-05-19,70.83,completado
13265,3266,66,1,2023-05-26,236.64,completado
13266,3267,67,2,2023-06-02,382.82,completado
13267,3268,68,3,2023-06-09,364.37,cancelado
13268,3269,69,4,2023-06-16,84.83,cancelado
13269,3270,70,5,2023-06-23,466.75,devuelto
13270,3271,71,1,2023-06-30,130.37,completado
13271,3272,72,2,2023-07-07,14.29,completado
13272,3273,73,3,2023-07-14,429.15,completado
13273,3274,74,4,2023-07-21,385.51,completado
13274,3275,75,5,2023-07-28,261.49,completado
13275,3276,76,1,2023-08-04,20.15,completado
13276,3277,77,2,2023-08-11,257.21,completado
13277,3278,78,3,2023-08-18,37.86,cancelado
13278,3279,79,4,2023-08-25,76.13,cancelado
13279,3280,80,5,2023-09-01,33.69,devuelto
13280,3281,81,1,2023-09-08,86.4,completado
13281,3282,82,2,2023-09-15,74.82,completado
13282,3283,83,3,2023-09-22,432.23,completado
13283,3284,84,4,2023-09-29,418.8,completado
13284,3285,85,5,2023-10-06,291.19,completado
13285,3286,86,1,2023-10-13,146.85,completado
13286,3287,87,2,2023-10-20,130.44,completado
13287,3288,88,3,2023-10-27,95.82,cancelado
13288,3289,89,4,2023-11-03,63.84,cancelado
13289,3290,90,5,2023-11-10,131.63,devuelto
13290,3291,91,1,2023-11-17,323.67,completado
13291,3292,92,2,2023-11-24,379.71,completado
13292,3293,93,3,2023-12-01,42.87,completado
13293,3294,94,4,2023-12-08,194.94,completado
13294,3295,95,5,2023-12-15,10.28,completado
13295,3296,96,1,2023-12-22,235.78,completado
13296,3297,97,2,2023-12-29,401.43,completado
13297,3298,98,3,2024-01-05,341.99,cancelado
13298,3299,99,4,2024-01-12,203.56,cancelado
13299,3300,100,5,2024-01-19,275.32,devuelto
13300,3301,101,1,2024-01-26,207.91,completado
13301,3302,102,2,2024-02-02,267.27,completado
13302,3303,103,3,2024-02-09,481.43,completado
13303,3304,104,4,2024-02-16,472.21,completado
13304,3305,105,5,2024-02-23,183.43,completado
13305,3306,106,1,2024-03-01,306.7,completado
13306,3307,107,2,2024-03-08,361.99,completado
13307,3308,108,3,2024-03-15,377.18,cancelado
13308,3309,109,4,2024-03-22,378.3,cancelado
13309,3310,110,5,2024-03-29,266.5,devuelto
13310,3311,111,1,2024-04-05,209.76,completado
13311,3312,112,2,2024-04-12,256.54,completado
13312,3313,113,3,2024-04-19,254.87,completado
13313,3314,114,4,2024-04-26,404.37,completado
13314,3315,115,5,2024-05-03,111.38,completado
13315,3316,116,1,2024-05-10,303.9,completado
13316,3317,117,2,2024-05-17,190.08,completado
13317,3318,118,3,2024-05-24,156.24,cancelado
13318,3319,119,4,2024-05-31,306.15,cancelado
13319,3320,120,5,2024-06-07,212.08,devuelto
13320,3321,121,1,2024-06-14,194.21,completado
13321,3322,122,2,2024-06-21,193.08,completado
13322,3323,123,3,2024-06-28,164.13,completado
13323,3324,124,4,2024-07-05,107.36,completado
13324,3325,125,5,2024-07-12,17.86,completado
13325,3326,126,1,2024-07-19,223.41,completado
13326,3327,127,2,2024-07-26,322.84,completado
13327,3328,128,3,2024-08-02,82.11,cancelado
13328,3329,129,4,2024-08-09,433.95,cancelado
13329,3330,130,5,2024-08-16,397.36,devuelto
13330,3331,131,1,2024-08-23,377.12,completado
13331,3332,132,2,2024-08-30,328.04,completado
13332,3333,133,3,2024-09-06,157.97,completado
13333,3334,134,4,2024-09-13,129.8,completado
13334,3335,135,5,2024-09-20,18.03,completado
13335,3336,136,1,2024-09-27,121.27,completado
13336,3337,137,2,2024-10-04,225.12,completado
13337,3338,138,3,2024-10-11,248.52,cancelado
13338,3339,139,4,2024-10-18,238.51,cancelado
13339,3340,140,5,2024-10-25,237.95,devuelto
13340,3341,141,1,2024-11-01,442.37,completado
13341,3342,142,2,2024-11-08,237.02,completado
13342,3343,143,3,2024-11-15,213.74,completado
13343,3344,144,4,2024-11-22,35.16,completado
13344,3345,145,5,2024-11-29,474.39,completado
13345,3346,146,1,2024-12-06,449.55,completado
13346,3347,147,2,2024-12-13,462.15,completado
13347,3348,148,3,2024-12-20,154.75,cancelado
13348,3349,149,4,2024-12-27,36.03,cancelado
13349,3350,150,5,2023-01-04,237.89,devuelto
13350,3351,151,1,2023-01-11,199.41,completado
13351,3352,152,2,2023-01-18,330.18,completado
13352,3353,153,3,2023-01-25,222.36,completado
13353,3354,154,4,2023-02-01,303.14,completado
13354,3355,155,5,2023-02-08,183.84,completado
13355,3356,156,1,2023-02-15,261.16,completado
13356,3357,157,2,2023-02-22,243.78,completado
13357,3358,158,3,2023-03-01,467.65,cancelado
13358,3359,159,4,2023-03-08,435.63,cancelado
13359,3360,160,5,2023-03-15,244.93,devuelto
13360,3361,161,1,2023-03-22,182.72,completado
13361,3362,162,2,2023-03-29,104.8,completado
13362,3363,163,3,2023-04-05,461.77,completado
13363,3364,164,4,2023-04-12,91.31,completado
13364,3365,165,5,2023-04-19,496.13,completado
13365,3366,166,1,2023-04-26,81.51,completado
13366,3367,167,2,2023-05-03,358.44,completado
13367,3368,168,3,2023-05-10,142.11,cancelado
13368,3369,169,4,2023-05-17,22.09,cancelado
13369,3370,170,5,2023-05-24,117.16,devuelto
13370,3371,171,1,2023-05-31,265.33,completado
13371,3372,172,2,2023-06-07,21.83,completado
13372,3373,173,3,2023-06-14,207.67,completado
13373,3374,174,4,2023-06-21,401.27,completado
13374,3375,175,5,2023-06-28,235.54,completado
13375,3376,176,1,2023-07-05,314.67,completado
13376,3377,177,2,2023-07-12,149.61,completado
13377,3378,178,3,2023-07-19,34.95,cancelado
13378,3379,179,4,2023-07-26,263.33,cancelado
13379,3380,180,5,2023-08-02,70.42,devuelto
13380,3381,181,1,2023-08-09,224.81,completado
13381,3382,182,2,2023-08-16,248.88,completado
13382,3383,183,3,2023-08-23,384.18,completado
13383,3384,184,4,2023-08-30,27.72,completado
13384,3385,185,5,2023-09-06,391.86,completado
13385,3386,186,1,2023-09-13,367.05,completado
13386,3387,187,2,2023-09-20,287.51,completado
13387,3388,188,3,2023-09-27,42.97,cancelado
13388,3389,189,4,2023-10-04,484.38,cancelado
13389,3390,190,5,2023-10-11,467.14,devuelto
13390,3391,191,1,2023-10-18,195.18,completado
13391,3392,192,2,2023-10-25,333.7,completado
13392,3393,193,3,2023-11-01,225.53,completado
13393,3394,194,4,2023-11-08,364.05,completado
13394,3395,195,5,2023-11-15,140.88,completado
13395,3396,196,1,2023-11-22,79.68,completado
13396,3397,197,2,2023-11-29,458.35,completado
13397,3398,198,3,2023-12-06,55.66,cancelado
13398,3399,199,4,2023-12-13,198.11,cancelado
13399,3400,200,5,2023-12-20,203.26,devuelto
13400,3401,1,1,2023-12-27,30.53,completado
13401,3402,2,2,2024-01-03,158.43,completado
13402,3403,3,3,2024-01-10,477.24,completado
13403,3404,4,4,2024-01-17,105.3,completado
13404,3405,5,5,2024-01-24,288.95,completado
13405,3406,6,1,2024-01-31,214.62,completado
13406,3407,7,2,2024-02-07,414.7,completado
13407,3408,8,3,2024-02-14,84.31,cancelado
13408,3409,9,4,2024-02-21,278.06,cancelado
13409,3410,10,5,2024-02-28,135.02,devuelto
13410,3411,11,1,2024-03-06,458.87,completado
13411,3412,12,2,2024-03-13,10.28,completado
13412,3413,13,3,2024-03-20,42.45,completado
13413,3414,14,4,2024-03-27,430.83,completado
13414,3415,15,5,2024-04-03,140.1,completado
13415,3416,16,1,2024-04-10,246.51,completado
13416,3417,17,2,2024-04-17,42.38,completado
13417,3418,18,3,2024-04-24,239.47,cancelado
13418,3419,19,4,2024-05-01,490.79,cancelado
13419,3420,20,5,2024-05-08,463.16,devuelto
13420,3421,21,1,2024-05-15,251.81,completado
13421,3422,22,2,2024-05-22,49.19,completado
13422,3423,23,3,2024-05-29,235.21,completado
13423,3424,24,4,2024-06-05,450.71,completado
13424,3425,25,5,2024-06-12,312.23,completado
13425,3426,26,1,2024-06-19,489.93,completado
13426,3427,27,2,2024-06-26,426.79,completado
13427,3428,28,3,2024-07-03,478.28,cancelado
13428,3429,29,4,2024-07-10,136.46,cancelado
13429,3430,30,5,2024-07-17,283.7,devuelto
13430,3431,31,1,2024-07-24,445.69,completado
13431,3432,32,2,2024-07-31,409.05,completado
13432,3433,33,3,2024-08-07,171.99,completado
13433,3434,34,4,2024-08-14,335.82,completado
13434,3435,35,5,2024-08-21,268.09,completado
13435,3436,36,1,2024-08-28,337.2,completado
13436,3437,37,2,2024-09-04,419.33,completado
13437,3438,38,3,2024-09-11,298.99,cancelado
13438,3439,39,4,2024-09-18,344.47,cancelado
13439,3440,40,5,2024-09-25,405.03,devuelto
13440,3441,41,1,2024-10-02,391.37,completado
13441,3442,42,2,2024-10-09,130.2,completado
13442,3443,43,3,2024-10-16,409.32,completado
13443,3444,44,4,2024-10-23,222.6,completado
13444,3445,45,5,2024-10-30,143.37,completado
13445,3446,46,1,2024-11-06,470.57,completado
13446,3447,47,2,2024-11-13,157.28,completado
13447,3448,48,3,2024-11-20,486.65,cancelado
13448,3449,49,4,2024-11-27,495.74,cancelado
13449,3450,50,5,2024-12-04,35.13,devuelto
13450,3451,51,1,2024-12-11,299.93,completado
13451,3452,52,2,2024-12-18,402.82,completado
13452,3453,53,3,2024-12-25,136.24,completado
13453,3454,54,4,2023-01-02,413.79,completado
13454,3455,55,5,2023-01-09,281.96,completado
13455,3456,56,1,2023-01-16,423.8,completado
13456,3457,57,2,2023-01-23,117.29,completado
13457,3458,58,3,2023-01-30,478.53,cancelado
13458,3459,59,4,2023-02-06,237.53,cancelado
13459,3460,60,5,2023-02-13,85.1,devuelto
13460,3461,61,1,2023-02-20,58.31,completado
13461,3462,62,2,2023-02-27,275.68,completado
13462,3463,63,3,2023-03-06,187.87,completado
13463,3464,64,4,2023-03-13,373.84,completado
13464,3465,65,5,2023-03-20,215.45,completado
13465,3466,66,1,2023-03-27,172.29,completado
13466,3467,67,2,2023-04-03,49.75,completado
13467,3468,68,3,2023-04-10,89.6,cancelado
13468,3469,69,4,2023-04-17,245.78,cancelado
13469,3470,70,5,2023-04-24,464.92,devuelto
13470,3471,71,1,2023-05-01,42.5,completado
13471,3472,72,2,2023-05-08,163.84,completado
13472,3473,73,3,2023-05-15,445.76,completado
13473,3474,74,4,2023-05-22,223.46,completado
13474,3475,75,5,2023-05-29,409.38,completado
13475,3476,76,1,2023-06-05,85.48,completado
13476,3477,77,2,2023-06-12,241.86,completado
13477,3478,78,3,2023-06-19,24.99,cancelado
13478,3479,79,4,2023-06-26,469.42,cancelado
13479,3480,80,5,2023-07-03,67.93,devuelto
13480,3481,81,1,2023-07-10,125.48,completado
13481,3482,82,2,2023-07-17,440.76,completado
13482,3483,83,3,2023-07-24,251.01,completado
13483,3484,84,4,2023-07-31,479.55,completado
13484,3485,85,5,2023-08-07,298.33,completado
13485,3486,86,1,2023-08-14,208.61,completado
13486,3487,87,2,2023-08-21,426.23,completado
13487,3488,88,3,2023-08-28,150.37,cancelado
13488,3489,89,4,2023-09-04,309.18,cancelado
13489,3490,90,5,2023-09-11,90.8,devuelto
13490,3491,91,1,2023-09-18,88.0,completado
13491,3492,92,2,2023-09-25,170.3,completado
13492,3493,93,3,2023-10-02,194.66,completado
13493,3494,94,4,2023-10-09,50.61,completado
13494,3495,95,5,2023-10-16,50.23,completado
13495,3496,96,1,2023-10-23,400.14,completado
13496,3497,97,2,2023-10-30,14.16,completado
13497,3498,98,3,2023-11-06,274.78,cancelado
13498,3499,99,4,2023-11-13,251.4,cancelado
13499,3500,100,5,2023-11-20,55.23,devuelto
13500,3501,101,1,2023-11-27,485.33,completado
13501,3502,102,2,2023-12-04,405.97,completado
13502,3503,103,3,2023-12-11,327.51,completado
13503,3504,104,4,2023-12-18,496.0,completado
13504,3505,105,5,2023-12-25,11.02,completado
13505,3506,106,1,2024-01-01,97.01,completado
13506,3507,107,2,2024-01-08,75.41,completado
13507,3508,108,3,2024-01-15,492.01,cancelado
13508,3509,109,4,2024-01-22,189.72,cancelado
13509,3510,110,5,2024-01-29,345.97,devuelto
13510,3511,111,1,2024-02-05,415.11,completado
13511,3512,112,2,2024-02-12,185.05,completado
13512,3513,113,3,2024-02-19,290.28,completado
13513,3514,114,4,2024-02-26,29.81,completado
13514,3515,115,5,2024-03-04,447.51,completado
13515,3516,116,1,2024-03-11,171.77,completado
13516,3517,117,2,2024-03-18,29.08,completado
13517,3518,118,3,2024-03-25,295.6,cancelado
13518,3519,119,4,2024-04-01,494.21,cancelado
13519,3520,120,5,2024-04-08,311.04,devuelto
13520,3521,121,1,2024-04-15,412.5,completado
13521,3522,122,2,2024-04-22,104.2,completado
13522,3523,123,3,2024-04-29,93.27,completado
13523,3524,124,4,2024-05-06,201.52,completado
13524,3525,125,5,2024-05-13,496.81,completado
13525,3526,126,1,2024-05-20,62.69,completado
13526,3527,127,2,2024-05-27,300.75,completado
13527,3528,128,3,2024-06-03,311.56,cancelado
13528,3529,129,4,2024-06-10,267.78,cancelado
13529,3530,130,5,2024-06-17,417.58,devuelto
13530,3531,131,1,2024-06-24,149.38,completado
13531,3532,132,2,2024-07-01,41.82,completado
13532,3533,133,3,2024-07-08,307.02,completado
13533,3534,134,4,2024-07-15,137.39,completado
13534,3535,135,5,2024-07-22,325.3,completado
13535,3536,136,1,2024-07-29,352.97,completado
13536,3537,137,2,2024-08-05,57.1,completado
13537,3538,138,3,2024-08-12,307.18,cancelado
13538,3539,139,4,2024-08-19,347.63,cancelado
13539,3540,140,5,2024-08-26,25.7,devuelto
13540,3541,141,1,2024-09-02,427.56,completado
13541,3542,142,2,2024-09-09,335.85,completado
13542,3543,143,3,2024-09-16,350.51,completado
13543,3544,144,4,2024-09-23,407.03,completado
13544,3545,145,5,2024-09-30,185.79,completado
13545,3546,146,1,2024-10-07,259.35,completado
13546,3547,147,2,2024-10-14,153.89,completado
13547,3548,148,3,2024-10-21,355.77,cancelado
13548,3549,149,4,2024-10-28,206.54,cancelado
13549,3550,150,5,2024-11-04,405.41,devuelto
13550,3551,151,1,2024-11-11,125.21,completado
13551,3552,152,2,2024-11-18,492.45,completado
13552,3553,153,3,2024-11-25,161.57,completado
13553,3554,154,4,2024-12-02,170.04,completado
13554,3555,155,5,2024-12-09,127.93,completado
13555,3556,156,1,2024-12-16,82.87,completado
13556,3557,157,2,2024-12-23,86.06,completado
13557,3558,158,3,2024-12-30,48.93,cancelado
13558,3559,159,4,2023-01-07,297.96,cancelado
13559,3560,160,5,2023-01-14,67.68,devuelto
13560,3561,161,1,2023-01-21,62.76,completado
13561,3562,162,2,2023-01-28,229.97,completado
13562,3563,163,3,2023-02-04,83.17,completado
13563,3564,164,4,2023-02-11,45.99,completado
13564,3565,165,5,2023-02-18,387.48,completado
13565,3566,166,1,2023-02-25,346.99,completado
13566,3567,167,2,2023-03-04,293.84,completado
13567,3568,168,3,2023-03-11,362.13,cancelado
13568,3569,169,4,2023-03-18,223.31,cancelado
13569,3570,170,5,2023-03-25,70.08,devuelto
13570,3571,171,1,2023-04-01,325.71,completado
13571,3572,172,2,2023-04-08,471.86,completado
13572,3573,173,3,2023-04-15,280.54,completado
13573,3574,174,4,2023-04-22,297.96,completado
13574,3575,175,5,2023-04-29,469.34,completado
13575,3576,176,1,2023-05-06,112.79,completado
13576,3577,177,2,2023-05-13,241.88,completado
13577,3578,178,3,2023-05-20,26.58,cancelado
13578,3579,179,4,2023-05-27,86.7,cancelado
13579,3580,180,5,2023-06-03,103.83,devuelto
13580,3581,181,1,2023-06-10,42.37,completado
13581,3582,182,2,2023-06-17,25.38,completado
13582,3583,183,3,2023-06-24,428.0,completado
13583,3584,184,4,2023-07-01,133.57,completado
13584,3585,185,5,2023-07-08,101.42,completado
13585,3586,186,1,2023-07-15,253.83,completado
13586,3587,187,2,2023-07-22,332.58,completado
13587,3588,188,3,2023-07-29,204.77,cancelado
13588,3589,189,4,2023-08-05,357.48,cancelado
13589,3590,190,5,2023-08-12,168.55,devuelto
13590,3591,191,1,2023-08-19,75.12,completado
13591,3592,192,2,2023-08-26,170.19,completado
13592,3593,193,3,2023-09-02,483.68,completado
13593,3594,194,4,2023-09-09,216.95,completado
13594,3595,195,5,2023-09-16,164.25,completado
13595,3596,196,1,2023-09-23,458.59,completado
13596,3597,197,2,2023-09-30,287.62,completado
13597,3598,198,3,2023-10-07,352.93,cancelado
13598,3599,199,4,2023-10-14,13.64,cancelado
13599,3600,200,5,2023-10-21,393.77,devuelto
13600,3601,1,1,2023-10-28,477.6,completado
13601,3602,2,2,2023-11-04,213.74,completado
13602,3603,3,3,2023-11-11,248.58,completado
13603,3604,4,4,2023-11-18,494.3,completado
13604,3605,5,5,2023-11-25,82.6,completado
13605,3606,6,1,2023-12-02,443.27,completado
13606,3607,7,2,2023-12-09,127.61,completado
13607,3608,8,3,2023-12-16,305.92,cancelado
13608,3609,9,4,2023-12-23,478.96,cancelado
13609,3610,10,5,2023-12-30,454.58,devuelto
13610,3611,11,1,2024-01-06,363.18,completado
13611,3612,12,2,2024-01-13,214.76,completado
13612,3613,13,3,2024-01-20,387.72,completado
13613,3614,14,4,2024-01-27,319.45,completado
13614,3615,15,5,2024-02-03,358.57,completado
13615,3616,16,1,2024-02-10,402.1,completado
13616,3617,17,2,2024-02-17,192.78,completado
13617,3618,18,3,2024-02-24,11.34,cancelado
13618,3619,19,4,2024-03-02,246.57,cancelado
13619,3620,20,5,2024-03-09,413.92,devuelto
13620,3621,21,1,2024-03-16,255.53,completado
13621,3622,22,2,2024-03-23,113.42,completado
13622,3623,23,3,2024-03-30,172.93,completado
13623,3624,24,4,2024-04-06,332.75,completado
13624,3625,25,5,2024-04-13,370.91,completado
13625,3626,26,1,2024-04-20,257.44,completado
13626,3627,27,2,2024-04-27,270.13,completado
13627,3628,28,3,2024-05-04,445.9,cancelado
13628,3629,29,4,2024-05-11,496.88,cancelado
13629,3630,30,5,2024-05-18,310.11,devuelto
13630,3631,31,1,2024-05-25,309.99,completado
13631,3632,32,2,2024-06-01,223.12,completado
13632,3633,33,3,2024-06-08,475.41,completado
13633,3634,34,4,2024-06-15,402.14,completado
13634,3635,35,5,2024-06-22,232.93,completado
13635,3636,36,1,2024-06-29,362.36,completado
13636,3637,37,2,2024-07-06,278.09,completado
13637,3638,38,3,2024-07-13,274.01,cancelado
13638,3639,39,4,2024-07-20,380.33,cancelado
13639,3640,40,5,2024-07-27,31.81,devuelto
13640,3641,41,1,2024-08-03,172.98,completado
13641,3642,42,2,2024-08-10,209.59,completado
13642,3643,43,3,2024-08-17,317.25,completado
13643,3644,44,4,2024-08-24,398.0,completado
13644,3645,45,5,2024-08-31,242.51,completado
13645,3646,46,1,2024-09-07,440.33,completado
13646,3647,47,2,2024-09-14,465.23,completado
13647,3648,48,3,2024-09-21,457.91,cancelado
13648,3649,49,4,2024-09-28,308.29,cancelado
13649,3650,50,5,2024-10-05,123.16,devuelto
13650,3651,51,1,2024-10-12,164.44,completado
13651,3652,52,2,2024-10-19,299.54,completado
13652,3653,53,3,2024-10-26,230.14,completado
13653,3654,54,4,2024-11-02,157.14,completado
13654,3655,55,5,2024-11-09,329.51,completado
13655,3656,56,1,2024-11-16,28.97,completado
13656,3657,57,2,2024-11-23,122.44,completado
13657,3658,58,3,2024-11-30,453.15,cancelado
13658,3659,59,4,2024-12-07,134.53,cancelado
13659,3660,60,5,2024-12-14,140.03,devuelto
13660,3661,61,1,2024-12-21,270.06,completado
13661,3662,62,2,2024-12-28,29.87,completado
13662,3663,63,3,2023-01-05,476.48,completado
13663,3664,64,4,2023-01-12,230.13,completado
13664,3665,65,5,2023-01-19,204.52,completado
13665,3666,66,1,2023-01-26,220.71,completado
13666,3667,67,2,2023-02-02,479.73,completado
13667,3668,68,3,2023-02-09,403.17,cancelado
13668,3669,69,4,2023-02-16,144.08,cancelado
13669,3670,70,5,2023-02-23,409.07,devuelto
13670,3671,71,1,2023-03-02,277.81,completado
13671,3672,72,2,2023-03-09,214.21,completado
13672,3673,73,3,2023-03-16,255.86,completado
13673,3674,74,4,2023-03-23,476.77,completado
13674,3675,75,5,2023-03-30,399.37,completado
13675,3676,76,1,2023-04-06,323.61,completado
13676,3677,77,2,2023-04-13,160.04,completado
13677,3678,78,3,2023-04-20,304.12,cancelado
13678,3679,79,4,2023-04-27,35.09,cancelado
13679,3680,80,5,2023-05-04,494.55,devuelto
13680,3681,81,1,2023-05-11,114.57,completado
13681,3682,82,2,2023-05-18,334.03,completado
13682,3683,83,3,2023-05-25,150.9,completado
13683,3684,84,4,2023-06-01,66.78,completado
13684,3685,85,5,2023-06-08,125.07,completado
13685,3686,86,1,2023-06-15,494.75,completado
13686,3687,87,2,2023-06-22,284.77,completado
13687,3688,88,3,2023-06-29,171.01,cancelado
13688,3689,89,4,2023-07-06,277.08,cancelado
13689,3690,90,5,2023-07-13,108.13,devuelto
13690,3691,91,1,2023-07-20,345.69,completado
13691,3692,92,2,2023-07-27,49.04,completado
13692,3693,93,3,2023-08-03,326.95,completado
13693,3694,94,4,2023-08-10,473.82,completado
13694,3695,95,5,2023-08-17,20.14,completado
13695,3696,96,1,2023-08-24,73.64,completado
13696,3697,97,2,2023-08-31,377.21,completado
13697,3698,98,3,2023-09-07,136.51,cancelado
13698,3699,99,4,2023-09-14,332.15,cancelado
13699,3700,100,5,2023-09-21,339.19,devuelto
13700,3701,101,1,2023-09-28,213.63,completado
13701,3702,102,2,2023-10-05,453.92,completado
13702,3703,103,3,2023-10-12,110.01,completado
13703,3704,104,4,2023-10-19,90.31,completado
13704,3705,105,5,2023-10-26,57.83,completado
13705,3706,106,1,2023-11-02,466.55,completado
13706,3707,107,2,2023-11-09,161.65,completado
13707,3708,108,3,2023-11-16,275.74,cancelado
13708,3709,109,4,2023-11-23,278.85,cancelado
13709,3710,110,5,2023-11-30,43.61,devuelto
13710,3711,111,1,2023-12-07,491.58,completado
13711,3712,112,2,2023-12-14,437.88,completado
13712,3713,113,3,2023-12-21,427.98,completado
13713,3714,114,4,2023-12-28,11.63,completado
13714,3715,115,5,2024-01-04,127.38,completado
13715,3716,116,1,2024-01-11,391.55,completado
13716,3717,117,2,2024-01-18,399.27,completado
13717,3718,118,3,2024-01-25,472.74,cancelado
13718,3719,119,4,2024-02-01,482.92,cancelado
13719,3720,120,5,2024-02-08,65.55,devuelto
13720,3721,121,1,2024-02-15,231.13,completado
13721,3722,122,2,2024-02-22,69.51,completado
13722,3723,123,3,2024-02-29,385.34,completado
13723,3724,124,4,2024-03-07,391.97,completado
13724,3725,125,5,2024-03-14,238.0,completado
13725,3726,126,1,2024-03-21,69.83,completado
13726,3727,127,2,2024-03-28,337.32,completado
13727,3728,128,3,2024-04-04,146.37,cancelado
13728,3729,129,4,2024-04-11,50.8,cancelado
13729,3730,130,5,2024-04-18,396.61,devuelto
13730,3731,131,1,2024-04-25,183.09,completado
13731,3732,132,2,2024-05-02,200.06,completado
13732,3733,133,3,2024-05-09,102.76,completado
13733,3734,134,4,2024-05-16,473.02,completado
13734,3735,135,5,2024-05-23,365.4,completado
13735,3736,136,1,2024-05-30,456.35,completado
13736,3737,137,2,2024-06-06,313.97,completado
13737,3738,138,3,2024-06-13,485.02,cancelado
13738,3739,139,4,2024-06-20,385.58,cancelado
13739,3740,140,5,2024-06-27,496.14,devuelto
13740,3741,141,1,2024-07-04,89.52,completado
13741,3742,142,2,2024-07-11,177.63,completado
13742,3743,143,3,2024-07-18,265.82,completado
13743,3744,144,4,2024-07-25,347.87,completado
13744,3745,145,5,2024-08-01,105.14,completado
13745,3746,146,1,2024-08-08,495.65,completado
13746,3747,147,2,2024-08-15,381.08,completado
13747,3748,148,3,2024-08-22,182.18,cancelado
13748,3749,149,4,2024-08-29,176.69,cancelado
13749,3750,150,5,2024-09-05,200.75,devuelto
13750,3751,151,1,2024-09-12,380.81,completado
13751,3752,152,2,2024-09-19,60.75,completado
13752,3753,153,3,2024-09-26,261.09,completado
13753,3754,154,4,2024-10-03,407.79,completado
13754,3755,155,5,2024-10-10,114.06,completado
13755,3756,156,1,2024-10-17,103.17,completado
13756,3757,157,2,2024-10-24,322.37,completado
13757,3758,158,3,2024-10-31,389.0,cancelado
13758,3759,159,4,2024-11-07,376.39,cancelado
13759,3760,160,5,2024-11-14,42.78,devuelto
13760,3761,161,1,2024-11-21,496.58,completado
13761,3762,162,2,2024-11-28,121.11,completado
13762,3763,163,3,2024-12-05,331.94,completado
13763,3764,164,4,2024-12-12,457.31,completado
13764,3765,165,5,2024-12-19,252.24,completado
13765,3766,166,1,2024-12-26,387.71,completado
13766,3767,167,2,2023-01-03,199.77,completado
13767,3768,168,3,2023-01-10,324.84,cancelado
13768,3769,169,4,2023-01-17,107.57,cancelado
13769,3770,170,5,2023-01-24,30.56,devuelto
13770,3771,171,1,2023-01-31,231.93,completado
13771,3772,172,2,2023-02-07,11.82,completado
13772,3773,173,3,2023-02-14,184.16,completado
13773,3774,174,4,2023-02-21,493.95,completado
13774,3775,175,5,2023-02-28,467.62,completado
13775,3776,176,1,2023-03-07,327.87,completado
13776,3777,177,2,2023-03-14,213.61,completado
13777,3778,178,3,2023-03-21,420.38,cancelado
13778,3779,179,4,2023-03-28,485.1,cancelado
13779,3780,180,5,2023-04-04,432.38,devuelto
13780,3781,181,1,2023-04-11,51.76,completado
13781,3782,182,2,2023-04-18,423.08,completado
13782,3783,183,3,2023-04-25,301.38,completado
13783,3784,184,4,2023-05-02,285.09,completado
13784,3785,185,5,2023-05-09,67.08,completado
13785,3786,186,1,2023-05-16,76.53,completado
13786,3787,187,2,2023-05-23,252.23,completado
13787,3788,188,3,2023-05-30,498.11,cancelado
13788,3789,189,4,2023-06-06,365.69,cancelado
13789,3790,190,5,2023-06-13,176.94,devuelto
13790,3791,191,1,2023-06-20,316.22,completado
13791,3792,192,2,2023-06-27,25.92,completado
13792,3793,193,3,2023-07-04,419.26,completado
13793,3794,194,4,2023-07-11,165.36,completado
13794,3795,195,5,2023-07-18,162.91,completado
13795,3796,196,1,2023-07-25,412.86,completado
13796,3797,197,2,2023-08-01,153.79,completado
13797,3798,198,3,2023-08-08,430.74,cancelado
13798,3799,199,4,2023-08-15,36.91,cancelado
13799,3800,200,5,2023-08-22,157.1,devuelto
13800,3801,1,1,2023-08-29,482.4,completado
13801,3802,2,2,2023-09-05,77.09,completado
13802,3803,3,3,2023-09-12,136.56,completado
13803,3804,4,4,2023-09-19,195.99,completado
13804,3805,5,5,2023-09-26,84.99,completado
13805,3806,6,1,2023-10-03,176.57,completado
13806,3807,7,2,2023-10-10,211.89,completado
13807,3808,8,3,2023-10-17,46.45,cancelado
13808,3809,9,4,2023-10-24,270.17,cancelado
13809,3810,10,5,2023-10-31,46.8,devuelto
13810,3811,11,1,2023-11-07,161.11,completado
13811,3812,12,2,2023-11-14,156.91,completado
13812,3813,13,3,2023-11-21,21.14,completado
13813,3814,14,4,2023-11-28,490.81,completado
13814,3815,15,5,2023-12-05,170.6,completado
13815,3816,16,1,2023-12-12,358.78,completado
13816,3817,17,2,2023-12-19,436.06,completado
13817,3818,18,3,2023-12-26,466.39,cancelado
13818,3819,19,4,2024-01-02,305.42,cancelado
13819,3820,20,5,2024-01-09,427.27,devuelto
13820,3821,21,1,2024-01-16,187.64,completado
13821,3822,22,2,2024-01-23,56.63,completado
13822,3823,23,3,2024-01-30,139.46,completado
13823,3824,24,4,2024-02-06,173.55,completado
13824,3825,25,5,2024-02-13,445.32,completado
13825,3826,26,1,2024-02-20,99.48,completado
13826,3827,27,2,2024-02-27,114.03,completado
13827,3828,28,3,2024-03-05,402.18,cancelado
13828,3829,29,4,2024-03-12,123.44,cancelado
13829,3830,30,5,2024-03-19,145.49,devuelto
13830,3831,31,1,2024-03-26,422.32,completado
13831,3832,32,2,2024-04-02,279.6,completado
13832,3833,33,3,2024-04-09,275.24,completado
13833,3834,34,4,2024-04-16,431.03,completado
13834,3835,35,5,2024-04-23,407.67,completado
13835,3836,36,1,2024-04-30,278.98,completado
13836,3837,37,2,2024-05-07,292.91,completado
13837,3838,38,3,2024-05-14,348.34,cancelado
13838,3839,39,4,2024-05-21,155.63,cancelado
13839,3840,40,5,2024-05-28,280.66,devuelto
13840,3841,41,1,2024-06-04,155.8,completado
13841,3842,42,2,2024-06-11,448.71,completado
13842,3843,43,3,2024-06-18,378.63,completado
13843,3844,44,4,2024-06-25,29.96,completado
13844,3845,45,5,2024-07-02,460.23,completado
13845,3846,46,1,2024-07-09,215.88,completado
13846,3847,47,2,2024-07-16,332.37,completado
13847,3848,48,3,2024-07-23,141.83,cancelado
13848,3849,49,4,2024-07-30,35.51,cancelado
13849,3850,50,5,2024-08-06,43.69,devuelto
13850,3851,51,1,2024-08-13,475.0,completado
13851,3852,52,2,2024-08-20,298.27,completado
13852,3853,53,3,2024-08-27,62.35,completado
13853,3854,54,4,2024-09-03,243.72,completado
13854,3855,55,5,2024-09-10,239.92,completado
13855,3856,56,1,2024-09-17,186.95,completado
13856,3857,57,2,2024-09-24,275.56,completado
13857,3858,58,3,2024-10-01,139.5,cancelado
13858,3859,59,4,2024-10-08,299.52,cancelado
13859,3860,60,5,2024-10-15,284.98,devuelto
13860,3861,61,1,2024-10-22,399.11,completado
13861,3862,62,2,2024-10-29,50.18,completado
13862,3863,63,3,2024-11-05,92.51,completado
13863,3864,64,4,2024-11-12,327.76,completado
13864,3865,65,5,2024-11-19,288.82,completado
13865,3866,66,1,2024-11-26,434.68,completado
13866,3867,67,2,2024-12-03,319.11,completado
13867,3868,68,3,2024-12-10,18.25,cancelado
13868,3869,69,4,2024-12-17,117.02,cancelado
13869,3870,70,5,2024-12-24,357.0,devuelto
13870,3871,71,1,2023-01-01,92.99,completado
13871,3872,72,2,2023-01-08,479.07,completado
13872,3873,73,3,2023-01-15,433.27,completado
13873,3874,74,4,2023-01-22,259.75,completado
13874,3875,75,5,2023-01-29,494.93,completado
13875,3876,76,1,2023-02-05,12.59,completado
13876,3877,77,2,2023-02-12,266.26,completado
13877,3878,78,3,2023-02-19,143.92,cancelado
13878,3879,79,4,2023-02-26,399.38,cancelado
13879,3880,80,5,2023-03-05,390.37,devuelto
13880,3881,81,1,2023-03-12,101.9,completado
13881,3882,82,2,2023-03-19,278.31,completado
13882,3883,83,3,2023-03-26,39.09,completado
13883,3884,84,4,2023-04-02,113.39,completado
13884,3885,85,5,2023-04-09,336.77,completado
13885,3886,86,1,2023-04-16,104.31,completado
13886,3887,87,2,2023-04-23,268.61,completado
13887,3888,88,3,2023-04-30,178.69,cancelado
13888,3889,89,4,2023-05-07,208.22,cancelado
13889,3890,90,5,2023-05-14,299.48,devuelto
13890,3891,91,1,2023-05-21,456.27,completado
13891,3892,92,2,2023-05-28,150.95,completado
13892,3893,93,3,2023-06-04,132.03,completado
13893,3894,94,4,2023-06-11,429.51,completado
13894,3895,95,5,2023-06-18,71.08,completado
13895,3896,96,1,2023-06-25,215.91,completado
13896,3897,97,2,2023-07-02,327.69,completado
13897,3898,98,3,2023-07-09,253.86,cancelado
13898,3899,99,4,2023-07-16,489.13,cancelado
13899,3900,100,5,2023-07-23,208.72,devuelto
13900,3901,101,1,2023-07-30,103.67,completado
13901,3902,102,2,2023-08-06,133.94,completado
13902,3903,103,3,2023-08-13,72.81,completado
13903,3904,104,4,2023-08-20,100.34,completado
13904,3905,105,5,2023-08-27,324.0,completado
13905,3906,106,1,2023-09-03,68.79,completado
13906,3907,107,2,2023-09-10,338.8,completado
13907,3908,108,3,2023-09-17,74.9,cancelado
13908,3909,109,4,2023-09-24,29.7,cancelado
13909,3910,110,5,2023-10-01,499.09,devuelto
13910,3911,111,1,2023-10-08,374.99,completado
13911,3912,112,2,2023-10-15,368.31,completado
13912,3913,113,3,2023-10-22,345.19,completado
13913,3914,114,4,2023-10-29,75.15,completado
13914,3915,115,5,2023-11-05,116.89,completado
13915,3916,116,1,2023-11-12,480.11,completado
13916,3917,117,2,2023-11-19,291.54,completado
13917,3918,118,3,2023-11-26,329.41,cancelado
13918,3919,119,4,2023-12-03,361.45,cancelado
13919,3920,120,5,2023-12-10,416.69,devuelto
13920,3921,121,1,2023-12-17,16.74,completado
13921,3922,122,2,2023-12-24,62.41,completado
13922,3923,123,3,2023-12-31,111.1,completado
13923,3924,124,4,2024-01-07,80.75,completado
13924,3925,125,5,2024-01-14,364.91,completado
13925,3926,126,1,2024-01-21,394.94,completado
13926,3927,127,2,2024-01-28,435.71,completado
13927,3928,128,3,2024-02-04,169.3,cancelado
13928,3929,129,4,2024-02-11,211.45,cancelado
13929,3930,130,5,2024-02-18,333.16,devuelto
13930,3931,131,1,2024-02-25,343.35,completado
13931,3932,132,2,2024-03-03,227.27,completado
13932,3933,133,3,2024-03-10,108.76,completado
13933,3934,134,4,2024-03-17,321.18,completado
13934,3935,135,5,2024-03-24,111.32,completado
13935,3936,136,1,2024-03-31,183.06,completado
13936,3937,137,2,2024-04-07,436.28,completado
13937,3938,138,3,2024-04-14,430.48,cancelado
13938,3939,139,4,2024-04-21,334.53,cancelado
13939,3940,140,5,2024-04-28,250.06,devuelto
13940,3941,141,1,2024-05-05,475.08,completado
13941,3942,142,2,2024-05-12,224.35,completado
13942,3943,143,3,2024-05-19,133.53,completado
13943,3944,144,4,2024-05-26,222.31,completado
13944,3945,145,5,2024-06-02,87.72,completado
13945,3946,146,1,2024-06-09,392.88,completado
13946,3947,147,2,2024-06-16,418.51,completado
13947,3948,148,3,2024-06-23,376.68,cancelado
13948,3949,149,4,2024-06-30,266.9,cancelado
13949,3950,150,5,2024-07-07,109.88,devuelto
13950,3951,151,1,2024-07-14,64.1,completado
13951,3952,152,2,2024-07-21,150.73,completado
13952,3953,153,3,2024-07-28,148.89,completado
13953,3954,154,4,2024-08-04,96.76,completado
13954,3955,155,5,2024-08-11,386.84,completado
13955,3956,156,1,2024-08-18,241.88,completado
13956,3957,157,2,2024-08-25,383.69,completado
13957,3958,158,3,2024-09-01,41.99,cancelado
13958,3959,159,4,2024-09-08,232.67,cancelado
13959,3960,160,5,2024-09-15,158.57,devuelto
13960,3961,161,1,2024-09-22,119.91,completado
13961,3962,162,2,2024-09-29,108.45,completado
13962,3963,163,3,2024-10-06,433.29,completado
13963,3964,164,4,2024-10-13,421.34,completado
13964,3965,165,5,2024-10-20,482.12,completado
13965,3966,166,1,2024-10-27,142.12,completado
13966,3967,167,2,2024-11-03,245.37,completado
13967,3968,168,3,2024-11-10,224.68,cancelado
13968,3969,169,4,2024-11-17,75.41,cancelado
13969,3970,170,5,2024-11-24,392.69,devuelto
13970,3971,171,1,2024-12-01,326.16,completado
13971,3972,172,2,2024-12-08,198.45,completado
13972,3973,173,3,2024-12-15,493.38,completado
13973,3974,174,4,2024-12-22,280.36,completado
13974,3975,175,5,2024-12-29,324.53,completado
13975,3976,176,1,2023-01-06,80.9,completado
13976,3977,177,2,2023-01-13,141.16,completado
13977,3978,178,3,2023-01-20,191.71,cancelado
13978,3979,179,4,2023-01-27,134.86,cancelado
13979,3980,180,5,2023-02-03,58.43,devuelto
13980,3981,181,1,2023-02-10,432.38,completado
13981,3982,182,2,2023-02-17,263.08,completado
13982,3983,183,3,2023-02-24,162.01,completado
13983,3984,184,4,2023-03-03,207.82,completado
13984,3985,185,5,2023-03-10,40.85,completado
13985,3986,186,1,2023-03-17,479.01,completado
13986,3987,187,2,2023-03-24,62.49,completado
13987,3988,188,3,2023-03-31,450.4,cancelado
13988,3989,189,4,2023-04-07,133.53,cancelado
13989,3990,190,5,2023-04-14,129.7,devuelto
13990,3991,191,1,2023-04-21,479.26,completado
13991,3992,192,2,2023-04-28,466.37,completado
13992,3993,193,3,2023-05-05,429.37,completado
13993,3994,194,4,2023-05-12,291.46,completado
13994,3995,195,5,2023-05-19,462.97,completado
13995,3996,196,1,2023-05-26,461.7,completado
13996,3997,197,2,2023-06-02,317.48,completado
13997,3998,198,3,2023-06-09,488.95,cancelado
13998,3999,199,4,2023-06-16,11.65,cancelado
13999,4000,200,5,2023-06-23,479.72,devuelto
14000,4001,1,1,2023-06-30,170.41,completado
14001,4002,2,2,2023-07-07,347.92,completado
14002,4003,3,3,2023-07-14,281.4,completado
14003,4004,4,4,2023-07-21,288.3,completado
14004,4005,5,5,2023-07-28,10.72,completado
14005,4006,6,1,2023-08-04,104.78,completado
14006,4007,7,2,2023-08-11,63.15,completado
14007,4008,8,3,2023-08-18,160.11,cancelado
14008,4009,9,4,2023-08-25,384.44,cancelado
14009,4010,10,5,2023-09-01,133.07,devuelto
14010,4011,11,1,2023-09-08,404.25,completado
14011,4012,12,2,2023-09-15,297.23,completado
14012,4013,13,3,2023-09-22,318.14,completado
14013,4014,14,4,2023-09-29,338.22,completado
14014,4015,15,5,2023-10-06,480.72,completado
14015,4016,16,1,2023-10-13,286.96,completado
14016,4017,17,2,2023-10-20,184.87,completado
14017,4018,18,3,2023-10-27,196.16,cancelado
14018,4019,19,4,2023-11-03,316.06,cancelado
14019,4020,20,5,2023-11-10,446.23,devuelto
14020,4021,21,1,2023-11-17,169.11,completado
14021,4022,22,2,2023-11-24,430.32,completado
14022,4023,23,3,2023-12-01,184.87,completado
14023,4024,24,4,2023-12-08,381.87,completado
14024,4025,25,5,2023-12-15,270.92,completado
14025,4026,26,1,2023-12-22,251.64,completado
14026,4027,27,2,2023-12-29,221.1,completado
14027,4028,28,3,2024-01-05,285.59,cancelado
14028,4029,29,4,2024-01-12,347.97,cancelado
14029,4030,30,5,2024-01-19,60.56,devuelto
14030,4031,31,1,2024-01-26,449.0,completado
14031,4032,32,2,2024-02-02,123.34,completado
14032,4033,33,3,2024-02-09,434.61,completado
14033,4034,34,4,2024-02-16,110.43,completado
14034,4035,35,5,2024-02-23,212.06,completado
14035,4036,36,1,2024-03-01,498.02,completado
14036,4037,37,2,2024-03-08,45.58,completado
14037,4038,38,3,2024-03-15,343.67,cancelado
14038,4039,39,4,2024-03-22,488.2,cancelado
14039,4040,40,5,2024-03-29,226.23,devuelto
14040,4041,41,1,2024-04-05,76.5,completado
14041,4042,42,2,2024-04-12,371.63,completado
14042,4043,43,3,2024-04-19,117.05,completado
14043,4044,44,4,2024-04-26,57.46,completado
14044,4045,45,5,2024-05-03,135.66,completado
14045,4046,46,1,2024-05-10,459.92,completado
14046,4047,47,2,2024-05-17,210.48,completado
14047,4048,48,3,2024-05-24,495.74,cancelado
14048,4049,49,4,2024-05-31,325.08,cancelado
14049,4050,50,5,2024-06-07,446.0,devuelto
14050,4051,51,1,2024-06-14,447.62,completado
14051,4052,52,2,2024-06-21,55.81,completado
14052,4053,53,3,2024-06-28,462.55,completado
14053,4054,54,4,2024-07-05,309.77,completado
14054,4055,55,5,2024-07-12,55.82,completado
14055,4056,56,1,2024-07-19,132.66,completado
14056,4057,57,2,2024-07-26,303.18,completado
14057,4058,58,3,2024-08-02,375.74,cancelado
14058,4059,59,4,2024-08-09,469.75,cancelado
14059,4060,60,5,2024-08-16,128.19,devuelto
14060,4061,61,1,2024-08-23,243.25,completado
14061,4062,62,2,2024-08-30,145.77,completado
14062,4063,63,3,2024-09-06,91.85,completado
14063,4064,64,4,2024-09-13,381.09,completado
14064,4065,65,5,2024-09-20,367.05,completado
14065,4066,66,1,2024-09-27,463.85,completado
14066,4067,67,2,2024-10-04,249.88,completado
14067,4068,68,3,2024-10-11,496.21,cancelado
14068,4069,69,4,2024-10-18,399.9,cancelado
14069,4070,70,5,2024-10-25,444.86,devuelto
14070,4071,71,1,2024-11-01,59.05,completado
14071,4072,72,2,2024-11-08,256.81,completado
14072,4073,73,3,2024-11-15,122.37,completado
14073,4074,74,4,2024-11-22,292.08,completado
14074,4075,75,5,2024-11-29,10.05,completado
14075,4076,76,1,2024-12-06,351.23,completado
14076,4077,77,2,2024-12-13,467.98,completado
14077,4078,78,3,2024-12-20,379.13,cancelado
14078,4079,79,4,2024-12-27,282.58,cancelado
14079,4080,80,5,2023-01-04,90.5,devuelto
14080,4081,81,1,2023-01-11,372.06,completado
14081,4082,82,2,2023-01-18,490.55,completado
14082,4083,83,3,2023-01-25,290.14,completado
14083,4084,84,4,2023-02-01,336.98,completado
14084,4085,85,5,2023-02-08,104.35,completado
14085,4086,86,1,2023-02-15,412.93,completado
14086,4087,87,2,2023-02-22,124.77,completado
14087,4088,88,3,2023-03-01,32.15,cancelado
14088,4089,89,4,2023-03-08,97.9,cancelado
14089,4090,90,5,2023-03-15,415.37,devuelto
14090,4091,91,1,2023-03-22,106.85,completado
14091,4092,92,2,2023-03-29,154.55,completado
14092,4093,93,3,2023-04-05,40.02,completado
14093,4094,94,4,2023-04-12,230.24,completado
14094,4095,95,5,2023-04-19,313.14,completado
14095,4096,96,1,2023-04-26,25.43,completado
14096,4097,97,2,2023-05-03,365.61,completado
14097,4098,98,3,2023-05-10,364.79,cancelado
14098,4099,99,4,2023-05-17,189.65,cancelado
14099,4100,100,5,2023-05-24,380.73,devuelto
14100,4101,101,1,2023-05-31,382.94,completado
14101,4102,102,2,2023-06-07,419.03,completado
14102,4103,103,3,2023-06-14,221.59,completado
14103,4104,104,4,2023-06-21,347.08,completado
14104,4105,105,5,2023-06-28,418.47,completado
14105,4106,106,1,2023-07-05,87.94,completado
14106,4107,107,2,2023-07-12,195.26,completado
14107,4108,108,3,2023-07-19,93.97,cancelado
14108,4109,109,4,2023-07-26,27.21,cancelado
14109,4110,110,5,2023-08-02,95.8,devuelto
14110,4111,111,1,2023-08-09,423.02,completado
14111,4112,112,2,2023-08-16,215.97,completado
14112,4113,113,3,2023-08-23,51.57,completado
14113,4114,114,4,2023-08-30,87.19,completado
14114,4115,115,5,2023-09-06,45.87,completado
14115,4116,116,1,2023-09-13,213.38,completado
14116,4117,117,2,2023-09-20,222.96,completado
14117,4118,118,3,2023-09-27,352.85,cancelado
14118,4119,119,4,2023-10-04,91.43,cancelado
14119,4120,120,5,2023-10-11,359.71,devuelto
14120,4121,121,1,2023-10-18,359.72,completado
14121,4122,122,2,2023-10-25,443.08,completado
14122,4123,123,3,2023-11-01,270.12,completado
14123,4124,124,4,2023-11-08,451.45,completado
14124,4125,125,5,2023-11-15,299.92,completado
14125,4126,126,1,2023-11-22,481.33,completado
14126,4127,127,2,2023-11-29,296.95,completado
14127,4128,128,3,2023-12-06,171.72,cancelado
14128,4129,129,4,2023-12-13,232.0,cancelado
14129,4130,130,5,2023-12-20,416.1,devuelto
14130,4131,131,1,2023-12-27,301.19,completado
14131,4132,132,2,2024-01-03,333.65,completado
14132,4133,133,3,2024-01-10,115.64,completado
14133,4134,134,4,2024-01-17,230.04,completado
14134,4135,135,5,2024-01-24,94.35,completado
14135,4136,136,1,2024-01-31,419.98,completado
14136,4137,137,2,2024-02-07,228.09,completado
14137,4138,138,3,2024-02-14,164.71,cancelado
14138,4139,139,4,2024-02-21,307.08,cancelado
14139,4140,140,5,2024-02-28,463.84,devuelto
14140,4141,141,1,2024-03-06,401.17,completado
14141,4142,142,2,2024-03-13,419.46,completado
14142,4143,143,3,2024-03-20,106.17,completado
14143,4144,144,4,2024-03-27,154.81,completado
14144,4145,145,5,2024-04-03,388.55,completado
14145,4146,146,1,2024-04-10,237.79,completado
14146,4147,147,2,2024-04-17,54.6,completado
14147,4148,148,3,2024-04-24,294.89,cancelado
14148,4149,149,4,2024-05-01,400.33,cancelado
14149,4150,150,5,2024-05-08,72.12,devuelto
14150,4151,151,1,2024-05-15,36.36,completado
14151,4152,152,2,2024-05-22,371.13,completado
14152,4153,153,3,2024-05-29,271.44,completado
14153,4154,154,4,2024-06-05,430.02,completado
14154,4155,155,5,2024-06-12,284.43,completado
14155,4156,156,1,2024-06-19,203.36,completado
14156,4157,157,2,2024-06-26,328.33,completado
14157,4158,158,3,2024-07-03,359.1,cancelado
14158,4159,159,4,2024-07-10,410.19,cancelado
14159,4160,160,5,2024-07-17,35.89,devuelto
14160,4161,161,1,2024-07-24,98.1,completado
14161,4162,162,2,2024-07-31,439.14,completado
14162,4163,163,3,2024-08-07,401.48,completado
14163,4164,164,4,2024-08-14,127.84,completado
14164,4165,165,5,2024-08-21,34.87,completado
14165,4166,166,1,2024-08-28,430.57,completado
14166,4167,167,2,2024-09-04,276.4,completado
14167,4168,168,3,2024-09-11,46.34,cancelado
14168,4169,169,4,2024-09-18,274.11,cancelado
14169,4170,170,5,2024-09-25,50.95,devuelto
14170,4171,171,1,2024-10-02,267.29,completado
14171,4172,172,2,2024-10-09,55.83,completado
14172,4173,173,3,2024-10-16,137.96,completado
14173,4174,174,4,2024-10-23,278.96,completado
14174,4175,175,5,2024-10-30,415.77,completado
14175,4176,176,1,2024-11-06,31.57,completado
14176,4177,177,2,2024-11-13,250.35,completado
14177,4178,178,3,2024-11-20,420.57,cancelado
14178,4179,179,4,2024-11-27,78.46,cancelado
14179,4180,180,5,2024-12-04,397.11,devuelto
14180,4181,181,1,2024-12-11,352.4,completado
14181,4182,182,2,2024-12-18,53.8,completado
14182,4183,183,3,2024-12-25,82.43,completado
14183,4184,184,4,2023-01-02,226.75,completado
14184,4185,185,5,2023-01-09,216.84,completado
14185,4186,186,1,2023-01-16,320.59,completado
14186,4187,187,2,2023-01-23,49.28,completado
14187,4188,188,3,2023-01-30,382.47,cancelado
14188,4189,189,4,2023-02-06,235.84,cancelado
14189,4190,190,5,2023-02-13,343.86,devuelto
14190,4191,191,1,2023-02-20,496.45,completado
14191,4192,192,2,2023-02-27,175.46,completado
14192,4193,193,3,2023-03-06,26.22,completado
14193,4194,194,4,2023-03-13,15.65,completado
14194,4195,195,5,2023-03-20,23.39,completado
14195,4196,196,1,2023-03-27,335.79,completado
14196,4197,197,2,2023-04-03,21.86,completado
14197,4198,198,3,2023-04-10,406.7,cancelado
14198,4199,199,4,2023-04-17,24.87,cancelado
14199,4200,200,5,2023-04-24,168.02,devuelto
14200,4201,1,1,2023-05-01,381.2,completado
14201,4202,2,2,2023-05-08,405.91,completado
14202,4203,3,3,2023-05-15,297.06,completado
14203,4204,4,4,2023-05-22,50.49,completado
14204,4205,5,5,2023-05-29,103.31,completado
14205,4206,6,1,2023-06-05,477.01,completado
14206,4207,7,2,2023-06-12,58.15,completado
14207,4208,8,3,2023-06-19,393.99,cancelado
14208,4209,9,4,2023-06-26,274.13,cancelado
14209,4210,10,5,2023-07-03,192.05,devuelto
14210,4211,11,1,2023-07-10,395.86,completado
14211,4212,12,2,2023-07-17,376.75,completado
14212,4213,13,3,2023-07-24,306.39,completado
14213,4214,14,4,2023-07-31,362.42,completado
14214,4215,15,5,2023-08-07,494.32,completado
14215,4216,16,1,2023-08-14,163.29,completado
14216,4217,17,2,2023-08-21,339.37,completado
14217,4218,18,3,2023-08-28,399.4,cancelado
14218,4219,19,4,2023-09-04,256.97,cancelado
14219,4220,20,5,2023-09-11,152.03,devuelto
14220,4221,21,1,2023-09-18,153.15,completado
14221,4222,22,2,2023-09-25,88.04,completado
14222,4223,23,3,2023-10-02,277.43,completado
14223,4224,24,4,2023-10-09,82.49,completado
14224,4225,25,5,2023-10-16,337.39,completado
14225,4226,26,1,2023-10-23,274.61,completado
14226,4227,27,2,2023-10-30,150.72,completado
14227,4228,28,3,2023-11-06,265.89,cancelado
14228,4229,29,4,2023-11-13,386.31,cancelado
14229,4230,30,5,2023-11-20,83.78,devuelto
14230,4231,31,1,2023-11-27,413.93,completado
14231,4232,32,2,2023-12-04,151.6,completado
14232,4233,33,3,2023-12-11,314.61,completado
14233,4234,34,4,2023-12-18,30.81,completado
14234,4235,35,5,2023-12-25,195.93,completado
14235,4236,36,1,2024-01-01,29.79,completado
14236,4237,37,2,2024-01-08,223.0,completado
14237,4238,38,3,2024-01-15,22.86,cancelado
14238,4239,39,4,2024-01-22,303.61,cancelado
14239,4240,40,5,2024-01-29,11.37,devuelto
14240,4241,41,1,2024-02-05,138.03,completado
14241,4242,42,2,2024-02-12,130.35,completado
14242,4243,43,3,2024-02-19,179.22,completado
14243,4244,44,4,2024-02-26,177.33,completado
14244,4245,45,5,2024-03-04,187.12,completado
14245,4246,46,1,2024-03-11,262.79,completado
14246,4247,47,2,2024-03-18,269.72,completado
14247,4248,48,3,2024-03-25,208.54,cancelado
14248,4249,49,4,2024-04-01,285.87,cancelado
14249,4250,50,5,2024-04-08,125.54,devuelto
14250,4251,51,1,2024-04-15,83.14,completado
14251,4252,52,2,2024-04-22,142.01,completado
14252,4253,53,3,2024-04-29,121.64,completado
14253,4254,54,4,2024-05-06,167.6,completado
14254,4255,55,5,2024-05-13,334.05,completado
14255,4256,56,1,2024-05-20,189.44,completado
14256,4257,57,2,2024-05-27,412.57,completado
14257,4258,58,3,2024-06-03,394.72,cancelado
14258,4259,59,4,2024-06-10,193.91,cancelado
14259,4260,60,5,2024-06-17,30.52,devuelto
14260,4261,61,1,2024-06-24,360.0,completado
14261,4262,62,2,2024-07-01,316.26,completado
14262,4263,63,3,2024-07-08,35.99,completado
14263,4264,64,4,2024-07-15,111.88,completado
14264,4265,65,5,2024-07-22,210.99,completado
14265,4266,66,1,2024-07-29,429.45,completado
14266,4267,67,2,2024-08-05,283.55,completado
14267,4268,68,3,2024-08-12,312.86,cancelado
14268,4269,69,4,2024-08-19,395.4,cancelado
14269,4270,70,5,2024-08-26,18.33,devuelto
14270,4271,71,1,2024-09-02,315.96,completado
14271,4272,72,2,2024-09-09,321.76,completado
14272,4273,73,3,2024-09-16,469.91,completado
14273,4274,74,4,2024-09-23,463.07,completado
14274,4275,75,5,2024-09-30,100.54,completado
14275,4276,76,1,2024-10-07,41.61,completado
14276,4277,77,2,2024-10-14,141.23,completado
14277,4278,78,3,2024-10-21,33.02,cancelado
14278,4279,79,4,2024-10-28,69.98,cancelado
14279,4280,80,5,2024-11-04,201.92,devuelto
14280,4281,81,1,2024-11-11,419.1,completado
14281,4282,82,2,2024-11-18,70.89,completado
14282,4283,83,3,2024-11-25,282.34,completado
14283,4284,84,4,2024-12-02,269.35,completado
14284,4285,85,5,2024-12-09,12.44,completado
14285,4286,86,1,2024-12-16,316.53,completado
14286,4287,87,2,2024-12-23,136.74,completado
14287,4288,88,3,2024-12-30,429.9,cancelado
14288,4289,89,4,2023-01-07,96.95,cancelado
14289,4290,90,5,2023-01-14,474.74,devuelto
14290,4291,91,1,2023-01-21,254.24,completado
14291,4292,92,2,2023-01-28,466.14,completado
14292,4293,93,3,2023-02-04,262.68,completado
14293,4294,94,4,2023-02-11,195.26,completado
14294,4295,95,5,2023-02-18,384.29,completado
14295,4296,96,1,2023-02-25,268.88,completado
14296,4297,97,2,2023-03-04,41.44,completado
14297,4298,98,3,2023-03-11,141.22,cancelado
14298,4299,99,4,2023-03-18,85.88,cancelado
14299,4300,100,5,2023-03-25,42.11,devuelto
14300,4301,101,1,2023-04-01,351.36,completado
14301,4302,102,2,2023-04-08,313.35,completado
14302,4303,103,3,2023-04-15,154.62,completado
14303,4304,104,4,2023-04-22,93.73,completado
14304,4305,105,5,2023-04-29,290.0,completado
14305,4306,106,1,2023-05-06,338.05,completado
14306,4307,107,2,2023-05-13,367.97,completado
14307,4308,108,3,2023-05-20,209.74,cancelado
14308,4309,109,4,2023-05-27,87.71,cancelado
14309,4310,110,5,2023-06-03,128.93,devuelto
14310,4311,111,1,2023-06-10,215.7,completado
14311,4312,112,2,2023-06-17,361.33,completado
14312,4313,113,3,2023-06-24,190.45,completado
14313,4314,114,4,2023-07-01,365.36,completado
14314,4315,115,5,2023-07-08,268.88,completado
14315,4316,116,1,2023-07-15,114.8,completado
14316,4317,117,2,2023-07-22,161.7,completado
14317,4318,118,3,2023-07-29,391.36,cancelado
14318,4319,119,4,2023-08-05,50.26,cancelado
14319,4320,120,5,2023-08-12,437.99,devuelto
14320,4321,121,1,2023-08-19,412.8,completado
14321,4322,122,2,2023-08-26,152.9,completado
14322,4323,123,3,2023-09-02,491.28,completado
14323,4324,124,4,2023-09-09,201.04,completado
14324,4325,125,5,2023-09-16,183.79,completado
14325,4326,126,1,2023-09-23,377.64,completado
14326,4327,127,2,2023-09-30,381.25,completado
14327,4328,128,3,2023-10-07,434.47,cancelado
14328,4329,129,4,2023-10-14,30.74,cancelado
14329,4330,130,5,2023-10-21,207.61,devuelto
14330,4331,131,1,2023-10-28,122.25,completado
14331,4332,132,2,2023-11-04,341.12,completado
14332,4333,133,3,2023-11-11,176.57,completado
14333,4334,134,4,2023-11-18,344.76,completado
14334,4335,135,5,2023-11-25,153.98,completado
14335,4336,136,1,2023-12-02,480.02,completado
14336,4337,137,2,2023-12-09,456.6,completado
14337,4338,138,3,2023-12-16,21.4,cancelado
14338,4339,139,4,2023-12-23,51.46,cancelado
14339,4340,140,5,2023-12-30,194.86,devuelto
14340,4341,141,1,2024-01-06,211.48,completado
14341,4342,142,2,2024-01-13,147.1,completado
14342,4343,143,3,2024-01-20,152.39,completado
14343,4344,144,4,2024-01-27,292.1,completado
14344,4345,145,5,2024-02-03,409.21,completado
14345,4346,146,1,2024-02-10,257.56,completado
14346,4347,147,2,2024-02-17,459.85,completado
14347,4348,148,3,2024-02-24,388.3,cancelado
14348,4349,149,4,2024-03-02,368.08,cancelado
14349,4350,150,5,2024-03-09,190.5,devuelto
14350,4351,151,1,2024-03-16,282.48,completado
14351,4352,152,2,2024-03-23,255.48,completado
14352,4353,153,3,2024-03-30,97.44,completado
14353,4354,154,4,2024-04-06,491.33,completado
14354,4355,155,5,2024-04-13,172.46,completado
14355,4356,156,1,2024-04-20,486.51,completado
14356,4357,157,2,2024-04-27,238.18,completado
14357,4358,158,3,2024-05-04,417.56,cancelado
14358,4359,159,4,2024-05-11,40.15,cancelado
14359,4360,160,5,2024-05-18,347.25,devuelto
14360,4361,161,1,2024-05-25,28.4,completado
14361,4362,162,2,2024-06-01,346.55,completado
14362,4363,163,3,2024-06-08,38.19,completado
14363,4364,164,4,2024-06-15,427.95,completado
14364,4365,165,5,2024-06-22,127.02,completado
14365,4366,166,1,2024-06-29,459.08,completado
14366,4367,167,2,2024-07-06,112.38,completado
14367,4368,168,3,2024-07-13,384.87,cancelado
14368,4369,169,4,2024-07-20,183.98,cancelado
14369,4370,170,5,2024-07-27,415.98,devuelto
14370,4371,171,1,2024-08-03,136.28,completado
14371,4372,172,2,2024-08-10,164.39,completado
14372,4373,173,3,2024-08-17,357.35,completado
14373,4374,174,4,2024-08-24,203.41,completado
14374,4375,175,5,2024-08-31,118.72,completado
14375,4376,176,1,2024-09-07,79.29,completado
14376,4377,177,2,2024-09-14,60.07,completado
14377,4378,178,3,2024-09-21,56.34,cancelado
14378,4379,179,4,2024-09-28,303.93,cancelado
14379,4380,180,5,2024-10-05,267.84,devuelto
14380,4381,181,1,2024-10-12,363.41,completado
14381,4382,182,2,2024-10-19,395.81,completado
14382,4383,183,3,2024-10-26,276.75,completado
14383,4384,184,4,2024-11-02,307.16,completado
14384,4385,185,5,2024-11-09,107.32,completado
14385,4386,186,1,2024-11-16,300.73,completado
14386,4387,187,2,2024-11-23,319.13,completado
14387,4388,188,3,2024-11-30,107.02,cancelado
14388,4389,189,4,2024-12-07,116.22,cancelado
14389,4390,190,5,2024-12-14,208.45,devuelto
14390,4391,191,1,2024-12-21,168.28,completado
14391,4392,192,2,2024-12-28,120.6,completado
14392,4393,193,3,2023-01-05,442.37,completado
14393,4394,194,4,2023-01-12,428.86,completado
14394,4395,195,5,2023-01-19,364.45,completado
14395,4396,196,1,2023-01-26,478.54,completado
14396,4397,197,2,2023-02-02,459.88,completado
14397,4398,198,3,2023-02-09,309.82,cancelado
14398,4399,199,4,2023-02-16,257.39,cancelado
14399,4400,200,5,2023-02-23,381.62,devuelto
14400,4401,1,1,2023-03-02,170.45,completado
14401,4402,2,2,2023-03-09,200.78,completado
14402,4403,3,3,2023-03-16,236.24,completado
14403,4404,4,4,2023-03-23,255.33,completado
14404,4405,5,5,2023-03-30,209.53,completado
14405,4406,6,1,2023-04-06,280.75,completado
14406,4407,7,2,2023-04-13,433.37,completado
14407,4408,8,3,2023-04-20,446.99,cancelado
14408,4409,9,4,2023-04-27,15.23,cancelado
14409,4410,10,5,2023-05-04,100.57,devuelto
14410,4411,11,1,2023-05-11,411.97,completado
14411,4412,12,2,2023-05-18,498.66,completado
14412,4413,13,3,2023-05-25,24.41,completado
14413,4414,14,4,2023-06-01,62.31,completado
14414,4415,15,5,2023-06-08,391.53,completado
14415,4416,16,1,2023-06-15,64.89,completado
14416,4417,17,2,2023-06-22,72.67,completado
14417,4418,18,3,2023-06-29,302.63,cancelado
14418,4419,19,4,2023-07-06,462.92,cancelado
14419,4420,20,5,2023-07-13,129.75,devuelto
14420,4421,21,1,2023-07-20,194.87,completado
14421,4422,22,2,2023-07-27,241.41,completado
14422,4423,23,3,2023-08-03,354.39,completado
14423,4424,24,4,2023-08-10,139.3,completado
14424,4425,25,5,2023-08-17,148.99,completado
14425,4426,26,1,2023-08-24,489.71,completado
14426,4427,27,2,2023-08-31,68.65,completado
14427,4428,28,3,2023-09-07,365.14,cancelado
14428,4429,29,4,2023-09-14,213.6,cancelado
14429,4430,30,5,2023-09-21,11.51,devuelto
14430,4431,31,1,2023-09-28,314.32,completado
14431,4432,32,2,2023-10-05,114.71,completado
14432,4433,33,3,2023-10-12,190.27,completado
14433,4434,34,4,2023-10-19,398.12,completado
14434,4435,35,5,2023-10-26,75.62,completado
14435,4436,36,1,2023-11-02,38.39,completado
14436,4437,37,2,2023-11-09,162.5,completado
14437,4438,38,3,2023-11-16,44.75,cancelado
14438,4439,39,4,2023-11-23,70.36,cancelado
14439,4440,40,5,2023-11-30,267.72,devuelto
14440,4441,41,1,2023-12-07,388.22,completado
14441,4442,42,2,2023-12-14,150.55,completado
14442,4443,43,3,2023-12-21,274.22,completado
14443,4444,44,4,2023-12-28,120.66,completado
14444,4445,45,5,2024-01-04,204.53,completado
14445,4446,46,1,2024-01-11,243.9,completado
14446,4447,47,2,2024-01-18,420.65,completado
14447,4448,48,3,2024-01-25,297.41,cancelado
14448,4449,49,4,2024-02-01,380.7,cancelado
14449,4450,50,5,2024-02-08,209.57,devuelto
14450,4451,51,1,2024-02-15,93.59,completado
14451,4452,52,2,2024-02-22,364.25,completado
14452,4453,53,3,2024-02-29,471.38,completado
14453,4454,54,4,2024-03-07,307.22,completado
14454,4455,55,5,2024-03-14,257.87,completado
14455,4456,56,1,2024-03-21,46.02,completado
14456,4457,57,2,2024-03-28,231.13,completado
14457,4458,58,3,2024-04-04,174.24,cancelado
14458,4459,59,4,2024-04-11,214.95,cancelado
14459,4460,60,5,2024-04-18,55.19,devuelto
14460,4461,61,1,2024-04-25,467.55,completado
14461,4462,62,2,2024-05-02,350.75,completado
14462,4463,63,3,2024-05-09,430.07,completado
14463,4464,64,4,2024-05-16,154.03,completado
14464,4465,65,5,2024-05-23,264.64,completado
14465,4466,66,1,2024-05-30,209.55,completado
14466,4467,67,2,2024-06-06,376.1,completado
14467,4468,68,3,2024-06-13,416.5,cancelado
14468,4469,69,4,2024-06-20,318.93,cancelado
14469,4470,70,5,2024-06-27,391.23,devuelto
14470,4471,71,1,2024-07-04,175.37,completado
14471,4472,72,2,2024-07-11,251.26,completado
14472,4473,73,3,2024-07-18,203.79,completado
14473,4474,74,4,2024-07-25,223.33,completado
14474,4475,75,5,2024-08-01,397.46,completado
14475,4476,76,1,2024-08-08,32.72,completado
14476,4477,77,2,2024-08-15,349.91,completado
14477,4478,78,3,2024-08-22,67.09,cancelado
14478,4479,79,4,2024-08-29,73.11,cancelado
14479,4480,80,5,2024-09-05,392.35,devuelto
14480,4481,81,1,2024-09-12,18.8,completado
14481,4482,82,2,2024-09-19,30.66,completado
14482,4483,83,3,2024-09-26,104.54,completado
14483,4484,84,4,2024-10-03,495.23,completado
14484,4485,85,5,2024-10-10,264.93,completado
14485,4486,86,1,2024-10-17,109.56,completado
14486,4487,87,2,2024-10-24,201.39,completado
14487,4488,88,3,2024-10-31,443.42,cancelado
14488,4489,89,4,2024-11-07,53.31,cancelado
14489,4490,90,5,2024-11-14,436.91,devuelto
14490,4491,91,1,2024-11-21,23.36,completado
14491,4492,92,2,2024-11-28,85.46,completado
14492,4493,93,3,2024-12-05,233.26,completado
14493,4494,94,4,2024-12-12,166.99,completado
14494,4495,95,5,2024-12-19,375.13,completado
14495,4496,96,1,2024-12-26,58.97,completado
14496,4497,97,2,2023-01-03,96.0,completado
14497,4498,98,3,2023-01-10,117.12,cancelado
14498,4499,99,4,2023-01-17,449.77,cancelado
14499,4500,100,5,2023-01-24,184.34,devuelto
14500,4501,101,1,2023-01-31,410.52,completado
14501,4502,102,2,2023-02-07,259.45,completado
14502,4503,103,3,2023-02-14,99.87,completado
14503,4504,104,4,2023-02-21,290.3,completado
14504,4505,105,5,2023-02-28,247.84,completado
14505,4506,106,1,2023-03-07,425.24,completado
14506,4507,107,2,2023-03-14,217.99,completado
14507,4508,108,3,2023-03-21,285.07,cancelado
14508,4509,109,4,2023-03-28,452.18,cancelado
14509,4510,110,5,2023-04-04,314.38,devuelto
14510,4511,111,1,2023-04-11,492.12,completado
14511,4512,112,2,2023-04-18,417.38,completado
14512,4513,113,3,2023-04-25,152.3,completado
14513,4514,114,4,2023-05-02,481.93,completado
14514,4515,115,5,2023-05-09,66.76,completado
14515,4516,116,1,2023-05-16,158.96,completado
14516,4517,117,2,2023-05-23,281.72,completado
14517,4518,118,3,2023-05-30,398.97,cancelado
14518,4519,119,4,2023-06-06,492.72,cancelado
14519,4520,120,5,2023-06-13,392.32,devuelto
14520,4521,121,1,2023-06-20,177.88,completado
14521,4522,122,2,2023-06-27,126.34,completado
14522,4523,123,3,2023-07-04,432.79,completado
14523,4524,124,4,2023-07-11,457.23,completado
14524,4525,125,5,2023-07-18,370.96,completado
14525,4526,126,1,2023-07-25,269.02,completado
14526,4527,127,2,2023-08-01,209.65,completado
14527,4528,128,3,2023-08-08,113.86,cancelado
14528,4529,129,4,2023-08-15,326.12,cancelado
14529,4530,130,5,2023-08-22,311.11,devuelto
14530,4531,131,1,2023-08-29,70.83,completado
14531,4532,132,2,2023-09-05,60.21,completado
14532,4533,133,3,2023-09-12,191.58,completado
14533,4534,134,4,2023-09-19,348.64,completado
14534,4535,135,5,2023-09-26,18.85,completado
14535,4536,136,1,2023-10-03,412.91,completado
14536,4537,137,2,2023-10-10,258.63,completado
14537,4538,138,3,2023-10-17,496.66,cancelado
14538,4539,139,4,2023-10-24,294.61,cancelado
14539,4540,140,5,2023-10-31,41.77,devuelto
14540,4541,141,1,2023-11-07,151.78,completado
14541,4542,142,2,2023-11-14,291.3,completado
14542,4543,143,3,2023-11-21,468.13,completado
14543,4544,144,4,2023-11-28,360.18,completado
14544,4545,145,5,2023-12-05,232.02,completado
14545,4546,146,1,2023-12-12,135.07,completado
14546,4547,147,2,2023-12-19,405.59,completado
14547,4548,148,3,2023-12-26,207.4,cancelado
14548,4549,149,4,2024-01-02,302.95,cancelado
14549,4550,150,5,2024-01-09,290.67,devuelto
14550,4551,151,1,2024-01-16,471.87,completado
14551,4552,152,2,2024-01-23,216.16,completado
14552,4553,153,3,2024-01-30,316.0,completado
14553,4554,154,4,2024-02-06,405.95,completado
14554,4555,155,5,2024-02-13,436.09,completado
14555,4556,156,1,2024-02-20,331.82,completado
14556,4557,157,2,2024-02-27,416.84,completado
14557,4558,158,3,2024-03-05,324.46,cancelado
14558,4559,159,4,2024-03-12,382.15,cancelado
14559,4560,160,5,2024-03-19,375.55,devuelto
14560,4561,161,1,2024-03-26,341.2,completado
14561,4562,162,2,2024-04-02,382.93,completado
14562,4563,163,3,2024-04-09,428.56,completado
14563,4564,164,4,2024-04-16,53.93,completado
14564,4565,165,5,2024-04-23,265.88,completado
14565,4566,166,1,2024-04-30,81.14,completado
14566,4567,167,2,2024-05-07,393.93,completado
14567,4568,168,3,2024-05-14,293.85,cancelado
14568,4569,169,4,2024-05-21,322.02,cancelado
14569,4570,170,5,2024-05-28,288.69,devuelto
14570,4571,171,1,2024-06-04,82.0,completado
14571,4572,172,2,2024-06-11,287.02,completado
14572,4573,173,3,2024-06-18,154.26,completado
14573,4574,174,4,2024-06-25,388.43,completado
14574,4575,175,5,2024-07-02,444.8,completado
14575,4576,176,1,2024-07-09,289.05,completado
14576,4577,177,2,2024-07-16,398.23,completado
14577,4578,178,3,2024-07-23,429.85,cancelado
14578,4579,179,4,2024-07-30,477.11,cancelado
14579,4580,180,5,2024-08-06,446.36,devuelto
14580,4581,181,1,2024-08-13,63.09,completado
14581,4582,182,2,2024-08-20,421.2,completado
14582,4583,183,3,2024-08-27,405.47,completado
14583,4584,184,4,2024-09-03,119.28,completado
14584,4585,185,5,2024-09-10,392.46,completado
14585,4586,186,1,2024-09-17,390.37,completado
14586,4587,187,2,2024-09-24,220.64,completado
14587,4588,188,3,2024-10-01,286.32,cancelado
14588,4589,189,4,2024-10-08,480.71,cancelado
14589,4590,190,5,2024-10-15,36.84,devuelto
14590,4591,191,1,2024-10-22,314.89,completado
14591,4592,192,2,2024-10-29,21.25,completado
14592,4593,193,3,2024-11-05,283.38,completado
14593,4594,194,4,2024-11-12,85.95,completado
14594,4595,195,5,2024-11-19,323.72,completado
14595,4596,196,1,2024-11-26,234.02,completado
14596,4597,197,2,2024-12-03,214.67,completado
14597,4598,198,3,2024-12-10,446.89,cancelado
14598,4599,199,4,2024-12-17,324.55,cancelado
14599,4600,200,5,2024-12-24,95.22,devuelto
14600,4601,1,1,2023-01-01,115.79,completado
14601,4602,2,2,2023-01-08,285.21,completado
14602,4603,3,3,2023-01-15,497.4,completado
14603,4604,4,4,2023-01-22,121.77,completado
14604,4605,5,5,2023-01-29,307.3,completado
14605,4606,6,1,2023-02-05,169.63,completado
14606,4607,7,2,2023-02-12,334.65,completado
14607,4608,8,3,2023-02-19,454.85,cancelado
14608,4609,9,4,2023-02-26,328.59,cancelado
14609,4610,10,5,2023-03-05,450.28,devuelto
14610,4611,11,1,2023-03-12,264.9,completado
14611,4612,12,2,2023-03-19,332.06,completado
14612,4613,13,3,2023-03-26,284.97,completado
14613,4614,14,4,2023-04-02,18.57,completado
14614,4615,15,5,2023-04-09,411.2,completado
14615,4616,16,1,2023-04-16,149.5,completado
14616,4617,17,2,2023-04-23,11.51,completado
14617,4618,18,3,2023-04-30,178.89,cancelado
14618,4619,19,4,2023-05-07,209.66,cancelado
14619,4620,20,5,2023-05-14,335.16,devuelto
14620,4621,21,1,2023-05-21,490.98,completado
14621,4622,22,2,2023-05-28,452.1,completado
14622,4623,23,3,2023-06-04,287.47,completado
14623,4624,24,4,2023-06-11,222.73,completado
14624,4625,25,5,2023-06-18,24.67,completado
14625,4626,26,1,2023-06-25,404.25,completado
14626,4627,27,2,2023-07-02,394.2,completado
14627,4628,28,3,2023-07-09,209.05,cancelado
14628,4629,29,4,2023-07-16,383.92,cancelado
14629,4630,30,5,2023-07-23,276.81,devuelto
14630,4631,31,1,2023-07-30,81.84,completado
14631,4632,32,2,2023-08-06,333.85,completado
14632,4633,33,3,2023-08-13,55.81,completado
14633,4634,34,4,2023-08-20,279.8,completado
14634,4635,35,5,2023-08-27,290.73,completado
14635,4636,36,1,2023-09-03,178.91,completado
14636,4637,37,2,2023-09-10,318.87,completado
14637,4638,38,3,2023-09-17,462.5,cancelado
14638,4639,39,4,2023-09-24,116.15,cancelado
14639,4640,40,5,2023-10-01,285.28,devuelto
14640,4641,41,1,2023-10-08,406.28,completado
14641,4642,42,2,2023-10-15,58.14,completado
14642,4643,43,3,2023-10-22,417.0,completado
14643,4644,44,4,2023-10-29,442.32,completado
14644,4645,45,5,2023-11-05,385.58,completado
14645,4646,46,1,2023-11-12,405.54,completado
14646,4647,47,2,2023-11-19,163.71,completado
14647,4648,48,3,2023-11-26,175.06,cancelado
14648,4649,49,4,2023-12-03,462.67,cancelado
14649,4650,50,5,2023-12-10,68.89,devuelto
14650,4651,51,1,2023-12-17,423.22,completado
14651,4652,52,2,2023-12-24,390.84,completado
14652,4653,53,3,2023-12-31,205.35,completado
14653,4654,54,4,2024-01-07,82.99,completado
14654,4655,55,5,2024-01-14,297.93,completado
14655,4656,56,1,2024-01-21,388.84,completado
14656,4657,57,2,2024-01-28,426.38,completado
14657,4658,58,3,2024-02-04,143.23,cancelado
14658,4659,59,4,2024-02-11,450.51,cancelado
14659,4660,60,5,2024-02-18,428.77,devuelto
14660,4661,61,1,2024-02-25,417.94,completado
14661,4662,62,2,2024-03-03,90.48,completado
14662,4663,63,3,2024-03-10,378.64,completado
14663,4664,64,4,2024-03-17,10.48,completado
14664,4665,65,5,2024-03-24,337.18,completado
14665,4666,66,1,2024-03-31,261.81,completado
14666,4667,67,2,2024-04-07,304.19,completado
14667,4668,68,3,2024-04-14,454.6,cancelado
14668,4669,69,4,2024-04-21,200.75,cancelado
14669,4670,70,5,2024-04-28,499.24,devuelto
14670,4671,71,1,2024-05-05,67.22,completado
14671,4672,72,2,2024-05-12,490.03,completado
14672,4673,73,3,2024-05-19,199.72,completado
14673,4674,74,4,2024-05-26,109.01,completado
14674,4675,75,5,2024-06-02,49.79,completado
14675,4676,76,1,2024-06-09,104.73,completado
14676,4677,77,2,2024-06-16,309.83,completado
14677,4678,78,3,2024-06-23,413.54,cancelado
14678,4679,79,4,2024-06-30,413.43,cancelado
14679,4680,80,5,2024-07-07,22.49,devuelto
14680,4681,81,1,2024-07-14,473.22,completado
14681,4682,82,2,2024-07-21,193.84,completado
14682,4683,83,3,2024-07-28,37.43,completado
14683,4684,84,4,2024-08-04,327.66,completado
14684,4685,85,5,2024-08-11,49.25,completado
14685,4686,86,1,2024-08-18,318.63,completado
14686,4687,87,2,2024-08-25,45.85,completado
14687,4688,88,3,2024-09-01,371.49,cancelado
14688,4689,89,4,2024-09-08,36.62,cancelado
14689,4690,90,5,2024-09-15,209.82,devuelto
14690,4691,91,1,2024-09-22,96.82,completado
14691,4692,92,2,2024-09-29,318.47,completado
14692,4693,93,3,2024-10-06,105.99,completado
14693,4694,94,4,2024-10-13,295.41,completado
14694,4695,95,5,2024-10-20,227.22,completado
14695,4696,96,1,2024-10-27,211.46,completado
14696,4697,97,2,2024-11-03,80.39,completado
14697,4698,98,3,2024-11-10,367.69,cancelado
14698,4699,99,4,2024-11-17,118.05,cancelado
14699,4700,100,5,2024-11-24,147.1,devuelto
14700,4701,101,1,2024-12-01,18.24,completado
14701,4702,102,2,2024-12-08,252.68,completado
14702,4703,103,3,2024-12-15,226.92,completado
14703,4704,104,4,2024-12-22,147.94,completado
14704,4705,105,5,2024-12-29,89.53,completado
14705,4706,106,1,2023-01-06,360.01,completado
14706,4707,107,2,2023-01-13,230.02,completado
14707,4708,108,3,2023-01-20,78.47,cancelado
14708,4709,109,4,2023-01-27,207.58,cancelado
14709,4710,110,5,2023-02-03,432.88,devuelto
14710,4711,111,1,2023-02-10,338.98,completado
14711,4712,112,2,2023-02-17,302.19,completado
14712,4713,113,3,2023-02-24,178.83,completado
14713,4714,114,4,2023-03-03,282.18,completado
14714,4715,115,5,2023-03-10,55.11,completado
14715,4716,116,1,2023-03-17,437.5,completado
14716,4717,117,2,2023-03-24,365.24,completado
14717,4718,118,3,2023-03-31,414.74,cancelado
14718,4719,119,4,2023-04-07,462.19,cancelado
14719,4720,120,5,2023-04-14,462.31,devuelto
14720,4721,121,1,2023-04-21,491.17,completado
14721,4722,122,2,2023-04-28,287.06,completado
14722,4723,123,3,2023-05-05,466.92,completado
14723,4724,124,4,2023-05-12,42.73,completado
14724,4725,125,5,2023-05-19,391.09,completado
14725,4726,126,1,2023-05-26,21.14,completado
14726,4727,127,2,2023-06-02,468.92,completado
14727,4728,128,3,2023-06-09,340.57,cancelado
14728,4729,129,4,2023-06-16,138.77,cancelado
14729,4730,130,5,2023-06-23,485.45,devuelto
14730,4731,131,1,2023-06-30,107.24,completado
14731,4732,132,2,2023-07-07,232.39,completado
14732,4733,133,3,2023-07-14,53.7,completado
14733,4734,134,4,2023-07-21,75.01,completado
14734,4735,135,5,2023-07-28,466.38,completado
14735,4736,136,1,2023-08-04,185.36,completado
14736,4737,137,2,2023-08-11,466.0,completado
14737,4738,138,3,2023-08-18,109.28,cancelado
14738,4739,139,4,2023-08-25,458.75,cancelado
14739,4740,140,5,2023-09-01,206.64,devuelto
14740,4741,141,1,2023-09-08,238.92,completado
14741,4742,142,2,2023-09-15,464.31,completado
14742,4743,143,3,2023-09-22,237.48,completado
14743,4744,144,4,2023-09-29,110.41,completado
14744,4745,145,5,2023-10-06,498.09,completado
14745,4746,146,1,2023-10-13,454.74,completado
14746,4747,147,2,2023-10-20,342.24,completado
14747,4748,148,3,2023-10-27,48.51,cancelado
14748,4749,149,4,2023-11-03,90.06,cancelado
14749,4750,150,5,2023-11-10,196.12,devuelto
14750,4751,151,1,2023-11-17,117.25,completado
14751,4752,152,2,2023-11-24,216.73,completado
14752,4753,153,3,2023-12-01,414.33,completado
14753,4754,154,4,2023-12-08,489.98,completado
14754,4755,155,5,2023-12-15,165.7,completado
14755,4756,156,1,2023-12-22,239.19,completado
14756,4757,157,2,2023-12-29,277.6,completado
14757,4758,158,3,2024-01-05,488.45,cancelado
14758,4759,159,4,2024-01-12,194.23,cancelado
14759,4760,160,5,2024-01-19,103.29,devuelto
14760,4761,161,1,2024-01-26,229.27,completado
14761,4762,162,2,2024-02-02,446.79,completado
14762,4763,163,3,2024-02-09,277.14,completado
14763,4764,164,4,2024-02-16,160.48,completado
14764,4765,165,5,2024-02-23,300.35,completado
14765,4766,166,1,2024-03-01,365.73,completado
14766,4767,167,2,2024-03-08,92.66,completado
14767,4768,168,3,2024-03-15,293.62,cancelado
14768,4769,169,4,2024-03-22,33.41,cancelado
14769,4770,170,5,2024-03-29,433.42,devuelto
14770,4771,171,1,2024-04-05,154.07,completado
14771,4772,172,2,2024-04-12,31.07,completado
14772,4773,173,3,2024-04-19,410.56,completado
14773,4774,174,4,2024-04-26,221.27,completado
14774,4775,175,5,2024-05-03,149.53,completado
14775,4776,176,1,2024-05-10,35.92,completado
14776,4777,177,2,2024-05-17,231.35,completado
14777,4778,178,3,2024-05-24,344.2,cancelado
14778,4779,179,4,2024-05-31,417.68,cancelado
14779,4780,180,5,2024-06-07,205.2,devuelto
14780,4781,181,1,2024-06-14,271.75,completado
14781,4782,182,2,2024-06-21,464.57,completado
14782,4783,183,3,2024-06-28,453.47,completado
14783,4784,184,4,2024-07-05,373.05,completado
14784,4785,185,5,2024-07-12,254.83,completado
14785,4786,186,1,2024-07-19,261.56,completado
14786,4787,187,2,2024-07-26,458.43,completado
14787,4788,188,3,2024-08-02,46.84,cancelado
14788,4789,189,4,2024-08-09,418.64,cancelado
14789,4790,190,5,2024-08-16,323.14,devuelto
14790,4791,191,1,2024-08-23,440.31,completado
14791,4792,192,2,2024-08-30,448.19,completado
14792,4793,193,3,2024-09-06,298.61,completado
14793,4794,194,4,2024-09-13,415.39,completado
14794,4795,195,5,2024-09-20,60.15,completado
14795,4796,196,1,2024-09-27,104.76,completado
14796,4797,197,2,2024-10-04,264.52,completado
14797,4798,198,3,2024-10-11,487.1,cancelado
14798,4799,199,4,2024-10-18,94.09,cancelado
14799,4800,200,5,2024-10-25,277.6,devuelto
14800,4801,1,1,2024-11-01,369.93,completado
14801,4802,2,2,2024-11-08,250.74,completado
14802,4803,3,3,2024-11-15,368.3,completado
14803,4804,4,4,2024-11-22,307.18,completado
14804,4805,5,5,2024-11-29,124.59,completado
14805,4806,6,1,2024-12-06,218.75,completado
14806,4807,7,2,2024-12-13,414.9,completado
14807,4808,8,3,2024-12-20,438.62,cancelado
14808,4809,9,4,2024-12-27,274.29,cancelado
14809,4810,10,5,2023-01-04,439.56,devuelto
14810,4811,11,1,2023-01-11,425.56,completado
14811,4812,12,2,2023-01-18,96.84,completado
14812,4813,13,3,2023-01-25,343.95,completado
14813,4814,14,4,2023-02-01,166.04,completado
14814,4815,15,5,2023-02-08,24.29,completado
14815,4816,16,1,2023-02-15,122.17,completado
14816,4817,17,2,2023-02-22,377.63,completado
14817,4818,18,3,2023-03-01,480.29,cancelado
14818,4819,19,4,2023-03-08,21.23,cancelado
14819,4820,20,5,2023-03-15,394.95,devuelto
14820,4821,21,1,2023-03-22,298.42,completado
14821,4822,22,2,2023-03-29,362.4,completado
14822,4823,23,3,2023-04-05,220.06,completado
14823,4824,24,4,2023-04-12,343.57,completado
14824,4825,25,5,2023-04-19,497.29,completado
14825,4826,26,1,2023-04-26,232.25,completado
14826,4827,27,2,2023-05-03,353.05,completado
14827,4828,28,3,2023-05-10,207.3,cancelado
14828,4829,29,4,2023-05-17,469.72,cancelado
14829,4830,30,5,2023-05-24,125.62,devuelto
14830,4831,31,1,2023-05-31,208.49,completado
14831,4832,32,2,2023-06-07,392.14,completado
14832,4833,33,3,2023-06-14,81.81,completado
14833,4834,34,4,2023-06-21,398.28,completado
14834,4835,35,5,2023-06-28,188.89,completado
14835,4836,36,1,2023-07-05,11.1,completado
14836,4837,37,2,2023-07-12,274.9,completado
14837,4838,38,3,2023-07-19,51.33,cancelado
14838,4839,39,4,2023-07-26,421.93,cancelado
14839,4840,40,5,2023-08-02,98.42,devuelto
14840,4841,41,1,2023-08-09,318.3,completado
14841,4842,42,2,2023-08-16,170.67,completado
14842,4843,43,3,2023-08-23,88.02,completado
14843,4844,44,4,2023-08-30,496.15,completado
14844,4845,45,5,2023-09-06,342.59,completado
14845,4846,46,1,2023-09-13,333.18,completado
14846,4847,47,2,2023-09-20,17.27,completado
14847,4848,48,3,2023-09-27,174.17,cancelado
14848,4849,49,4,2023-10-04,494.55,cancelado
14849,4850,50,5,2023-10-11,469.16,devuelto
14850,4851,51,1,2023-10-18,346.51,completado
14851,4852,52,2,2023-10-25,208.42,completado
14852,4853,53,3,2023-11-01,83.67,completado
14853,4854,54,4,2023-11-08,45.7,completado
14854,4855,55,5,2023-11-15,329.14,completado
14855,4856,56,1,2023-11-22,469.16,completado
14856,4857,57,2,2023-11-29,45.65,completado
14857,4858,58,3,2023-12-06,289.6,cancelado
14858,4859,59,4,2023-12-13,170.42,cancelado
14859,4860,60,5,2023-12-20,204.99,devuelto
14860,4861,61,1,2023-12-27,233.8,completado
14861,4862,62,2,2024-01-03,301.14,completado
14862,4863,63,3,2024-01-10,29.32,completado
14863,4864,64,4,2024-01-17,299.41,completado
14864,4865,65,5,2024-01-24,388.56,completado
14865,4866,66,1,2024-01-31,141.57,completado
14866,4867,67,2,2024-02-07,220.68,completado
14867,4868,68,3,2024-02-14,308.39,cancelado
14868,4869,69,4,2024-02-21,151.51,cancelado
14869,4870,70,5,2024-02-28,277.9,devuelto
14870,4871,71,1,2024-03-06,17.92,completado
14871,4872,72,2,2024-03-13,87.59,completado
14872,4873,73,3,2024-03-20,447.17,completado
14873,4874,74,4,2024-03-27,28.52,completado
14874,4875,75,5,2024-04-03,172.13,completado
14875,4876,76,1,2024-04-10,26.62,completado
14876,4877,77,2,2024-04-17,306.53,completado
14877,4878,78,3,2024-04-24,367.52,cancelado
14878,4879,79,4,2024-05-01,334.53,cancelado
14879,4880,80,5,2024-05-08,275.72,devuelto
14880,4881,81,1,2024-05-15,487.75,completado
14881,4882,82,2,2024-05-22,303.13,completado
14882,4883,83,3,2024-05-29,348.79,completado
14883,4884,84,4,2024-06-05,258.61,completado
14884,4885,85,5,2024-06-12,153.02,completado
14885,4886,86,1,2024-06-19,73.69,completado
14886,4887,87,2,2024-06-26,442.42,completado
14887,4888,88,3,2024-07-03,175.48,cancelado
14888,4889,89,4,2024-07-10,370.36,cancelado
14889,4890,90,5,2024-07-17,260.98,devuelto
14890,4891,91,1,2024-07-24,318.46,completado
14891,4892,92,2,2024-07-31,327.16,completado
14892,4893,93,3,2024-08-07,148.95,completado
14893,4894,94,4,2024-08-14,231.41,completado
14894,4895,95,5,2024-08-21,277.39,completado
14895,4896,96,1,2024-08-28,234.36,completado
14896,4897,97,2,2024-09-04,407.03,completado
14897,4898,98,3,2024-09-11,457.33,cancelado
14898,4899,99,4,2024-09-18,350.69,cancelado
14899,4900,100,5,2024-09-25,226.29,devuelto
14900,4901,101,1,2024-10-02,184.9,completado
14901,4902,102,2,2024-10-09,97.73,completado
14902,4903,103,3,2024-10-16,448.65,completado
14903,4904,104,4,2024-10-23,206.81,completado
14904,4905,105,5,2024-10-30,201.34,completado
14905,4906,106,1,2024-11-06,106.03,completado
14906,4907,107,2,2024-11-13,386.86,completado
14907,4908,108,3,2024-11-20,331.8,cancelado
14908,4909,109,4,2024-11-27,22.85,cancelado
14909,4910,110,5,2024-12-04,311.64,devuelto
14910,4911,111,1,2024-12-11,144.7,completado
14911,4912,112,2,2024-12-18,392.32,completado
14912,4913,113,3,2024-12-25,482.13,completado
14913,4914,114,4,2023-01-02,41.11,completado
14914,4915,115,5,2023-01-09,317.63,completado
14915,4916,116,1,2023-01-16,486.95,completado
14916,4917,117,2,2023-01-23,252.5,completado
14917,4918,118,3,2023-01-30,270.78,cancelado
14918,4919,119,4,2023-02-06,198.39,cancelado
14919,4920,120,5,2023-02-13,83.46,devuelto
14920,4921,121,1,2023-02-20,315.58,completado
14921,4922,122,2,2023-02-27,458.51,completado
14922,4923,123,3,2023-03-06,257.84,completado
14923,4924,124,4,2023-03-13,362.08,completado
14924,4925,125,5,2023-03-20,85.42,completado
14925,4926,126,1,2023-03-27,418.7,completado
14926,4927,127,2,2023-04-03,166.86,completado
14927,4928,128,3,2023-04-10,292.63,cancelado
14928,4929,129,4,2023-04-17,252.01,cancelado
14929,4930,130,5,2023-04-24,377.38,devuelto
14930,4931,131,1,2023-05-01,397.36,completado
14931,4932,132,2,2023-05-08,270.75,completado
14932,4933,133,3,2023-05-15,343.97,completado
14933,4934,134,4,2023-05-22,10.32,completado
14934,4935,135,5,2023-05-29,325.34,completado
14935,4936,136,1,2023-06-05,344.35,completado
14936,4937,137,2,2023-06-12,398.28,completado
14937,4938,138,3,2023-06-19,190.65,cancelado
14938,4939,139,4,2023-06-26,350.8,cancelado
14939,4940,140,5,2023-07-03,442.68,devuelto
14940,4941,141,1,2023-07-10,335.15,completado
14941,4942,142,2,2023-07-17,435.22,completado
14942,4943,143,3,2023-07-24,380.23,completado
14943,4944,144,4,2023-07-31,201.18,completado
14944,4945,145,5,2023-08-07,366.57,completado
14945,4946,146,1,2023-08-14,172.62,completado
14946,4947,147,2,2023-08-21,233.75,completado
14947,4948,148,3,2023-08-28,28.77,cancelado
14948,4949,149,4,2023-09-04,339.78,cancelado
14949,4950,150,5,2023-09-11,92.28,devuelto
14950,4951,151,1,2023-09-18,450.89,completado
14951,4952,152,2,2023-09-25,96.19,completado
14952,4953,153,3,2023-10-02,375.77,completado
14953,4954,154,4,2023-10-09,427.72,completado
14954,4955,155,5,2023-10-16,141.48,completado
14955,4956,156,1,2023-10-23,99.45,completado
14956,4957,157,2,2023-10-30,266.56,completado
14957,4958,158,3,2023-11-06,235.74,cancelado
14958,4959,159,4,2023-11-13,203.09,cancelado
14959,4960,160,5,2023-11-20,78.77,devuelto
14960,4961,161,1,2023-11-27,414.97,completado
14961,4962,162,2,2023-12-04,309.58,completado
14962,4963,163,3,2023-12-11,100.99,completado
14963,4964,164,4,2023-12-18,130.85,completado
14964,4965,165,5,2023-12-25,476.3,completado
14965,4966,166,1,2024-01-01,344.93,completado
14966,4967,167,2,2024-01-08,372.29,completado
14967,4968,168,3,2024-01-15,424.9,cancelado
14968,4969,169,4,2024-01-22,396.87,cancelado
14969,4970,170,5,2024-01-29,416.85,devuelto
14970,4971,171,1,2024-02-05,118.88,completado
14971,4972,172,2,2024-02-12,470.9,completado
14972,4973,173,3,2024-02-19,277.63,completado
14973,4974,174,4,2024-02-26,451.74,completado
14974,4975,175,5,2024-03-04,290.57,completado
14975,4976,176,1,2024-03-11,60.52,completado
14976,4977,177,2,2024-03-18,208.4,completado
14977,4978,178,3,2024-03-25,137.76,cancelado
14978,4979,179,4,2024-04-01,345.39,cancelado
14979,4980,180,5,2024-04-08,458.84,devuelto
14980,4981,181,1,2024-04-15,101.43,completado
14981,4982,182,2,2024-04-22,383.13,completado
14982,4983,183,3,2024-04-29,363.99,completado
14983,4984,184,4,2024-05-06,466.76,completado
14984,4985,185,5,2024-05-13,97.17,completado
14985,4986,186,1,2024-05-20,473.06,completado
14986,4987,187,2,2024-05-27,200.65,completado
14987,4988,188,3,2024-06-03,484.63,cancelado
14988,4989,189,4,2024-06-10,94.21,cancelado
14989,4990,190,5,2024-06-17,473.57,devuelto
14990,4991,191,1,2024-06-24,118.61,completado
14991,4992,192,2,2024-07-01,350.35,completado
14992,4993,193,3,2024-07-08,178.23,completado
14993,4994,194,4,2024-07-15,307.89,completado
14994,4995,195,5,2024-07-22,346.35,completado
14995,4996,196,1,2024-07-29,60.09,completado
14996,4997,197,2,2024-08-05,431.62,completado
14997,4998,198,3,2024-08-12,470.39,cancelado
14998,4999,199,4,2024-08-19,62.04,cancelado
14999,5000,200,5,2024-08-26,358.2,devuelto
15000,1,1,1,2024-09-02,190.92,completado
15001,2,2,2,2024-09-09,22.57,completado
15002,3,3,3,2024-09-16,326.45,completado
15003,4,4,4,2024-09-23,264.28,completado
15004,5,5,5,2024-09-30,478.57,completado
15005,6,6,1,2024-10-07,475.29,completado
15006,7,7,2,2024-10-14,283.76,completado
15007,8,8,3,2024-10-21,17.66,cancelado
15008,9,9,4,2024-10-28,167.02,cancelado
15009,10,10,5,2024-11-04,249.01,devuelto
15010,11,11,1,2024-11-11,343.25,completado
15011,12,12,2,2024-11-18,414.18,completado
15012,13,13,3,2024-11-25,119.86,completado
15013,14,14,4,2024-12-02,105.14,completado
15014,15,15,5,2024-12-09,317.78,completado
15015,16,16,1,2024-12-16,68.79,completado
15016,17,17,2,2024-12-23,340.96,completado
15017,18,18,3,2024-12-30,261.03,cancelado
15018,19,19,4,2023-01-07,292.71,cancelado
15019,20,20,5,2023-01-14,463.9,devuelto
15020,21,21,1,2023-01-21,65.47,completado
15021,22,22,2,2023-01-28,245.8,completado
15022,23,23,3,2023-02-04,247.28,completado
15023,24,24,4,2023-02-11,32.98,completado
15024,25,25,5,2023-02-18,265.56,completado
15025,26,26,1,2023-02-25,355.3,completado
15026,27,27,2,2023-03-04,295.17,completado
15027,28,28,3,2023-03-11,141.88,cancelado
15028,29,29,4,2023-03-18,28.47,cancelado
15029,30,30,5,2023-03-25,420.9,devuelto
15030,31,31,1,2023-04-01,112.99,completado
15031,32,32,2,2023-04-08,160.71,completado
15032,33,33,3,2023-04-15,169.37,completado
15033,34,34,4,2023-04-22,232.3,completado
15034,35,35,5,2023-04-29,170.12,completado
15035,36,36,1,2023-05-06,170.61,completado
15036,37,37,2,2023-05-13,62.54,completado
15037,38,38,3,2023-05-20,367.18,cancelado
15038,39,39,4,2023-05-27,189.39,cancelado
15039,40,40,5,2023-06-03,444.19,devuelto
15040,41,41,1,2023-06-10,410.59,completado
15041,42,42,2,2023-06-17,243.17,completado
15042,43,43,3,2023-06-24,424.48,completado
15043,44,44,4,2023-07-01,267.02,completado
15044,45,45,5,2023-07-08,126.69,completado
15045,46,46,1,2023-07-15,218.86,completado
15046,47,47,2,2023-07-22,427.26,completado
15047,48,48,3,2023-07-29,32.44,cancelado
15048,49,49,4,2023-08-05,480.3,cancelado
15049,50,50,5,2023-08-12,140.22,devuelto
15050,51,51,1,2023-08-19,424.84,completado
15051,52,52,2,2023-08-26,351.59,completado
15052,53,53,3,2023-09-02,325.22,completado
15053,54,54,4,2023-09-09,63.46,completado
15054,55,55,5,2023-09-16,475.69,completado
15055,56,56,1,2023-09-23,398.3,completado
15056,57,57,2,2023-09-30,27.24,completado
15057,58,58,3,2023-10-07,183.39,cancelado
15058,59,59,4,2023-10-14,233.75,cancelado
15059,60,60,5,2023-10-21,311.7,devuelto
15060,61,61,1,2023-10-28,474.51,completado
15061,62,62,2,2023-11-04,69.79,completado
15062,63,63,3,2023-11-11,299.95,completado
15063,64,64,4,2023-11-18,241.71,completado
15064,65,65,5,2023-11-25,39.47,completado
15065,66,66,1,2023-12-02,368.93,completado
15066,67,67,2,2023-12-09,74.5,completado
15067,68,68,3,2023-12-16,244.23,cancelado
15068,69,69,4,2023-12-23,143.12,cancelado
15069,70,70,5,2023-12-30,73.59,devuelto
15070,71,71,1,2024-01-06,423.9,completado
15071,72,72,2,2024-01-13,268.12,completado
15072,73,73,3,2024-01-20,429.66,completado
15073,74,74,4,2024-01-27,180.67,completado
15074,75,75,5,2024-02-03,89.77,completado
15075,76,76,1,2024-02-10,77.06,completado
15076,77,77,2,2024-02-17,172.14,completado
15077,78,78,3,2024-02-24,406.46,cancelado
15078,79,79,4,2024-03-02,406.6,cancelado
15079,80,80,5,2024-03-09,219.79,devuelto
15080,81,81,1,2024-03-16,38.6,completado
15081,82,82,2,2024-03-23,168.98,completado
15082,83,83,3,2024-03-30,388.73,completado
15083,84,84,4,2024-04-06,258.16,completado
15084,85,85,5,2024-04-13,398.22,completado
15085,86,86,1,2024-04-20,230.39,completado
15086,87,87,2,2024-04-27,226.68,completado
15087,88,88,3,2024-05-04,156.34,cancelado
15088,89,89,4,2024-05-11,92.12,cancelado
15089,90,90,5,2024-05-18,251.43,devuelto
15090,91,91,1,2024-05-25,175.57,completado
15091,92,92,2,2024-06-01,175.27,completado
15092,93,93,3,2024-06-08,372.99,completado
15093,94,94,4,2024-06-15,337.96,completado
15094,95,95,5,2024-06-22,275.26,completado
15095,96,96,1,2024-06-29,176.37,completado
15096,97,97,2,2024-07-06,298.28,completado
15097,98,98,3,2024-07-13,482.62,cancelado
15098,99,99,4,2024-07-20,400.34,cancelado
15099,100,100,5,2024-07-27,165.49,devuelto
15100,101,101,1,2024-08-03,359.21,completado
15101,102,102,2,2024-08-10,310.69,completado
15102,103,103,3,2024-08-17,97.11,completado
15103,104,104,4,2024-08-24,73.16,completado
15104,105,105,5,2024-08-31,479.42,completado
15105,106,106,1,2024-09-07,456.14,completado
15106,107,107,2,2024-09-14,484.14,completado
15107,108,108,3,2024-09-21,408.08,cancelado
15108,109,109,4,2024-09-28,219.77,cancelado
15109,110,110,5,2024-10-05,172.82,devuelto
15110,111,111,1,2024-10-12,76.7,completado
15111,112,112,2,2024-10-19,427.0,completado
15112,113,113,3,2024-10-26,442.42,completado
15113,114,114,4,2024-11-02,31.01,completado
15114,115,115,5,2024-11-09,402.79,completado
15115,116,116,1,2024-11-16,192.53,completado
15116,117,117,2,2024-11-23,122.49,completado
15117,118,118,3,2024-11-30,327.2,cancelado
15118,119,119,4,2024-12-07,123.72,cancelado
15119,120,120,5,2024-12-14,479.65,devuelto
15120,121,121,1,2024-12-21,74.25,completado
15121,122,122,2,2024-12-28,439.91,completado
15122,123,123,3,2023-01-05,442.71,completado
15123,124,124,4,2023-01-12,415.27,completado
15124,125,125,5,2023-01-19,401.66,completado
15125,126,126,1,2023-01-26,435.56,completado
15126,127,127,2,2023-02-02,43.93,completado
15127,128,128,3,2023-02-09,12.73,cancelado
15128,129,129,4,2023-02-16,176.57,cancelado
15129,130,130,5,2023-02-23,26.56,devuelto
15130,131,131,1,2023-03-02,110.0,completado
15131,132,132,2,2023-03-09,320.17,completado
15132,133,133,3,2023-03-16,282.22,completado
15133,134,134,4,2023-03-23,99.25,completado
15134,135,135,5,2023-03-30,59.18,completado
15135,136,136,1,2023-04-06,158.6,completado
15136,137,137,2,2023-04-13,427.05,completado
15137,138,138,3,2023-04-20,267.15,cancelado
15138,139,139,4,2023-04-27,197.7,cancelado
15139,140,140,5,2023-05-04,297.35,devuelto
15140,141,141,1,2023-05-11,497.6,completado
15141,142,142,2,2023-05-18,250.41,completado
15142,143,143,3,2023-05-25,254.8,completado
15143,144,144,4,2023-06-01,426.67,completado
15144,145,145,5,2023-06-08,495.33,completado
15145,146,146,1,2023-06-15,118.82,completado
15146,147,147,2,2023-06-22,230.01,completado
15147,148,148,3,2023-06-29,322.29,cancelado
15148,149,149,4,2023-07-06,226.12,cancelado
15149,150,150,5,2023-07-13,475.23,devuelto
15150,151,151,1,2023-07-20,325.14,completado
15151,152,152,2,2023-07-27,83.36,completado
15152,153,153,3,2023-08-03,13.12,completado
15153,154,154,4,2023-08-10,189.48,completado
15154,155,155,5,2023-08-17,262.5,completado
15155,156,156,1,2023-08-24,371.99,completado
15156,157,157,2,2023-08-31,92.18,completado
15157,158,158,3,2023-09-07,190.73,cancelado
15158,159,159,4,2023-09-14,112.48,cancelado
15159,160,160,5,2023-09-21,479.76,devuelto
15160,161,161,1,2023-09-28,267.66,completado
15161,162,162,2,2023-10-05,404.64,completado
15162,163,163,3,2023-10-12,94.71,completado
15163,164,164,4,2023-10-19,276.25,completado
15164,165,165,5,2023-10-26,410.01,completado
15165,166,166,1,2023-11-02,371.15,completado
15166,167,167,2,2023-11-09,103.31,completado
15167,168,168,3,2023-11-16,40.83,cancelado
15168,169,169,4,2023-11-23,108.09,cancelado
15169,170,170,5,2023-11-30,80.17,devuelto
15170,171,171,1,2023-12-07,422.17,completado
15171,172,172,2,2023-12-14,13.47,completado
15172,173,173,3,2023-12-21,159.39,completado
15173,174,174,4,2023-12-28,55.38,completado
15174,175,175,5,2024-01-04,194.81,completado
15175,176,176,1,2024-01-11,13.98,completado
15176,177,177,2,2024-01-18,54.03,completado
15177,178,178,3,2024-01-25,129.93,cancelado
15178,179,179,4,2024-02-01,138.57,cancelado
15179,180,180,5,2024-02-08,88.47,devuelto
15180,181,181,1,2024-02-15,361.6,completado
15181,182,182,2,2024-02-22,236.96,completado
15182,183,183,3,2024-02-29,21.87,completado
15183,184,184,4,2024-03-07,90.88,completado
15184,185,185,5,2024-03-14,241.11,completado
15185,186,186,1,2024-03-21,264.15,completado
15186,187,187,2,2024-03-28,52.68,completado
15187,188,188,3,2024-04-04,233.45,cancelado
15188,189,189,4,2024-04-11,395.59,cancelado
15189,190,190,5,2024-04-18,450.93,devuelto
15190,191,191,1,2024-04-25,245.24,completado
15191,192,192,2,2024-05-02,167.22,completado
15192,193,193,3,2024-05-09,375.95,completado
15193,194,194,4,2024-05-16,187.96,completado
15194,195,195,5,2024-05-23,317.59,completado
15195,196,196,1,2024-05-30,247.08,completado
15196,197,197,2,2024-06-06,195.67,completado
15197,198,198,3,2024-06-13,432.74,cancelado
15198,199,199,4,2024-06-20,471.65,cancelado
15199,200,200,5,2024-06-27,169.46,devuelto
15200,201,1,1,2024-07-04,313.12,completado
15201,202,2,2,2024-07-11,260.35,completado
15202,203,3,3,2024-07-18,390.0,completado
15203,204,4,4,2024-07-25,338.19,completado
15204,205,5,5,2024-08-01,232.25,completado
15205,206,6,1,2024-08-08,450.83,completado
15206,207,7,2,2024-08-15,281.36,completado
15207,208,8,3,2024-08-22,367.48,cancelado
15208,209,9,4,2024-08-29,202.32,cancelado
15209,210,10,5,2024-09-05,279.19,devuelto
15210,211,11,1,2024-09-12,99.01,completado
15211,212,12,2,2024-09-19,225.37,completado
15212,213,13,3,2024-09-26,69.26,completado
15213,214,14,4,2024-10-03,239.7,completado
15214,215,15,5,2024-10-10,41.03,completado
15215,216,16,1,2024-10-17,346.87,completado
15216,217,17,2,2024-10-24,107.18,completado
15217,218,18,3,2024-10-31,395.73,cancelado
15218,219,19,4,2024-11-07,366.87,cancelado
15219,220,20,5,2024-11-14,463.64,devuelto
15220,221,21,1,2024-11-21,331.14,completado
15221,222,22,2,2024-11-28,483.64,completado
15222,223,23,3,2024-12-05,478.78,completado
15223,224,24,4,2024-12-12,463.78,completado
15224,225,25,5,2024-12-19,169.65,completado
15225,226,26,1,2024-12-26,94.55,completado
15226,227,27,2,2023-01-03,292.56,completado
15227,228,28,3,2023-01-10,287.77,cancelado
15228,229,29,4,2023-01-17,311.26,cancelado
15229,230,30,5,2023-01-24,373.09,devuelto
15230,231,31,1,2023-01-31,441.96,completado
15231,232,32,2,2023-02-07,478.12,completado
15232,233,33,3,2023-02-14,369.07,completado
15233,234,34,4,2023-02-21,401.71,completado
15234,235,35,5,2023-02-28,332.05,completado
15235,236,36,1,2023-03-07,296.74,completado
15236,237,37,2,2023-03-14,323.78,completado
15237,238,38,3,2023-03-21,125.77,cancelado
15238,239,39,4,2023-03-28,279.82,cancelado
15239,240,40,5,2023-04-04,125.86,devuelto
15240,241,41,1,2023-04-11,91.62,completado
15241,242,42,2,2023-04-18,330.13,completado
15242,243,43,3,2023-04-25,354.21,completado
15243,244,44,4,2023-05-02,129.82,completado
15244,245,45,5,2023-05-09,293.03,completado
15245,246,46,1,2023-05-16,448.32,completado
15246,247,47,2,2023-05-23,109.56,completado
15247,248,48,3,2023-05-30,282.41,cancelado
15248,249,49,4,2023-06-06,160.95,cancelado
15249,250,50,5,2023-06-13,214.76,devuelto
15250,251,51,1,2023-06-20,249.66,completado
15251,252,52,2,2023-06-27,325.86,completado
15252,253,53,3,2023-07-04,371.19,completado
15253,254,54,4,2023-07-11,442.43,completado
15254,255,55,5,2023-07-18,117.24,completado
15255,256,56,1,2023-07-25,406.04,completado
15256,257,57,2,2023-08-01,152.02,completado
15257,258,58,3,2023-08-08,471.53,cancelado
15258,259,59,4,2023-08-15,289.81,cancelado
15259,260,60,5,2023-08-22,137.91,devuelto
15260,261,61,1,2023-08-29,134.41,completado
15261,262,62,2,2023-09-05,407.27,completado
15262,263,63,3,2023-09-12,389.72,completado
15263,264,64,4,2023-09-19,309.49,completado
15264,265,65,5,2023-09-26,365.26,completado
15265,266,66,1,2023-10-03,98.43,completado
15266,267,67,2,2023-10-10,228.95,completado
15267,268,68,3,2023-10-17,414.19,cancelado
15268,269,69,4,2023-10-24,431.7,cancelado
15269,270,70,5,2023-10-31,225.01,devuelto
15270,271,71,1,2023-11-07,101.53,completado
15271,272,72,2,2023-11-14,95.42,completado
15272,273,73,3,2023-11-21,44.24,completado
15273,274,74,4,2023-11-28,37.16,completado
15274,275,75,5,2023-12-05,130.78,completado
15275,276,76,1,2023-12-12,451.53,completado
15276,277,77,2,2023-12-19,239.57,completado
15277,278,78,3,2023-12-26,268.23,cancelado
15278,279,79,4,2024-01-02,253.87,cancelado
15279,280,80,5,2024-01-09,65.13,devuelto
15280,281,81,1,2024-01-16,250.26,completado
15281,282,82,2,2024-01-23,448.74,completado
15282,283,83,3,2024-01-30,170.17,completado
15283,284,84,4,2024-02-06,293.99,completado
15284,285,85,5,2024-02-13,283.57,completado
15285,286,86,1,2024-02-20,458.34,completado
15286,287,87,2,2024-02-27,129.08,completado
15287,288,88,3,2024-03-05,83.13,cancelado
15288,289,89,4,2024-03-12,408.04,cancelado
15289,290,90,5,2024-03-19,378.85,devuelto
15290,291,91,1,2024-03-26,58.29,completado
15291,292,92,2,2024-04-02,398.68,completado
15292,293,93,3,2024-04-09,204.59,completado
15293,294,94,4,2024-04-16,397.39,completado
15294,295,95,5,2024-04-23,432.86,completado
15295,296,96,1,2024-04-30,278.51,completado
15296,297,97,2,2024-05-07,94.9,completado
15297,298,98,3,2024-05-14,442.85,cancelado
15298,299,99,4,2024-05-21,140.0,cancelado
15299,300,100,5,2024-05-28,281.56,devuelto
15300,301,101,1,2024-06-04,307.22,completado
15301,302,102,2,2024-06-11,470.47,completado
15302,303,103,3,2024-06-18,443.56,completado
15303,304,104,4,2024-06-25,264.13,completado
15304,305,105,5,2024-07-02,257.9,completado
15305,306,106,1,2024-07-09,288.77,completado
15306,307,107,2,2024-07-16,181.16,completado
15307,308,108,3,2024-07-23,113.19,cancelado
15308,309,109,4,2024-07-30,372.59,cancelado
15309,310,110,5,2024-08-06,355.43,devuelto
15310,311,111,1,2024-08-13,192.37,completado
15311,312,112,2,2024-08-20,262.02,completado
15312,313,113,3,2024-08-27,100.48,completado
15313,314,114,4,2024-09-03,322.34,completado
15314,315,115,5,2024-09-10,203.23,completado
15315,316,116,1,2024-09-17,39.83,completado
15316,317,117,2,2024-09-24,420.55,completado
15317,318,118,3,2024-10-01,377.8,cancelado
15318,319,119,4,2024-10-08,498.8,cancelado
15319,320,120,5,2024-10-15,386.6,devuelto
15320,321,121,1,2024-10-22,108.98,completado
15321,322,122,2,2024-10-29,146.28,completado
15322,323,123,3,2024-11-05,158.03,completado
15323,324,124,4,2024-11-12,462.05,completado
15324,325,125,5,2024-11-19,326.25,completado
15325,326,126,1,2024-11-26,409.19,completado
15326,327,127,2,2024-12-03,429.04,completado
15327,328,128,3,2024-12-10,291.19,cancelado
15328,329,129,4,2024-12-17,63.65,cancelado
15329,330,130,5,2024-12-24,42.54,devuelto
15330,331,131,1,2023-01-01,419.24,completado
15331,332,132,2,2023-01-08,89.87,completado
15332,333,133,3,2023-01-15,112.93,completado
15333,334,134,4,2023-01-22,366.7,completado
15334,335,135,5,2023-01-29,450.28,completado
15335,336,136,1,2023-02-05,435.12,completado
15336,337,137,2,2023-02-12,21.19,completado
15337,338,138,3,2023-02-19,83.12,cancelado
15338,339,139,4,2023-02-26,292.82,cancelado
15339,340,140,5,2023-03-05,391.82,devuelto
15340,341,141,1,2023-03-12,367.59,completado
15341,342,142,2,2023-03-19,297.57,completado
15342,343,143,3,2023-03-26,180.64,completado
15343,344,144,4,2023-04-02,21.77,completado
15344,345,145,5,2023-04-09,158.37,completado
15345,346,146,1,2023-04-16,244.2,completado
15346,347,147,2,2023-04-23,330.34,completado
15347,348,148,3,2023-04-30,370.11,cancelado
15348,349,149,4,2023-05-07,104.5,cancelado
15349,350,150,5,2023-05-14,309.92,devuelto
15350,351,151,1,2023-05-21,106.2,completado
15351,352,152,2,2023-05-28,12.41,completado
15352,353,153,3,2023-06-04,213.64,completado
15353,354,154,4,2023-06-11,240.35,completado
15354,355,155,5,2023-06-18,113.1,completado
15355,356,156,1,2023-06-25,300.81,completado
15356,357,157,2,2023-07-02,55.54,completado
15357,358,158,3,2023-07-09,484.03,cancelado
15358,359,159,4,2023-07-16,81.14,cancelado
15359,360,160,5,2023-07-23,33.72,devuelto
15360,361,161,1,2023-07-30,83.96,completado
15361,362,162,2,2023-08-06,84.38,completado
15362,363,163,3,2023-08-13,111.55,completado
15363,364,164,4,2023-08-20,67.86,completado
15364,365,165,5,2023-08-27,346.53,completado
15365,366,166,1,2023-09-03,353.2,completado
15366,367,167,2,2023-09-10,235.57,completado
15367,368,168,3,2023-09-17,238.61,cancelado
15368,369,169,4,2023-09-24,333.49,cancelado
15369,370,170,5,2023-10-01,36.22,devuelto
15370,371,171,1,2023-10-08,306.86,completado
15371,372,172,2,2023-10-15,375.55,completado
15372,373,173,3,2023-10-22,53.73,completado
15373,374,174,4,2023-10-29,65.23,completado
15374,375,175,5,2023-11-05,207.32,completado
15375,376,176,1,2023-11-12,73.46,completado
15376,377,177,2,2023-11-19,98.55,completado
15377,378,178,3,2023-11-26,69.27,cancelado
15378,379,179,4,2023-12-03,363.62,cancelado
15379,380,180,5,2023-12-10,228.78,devuelto
15380,381,181,1,2023-12-17,364.27,completado
15381,382,182,2,2023-12-24,334.24,completado
15382,383,183,3,2023-12-31,463.51,completado
15383,384,184,4,2024-01-07,382.38,completado
15384,385,185,5,2024-01-14,466.88,completado
15385,386,186,1,2024-01-21,107.0,completado
15386,387,187,2,2024-01-28,315.26,completado
15387,388,188,3,2024-02-04,367.54,cancelado
15388,389,189,4,2024-02-11,28.14,cancelado
15389,390,190,5,2024-02-18,290.22,devuelto
15390,391,191,1,2024-02-25,221.41,completado
15391,392,192,2,2024-03-03,175.28,completado
15392,393,193,3,2024-03-10,272.71,completado
15393,394,194,4,2024-03-17,333.57,completado
15394,395,195,5,2024-03-24,233.12,completado
15395,396,196,1,2024-03-31,439.67,completado
15396,397,197,2,2024-04-07,407.52,completado
15397,398,198,3,2024-04-14,390.56,cancelado
15398,399,199,4,2024-04-21,60.78,cancelado
15399,400,200,5,2024-04-28,384.54,devuelto
15400,401,1,1,2024-05-05,148.2,completado
15401,402,2,2,2024-05-12,59.22,completado
15402,403,3,3,2024-05-19,149.38,completado
15403,404,4,4,2024-05-26,397.02,completado
15404,405,5,5,2024-06-02,344.69,completado
15405,406,6,1,2024-06-09,316.42,completado
15406,407,7,2,2024-06-16,78.9,completado
15407,408,8,3,2024-06-23,175.21,cancelado
15408,409,9,4,2024-06-30,14.28,cancelado
15409,410,10,5,2024-07-07,335.81,devuelto
15410,411,11,1,2024-07-14,491.17,completado
15411,412,12,2,2024-07-21,83.56,completado
15412,413,13,3,2024-07-28,150.49,completado
15413,414,14,4,2024-08-04,73.12,completado
15414,415,15,5,2024-08-11,421.6,completado
15415,416,16,1,2024-08-18,299.79,completado
15416,417,17,2,2024-08-25,353.31,completado
15417,418,18,3,2024-09-01,189.7,cancelado
15418,419,19,4,2024-09-08,484.16,cancelado
15419,420,20,5,2024-09-15,363.57,devuelto
15420,421,21,1,2024-09-22,421.43,completado
15421,422,22,2,2024-09-29,42.35,completado
15422,423,23,3,2024-10-06,373.63,completado
15423,424,24,4,2024-10-13,331.03,completado
15424,425,25,5,2024-10-20,404.63,completado
15425,426,26,1,2024-10-27,115.16,completado
15426,427,27,2,2024-11-03,336.81,completado
15427,428,28,3,2024-11-10,302.14,cancelado
15428,429,29,4,2024-11-17,72.82,cancelado
15429,430,30,5,2024-11-24,350.33,devuelto
15430,431,31,1,2024-12-01,253.31,completado
15431,432,32,2,2024-12-08,18.37,completado
15432,433,33,3,2024-12-15,57.61,completado
15433,434,34,4,2024-12-22,484.75,completado
15434,435,35,5,2024-12-29,68.14,completado
15435,436,36,1,2023-01-06,144.98,completado
15436,437,37,2,2023-01-13,217.69,completado
15437,438,38,3,2023-01-20,185.92,cancelado
15438,439,39,4,2023-01-27,170.05,cancelado
15439,440,40,5,2023-02-03,189.68,devuelto
15440,441,41,1,2023-02-10,160.4,completado
15441,442,42,2,2023-02-17,462.77,completado
15442,443,43,3,2023-02-24,113.89,completado
15443,444,44,4,2023-03-03,23.25,completado
15444,445,45,5,2023-03-10,471.34,completado
15445,446,46,1,2023-03-17,445.17,completado
15446,447,47,2,2023-03-24,391.48,completado
15447,448,48,3,2023-03-31,22.57,cancelado
15448,449,49,4,2023-04-07,495.15,cancelado
15449,450,50,5,2023-04-14,465.79,devuelto
15450,451,51,1,2023-04-21,217.01,completado
15451,452,52,2,2023-04-28,187.29,completado
15452,453,53,3,2023-05-05,89.36,completado
15453,454,54,4,2023-05-12,123.1,completado
15454,455,55,5,2023-05-19,252.48,completado
15455,456,56,1,2023-05-26,39.55,completado
15456,457,57,2,2023-06-02,303.54,completado
15457,458,58,3,2023-06-09,40.14,cancelado
15458,459,59,4,2023-06-16,362.23,cancelado
15459,460,60,5,2023-06-23,482.36,devuelto
15460,461,61,1,2023-06-30,221.3,completado
15461,462,62,2,2023-07-07,432.36,completado
15462,463,63,3,2023-07-14,20.97,completado
15463,464,64,4,2023-07-21,121.82,completado
15464,465,65,5,2023-07-28,71.98,completado
15465,466,66,1,2023-08-04,147.89,completado
15466,467,67,2,2023-08-11,328.55,completado
15467,468,68,3,2023-08-18,451.55,cancelado
15468,469,69,4,2023-08-25,177.77,cancelado
15469,470,70,5,2023-09-01,137.92,devuelto
15470,471,71,1,2023-09-08,433.39,completado
15471,472,72,2,2023-09-15,415.61,completado
15472,473,73,3,2023-09-22,345.38,completado
15473,474,74,4,2023-09-29,324.6,completado
15474,475,75,5,2023-10-06,118.7,completado
15475,476,76,1,2023-10-13,358.06,completado
15476,477,77,2,2023-10-20,149.87,completado
15477,478,78,3,2023-10-27,132.35,cancelado
15478,479,79,4,2023-11-03,71.1,cancelado
15479,480,80,5,2023-11-10,311.91,devuelto
15480,481,81,1,2023-11-17,454.91,completado
15481,482,82,2,2023-11-24,208.71,completado
15482,483,83,3,2023-12-01,253.23,completado
15483,484,84,4,2023-12-08,457.96,completado
15484,485,85,5,2023-12-15,323.52,completado
15485,486,86,1,2023-12-22,190.6,completado
15486,487,87,2,2023-12-29,447.59,completado
15487,488,88,3,2024-01-05,161.05,cancelado
15488,489,89,4,2024-01-12,41.79,cancelado
15489,490,90,5,2024-01-19,226.98,devuelto
15490,491,91,1,2024-01-26,341.76,completado
15491,492,92,2,2024-02-02,499.04,completado
15492,493,93,3,2024-02-09,192.27,completado
15493,494,94,4,2024-02-16,218.33,completado
15494,495,95,5,2024-02-23,94.52,completado
15495,496,96,1,2024-03-01,130.59,completado
15496,497,97,2,2024-03-08,244.99,completado
15497,498,98,3,2024-03-15,62.15,cancelado
15498,499,99,4,2024-03-22,420.02,cancelado
15499,500,100,5,2024-03-29,133.04,devuelto
15500,501,101,1,2024-04-05,222.75,completado
15501,502,102,2,2024-04-12,64.17,completado
15502,503,103,3,2024-04-19,281.92,completado
15503,504,104,4,2024-04-26,386.89,completado
15504,505,105,5,2024-05-03,400.66,completado
15505,506,106,1,2024-05-10,261.95,completado
15506,507,107,2,2024-05-17,28.98,completado
15507,508,108,3,2024-05-24,23.06,cancelado
15508,509,109,4,2024-05-31,456.62,cancelado
15509,510,110,5,2024-06-07,398.34,devuelto
15510,511,111,1,2024-06-14,281.38,completado
15511,512,112,2,2024-06-21,59.18,completado
15512,513,113,3,2024-06-28,205.33,completado
15513,514,114,4,2024-07-05,384.09,completado
15514,515,115,5,2024-07-12,54.09,completado
15515,516,116,1,2024-07-19,89.32,completado
15516,517,117,2,2024-07-26,262.98,completado
15517,518,118,3,2024-08-02,276.74,cancelado
15518,519,119,4,2024-08-09,263.26,cancelado
15519,520,120,5,2024-08-16,408.04,devuelto
15520,521,121,1,2024-08-23,338.4,completado
15521,522,122,2,2024-08-30,229.4,completado
15522,523,123,3,2024-09-06,82.58,completado
15523,524,124,4,2024-09-13,24.94,completado
15524,525,125,5,2024-09-20,362.7,completado
15525,526,126,1,2024-09-27,487.36,completado
15526,527,127,2,2024-10-04,355.11,completado
15527,528,128,3,2024-10-11,237.09,cancelado
15528,529,129,4,2024-10-18,105.79,cancelado
15529,530,130,5,2024-10-25,30.8,devuelto
15530,531,131,1,2024-11-01,231.95,completado
15531,532,132,2,2024-11-08,130.79,completado
15532,533,133,3,2024-11-15,236.35,completado
15533,534,134,4,2024-11-22,122.3,completado
15534,535,135,5,2024-11-29,49.06,completado
15535,536,136,1,2024-12-06,33.42,completado
15536,537,137,2,2024-12-13,436.41,completado
15537,538,138,3,2024-12-20,186.95,cancelado
15538,539,139,4,2024-12-27,270.04,cancelado
15539,540,140,5,2023-01-04,145.02,devuelto
15540,541,141,1,2023-01-11,157.12,completado
15541,542,142,2,2023-01-18,402.5,completado
15542,543,143,3,2023-01-25,95.74,completado
15543,544,144,4,2023-02-01,354.99,completado
15544,545,145,5,2023-02-08,22.15,completado
15545,546,146,1,2023-02-15,286.91,completado
15546,547,147,2,2023-02-22,99.05,completado
15547,548,148,3,2023-03-01,270.53,cancelado
15548,549,149,4,2023-03-08,268.78,cancelado
15549,550,150,5,2023-03-15,184.11,devuelto
15550,551,151,1,2023-03-22,218.7,completado
15551,552,152,2,2023-03-29,220.45,completado
15552,553,153,3,2023-04-05,134.34,completado
15553,554,154,4,2023-04-12,24.55,completado
15554,555,155,5,2023-04-19,69.04,completado
15555,556,156,1,2023-04-26,12.68,completado
15556,557,157,2,2023-05-03,107.49,completado
15557,558,158,3,2023-05-10,338.81,cancelado
15558,559,159,4,2023-05-17,437.36,cancelado
15559,560,160,5,2023-05-24,108.18,devuelto
15560,561,161,1,2023-05-31,207.26,completado
15561,562,162,2,2023-06-07,413.07,completado
15562,563,163,3,2023-06-14,460.53,completado
15563,564,164,4,2023-06-21,225.34,completado
15564,565,165,5,2023-06-28,134.57,completado
15565,566,166,1,2023-07-05,224.36,completado
15566,567,167,2,2023-07-12,202.88,completado
15567,568,168,3,2023-07-19,413.36,cancelado
15568,569,169,4,2023-07-26,48.68,cancelado
15569,570,170,5,2023-08-02,296.72,devuelto
15570,571,171,1,2023-08-09,267.06,completado
15571,572,172,2,2023-08-16,417.04,completado
15572,573,173,3,2023-08-23,352.74,completado
15573,574,174,4,2023-08-30,242.75,completado
15574,575,175,5,2023-09-06,25.72,completado
15575,576,176,1,2023-09-13,490.11,completado
15576,577,177,2,2023-09-20,207.46,completado
15577,578,178,3,2023-09-27,218.53,cancelado
15578,579,179,4,2023-10-04,162.19,cancelado
15579,580,180,5,2023-10-11,171.86,devuelto
15580,581,181,1,2023-10-18,298.76,completado
15581,582,182,2,2023-10-25,380.0,completado
15582,583,183,3,2023-11-01,399.6,completado
15583,584,184,4,2023-11-08,34.78,completado
15584,585,185,5,2023-11-15,298.37,completado
15585,586,186,1,2023-11-22,336.6,completado
15586,587,187,2,2023-11-29,70.92,completado
15587,588,188,3,2023-12-06,133.64,cancelado
15588,589,189,4,2023-12-13,19.63,cancelado
15589,590,190,5,2023-12-20,331.0,devuelto
15590,591,191,1,2023-12-27,296.93,completado
15591,592,192,2,2024-01-03,276.5,completado
15592,593,193,3,2024-01-10,471.32,completado
15593,594,194,4,2024-01-17,43.29,completado
15594,595,195,5,2024-01-24,360.3,completado
15595,596,196,1,2024-01-31,381.07,completado
15596,597,197,2,2024-02-07,430.38,completado
15597,598,198,3,2024-02-14,319.23,cancelado
15598,599,199,4,2024-02-21,142.08,cancelado
15599,600,200,5,2024-02-28,11.48,devuelto
15600,601,1,1,2024-03-06,132.15,completado
15601,602,2,2,2024-03-13,498.77,completado
15602,603,3,3,2024-03-20,42.23,completado
15603,604,4,4,2024-03-27,394.38,completado
15604,605,5,5,2024-04-03,30.73,completado
15605,606,6,1,2024-04-10,309.17,completado
15606,607,7,2,2024-04-17,255.9,completado
15607,608,8,3,2024-04-24,405.84,cancelado
15608,609,9,4,2024-05-01,155.84,cancelado
15609,610,10,5,2024-05-08,416.76,devuelto
15610,611,11,1,2024-05-15,412.64,completado
15611,612,12,2,2024-05-22,465.34,completado
15612,613,13,3,2024-05-29,203.55,completado
15613,614,14,4,2024-06-05,306.99,completado
15614,615,15,5,2024-06-12,494.95,completado
15615,616,16,1,2024-06-19,323.05,completado
15616,617,17,2,2024-06-26,327.53,completado
15617,618,18,3,2024-07-03,107.35,cancelado
15618,619,19,4,2024-07-10,299.26,cancelado
15619,620,20,5,2024-07-17,345.73,devuelto
15620,621,21,1,2024-07-24,408.7,completado
15621,622,22,2,2024-07-31,197.29,completado
15622,623,23,3,2024-08-07,282.71,completado
15623,624,24,4,2024-08-14,153.38,completado
15624,625,25,5,2024-08-21,211.33,completado
15625,626,26,1,2024-08-28,197.18,completado
15626,627,27,2,2024-09-04,58.79,completado
15627,628,28,3,2024-09-11,115.98,cancelado
15628,629,29,4,2024-09-18,150.46,cancelado
15629,630,30,5,2024-09-25,34.06,devuelto
15630,631,31,1,2024-10-02,245.15,completado
15631,632,32,2,2024-10-09,140.43,completado
15632,633,33,3,2024-10-16,124.32,completado
15633,634,34,4,2024-10-23,95.36,completado
15634,635,35,5,2024-10-30,167.94,completado
15635,636,36,1,2024-11-06,99.68,completado
15636,637,37,2,2024-11-13,371.11,completado
15637,638,38,3,2024-11-20,483.85,cancelado
15638,639,39,4,2024-11-27,338.17,cancelado
15639,640,40,5,2024-12-04,301.61,devuelto
15640,641,41,1,2024-12-11,295.6,completado
15641,642,42,2,2024-12-18,456.87,completado
15642,643,43,3,2024-12-25,497.88,completado
15643,644,44,4,2023-01-02,228.57,completado
15644,645,45,5,2023-01-09,17.18,completado
15645,646,46,1,2023-01-16,358.63,completado
15646,647,47,2,2023-01-23,456.42,completado
15647,648,48,3,2023-01-30,90.92,cancelado
15648,649,49,4,2023-02-06,221.09,cancelado
15649,650,50,5,2023-02-13,494.14,devuelto
15650,651,51,1,2023-02-20,333.56,completado
15651,652,52,2,2023-02-27,22.89,completado
15652,653,53,3,2023-03-06,238.96,completado
15653,654,54,4,2023-03-13,262.63,completado
15654,655,55,5,2023-03-20,411.71,completado
15655,656,56,1,2023-03-27,274.87,completado
15656,657,57,2,2023-04-03,94.05,completado
15657,658,58,3,2023-04-10,53.62,cancelado
15658,659,59,4,2023-04-17,36.91,cancelado
15659,660,60,5,2023-04-24,87.6,devuelto
15660,661,61,1,2023-05-01,336.03,completado
15661,662,62,2,2023-05-08,23.44,completado
15662,663,63,3,2023-05-15,403.59,completado
15663,664,64,4,2023-05-22,317.61,completado
15664,665,65,5,2023-05-29,56.59,completado
15665,666,66,1,2023-06-05,466.14,completado
15666,667,67,2,2023-06-12,468.89,completado
15667,668,68,3,2023-06-19,472.42,cancelado
15668,669,69,4,2023-06-26,401.6,cancelado
15669,670,70,5,2023-07-03,125.25,devuelto
15670,671,71,1,2023-07-10,345.33,completado
15671,672,72,2,2023-07-17,377.95,completado
15672,673,73,3,2023-07-24,290.07,completado
15673,674,74,4,2023-07-31,301.78,completado
15674,675,75,5,2023-08-07,443.63,completado
15675,676,76,1,2023-08-14,392.22,completado
15676,677,77,2,2023-08-21,229.8,completado
15677,678,78,3,2023-08-28,81.84,cancelado
15678,679,79,4,2023-09-04,64.86,cancelado
15679,680,80,5,2023-09-11,488.25,devuelto
15680,681,81,1,2023-09-18,481.63,completado
15681,682,82,2,2023-09-25,368.17,completado
15682,683,83,3,2023-10-02,273.38,completado
15683,684,84,4,2023-10-09,316.72,completado
15684,685,85,5,2023-10-16,482.65,completado
15685,686,86,1,2023-10-23,464.62,completado
15686,687,87,2,2023-10-30,259.03,completado
15687,688,88,3,2023-11-06,409.51,cancelado
15688,689,89,4,2023-11-13,427.19,cancelado
15689,690,90,5,2023-11-20,485.55,devuelto
15690,691,91,1,2023-11-27,464.76,completado
15691,692,92,2,2023-12-04,448.14,completado
15692,693,93,3,2023-12-11,159.02,completado
15693,694,94,4,2023-12-18,77.74,completado
15694,695,95,5,2023-12-25,381.34,completado
15695,696,96,1,2024-01-01,231.13,completado
15696,697,97,2,2024-01-08,441.29,completado
15697,698,98,3,2024-01-15,184.46,cancelado
15698,699,99,4,2024-01-22,261.44,cancelado
15699,700,100,5,2024-01-29,464.28,devuelto
15700,701,101,1,2024-02-05,289.83,completado
15701,702,102,2,2024-02-12,225.77,completado
15702,703,103,3,2024-02-19,258.36,completado
15703,704,104,4,2024-02-26,224.46,completado
15704,705,105,5,2024-03-04,15.65,completado
15705,706,106,1,2024-03-11,94.56,completado
15706,707,107,2,2024-03-18,407.82,completado
15707,708,108,3,2024-03-25,137.16,cancelado
15708,709,109,4,2024-04-01,32.94,cancelado
15709,710,110,5,2024-04-08,242.41,devuelto
15710,711,111,1,2024-04-15,241.9,completado
15711,712,112,2,2024-04-22,55.91,completado
15712,713,113,3,2024-04-29,422.87,completado
15713,714,114,4,2024-05-06,422.64,completado
15714,715,115,5,2024-05-13,196.32,completado
15715,716,116,1,2024-05-20,51.71,completado
15716,717,117,2,2024-05-27,301.88,completado
15717,718,118,3,2024-06-03,54.84,cancelado
15718,719,119,4,2024-06-10,327.5,cancelado
15719,720,120,5,2024-06-17,51.18,devuelto
15720,721,121,1,2024-06-24,87.34,completado
15721,722,122,2,2024-07-01,446.59,completado
15722,723,123,3,2024-07-08,340.43,completado
15723,724,124,4,2024-07-15,299.31,completado
15724,725,125,5,2024-07-22,397.82,completado
15725,726,126,1,2024-07-29,303.95,completado
15726,727,127,2,2024-08-05,217.5,completado
15727,728,128,3,2024-08-12,452.87,cancelado
15728,729,129,4,2024-08-19,83.71,cancelado
15729,730,130,5,2024-08-26,365.84,devuelto
15730,731,131,1,2024-09-02,202.13,completado
15731,732,132,2,2024-09-09,472.2,completado
15732,733,133,3,2024-09-16,338.44,completado
15733,734,134,4,2024-09-23,425.49,completado
15734,735,135,5,2024-09-30,335.65,completado
15735,736,136,1,2024-10-07,34.51,completado
15736,737,137,2,2024-10-14,31.14,completado
15737,738,138,3,2024-10-21,183.77,cancelado
15738,739,139,4,2024-10-28,359.56,cancelado
15739,740,140,5,2024-11-04,136.74,devuelto
15740,741,141,1,2024-11-11,397.33,completado
15741,742,142,2,2024-11-18,397.16,completado
15742,743,143,3,2024-11-25,217.53,completado
15743,744,144,4,2024-12-02,183.76,completado
15744,745,145,5,2024-12-09,31.57,completado
15745,746,146,1,2024-12-16,450.8,completado
15746,747,147,2,2024-12-23,324.74,completado
15747,748,148,3,2024-12-30,96.74,cancelado
15748,749,149,4,2023-01-07,149.22,cancelado
15749,750,150,5,2023-01-14,447.94,devuelto
15750,751,151,1,2023-01-21,348.56,completado
15751,752,152,2,2023-01-28,283.51,completado
15752,753,153,3,2023-02-04,173.32,completado
15753,754,154,4,2023-02-11,194.92,completado
15754,755,155,5,2023-02-18,62.43,completado
15755,756,156,1,2023-02-25,466.19,completado
15756,757,157,2,2023-03-04,294.71,completado
15757,758,158,3,2023-03-11,430.91,cancelado
15758,759,159,4,2023-03-18,332.73,cancelado
15759,760,160,5,2023-03-25,324.18,devuelto
15760,761,161,1,2023-04-01,99.05,completado
15761,762,162,2,2023-04-08,323.6,completado
15762,763,163,3,2023-04-15,443.54,completado
15763,764,164,4,2023-04-22,463.85,completado
15764,765,165,5,2023-04-29,353.99,completado
15765,766,166,1,2023-05-06,148.69,completado
15766,767,167,2,2023-05-13,308.81,completado
15767,768,168,3,2023-05-20,198.03,cancelado
15768,769,169,4,2023-05-27,131.84,cancelado
15769,770,170,5,2023-06-03,139.77,devuelto
15770,771,171,1,2023-06-10,309.78,completado
15771,772,172,2,2023-06-17,22.55,completado
15772,773,173,3,2023-06-24,232.0,completado
15773,774,174,4,2023-07-01,163.07,completado
15774,775,175,5,2023-07-08,41.73,completado
15775,776,176,1,2023-07-15,15.69,completado
15776,777,177,2,2023-07-22,284.81,completado
15777,778,178,3,2023-07-29,60.08,cancelado
15778,779,179,4,2023-08-05,79.75,cancelado
15779,780,180,5,2023-08-12,490.8,devuelto
15780,781,181,1,2023-08-19,184.23,completado
15781,782,182,2,2023-08-26,382.42,completado
15782,783,183,3,2023-09-02,414.5,completado
15783,784,184,4,2023-09-09,209.25,completado
15784,785,185,5,2023-09-16,275.88,completado
15785,786,186,1,2023-09-23,71.28,completado
15786,787,187,2,2023-09-30,256.24,completado
15787,788,188,3,2023-10-07,291.2,cancelado
15788,789,189,4,2023-10-14,396.78,cancelado
15789,790,190,5,2023-10-21,118.78,devuelto
15790,791,191,1,2023-10-28,271.96,completado
15791,792,192,2,2023-11-04,271.02,completado
15792,793,193,3,2023-11-11,255.89,completado
15793,794,194,4,2023-11-18,310.9,completado
15794,795,195,5,2023-11-25,441.36,completado
15795,796,196,1,2023-12-02,77.36,completado
15796,797,197,2,2023-12-09,136.68,completado
15797,798,198,3,2023-12-16,244.97,cancelado
15798,799,199,4,2023-12-23,495.39,cancelado
15799,800,200,5,2023-12-30,378.92,devuelto
15800,801,1,1,2024-01-06,228.14,completado
15801,802,2,2,2024-01-13,292.12,completado
15802,803,3,3,2024-01-20,218.21,completado
15803,804,4,4,2024-01-27,315.39,completado
15804,805,5,5,2024-02-03,41.07,completado
15805,806,6,1,2024-02-10,156.95,completado
15806,807,7,2,2024-02-17,115.08,completado
15807,808,8,3,2024-02-24,416.55,cancelado
15808,809,9,4,2024-03-02,297.38,cancelado
15809,810,10,5,2024-03-09,380.78,devuelto
15810,811,11,1,2024-03-16,365.14,completado
15811,812,12,2,2024-03-23,185.3,completado
15812,813,13,3,2024-03-30,380.19,completado
15813,814,14,4,2024-04-06,303.85,completado
15814,815,15,5,2024-04-13,409.28,completado
15815,816,16,1,2024-04-20,499.3,completado
15816,817,17,2,2024-04-27,437.84,completado
15817,818,18,3,2024-05-04,360.22,cancelado
15818,819,19,4,2024-05-11,62.9,cancelado
15819,820,20,5,2024-05-18,114.54,devuelto
15820,821,21,1,2024-05-25,362.66,completado
15821,822,22,2,2024-06-01,448.28,completado
15822,823,23,3,2024-06-08,177.45,completado
15823,824,24,4,2024-06-15,490.7,completado
15824,825,25,5,2024-06-22,31.46,completado
15825,826,26,1,2024-06-29,134.71,completado
15826,827,27,2,2024-07-06,282.58,completado
15827,828,28,3,2024-07-13,56.25,cancelado
15828,829,29,4,2024-07-20,172.9,cancelado
15829,830,30,5,2024-07-27,416.73,devuelto
15830,831,31,1,2024-08-03,20.75,completado
15831,832,32,2,2024-08-10,91.13,completado
15832,833,33,3,2024-08-17,454.15,completado
15833,834,34,4,2024-08-24,146.42,completado
15834,835,35,5,2024-08-31,158.02,completado
15835,836,36,1,2024-09-07,80.88,completado
15836,837,37,2,2024-09-14,71.04,completado
15837,838,38,3,2024-09-21,57.71,cancelado
15838,839,39,4,2024-09-28,165.76,cancelado
15839,840,40,5,2024-10-05,25.47,devuelto
15840,841,41,1,2024-10-12,104.69,completado
15841,842,42,2,2024-10-19,151.68,completado
15842,843,43,3,2024-10-26,23.84,completado
15843,844,44,4,2024-11-02,287.94,completado
15844,845,45,5,2024-11-09,207.01,completado
15845,846,46,1,2024-11-16,40.96,completado
15846,847,47,2,2024-11-23,380.25,completado
15847,848,48,3,2024-11-30,247.28,cancelado
15848,849,49,4,2024-12-07,456.66,cancelado
15849,850,50,5,2024-12-14,376.29,devuelto
15850,851,51,1,2024-12-21,388.48,completado
15851,852,52,2,2024-12-28,72.12,completado
15852,853,53,3,2023-01-05,136.76,completado
15853,854,54,4,2023-01-12,273.74,completado
15854,855,55,5,2023-01-19,378.97,completado
15855,856,56,1,2023-01-26,318.94,completado
15856,857,57,2,2023-02-02,277.89,completado
15857,858,58,3,2023-02-09,478.65,cancelado
15858,859,59,4,2023-02-16,367.45,cancelado
15859,860,60,5,2023-02-23,434.49,devuelto
15860,861,61,1,2023-03-02,236.25,completado
15861,862,62,2,2023-03-09,280.06,completado
15862,863,63,3,2023-03-16,57.48,completado
15863,864,64,4,2023-03-23,49.01,completado
15864,865,65,5,2023-03-30,142.73,completado
15865,866,66,1,2023-04-06,263.32,completado
15866,867,67,2,2023-04-13,497.69,completado
15867,868,68,3,2023-04-20,395.77,cancelado
15868,869,69,4,2023-04-27,421.47,cancelado
15869,870,70,5,2023-05-04,315.05,devuelto
15870,871,71,1,2023-05-11,460.37,completado
15871,872,72,2,2023-05-18,317.03,completado
15872,873,73,3,2023-05-25,474.12,completado
15873,874,74,4,2023-06-01,277.5,completado
15874,875,75,5,2023-06-08,312.07,completado
15875,876,76,1,2023-06-15,273.82,completado
15876,877,77,2,2023-06-22,404.34,completado
15877,878,78,3,2023-06-29,132.0,cancelado
15878,879,79,4,2023-07-06,487.88,cancelado
15879,880,80,5,2023-07-13,203.96,devuelto
15880,881,81,1,2023-07-20,313.09,completado
15881,882,82,2,2023-07-27,225.77,completado
15882,883,83,3,2023-08-03,465.85,completado
15883,884,84,4,2023-08-10,196.77,completado
15884,885,85,5,2023-08-17,163.05,completado
15885,886,86,1,2023-08-24,447.34,completado
15886,887,87,2,2023-08-31,54.24,completado
15887,888,88,3,2023-09-07,176.74,cancelado
15888,889,89,4,2023-09-14,138.0,cancelado
15889,890,90,5,2023-09-21,163.64,devuelto
15890,891,91,1,2023-09-28,333.35,completado
15891,892,92,2,2023-10-05,64.22,completado
15892,893,93,3,2023-10-12,310.71,completado
15893,894,94,4,2023-10-19,363.97,completado
15894,895,95,5,2023-10-26,342.97,completado
15895,896,96,1,2023-11-02,38.71,completado
15896,897,97,2,2023-11-09,346.85,completado
15897,898,98,3,2023-11-16,244.1,cancelado
15898,899,99,4,2023-11-23,187.04,cancelado
15899,900,100,5,2023-11-30,351.53,devuelto
15900,901,101,1,2023-12-07,196.93,completado
15901,902,102,2,2023-12-14,350.44,completado
15902,903,103,3,2023-12-21,182.12,completado
15903,904,104,4,2023-12-28,44.49,completado
15904,905,105,5,2024-01-04,48.52,completado
15905,906,106,1,2024-01-11,344.56,completado
15906,907,107,2,2024-01-18,40.31,completado
15907,908,108,3,2024-01-25,417.94,cancelado
15908,909,109,4,2024-02-01,273.53,cancelado
15909,910,110,5,2024-02-08,387.93,devuelto
15910,911,111,1,2024-02-15,405.68,completado
15911,912,112,2,2024-02-22,111.5,completado
15912,913,113,3,2024-02-29,164.05,completado
15913,914,114,4,2024-03-07,211.29,completado
15914,915,115,5,2024-03-14,357.58,completado
15915,916,116,1,2024-03-21,71.62,completado
15916,917,117,2,2024-03-28,262.19,completado
15917,918,118,3,2024-04-04,137.35,cancelado
15918,919,119,4,2024-04-11,192.47,cancelado
15919,920,120,5,2024-04-18,37.35,devuelto
15920,921,121,1,2024-04-25,247.9,completado
15921,922,122,2,2024-05-02,34.08,completado
15922,923,123,3,2024-05-09,301.12,completado
15923,924,124,4,2024-05-16,329.15,completado
15924,925,125,5,2024-05-23,157.56,completado
15925,926,126,1,2024-05-30,76.58,completado
15926,927,127,2,2024-06-06,269.87,completado
15927,928,128,3,2024-06-13,294.38,cancelado
15928,929,129,4,2024-06-20,97.67,cancelado
15929,930,130,5,2024-06-27,153.73,devuelto
15930,931,131,1,2024-07-04,194.4,completado
15931,932,132,2,2024-07-11,193.77,completado
15932,933,133,3,2024-07-18,433.94,completado
15933,934,134,4,2024-07-25,394.9,completado
15934,935,135,5,2024-08-01,372.87,completado
15935,936,136,1,2024-08-08,282.81,completado
15936,937,137,2,2024-08-15,223.1,completado
15937,938,138,3,2024-08-22,253.78,cancelado
15938,939,139,4,2024-08-29,34.5,cancelado
15939,940,140,5,2024-09-05,396.7,devuelto
15940,941,141,1,2024-09-12,138.44,completado
15941,942,142,2,2024-09-19,17.03,completado
15942,943,143,3,2024-09-26,397.35,completado
15943,944,144,4,2024-10-03,162.26,completado
15944,945,145,5,2024-10-10,217.56,completado
15945,946,146,1,2024-10-17,188.45,completado
15946,947,147,2,2024-10-24,380.57,completado
15947,948,148,3,2024-10-31,176.56,cancelado
15948,949,149,4,2024-11-07,447.31,cancelado
15949,950,150,5,2024-11-14,289.89,devuelto
15950,951,151,1,2024-11-21,393.43,completado
15951,952,152,2,2024-11-28,161.18,completado
15952,953,153,3,2024-12-05,166.28,completado
15953,954,154,4,2024-12-12,118.16,completado
15954,955,155,5,2024-12-19,392.82,completado
15955,956,156,1,2024-12-26,404.58,completado
15956,957,157,2,2023-01-03,24.16,completado
15957,958,158,3,2023-01-10,74.12,cancelado
15958,959,159,4,2023-01-17,429.95,cancelado
15959,960,160,5,2023-01-24,191.07,devuelto
15960,961,161,1,2023-01-31,401.48,completado
15961,962,162,2,2023-02-07,439.18,completado
15962,963,163,3,2023-02-14,393.81,completado
15963,964,164,4,2023-02-21,428.6,completado
15964,965,165,5,2023-02-28,100.32,completado
15965,966,166,1,2023-03-07,215.18,completado
15966,967,167,2,2023-03-14,353.29,completado
15967,968,168,3,2023-03-21,36.55,cancelado
15968,969,169,4,2023-03-28,204.28,cancelado
15969,970,170,5,2023-04-04,173.66,devuelto
15970,971,171,1,2023-04-11,308.04,completado
15971,972,172,2,2023-04-18,122.16,completado
15972,973,173,3,2023-04-25,36.31,completado
15973,974,174,4,2023-05-02,350.45,completado
15974,975,175,5,2023-05-09,340.88,completado
15975,976,176,1,2023-05-16,88.53,completado
15976,977,177,2,2023-05-23,101.5,completado
15977,978,178,3,2023-05-30,95.7,cancelado
15978,979,179,4,2023-06-06,154.12,cancelado
15979,980,180,5,2023-06-13,482.01,devuelto
15980,981,181,1,2023-06-20,401.11,completado
15981,982,182,2,2023-06-27,219.81,completado
15982,983,183,3,2023-07-04,441.86,completado
15983,984,184,4,2023-07-11,350.04,completado
15984,985,185,5,2023-07-18,242.23,completado
15985,986,186,1,2023-07-25,206.61,completado
15986,987,187,2,2023-08-01,384.27,completado
15987,988,188,3,2023-08-08,310.5,cancelado
15988,989,189,4,2023-08-15,201.17,cancelado
15989,990,190,5,2023-08-22,60.79,devuelto
15990,991,191,1,2023-08-29,96.67,completado
15991,992,192,2,2023-09-05,357.48,completado
15992,993,193,3,2023-09-12,58.96,completado
15993,994,194,4,2023-09-19,192.53,completado
15994,995,195,5,2023-09-26,486.48,completado
15995,996,196,1,2023-10-03,256.65,completado
15996,997,197,2,2023-10-10,478.71,completado
15997,998,198,3,2023-10-17,271.37,cancelado
15998,999,199,4,2023-10-24,263.36,cancelado
15999,1000,200,5,2023-10-31,200.24,devuelto
16000,1001,1,1,2023-11-07,39.38,completado
16001,1002,2,2,2023-11-14,382.64,completado
16002,1003,3,3,2023-11-21,489.92,completado
16003,1004,4,4,2023-11-28,17.36,completado
16004,1005,5,5,2023-12-05,242.55,completado
16005,1006,6,1,2023-12-12,262.97,completado
16006,1007,7,2,2023-12-19,204.08,completado
16007,1008,8,3,2023-12-26,358.37,cancelado
16008,1009,9,4,2024-01-02,495.9,cancelado
16009,1010,10,5,2024-01-09,72.65,devuelto
16010,1011,11,1,2024-01-16,438.56,completado
16011,1012,12,2,2024-01-23,94.72,completado
16012,1013,13,3,2024-01-30,301.81,completado
16013,1014,14,4,2024-02-06,471.47,completado
16014,1015,15,5,2024-02-13,227.6,completado
16015,1016,16,1,2024-02-20,394.94,completado
16016,1017,17,2,2024-02-27,16.67,completado
16017,1018,18,3,2024-03-05,402.94,cancelado
16018,1019,19,4,2024-03-12,228.6,cancelado
16019,1020,20,5,2024-03-19,497.17,devuelto
16020,1021,21,1,2024-03-26,210.19,completado
16021,1022,22,2,2024-04-02,138.93,completado
16022,1023,23,3,2024-04-09,90.41,completado
16023,1024,24,4,2024-04-16,407.87,completado
16024,1025,25,5,2024-04-23,47.31,completado
16025,1026,26,1,2024-04-30,367.92,completado
16026,1027,27,2,2024-05-07,460.57,completado
16027,1028,28,3,2024-05-14,36.2,cancelado
16028,1029,29,4,2024-05-21,269.09,cancelado
16029,1030,30,5,2024-05-28,122.12,devuelto
16030,1031,31,1,2024-06-04,382.26,completado
16031,1032,32,2,2024-06-11,244.57,completado
16032,1033,33,3,2024-06-18,121.71,completado
16033,1034,34,4,2024-06-25,179.4,completado
16034,1035,35,5,2024-07-02,298.48,completado
16035,1036,36,1,2024-07-09,199.08,completado
16036,1037,37,2,2024-07-16,378.75,completado
16037,1038,38,3,2024-07-23,33.57,cancelado
16038,1039,39,4,2024-07-30,281.51,cancelado
16039,1040,40,5,2024-08-06,487.11,devuelto
16040,1041,41,1,2024-08-13,321.42,completado
16041,1042,42,2,2024-08-20,190.56,completado
16042,1043,43,3,2024-08-27,139.72,completado
16043,1044,44,4,2024-09-03,261.89,completado
16044,1045,45,5,2024-09-10,161.78,completado
16045,1046,46,1,2024-09-17,70.47,completado
16046,1047,47,2,2024-09-24,283.17,completado
16047,1048,48,3,2024-10-01,378.08,cancelado
16048,1049,49,4,2024-10-08,256.7,cancelado
16049,1050,50,5,2024-10-15,440.54,devuelto
16050,1051,51,1,2024-10-22,187.39,completado
16051,1052,52,2,2024-10-29,378.69,completado
16052,1053,53,3,2024-11-05,475.51,completado
16053,1054,54,4,2024-11-12,33.1,completado
16054,1055,55,5,2024-11-19,341.15,completado
16055,1056,56,1,2024-11-26,220.33,completado
16056,1057,57,2,2024-12-03,159.7,completado
16057,1058,58,3,2024-12-10,190.04,cancelado
16058,1059,59,4,2024-12-17,329.58,cancelado
16059,1060,60,5,2024-12-24,175.88,devuelto
16060,1061,61,1,2023-01-01,81.36,completado
16061,1062,62,2,2023-01-08,106.44,completado
16062,1063,63,3,2023-01-15,441.23,completado
16063,1064,64,4,2023-01-22,64.59,completado
16064,1065,65,5,2023-01-29,472.79,completado
16065,1066,66,1,2023-02-05,85.54,completado
16066,1067,67,2,2023-02-12,359.33,completado
16067,1068,68,3,2023-02-19,229.25,cancelado
16068,1069,69,4,2023-02-26,387.18,cancelado
16069,1070,70,5,2023-03-05,311.24,devuelto
16070,1071,71,1,2023-03-12,370.87,completado
16071,1072,72,2,2023-03-19,488.8,completado
16072,1073,73,3,2023-03-26,344.26,completado
16073,1074,74,4,2023-04-02,314.19,completado
16074,1075,75,5,2023-04-09,409.64,completado
16075,1076,76,1,2023-04-16,51.58,completado
16076,1077,77,2,2023-04-23,224.81,completado
16077,1078,78,3,2023-04-30,389.04,cancelado
16078,1079,79,4,2023-05-07,384.44,cancelado
16079,1080,80,5,2023-05-14,129.02,devuelto
16080,1081,81,1,2023-05-21,153.8,completado
16081,1082,82,2,2023-05-28,324.34,completado
16082,1083,83,3,2023-06-04,373.71,completado
16083,1084,84,4,2023-06-11,249.75,completado
16084,1085,85,5,2023-06-18,25.05,completado
16085,1086,86,1,2023-06-25,435.13,completado
16086,1087,87,2,2023-07-02,281.99,completado
16087,1088,88,3,2023-07-09,195.96,cancelado
16088,1089,89,4,2023-07-16,93.16,cancelado
16089,1090,90,5,2023-07-23,45.66,devuelto
16090,1091,91,1,2023-07-30,242.62,completado
16091,1092,92,2,2023-08-06,359.97,completado
16092,1093,93,3,2023-08-13,330.98,completado
16093,1094,94,4,2023-08-20,39.78,completado
16094,1095,95,5,2023-08-27,424.93,completado
16095,1096,96,1,2023-09-03,307.3,completado
16096,1097,97,2,2023-09-10,199.64,completado
16097,1098,98,3,2023-09-17,131.0,cancelado
16098,1099,99,4,2023-09-24,30.43,cancelado
16099,1100,100,5,2023-10-01,171.19,devuelto
16100,1101,101,1,2023-10-08,321.32,completado
16101,1102,102,2,2023-10-15,26.27,completado
16102,1103,103,3,2023-10-22,308.35,completado
16103,1104,104,4,2023-10-29,398.48,completado
16104,1105,105,5,2023-11-05,122.48,completado
16105,1106,106,1,2023-11-12,362.4,completado
16106,1107,107,2,2023-11-19,256.49,completado
16107,1108,108,3,2023-11-26,80.96,cancelado
16108,1109,109,4,2023-12-03,315.82,cancelado
16109,1110,110,5,2023-12-10,122.42,devuelto
16110,1111,111,1,2023-12-17,425.41,completado
16111,1112,112,2,2023-12-24,441.74,completado
16112,1113,113,3,2023-12-31,15.79,completado
16113,1114,114,4,2024-01-07,430.34,completado
16114,1115,115,5,2024-01-14,432.98,completado
16115,1116,116,1,2024-01-21,396.04,completado
16116,1117,117,2,2024-01-28,372.75,completado
16117,1118,118,3,2024-02-04,262.2,cancelado
16118,1119,119,4,2024-02-11,360.43,cancelado
16119,1120,120,5,2024-02-18,204.21,devuelto
16120,1121,121,1,2024-02-25,242.34,completado
16121,1122,122,2,2024-03-03,150.44,completado
16122,1123,123,3,2024-03-10,453.45,completado
16123,1124,124,4,2024-03-17,422.85,completado
16124,1125,125,5,2024-03-24,179.22,completado
16125,1126,126,1,2024-03-31,94.4,completado
16126,1127,127,2,2024-04-07,134.51,completado
16127,1128,128,3,2024-04-14,459.23,cancelado
16128,1129,129,4,2024-04-21,478.2,cancelado
16129,1130,130,5,2024-04-28,138.21,devuelto
16130,1131,131,1,2024-05-05,219.47,completado
16131,1132,132,2,2024-05-12,414.67,completado
16132,1133,133,3,2024-05-19,113.03,completado
16133,1134,134,4,2024-05-26,272.19,completado
16134,1135,135,5,2024-06-02,187.2,completado
16135,1136,136,1,2024-06-09,42.32,completado
16136,1137,137,2,2024-06-16,305.36,completado
16137,1138,138,3,2024-06-23,116.55,cancelado
16138,1139,139,4,2024-06-30,355.24,cancelado
16139,1140,140,5,2024-07-07,280.71,devuelto
16140,1141,141,1,2024-07-14,17.63,completado
16141,1142,142,2,2024-07-21,346.26,completado
16142,1143,143,3,2024-07-28,380.27,completado
16143,1144,144,4,2024-08-04,402.22,completado
16144,1145,145,5,2024-08-11,338.06,completado
16145,1146,146,1,2024-08-18,128.05,completado
16146,1147,147,2,2024-08-25,301.92,completado
16147,1148,148,3,2024-09-01,82.07,cancelado
16148,1149,149,4,2024-09-08,233.68,cancelado
16149,1150,150,5,2024-09-15,256.15,devuelto
16150,1151,151,1,2024-09-22,333.92,completado
16151,1152,152,2,2024-09-29,438.33,completado
16152,1153,153,3,2024-10-06,370.32,completado
16153,1154,154,4,2024-10-13,403.91,completado
16154,1155,155,5,2024-10-20,288.27,completado
16155,1156,156,1,2024-10-27,218.54,completado
16156,1157,157,2,2024-11-03,297.3,completado
16157,1158,158,3,2024-11-10,262.1,cancelado
16158,1159,159,4,2024-11-17,85.95,cancelado
16159,1160,160,5,2024-11-24,444.5,devuelto
16160,1161,161,1,2024-12-01,348.39,completado
16161,1162,162,2,2024-12-08,39.85,completado
16162,1163,163,3,2024-12-15,496.67,completado
16163,1164,164,4,2024-12-22,164.11,completado
16164,1165,165,5,2024-12-29,293.6,completado
16165,1166,166,1,2023-01-06,75.09,completado
16166,1167,167,2,2023-01-13,244.88,completado
16167,1168,168,3,2023-01-20,144.38,cancelado
16168,1169,169,4,2023-01-27,230.21,cancelado
16169,1170,170,5,2023-02-03,77.39,devuelto
16170,1171,171,1,2023-02-10,194.65,completado
16171,1172,172,2,2023-02-17,27.85,completado
16172,1173,173,3,2023-02-24,53.88,completado
16173,1174,174,4,2023-03-03,367.16,completado
16174,1175,175,5,2023-03-10,303.13,completado
16175,1176,176,1,2023-03-17,376.37,completado
16176,1177,177,2,2023-03-24,196.86,completado
16177,1178,178,3,2023-03-31,133.79,cancelado
16178,1179,179,4,2023-04-07,141.22,cancelado
16179,1180,180,5,2023-04-14,453.23,devuelto
16180,1181,181,1,2023-04-21,417.5,completado
16181,1182,182,2,2023-04-28,327.86,completado
16182,1183,183,3,2023-05-05,300.27,completado
16183,1184,184,4,2023-05-12,89.74,completado
16184,1185,185,5,2023-05-19,125.38,completado
16185,1186,186,1,2023-05-26,288.33,completado
16186,1187,187,2,2023-06-02,60.57,completado
16187,1188,188,3,2023-06-09,488.14,cancelado
16188,1189,189,4,2023-06-16,492.81,cancelado
16189,1190,190,5,2023-06-23,333.17,devuelto
16190,1191,191,1,2023-06-30,254.98,completado
16191,1192,192,2,2023-07-07,202.03,completado
16192,1193,193,3,2023-07-14,410.29,completado
16193,1194,194,4,2023-07-21,472.41,completado
16194,1195,195,5,2023-07-28,287.62,completado
16195,1196,196,1,2023-08-04,491.87,completado
16196,1197,197,2,2023-08-11,263.37,completado
16197,1198,198,3,2023-08-18,262.2,cancelado
16198,1199,199,4,2023-08-25,34.19,cancelado
16199,1200,200,5,2023-09-01,293.26,devuelto
16200,1201,1,1,2023-09-08,462.82,completado
16201,1202,2,2,2023-09-15,92.21,completado
16202,1203,3,3,2023-09-22,69.35,completado
16203,1204,4,4,2023-09-29,409.95,completado
16204,1205,5,5,2023-10-06,17.3,completado
16205,1206,6,1,2023-10-13,122.71,completado
16206,1207,7,2,2023-10-20,445.59,completado
16207,1208,8,3,2023-10-27,17.98,cancelado
16208,1209,9,4,2023-11-03,348.92,cancelado
16209,1210,10,5,2023-11-10,199.11,devuelto
16210,1211,11,1,2023-11-17,222.65,completado
16211,1212,12,2,2023-11-24,66.16,completado
16212,1213,13,3,2023-12-01,455.92,completado
16213,1214,14,4,2023-12-08,258.88,completado
16214,1215,15,5,2023-12-15,319.38,completado
16215,1216,16,1,2023-12-22,339.02,completado
16216,1217,17,2,2023-12-29,283.47,completado
16217,1218,18,3,2024-01-05,403.0,cancelado
16218,1219,19,4,2024-01-12,245.61,cancelado
16219,1220,20,5,2024-01-19,199.25,devuelto
16220,1221,21,1,2024-01-26,15.49,completado
16221,1222,22,2,2024-02-02,50.97,completado
16222,1223,23,3,2024-02-09,154.78,completado
16223,1224,24,4,2024-02-16,192.61,completado
16224,1225,25,5,2024-02-23,400.46,completado
16225,1226,26,1,2024-03-01,151.49,completado
16226,1227,27,2,2024-03-08,459.46,completado
16227,1228,28,3,2024-03-15,125.26,cancelado
16228,1229,29,4,2024-03-22,280.99,cancelado
16229,1230,30,5,2024-03-29,464.99,devuelto
16230,1231,31,1,2024-04-05,328.44,completado
16231,1232,32,2,2024-04-12,324.17,completado
16232,1233,33,3,2024-04-19,51.68,completado
16233,1234,34,4,2024-04-26,260.06,completado
16234,1235,35,5,2024-05-03,33.21,completado
16235,1236,36,1,2024-05-10,246.47,completado
16236,1237,37,2,2024-05-17,216.36,completado
16237,1238,38,3,2024-05-24,378.03,cancelado
16238,1239,39,4,2024-05-31,429.55,cancelado
16239,1240,40,5,2024-06-07,324.34,devuelto
16240,1241,41,1,2024-06-14,105.54,completado
16241,1242,42,2,2024-06-21,161.57,completado
16242,1243,43,3,2024-06-28,434.51,completado
16243,1244,44,4,2024-07-05,298.46,completado
16244,1245,45,5,2024-07-12,417.71,completado
16245,1246,46,1,2024-07-19,397.15,completado
16246,1247,47,2,2024-07-26,27.09,completado
16247,1248,48,3,2024-08-02,107.29,cancelado
16248,1249,49,4,2024-08-09,388.82,cancelado
16249,1250,50,5,2024-08-16,18.28,devuelto
16250,1251,51,1,2024-08-23,419.3,completado
16251,1252,52,2,2024-08-30,208.1,completado
16252,1253,53,3,2024-09-06,99.37,completado
16253,1254,54,4,2024-09-13,191.33,completado
16254,1255,55,5,2024-09-20,409.63,completado
16255,1256,56,1,2024-09-27,472.29,completado
16256,1257,57,2,2024-10-04,476.72,completado
16257,1258,58,3,2024-10-11,298.28,cancelado
16258,1259,59,4,2024-10-18,224.39,cancelado
16259,1260,60,5,2024-10-25,46.52,devuelto
16260,1261,61,1,2024-11-01,19.58,completado
16261,1262,62,2,2024-11-08,347.63,completado
16262,1263,63,3,2024-11-15,223.6,completado
16263,1264,64,4,2024-11-22,486.5,completado
16264,1265,65,5,2024-11-29,337.54,completado
16265,1266,66,1,2024-12-06,216.82,completado
16266,1267,67,2,2024-12-13,55.09,completado
16267,1268,68,3,2024-12-20,16.39,cancelado
16268,1269,69,4,2024-12-27,327.18,cancelado
16269,1270,70,5,2023-01-04,458.91,devuelto
16270,1271,71,1,2023-01-11,156.55,completado
16271,1272,72,2,2023-01-18,52.41,completado
16272,1273,73,3,2023-01-25,54.25,completado
16273,1274,74,4,2023-02-01,421.95,completado
16274,1275,75,5,2023-02-08,496.63,completado
16275,1276,76,1,2023-02-15,120.15,completado
16276,1277,77,2,2023-02-22,148.27,completado
16277,1278,78,3,2023-03-01,405.8,cancelado
16278,1279,79,4,2023-03-08,275.41,cancelado
16279,1280,80,5,2023-03-15,59.28,devuelto
16280,1281,81,1,2023-03-22,310.92,completado
16281,1282,82,2,2023-03-29,461.97,completado
16282,1283,83,3,2023-04-05,299.83,completado
16283,1284,84,4,2023-04-12,388.49,completado
16284,1285,85,5,2023-04-19,240.02,completado
16285,1286,86,1,2023-04-26,266.17,completado
16286,1287,87,2,2023-05-03,17.37,completado
16287,1288,88,3,2023-05-10,388.77,cancelado
16288,1289,89,4,2023-05-17,382.5,cancelado
16289,1290,90,5,2023-05-24,220.65,devuelto
16290,1291,91,1,2023-05-31,278.64,completado
16291,1292,92,2,2023-06-07,154.16,completado
16292,1293,93,3,2023-06-14,79.01,completado
16293,1294,94,4,2023-06-21,271.8,completado
16294,1295,95,5,2023-06-28,288.06,completado
16295,1296,96,1,2023-07-05,314.7,completado
16296,1297,97,2,2023-07-12,88.06,completado
16297,1298,98,3,2023-07-19,307.4,cancelado
16298,1299,99,4,2023-07-26,394.61,cancelado
16299,1300,100,5,2023-08-02,268.7,devuelto
16300,1301,101,1,2023-08-09,274.57,completado
16301,1302,102,2,2023-08-16,283.43,completado
16302,1303,103,3,2023-08-23,264.82,completado
16303,1304,104,4,2023-08-30,321.29,completado
16304,1305,105,5,2023-09-06,67.97,completado
16305,1306,106,1,2023-09-13,269.28,completado
16306,1307,107,2,2023-09-20,344.24,completado
16307,1308,108,3,2023-09-27,324.01,cancelado
16308,1309,109,4,2023-10-04,392.98,cancelado
16309,1310,110,5,2023-10-11,45.6,devuelto
16310,1311,111,1,2023-10-18,25.01,completado
16311,1312,112,2,2023-10-25,403.4,completado
16312,1313,113,3,2023-11-01,220.09,completado
16313,1314,114,4,2023-11-08,187.88,completado
16314,1315,115,5,2023-11-15,423.51,completado
16315,1316,116,1,2023-11-22,288.98,completado
16316,1317,117,2,2023-11-29,449.43,completado
16317,1318,118,3,2023-12-06,21.45,cancelado
16318,1319,119,4,2023-12-13,301.4,cancelado
16319,1320,120,5,2023-12-20,71.99,devuelto
16320,1321,121,1,2023-12-27,472.2,completado
16321,1322,122,2,2024-01-03,75.02,completado
16322,1323,123,3,2024-01-10,441.78,completado
16323,1324,124,4,2024-01-17,384.36,completado
16324,1325,125,5,2024-01-24,185.67,completado
16325,1326,126,1,2024-01-31,426.14,completado
16326,1327,127,2,2024-02-07,319.22,completado
16327,1328,128,3,2024-02-14,292.88,cancelado
16328,1329,129,4,2024-02-21,417.21,cancelado
16329,1330,130,5,2024-02-28,101.52,devuelto
16330,1331,131,1,2024-03-06,17.2,completado
16331,1332,132,2,2024-03-13,489.11,completado
16332,1333,133,3,2024-03-20,281.12,completado
16333,1334,134,4,2024-03-27,12.86,completado
16334,1335,135,5,2024-04-03,472.37,completado
16335,1336,136,1,2024-04-10,449.69,completado
16336,1337,137,2,2024-04-17,190.59,completado
16337,1338,138,3,2024-04-24,78.21,cancelado
16338,1339,139,4,2024-05-01,45.69,cancelado
16339,1340,140,5,2024-05-08,235.88,devuelto
16340,1341,141,1,2024-05-15,174.45,completado
16341,1342,142,2,2024-05-22,164.03,completado
16342,1343,143,3,2024-05-29,479.1,completado
16343,1344,144,4,2024-06-05,235.68,completado
16344,1345,145,5,2024-06-12,233.89,completado
16345,1346,146,1,2024-06-19,355.97,completado
16346,1347,147,2,2024-06-26,338.77,completado
16347,1348,148,3,2024-07-03,77.61,cancelado
16348,1349,149,4,2024-07-10,155.43,cancelado
16349,1350,150,5,2024-07-17,305.04,devuelto
16350,1351,151,1,2024-07-24,394.19,completado
16351,1352,152,2,2024-07-31,57.32,completado
16352,1353,153,3,2024-08-07,339.76,completado
16353,1354,154,4,2024-08-14,419.04,completado
16354,1355,155,5,2024-08-21,280.2,completado
16355,1356,156,1,2024-08-28,147.36,completado
16356,1357,157,2,2024-09-04,308.19,completado
16357,1358,158,3,2024-09-11,300.19,cancelado
16358,1359,159,4,2024-09-18,470.58,cancelado
16359,1360,160,5,2024-09-25,223.51,devuelto
16360,1361,161,1,2024-10-02,96.74,completado
16361,1362,162,2,2024-10-09,79.05,completado
16362,1363,163,3,2024-10-16,472.08,completado
16363,1364,164,4,2024-10-23,173.79,completado
16364,1365,165,5,2024-10-30,297.94,completado
16365,1366,166,1,2024-11-06,230.15,completado
16366,1367,167,2,2024-11-13,407.47,completado
16367,1368,168,3,2024-11-20,442.0,cancelado
16368,1369,169,4,2024-11-27,457.57,cancelado
16369,1370,170,5,2024-12-04,139.52,devuelto
16370,1371,171,1,2024-12-11,368.39,completado
16371,1372,172,2,2024-12-18,140.54,completado
16372,1373,173,3,2024-12-25,74.63,completado
16373,1374,174,4,2023-01-02,413.42,completado
16374,1375,175,5,2023-01-09,179.84,completado
16375,1376,176,1,2023-01-16,153.89,completado
16376,1377,177,2,2023-01-23,248.19,completado
16377,1378,178,3,2023-01-30,419.15,cancelado
16378,1379,179,4,2023-02-06,166.29,cancelado
16379,1380,180,5,2023-02-13,391.96,devuelto
16380,1381,181,1,2023-02-20,71.95,completado
16381,1382,182,2,2023-02-27,424.01,completado
16382,1383,183,3,2023-03-06,79.35,completado
16383,1384,184,4,2023-03-13,423.84,completado
16384,1385,185,5,2023-03-20,189.91,completado
16385,1386,186,1,2023-03-27,416.95,completado
16386,1387,187,2,2023-04-03,358.05,completado
16387,1388,188,3,2023-04-10,18.85,cancelado
16388,1389,189,4,2023-04-17,369.82,cancelado
16389,1390,190,5,2023-04-24,41.05,devuelto
16390,1391,191,1,2023-05-01,205.66,completado
16391,1392,192,2,2023-05-08,463.42,completado
16392,1393,193,3,2023-05-15,450.25,completado
16393,1394,194,4,2023-05-22,210.9,completado
16394,1395,195,5,2023-05-29,475.81,completado
16395,1396,196,1,2023-06-05,235.09,completado
16396,1397,197,2,2023-06-12,113.52,completado
16397,1398,198,3,2023-06-19,76.65,cancelado
16398,1399,199,4,2023-06-26,425.33,cancelado
16399,1400,200,5,2023-07-03,240.3,devuelto
16400,1401,1,1,2023-07-10,97.04,completado
16401,1402,2,2,2023-07-17,89.85,completado
16402,1403,3,3,2023-07-24,284.4,completado
16403,1404,4,4,2023-07-31,170.77,completado
16404,1405,5,5,2023-08-07,363.35,completado
16405,1406,6,1,2023-08-14,395.9,completado
16406,1407,7,2,2023-08-21,12.48,completado
16407,1408,8,3,2023-08-28,53.59,cancelado
16408,1409,9,4,2023-09-04,264.88,cancelado
16409,1410,10,5,2023-09-11,473.21,devuelto
16410,1411,11,1,2023-09-18,410.25,completado
16411,1412,12,2,2023-09-25,99.56,completado
16412,1413,13,3,2023-10-02,347.54,completado
16413,1414,14,4,2023-10-09,361.37,completado
16414,1415,15,5,2023-10-16,127.78,completado
16415,1416,16,1,2023-10-23,76.76,completado
16416,1417,17,2,2023-10-30,215.65,completado
16417,1418,18,3,2023-11-06,200.85,cancelado
16418,1419,19,4,2023-11-13,467.64,cancelado
16419,1420,20,5,2023-11-20,462.86,devuelto
16420,1421,21,1,2023-11-27,399.47,completado
16421,1422,22,2,2023-12-04,192.84,completado
16422,1423,23,3,2023-12-11,245.92,completado
16423,1424,24,4,2023-12-18,38.87,completado
16424,1425,25,5,2023-12-25,182.2,completado
16425,1426,26,1,2024-01-01,285.6,completado
16426,1427,27,2,2024-01-08,352.03,completado
16427,1428,28,3,2024-01-15,474.91,cancelado
16428,1429,29,4,2024-01-22,54.82,cancelado
16429,1430,30,5,2024-01-29,291.44,devuelto
16430,1431,31,1,2024-02-05,487.62,completado
16431,1432,32,2,2024-02-12,309.11,completado
16432,1433,33,3,2024-02-19,423.48,completado
16433,1434,34,4,2024-02-26,444.1,completado
16434,1435,35,5,2024-03-04,63.51,completado
16435,1436,36,1,2024-03-11,409.98,completado
16436,1437,37,2,2024-03-18,52.23,completado
16437,1438,38,3,2024-03-25,101.11,cancelado
16438,1439,39,4,2024-04-01,49.63,cancelado
16439,1440,40,5,2024-04-08,441.25,devuelto
16440,1441,41,1,2024-04-15,374.5,completado
16441,1442,42,2,2024-04-22,121.43,completado
16442,1443,43,3,2024-04-29,410.3,completado
16443,1444,44,4,2024-05-06,399.03,completado
16444,1445,45,5,2024-05-13,36.09,completado
16445,1446,46,1,2024-05-20,289.06,completado
16446,1447,47,2,2024-05-27,107.81,completado
16447,1448,48,3,2024-06-03,26.09,cancelado
16448,1449,49,4,2024-06-10,44.73,cancelado
16449,1450,50,5,2024-06-17,220.79,devuelto
16450,1451,51,1,2024-06-24,163.82,completado
16451,1452,52,2,2024-07-01,17.21,completado
16452,1453,53,3,2024-07-08,478.92,completado
16453,1454,54,4,2024-07-15,135.65,completado
16454,1455,55,5,2024-07-22,353.32,completado
16455,1456,56,1,2024-07-29,494.11,completado
16456,1457,57,2,2024-08-05,52.45,completado
16457,1458,58,3,2024-08-12,257.05,cancelado
16458,1459,59,4,2024-08-19,394.75,cancelado
16459,1460,60,5,2024-08-26,285.27,devuelto
16460,1461,61,1,2024-09-02,170.34,completado
16461,1462,62,2,2024-09-09,153.59,completado
16462,1463,63,3,2024-09-16,407.26,completado
16463,1464,64,4,2024-09-23,79.02,completado
16464,1465,65,5,2024-09-30,288.07,completado
16465,1466,66,1,2024-10-07,239.48,completado
16466,1467,67,2,2024-10-14,300.62,completado
16467,1468,68,3,2024-10-21,290.81,cancelado
16468,1469,69,4,2024-10-28,433.95,cancelado
16469,1470,70,5,2024-11-04,211.94,devuelto
16470,1471,71,1,2024-11-11,74.44,completado
16471,1472,72,2,2024-11-18,135.97,completado
16472,1473,73,3,2024-11-25,478.71,completado
16473,1474,74,4,2024-12-02,385.34,completado
16474,1475,75,5,2024-12-09,212.58,completado
16475,1476,76,1,2024-12-16,369.02,completado
16476,1477,77,2,2024-12-23,480.07,completado
16477,1478,78,3,2024-12-30,398.59,cancelado
16478,1479,79,4,2023-01-07,262.19,cancelado
16479,1480,80,5,2023-01-14,79.21,devuelto
16480,1481,81,1,2023-01-21,242.33,completado
16481,1482,82,2,2023-01-28,404.34,completado
16482,1483,83,3,2023-02-04,407.36,completado
16483,1484,84,4,2023-02-11,50.49,completado
16484,1485,85,5,2023-02-18,451.83,completado
16485,1486,86,1,2023-02-25,365.42,completado
16486,1487,87,2,2023-03-04,44.65,completado
16487,1488,88,3,2023-03-11,136.33,cancelado
16488,1489,89,4,2023-03-18,32.25,cancelado
16489,1490,90,5,2023-03-25,182.38,devuelto
16490,1491,91,1,2023-04-01,285.13,completado
16491,1492,92,2,2023-04-08,309.28,completado
16492,1493,93,3,2023-04-15,118.67,completado
16493,1494,94,4,2023-04-22,99.76,completado
16494,1495,95,5,2023-04-29,239.45,completado
16495,1496,96,1,2023-05-06,155.42,completado
16496,1497,97,2,2023-05-13,485.7,completado
16497,1498,98,3,2023-05-20,394.0,cancelado
16498,1499,99,4,2023-05-27,366.9,cancelado
16499,1500,100,5,2023-06-03,224.55,devuelto
16500,1501,101,1,2023-06-10,266.77,completado
16501,1502,102,2,2023-06-17,441.84,completado
16502,1503,103,3,2023-06-24,128.56,completado
16503,1504,104,4,2023-07-01,436.96,completado
16504,1505,105,5,2023-07-08,84.18,completado
16505,1506,106,1,2023-07-15,269.67,completado
16506,1507,107,2,2023-07-22,208.76,completado
16507,1508,108,3,2023-07-29,143.77,cancelado
16508,1509,109,4,2023-08-05,277.38,cancelado
16509,1510,110,5,2023-08-12,29.07,devuelto
16510,1511,111,1,2023-08-19,220.34,completado
16511,1512,112,2,2023-08-26,104.94,completado
16512,1513,113,3,2023-09-02,278.5,completado
16513,1514,114,4,2023-09-09,494.97,completado
16514,1515,115,5,2023-09-16,498.26,completado
16515,1516,116,1,2023-09-23,446.59,completado
16516,1517,117,2,2023-09-30,466.16,completado
16517,1518,118,3,2023-10-07,256.66,cancelado
16518,1519,119,4,2023-10-14,278.11,cancelado
16519,1520,120,5,2023-10-21,484.16,devuelto
16520,1521,121,1,2023-10-28,165.78,completado
16521,1522,122,2,2023-11-04,121.65,completado
16522,1523,123,3,2023-11-11,461.36,completado
16523,1524,124,4,2023-11-18,400.92,completado
16524,1525,125,5,2023-11-25,319.0,completado
16525,1526,126,1,2023-12-02,426.41,completado
16526,1527,127,2,2023-12-09,208.89,completado
16527,1528,128,3,2023-12-16,77.57,cancelado
16528,1529,129,4,2023-12-23,33.24,cancelado
16529,1530,130,5,2023-12-30,173.66,devuelto
16530,1531,131,1,2024-01-06,228.3,completado
16531,1532,132,2,2024-01-13,227.72,completado
16532,1533,133,3,2024-01-20,145.58,completado
16533,1534,134,4,2024-01-27,34.56,completado
16534,1535,135,5,2024-02-03,186.45,completado
16535,1536,136,1,2024-02-10,313.74,completado
16536,1537,137,2,2024-02-17,182.7,completado
16537,1538,138,3,2024-02-24,188.47,cancelado
16538,1539,139,4,2024-03-02,204.56,cancelado
16539,1540,140,5,2024-03-09,110.94,devuelto
16540,1541,141,1,2024-03-16,99.56,completado
16541,1542,142,2,2024-03-23,414.08,completado
16542,1543,143,3,2024-03-30,301.09,completado
16543,1544,144,4,2024-04-06,275.01,completado
16544,1545,145,5,2024-04-13,173.32,completado
16545,1546,146,1,2024-04-20,385.17,completado
16546,1547,147,2,2024-04-27,62.5,completado
16547,1548,148,3,2024-05-04,251.76,cancelado
16548,1549,149,4,2024-05-11,352.92,cancelado
16549,1550,150,5,2024-05-18,368.0,devuelto
16550,1551,151,1,2024-05-25,336.38,completado
16551,1552,152,2,2024-06-01,304.04,completado
16552,1553,153,3,2024-06-08,445.85,completado
16553,1554,154,4,2024-06-15,58.87,completado
16554,1555,155,5,2024-06-22,50.83,completado
16555,1556,156,1,2024-06-29,59.06,completado
16556,1557,157,2,2024-07-06,391.67,completado
16557,1558,158,3,2024-07-13,471.29,cancelado
16558,1559,159,4,2024-07-20,56.43,cancelado
16559,1560,160,5,2024-07-27,493.28,devuelto
16560,1561,161,1,2024-08-03,19.36,completado
16561,1562,162,2,2024-08-10,170.98,completado
16562,1563,163,3,2024-08-17,154.52,completado
16563,1564,164,4,2024-08-24,471.79,completado
16564,1565,165,5,2024-08-31,344.17,completado
16565,1566,166,1,2024-09-07,36.45,completado
16566,1567,167,2,2024-09-14,354.32,completado
16567,1568,168,3,2024-09-21,92.41,cancelado
16568,1569,169,4,2024-09-28,21.66,cancelado
16569,1570,170,5,2024-10-05,361.37,devuelto
16570,1571,171,1,2024-10-12,191.77,completado
16571,1572,172,2,2024-10-19,124.57,completado
16572,1573,173,3,2024-10-26,410.61,completado
16573,1574,174,4,2024-11-02,466.76,completado
16574,1575,175,5,2024-11-09,352.33,completado
16575,1576,176,1,2024-11-16,50.75,completado
16576,1577,177,2,2024-11-23,96.79,completado
16577,1578,178,3,2024-11-30,10.32,cancelado
16578,1579,179,4,2024-12-07,50.52,cancelado
16579,1580,180,5,2024-12-14,76.26,devuelto
16580,1581,181,1,2024-12-21,224.49,completado
16581,1582,182,2,2024-12-28,163.74,completado
16582,1583,183,3,2023-01-05,399.0,completado
16583,1584,184,4,2023-01-12,287.29,completado
16584,1585,185,5,2023-01-19,437.24,completado
16585,1586,186,1,2023-01-26,39.17,completado
16586,1587,187,2,2023-02-02,87.38,completado
16587,1588,188,3,2023-02-09,214.66,cancelado
16588,1589,189,4,2023-02-16,408.1,cancelado
16589,1590,190,5,2023-02-23,460.3,devuelto
16590,1591,191,1,2023-03-02,48.68,completado
16591,1592,192,2,2023-03-09,64.39,completado
16592,1593,193,3,2023-03-16,115.15,completado
16593,1594,194,4,2023-03-23,362.54,completado
16594,1595,195,5,2023-03-30,99.72,completado
16595,1596,196,1,2023-04-06,440.47,completado
16596,1597,197,2,2023-04-13,483.64,completado
16597,1598,198,3,2023-04-20,330.79,cancelado
16598,1599,199,4,2023-04-27,346.33,cancelado
16599,1600,200,5,2023-05-04,137.22,devuelto
16600,1601,1,1,2023-05-11,320.52,completado
16601,1602,2,2,2023-05-18,312.64,completado
16602,1603,3,3,2023-05-25,25.68,completado
16603,1604,4,4,2023-06-01,148.43,completado
16604,1605,5,5,2023-06-08,478.37,completado
16605,1606,6,1,2023-06-15,251.23,completado
16606,1607,7,2,2023-06-22,384.84,completado
16607,1608,8,3,2023-06-29,355.05,cancelado
16608,1609,9,4,2023-07-06,423.82,cancelado
16609,1610,10,5,2023-07-13,237.21,devuelto
16610,1611,11,1,2023-07-20,279.86,completado
16611,1612,12,2,2023-07-27,466.07,completado
16612,1613,13,3,2023-08-03,357.07,completado
16613,1614,14,4,2023-08-10,299.04,completado
16614,1615,15,5,2023-08-17,189.42,completado
16615,1616,16,1,2023-08-24,23.74,completado
16616,1617,17,2,2023-08-31,122.99,completado
16617,1618,18,3,2023-09-07,377.99,cancelado
16618,1619,19,4,2023-09-14,42.22,cancelado
16619,1620,20,5,2023-09-21,14.76,devuelto
16620,1621,21,1,2023-09-28,202.41,completado
16621,1622,22,2,2023-10-05,479.12,completado
16622,1623,23,3,2023-10-12,314.8,completado
16623,1624,24,4,2023-10-19,485.22,completado
16624,1625,25,5,2023-10-26,388.7,completado
16625,1626,26,1,2023-11-02,15.98,completado
16626,1627,27,2,2023-11-09,348.11,completado
16627,1628,28,3,2023-11-16,293.7,cancelado
16628,1629,29,4,2023-11-23,11.47,cancelado
16629,1630,30,5,2023-11-30,180.62,devuelto
16630,1631,31,1,2023-12-07,469.47,completado
16631,1632,32,2,2023-12-14,440.36,completado
16632,1633,33,3,2023-12-21,219.92,completado
16633,1634,34,4,2023-12-28,258.18,completado
16634,1635,35,5,2024-01-04,352.38,completado
16635,1636,36,1,2024-01-11,382.56,completado
16636,1637,37,2,2024-01-18,41.56,completado
16637,1638,38,3,2024-01-25,275.95,cancelado
16638,1639,39,4,2024-02-01,317.16,cancelado
16639,1640,40,5,2024-02-08,455.83,devuelto
16640,1641,41,1,2024-02-15,478.15,completado
16641,1642,42,2,2024-02-22,495.34,completado
16642,1643,43,3,2024-02-29,175.04,completado
16643,1644,44,4,2024-03-07,311.53,completado
16644,1645,45,5,2024-03-14,447.03,completado
16645,1646,46,1,2024-03-21,480.32,completado
16646,1647,47,2,2024-03-28,186.0,completado
16647,1648,48,3,2024-04-04,382.38,cancelado
16648,1649,49,4,2024-04-11,129.38,cancelado
16649,1650,50,5,2024-04-18,193.16,devuelto
16650,1651,51,1,2024-04-25,287.87,completado
16651,1652,52,2,2024-05-02,81.79,completado
16652,1653,53,3,2024-05-09,187.06,completado
16653,1654,54,4,2024-05-16,44.62,completado
16654,1655,55,5,2024-05-23,39.07,completado
16655,1656,56,1,2024-05-30,482.24,completado
16656,1657,57,2,2024-06-06,289.0,completado
16657,1658,58,3,2024-06-13,293.03,cancelado
16658,1659,59,4,2024-06-20,325.62,cancelado
16659,1660,60,5,2024-06-27,204.91,devuelto
16660,1661,61,1,2024-07-04,219.95,completado
16661,1662,62,2,2024-07-11,457.86,completado
16662,1663,63,3,2024-07-18,413.88,completado
16663,1664,64,4,2024-07-25,38.81,completado
16664,1665,65,5,2024-08-01,277.9,completado
16665,1666,66,1,2024-08-08,361.39,completado
16666,1667,67,2,2024-08-15,243.98,completado
16667,1668,68,3,2024-08-22,31.6,cancelado
16668,1669,69,4,2024-08-29,350.77,cancelado
16669,1670,70,5,2024-09-05,128.4,devuelto
16670,1671,71,1,2024-09-12,244.7,completado
16671,1672,72,2,2024-09-19,140.86,completado
16672,1673,73,3,2024-09-26,343.31,completado
16673,1674,74,4,2024-10-03,361.16,completado
16674,1675,75,5,2024-10-10,478.64,completado
16675,1676,76,1,2024-10-17,334.48,completado
16676,1677,77,2,2024-10-24,289.44,completado
16677,1678,78,3,2024-10-31,151.6,cancelado
16678,1679,79,4,2024-11-07,294.72,cancelado
16679,1680,80,5,2024-11-14,481.96,devuelto
16680,1681,81,1,2024-11-21,193.73,completado
16681,1682,82,2,2024-11-28,120.26,completado
16682,1683,83,3,2024-12-05,11.36,completado
16683,1684,84,4,2024-12-12,250.48,completado
16684,1685,85,5,2024-12-19,194.72,completado
16685,1686,86,1,2024-12-26,425.55,completado
16686,1687,87,2,2023-01-03,87.02,completado
16687,1688,88,3,2023-01-10,170.76,cancelado
16688,1689,89,4,2023-01-17,116.8,cancelado
16689,1690,90,5,2023-01-24,320.11,devuelto
16690,1691,91,1,2023-01-31,415.94,completado
16691,1692,92,2,2023-02-07,45.71,completado
16692,1693,93,3,2023-02-14,114.13,completado
16693,1694,94,4,2023-02-21,195.95,completado
16694,1695,95,5,2023-02-28,135.0,completado
16695,1696,96,1,2023-03-07,450.43,completado
16696,1697,97,2,2023-03-14,99.99,completado
16697,1698,98,3,2023-03-21,61.83,cancelado
16698,1699,99,4,2023-03-28,273.25,cancelado
16699,1700,100,5,2023-04-04,100.05,devuelto
16700,1701,101,1,2023-04-11,39.96,completado
16701,1702,102,2,2023-04-18,101.52,completado
16702,1703,103,3,2023-04-25,474.04,completado
16703,1704,104,4,2023-05-02,354.2,completado
16704,1705,105,5,2023-05-09,83.23,completado
16705,1706,106,1,2023-05-16,396.75,completado
16706,1707,107,2,2023-05-23,160.78,completado
16707,1708,108,3,2023-05-30,429.45,cancelado
16708,1709,109,4,2023-06-06,44.17,cancelado
16709,1710,110,5,2023-06-13,371.24,devuelto
16710,1711,111,1,2023-06-20,25.65,completado
16711,1712,112,2,2023-06-27,29.52,completado
16712,1713,113,3,2023-07-04,448.56,completado
16713,1714,114,4,2023-07-11,216.66,completado
16714,1715,115,5,2023-07-18,341.62,completado
16715,1716,116,1,2023-07-25,184.52,completado
16716,1717,117,2,2023-08-01,12.75,completado
16717,1718,118,3,2023-08-08,384.51,cancelado
16718,1719,119,4,2023-08-15,275.1,cancelado
16719,1720,120,5,2023-08-22,457.63,devuelto
16720,1721,121,1,2023-08-29,260.11,completado
16721,1722,122,2,2023-09-05,129.06,completado
16722,1723,123,3,2023-09-12,84.22,completado
16723,1724,124,4,2023-09-19,452.4,completado
16724,1725,125,5,2023-09-26,53.31,completado
16725,1726,126,1,2023-10-03,202.37,completado
16726,1727,127,2,2023-10-10,117.77,completado
16727,1728,128,3,2023-10-17,76.68,cancelado
16728,1729,129,4,2023-10-24,464.48,cancelado
16729,1730,130,5,2023-10-31,147.98,devuelto
16730,1731,131,1,2023-11-07,342.39,completado
16731,1732,132,2,2023-11-14,479.27,completado
16732,1733,133,3,2023-11-21,462.53,completado
16733,1734,134,4,2023-11-28,233.7,completado
16734,1735,135,5,2023-12-05,379.58,completado
16735,1736,136,1,2023-12-12,498.05,completado
16736,1737,137,2,2023-12-19,282.68,completado
16737,1738,138,3,2023-12-26,491.19,cancelado
16738,1739,139,4,2024-01-02,231.06,cancelado
16739,1740,140,5,2024-01-09,430.03,devuelto
16740,1741,141,1,2024-01-16,431.74,completado
16741,1742,142,2,2024-01-23,52.99,completado
16742,1743,143,3,2024-01-30,300.78,completado
16743,1744,144,4,2024-02-06,300.86,completado
16744,1745,145,5,2024-02-13,217.51,completado
16745,1746,146,1,2024-02-20,92.07,completado
16746,1747,147,2,2024-02-27,32.75,completado
16747,1748,148,3,2024-03-05,477.09,cancelado
16748,1749,149,4,2024-03-12,127.73,cancelado
16749,1750,150,5,2024-03-19,338.81,devuelto
16750,1751,151,1,2024-03-26,442.33,completado
16751,1752,152,2,2024-04-02,400.7,completado
16752,1753,153,3,2024-04-09,443.52,completado
16753,1754,154,4,2024-04-16,79.32,completado
16754,1755,155,5,2024-04-23,191.32,completado
16755,1756,156,1,2024-04-30,265.12,completado
16756,1757,157,2,2024-05-07,48.09,completado
16757,1758,158,3,2024-05-14,236.35,cancelado
16758,1759,159,4,2024-05-21,237.05,cancelado
16759,1760,160,5,2024-05-28,22.09,devuelto
16760,1761,161,1,2024-06-04,301.96,completado
16761,1762,162,2,2024-06-11,10.54,completado
16762,1763,163,3,2024-06-18,228.01,completado
16763,1764,164,4,2024-06-25,54.51,completado
16764,1765,165,5,2024-07-02,178.68,completado
16765,1766,166,1,2024-07-09,89.43,completado
16766,1767,167,2,2024-07-16,359.71,completado
16767,1768,168,3,2024-07-23,279.86,cancelado
16768,1769,169,4,2024-07-30,98.66,cancelado
16769,1770,170,5,2024-08-06,221.41,devuelto
16770,1771,171,1,2024-08-13,479.14,completado
16771,1772,172,2,2024-08-20,58.5,completado
16772,1773,173,3,2024-08-27,399.68,completado
16773,1774,174,4,2024-09-03,365.52,completado
16774,1775,175,5,2024-09-10,93.75,completado
16775,1776,176,1,2024-09-17,182.76,completado
16776,1777,177,2,2024-09-24,456.09,completado
16777,1778,178,3,2024-10-01,394.98,cancelado
16778,1779,179,4,2024-10-08,265.9,cancelado
16779,1780,180,5,2024-10-15,455.83,devuelto
16780,1781,181,1,2024-10-22,364.17,completado
16781,1782,182,2,2024-10-29,346.33,completado
16782,1783,183,3,2024-11-05,287.12,completado
16783,1784,184,4,2024-11-12,222.53,completado
16784,1785,185,5,2024-11-19,388.67,completado
16785,1786,186,1,2024-11-26,256.54,completado
16786,1787,187,2,2024-12-03,113.6,completado
16787,1788,188,3,2024-12-10,192.0,cancelado
16788,1789,189,4,2024-12-17,279.62,cancelado
16789,1790,190,5,2024-12-24,49.96,devuelto
16790,1791,191,1,2023-01-01,298.39,completado
16791,1792,192,2,2023-01-08,163.34,completado
16792,1793,193,3,2023-01-15,377.32,completado
16793,1794,194,4,2023-01-22,348.23,completado
16794,1795,195,5,2023-01-29,240.52,completado
16795,1796,196,1,2023-02-05,354.95,completado
16796,1797,197,2,2023-02-12,56.16,completado
16797,1798,198,3,2023-02-19,282.45,cancelado
16798,1799,199,4,2023-02-26,31.78,cancelado
16799,1800,200,5,2023-03-05,34.67,devuelto
16800,1801,1,1,2023-03-12,496.28,completado
16801,1802,2,2,2023-03-19,176.44,completado
16802,1803,3,3,2023-03-26,125.8,completado
16803,1804,4,4,2023-04-02,272.14,completado
16804,1805,5,5,2023-04-09,406.06,completado
16805,1806,6,1,2023-04-16,305.9,completado
16806,1807,7,2,2023-04-23,115.81,completado
16807,1808,8,3,2023-04-30,278.27,cancelado
16808,1809,9,4,2023-05-07,193.96,cancelado
16809,1810,10,5,2023-05-14,471.88,devuelto
16810,1811,11,1,2023-05-21,259.17,completado
16811,1812,12,2,2023-05-28,295.12,completado
16812,1813,13,3,2023-06-04,450.62,completado
16813,1814,14,4,2023-06-11,403.82,completado
16814,1815,15,5,2023-06-18,145.29,completado
16815,1816,16,1,2023-06-25,481.11,completado
16816,1817,17,2,2023-07-02,162.39,completado
16817,1818,18,3,2023-07-09,36.18,cancelado
16818,1819,19,4,2023-07-16,57.03,cancelado
16819,1820,20,5,2023-07-23,261.82,devuelto
16820,1821,21,1,2023-07-30,92.38,completado
16821,1822,22,2,2023-08-06,379.46,completado
16822,1823,23,3,2023-08-13,89.63,completado
16823,1824,24,4,2023-08-20,36.45,completado
16824,1825,25,5,2023-08-27,280.09,completado
16825,1826,26,1,2023-09-03,311.37,completado
16826,1827,27,2,2023-09-10,272.96,completado
16827,1828,28,3,2023-09-17,316.38,cancelado
16828,1829,29,4,2023-09-24,420.95,cancelado
16829,1830,30,5,2023-10-01,122.03,devuelto
16830,1831,31,1,2023-10-08,334.62,completado
16831,1832,32,2,2023-10-15,86.19,completado
16832,1833,33,3,2023-10-22,133.46,completado
16833,1834,34,4,2023-10-29,145.94,completado
16834,1835,35,5,2023-11-05,248.76,completado
16835,1836,36,1,2023-11-12,146.59,completado
16836,1837,37,2,2023-11-19,113.6,completado
16837,1838,38,3,2023-11-26,74.52,cancelado
16838,1839,39,4,2023-12-03,377.16,cancelado
16839,1840,40,5,2023-12-10,267.2,devuelto
16840,1841,41,1,2023-12-17,63.76,completado
16841,1842,42,2,2023-12-24,216.52,completado
16842,1843,43,3,2023-12-31,477.21,completado
16843,1844,44,4,2024-01-07,186.35,completado
16844,1845,45,5,2024-01-14,305.2,completado
16845,1846,46,1,2024-01-21,106.18,completado
16846,1847,47,2,2024-01-28,15.0,completado
16847,1848,48,3,2024-02-04,72.0,cancelado
16848,1849,49,4,2024-02-11,317.38,cancelado
16849,1850,50,5,2024-02-18,16.39,devuelto
16850,1851,51,1,2024-02-25,27.7,completado
16851,1852,52,2,2024-03-03,111.85,completado
16852,1853,53,3,2024-03-10,34.85,completado
16853,1854,54,4,2024-03-17,469.18,completado
16854,1855,55,5,2024-03-24,350.98,completado
16855,1856,56,1,2024-03-31,117.32,completado
16856,1857,57,2,2024-04-07,74.29,completado
16857,1858,58,3,2024-04-14,361.3,cancelado
16858,1859,59,4,2024-04-21,254.03,cancelado
16859,1860,60,5,2024-04-28,426.74,devuelto
16860,1861,61,1,2024-05-05,72.32,completado
16861,1862,62,2,2024-05-12,439.15,completado
16862,1863,63,3,2024-05-19,129.41,completado
16863,1864,64,4,2024-05-26,361.75,completado
16864,1865,65,5,2024-06-02,30.3,completado
16865,1866,66,1,2024-06-09,390.65,completado
16866,1867,67,2,2024-06-16,74.01,completado
16867,1868,68,3,2024-06-23,55.83,cancelado
16868,1869,69,4,2024-06-30,174.38,cancelado
16869,1870,70,5,2024-07-07,33.05,devuelto
16870,1871,71,1,2024-07-14,134.2,completado
16871,1872,72,2,2024-07-21,106.55,completado
16872,1873,73,3,2024-07-28,344.27,completado
16873,1874,74,4,2024-08-04,414.19,completado
16874,1875,75,5,2024-08-11,178.77,completado
16875,1876,76,1,2024-08-18,398.59,completado
16876,1877,77,2,2024-08-25,123.1,completado
16877,1878,78,3,2024-09-01,415.81,cancelado
16878,1879,79,4,2024-09-08,233.89,cancelado
16879,1880,80,5,2024-09-15,184.37,devuelto
16880,1881,81,1,2024-09-22,452.52,completado
16881,1882,82,2,2024-09-29,57.02,completado
16882,1883,83,3,2024-10-06,273.26,completado
16883,1884,84,4,2024-10-13,74.69,completado
16884,1885,85,5,2024-10-20,44.81,completado
16885,1886,86,1,2024-10-27,21.23,completado
16886,1887,87,2,2024-11-03,89.33,completado
16887,1888,88,3,2024-11-10,303.13,cancelado
16888,1889,89,4,2024-11-17,213.7,cancelado
16889,1890,90,5,2024-11-24,442.9,devuelto
16890,1891,91,1,2024-12-01,346.04,completado
16891,1892,92,2,2024-12-08,373.73,completado
16892,1893,93,3,2024-12-15,240.14,completado
16893,1894,94,4,2024-12-22,195.28,completado
16894,1895,95,5,2024-12-29,307.98,completado
16895,1896,96,1,2023-01-06,431.69,completado
16896,1897,97,2,2023-01-13,87.97,completado
16897,1898,98,3,2023-01-20,377.05,cancelado
16898,1899,99,4,2023-01-27,270.13,cancelado
16899,1900,100,5,2023-02-03,68.47,devuelto
16900,1901,101,1,2023-02-10,394.73,completado
16901,1902,102,2,2023-02-17,139.2,completado
16902,1903,103,3,2023-02-24,422.65,completado
16903,1904,104,4,2023-03-03,373.52,completado
16904,1905,105,5,2023-03-10,412.38,completado
16905,1906,106,1,2023-03-17,42.77,completado
16906,1907,107,2,2023-03-24,199.68,completado
16907,1908,108,3,2023-03-31,89.48,cancelado
16908,1909,109,4,2023-04-07,288.07,cancelado
16909,1910,110,5,2023-04-14,402.71,devuelto
16910,1911,111,1,2023-04-21,109.48,completado
16911,1912,112,2,2023-04-28,68.07,completado
16912,1913,113,3,2023-05-05,248.56,completado
16913,1914,114,4,2023-05-12,255.53,completado
16914,1915,115,5,2023-05-19,189.78,completado
16915,1916,116,1,2023-05-26,283.02,completado
16916,1917,117,2,2023-06-02,190.6,completado
16917,1918,118,3,2023-06-09,422.21,cancelado
16918,1919,119,4,2023-06-16,422.3,cancelado
16919,1920,120,5,2023-06-23,454.63,devuelto
16920,1921,121,1,2023-06-30,235.65,completado
16921,1922,122,2,2023-07-07,379.04,completado
16922,1923,123,3,2023-07-14,446.55,completado
16923,1924,124,4,2023-07-21,197.75,completado
16924,1925,125,5,2023-07-28,353.21,completado
16925,1926,126,1,2023-08-04,465.63,completado
16926,1927,127,2,2023-08-11,51.22,completado
16927,1928,128,3,2023-08-18,260.95,cancelado
16928,1929,129,4,2023-08-25,202.92,cancelado
16929,1930,130,5,2023-09-01,187.22,devuelto
16930,1931,131,1,2023-09-08,158.57,completado
16931,1932,132,2,2023-09-15,150.6,completado
16932,1933,133,3,2023-09-22,383.9,completado
16933,1934,134,4,2023-09-29,134.82,completado
16934,1935,135,5,2023-10-06,331.45,completado
16935,1936,136,1,2023-10-13,226.08,completado
16936,1937,137,2,2023-10-20,221.43,completado
16937,1938,138,3,2023-10-27,490.05,cancelado
16938,1939,139,4,2023-11-03,345.58,cancelado
16939,1940,140,5,2023-11-10,306.28,devuelto
16940,1941,141,1,2023-11-17,102.4,completado
16941,1942,142,2,2023-11-24,120.11,completado
16942,1943,143,3,2023-12-01,214.25,completado
16943,1944,144,4,2023-12-08,14.18,completado
16944,1945,145,5,2023-12-15,327.14,completado
16945,1946,146,1,2023-12-22,194.7,completado
16946,1947,147,2,2023-12-29,232.27,completado
16947,1948,148,3,2024-01-05,73.44,cancelado
16948,1949,149,4,2024-01-12,92.78,cancelado
16949,1950,150,5,2024-01-19,76.0,devuelto
16950,1951,151,1,2024-01-26,442.21,completado
16951,1952,152,2,2024-02-02,67.56,completado
16952,1953,153,3,2024-02-09,154.8,completado
16953,1954,154,4,2024-02-16,81.96,completado
16954,1955,155,5,2024-02-23,116.06,completado
16955,1956,156,1,2024-03-01,211.36,completado
16956,1957,157,2,2024-03-08,77.35,completado
16957,1958,158,3,2024-03-15,416.09,cancelado
16958,1959,159,4,2024-03-22,178.33,cancelado
16959,1960,160,5,2024-03-29,330.73,devuelto
16960,1961,161,1,2024-04-05,350.76,completado
16961,1962,162,2,2024-04-12,140.61,completado
16962,1963,163,3,2024-04-19,84.14,completado
16963,1964,164,4,2024-04-26,342.8,completado
16964,1965,165,5,2024-05-03,426.57,completado
16965,1966,166,1,2024-05-10,321.75,completado
16966,1967,167,2,2024-05-17,477.93,completado
16967,1968,168,3,2024-05-24,271.56,cancelado
16968,1969,169,4,2024-05-31,251.57,cancelado
16969,1970,170,5,2024-06-07,493.3,devuelto
16970,1971,171,1,2024-06-14,475.68,completado
16971,1972,172,2,2024-06-21,312.67,completado
16972,1973,173,3,2024-06-28,372.55,completado
16973,1974,174,4,2024-07-05,465.85,completado
16974,1975,175,5,2024-07-12,82.28,completado
16975,1976,176,1,2024-07-19,127.65,completado
16976,1977,177,2,2024-07-26,162.46,completado
16977,1978,178,3,2024-08-02,412.12,cancelado
16978,1979,179,4,2024-08-09,51.47,cancelado
16979,1980,180,5,2024-08-16,304.38,devuelto
16980,1981,181,1,2024-08-23,344.52,completado
16981,1982,182,2,2024-08-30,139.2,completado
16982,1983,183,3,2024-09-06,108.5,completado
16983,1984,184,4,2024-09-13,176.03,completado
16984,1985,185,5,2024-09-20,127.32,completado
16985,1986,186,1,2024-09-27,75.65,completado
16986,1987,187,2,2024-10-04,483.19,completado
16987,1988,188,3,2024-10-11,494.77,cancelado
16988,1989,189,4,2024-10-18,474.15,cancelado
16989,1990,190,5,2024-10-25,487.31,devuelto
16990,1991,191,1,2024-11-01,101.46,completado
16991,1992,192,2,2024-11-08,189.16,completado
16992,1993,193,3,2024-11-15,38.23,completado
16993,1994,194,4,2024-11-22,270.5,completado
16994,1995,195,5,2024-11-29,120.21,completado
16995,1996,196,1,2024-12-06,137.76,completado
16996,1997,197,2,2024-12-13,109.13,completado
16997,1998,198,3,2024-12-20,409.47,cancelado
16998,1999,199,4,2024-12-27,406.37,cancelado
16999,2000,200,5,2023-01-04,128.03,devuelto
17000,2001,1,1,2023-01-11,48.56,completado
17001,2002,2,2,2023-01-18,418.88,completado
17002,2003,3,3,2023-01-25,425.69,completado
17003,2004,4,4,2023-02-01,269.21,completado
17004,2005,5,5,2023-02-08,208.78,completado
17005,2006,6,1,2023-02-15,193.19,completado
17006,2007,7,2,2023-02-22,362.2,completado
17007,2008,8,3,2023-03-01,191.2,cancelado
17008,2009,9,4,2023-03-08,238.78,cancelado
17009,2010,10,5,2023-03-15,366.6,devuelto
17010,2011,11,1,2023-03-22,458.91,completado
17011,2012,12,2,2023-03-29,286.22,completado
17012,2013,13,3,2023-04-05,141.6,completado
17013,2014,14,4,2023-04-12,172.1,completado
17014,2015,15,5,2023-04-19,232.23,completado
17015,2016,16,1,2023-04-26,297.54,completado
17016,2017,17,2,2023-05-03,448.51,completado
17017,2018,18,3,2023-05-10,400.77,cancelado
17018,2019,19,4,2023-05-17,141.44,cancelado
17019,2020,20,5,2023-05-24,388.32,devuelto
17020,2021,21,1,2023-05-31,451.73,completado
17021,2022,22,2,2023-06-07,321.51,completado
17022,2023,23,3,2023-06-14,474.02,completado
17023,2024,24,4,2023-06-21,186.64,completado
17024,2025,25,5,2023-06-28,127.57,completado
17025,2026,26,1,2023-07-05,191.65,completado
17026,2027,27,2,2023-07-12,241.37,completado
17027,2028,28,3,2023-07-19,430.05,cancelado
17028,2029,29,4,2023-07-26,202.58,cancelado
17029,2030,30,5,2023-08-02,466.28,devuelto
17030,2031,31,1,2023-08-09,301.38,completado
17031,2032,32,2,2023-08-16,256.37,completado
17032,2033,33,3,2023-08-23,481.51,completado
17033,2034,34,4,2023-08-30,41.16,completado
17034,2035,35,5,2023-09-06,112.22,completado
17035,2036,36,1,2023-09-13,147.38,completado
17036,2037,37,2,2023-09-20,48.75,completado
17037,2038,38,3,2023-09-27,178.2,cancelado
17038,2039,39,4,2023-10-04,191.27,cancelado
17039,2040,40,5,2023-10-11,272.39,devuelto
17040,2041,41,1,2023-10-18,455.05,completado
17041,2042,42,2,2023-10-25,290.62,completado
17042,2043,43,3,2023-11-01,463.39,completado
17043,2044,44,4,2023-11-08,469.05,completado
17044,2045,45,5,2023-11-15,459.36,completado
17045,2046,46,1,2023-11-22,160.11,completado
17046,2047,47,2,2023-11-29,52.89,completado
17047,2048,48,3,2023-12-06,177.43,cancelado
17048,2049,49,4,2023-12-13,382.6,cancelado
17049,2050,50,5,2023-12-20,302.01,devuelto
17050,2051,51,1,2023-12-27,168.32,completado
17051,2052,52,2,2024-01-03,470.58,completado
17052,2053,53,3,2024-01-10,292.1,completado
17053,2054,54,4,2024-01-17,204.57,completado
17054,2055,55,5,2024-01-24,423.68,completado
17055,2056,56,1,2024-01-31,99.04,completado
17056,2057,57,2,2024-02-07,428.19,completado
17057,2058,58,3,2024-02-14,127.37,cancelado
17058,2059,59,4,2024-02-21,232.07,cancelado
17059,2060,60,5,2024-02-28,490.61,devuelto
17060,2061,61,1,2024-03-06,76.99,completado
17061,2062,62,2,2024-03-13,190.29,completado
17062,2063,63,3,2024-03-20,361.53,completado
17063,2064,64,4,2024-03-27,493.78,completado
17064,2065,65,5,2024-04-03,140.19,completado
17065,2066,66,1,2024-04-10,198.55,completado
17066,2067,67,2,2024-04-17,467.23,completado
17067,2068,68,3,2024-04-24,150.1,cancelado
17068,2069,69,4,2024-05-01,498.87,cancelado
17069,2070,70,5,2024-05-08,477.29,devuelto
17070,2071,71,1,2024-05-15,328.83,completado
17071,2072,72,2,2024-05-22,295.93,completado
17072,2073,73,3,2024-05-29,131.43,completado
17073,2074,74,4,2024-06-05,449.66,completado
17074,2075,75,5,2024-06-12,471.07,completado
17075,2076,76,1,2024-06-19,410.12,completado
17076,2077,77,2,2024-06-26,157.49,completado
17077,2078,78,3,2024-07-03,165.2,cancelado
17078,2079,79,4,2024-07-10,161.38,cancelado
17079,2080,80,5,2024-07-17,362.01,devuelto
17080,2081,81,1,2024-07-24,37.36,completado
17081,2082,82,2,2024-07-31,287.62,completado
17082,2083,83,3,2024-08-07,117.81,completado
17083,2084,84,4,2024-08-14,387.46,completado
17084,2085,85,5,2024-08-21,120.74,completado
17085,2086,86,1,2024-08-28,480.91,completado
17086,2087,87,2,2024-09-04,343.53,completado
17087,2088,88,3,2024-09-11,18.86,cancelado
17088,2089,89,4,2024-09-18,271.74,cancelado
17089,2090,90,5,2024-09-25,346.27,devuelto
17090,2091,91,1,2024-10-02,69.77,completado
17091,2092,92,2,2024-10-09,470.67,completado
17092,2093,93,3,2024-10-16,412.76,completado
17093,2094,94,4,2024-10-23,460.68,completado
17094,2095,95,5,2024-10-30,79.62,completado
17095,2096,96,1,2024-11-06,68.92,completado
17096,2097,97,2,2024-11-13,190.5,completado
17097,2098,98,3,2024-11-20,279.0,cancelado
17098,2099,99,4,2024-11-27,55.27,cancelado
17099,2100,100,5,2024-12-04,466.94,devuelto
17100,2101,101,1,2024-12-11,147.62,completado
17101,2102,102,2,2024-12-18,86.65,completado
17102,2103,103,3,2024-12-25,187.75,completado
17103,2104,104,4,2023-01-02,485.04,completado
17104,2105,105,5,2023-01-09,146.89,completado
17105,2106,106,1,2023-01-16,449.17,completado
17106,2107,107,2,2023-01-23,222.14,completado
17107,2108,108,3,2023-01-30,453.86,cancelado
17108,2109,109,4,2023-02-06,400.78,cancelado
17109,2110,110,5,2023-02-13,137.28,devuelto
17110,2111,111,1,2023-02-20,423.63,completado
17111,2112,112,2,2023-02-27,328.74,completado
17112,2113,113,3,2023-03-06,342.57,completado
17113,2114,114,4,2023-03-13,33.82,completado
17114,2115,115,5,2023-03-20,253.64,completado
17115,2116,116,1,2023-03-27,324.98,completado
17116,2117,117,2,2023-04-03,90.16,completado
17117,2118,118,3,2023-04-10,327.57,cancelado
17118,2119,119,4,2023-04-17,409.78,cancelado
17119,2120,120,5,2023-04-24,22.4,devuelto
17120,2121,121,1,2023-05-01,269.23,completado
17121,2122,122,2,2023-05-08,400.35,completado
17122,2123,123,3,2023-05-15,438.9,completado
17123,2124,124,4,2023-05-22,411.97,completado
17124,2125,125,5,2023-05-29,119.06,completado
17125,2126,126,1,2023-06-05,227.91,completado
17126,2127,127,2,2023-06-12,231.95,completado
17127,2128,128,3,2023-06-19,292.88,cancelado
17128,2129,129,4,2023-06-26,206.15,cancelado
17129,2130,130,5,2023-07-03,168.72,devuelto
17130,2131,131,1,2023-07-10,102.27,completado
17131,2132,132,2,2023-07-17,239.33,completado
17132,2133,133,3,2023-07-24,64.62,completado
17133,2134,134,4,2023-07-31,456.4,completado
17134,2135,135,5,2023-08-07,326.4,completado
17135,2136,136,1,2023-08-14,32.85,completado
17136,2137,137,2,2023-08-21,383.96,completado
17137,2138,138,3,2023-08-28,353.13,cancelado
17138,2139,139,4,2023-09-04,409.49,cancelado
17139,2140,140,5,2023-09-11,408.7,devuelto
17140,2141,141,1,2023-09-18,466.89,completado
17141,2142,142,2,2023-09-25,40.81,completado
17142,2143,143,3,2023-10-02,464.51,completado
17143,2144,144,4,2023-10-09,190.07,completado
17144,2145,145,5,2023-10-16,328.05,completado
17145,2146,146,1,2023-10-23,332.56,completado
17146,2147,147,2,2023-10-30,32.36,completado
17147,2148,148,3,2023-11-06,22.41,cancelado
17148,2149,149,4,2023-11-13,84.47,cancelado
17149,2150,150,5,2023-11-20,429.6,devuelto
17150,2151,151,1,2023-11-27,97.31,completado
17151,2152,152,2,2023-12-04,72.73,completado
17152,2153,153,3,2023-12-11,161.5,completado
17153,2154,154,4,2023-12-18,166.7,completado
17154,2155,155,5,2023-12-25,334.66,completado
17155,2156,156,1,2024-01-01,473.23,completado
17156,2157,157,2,2024-01-08,68.76,completado
17157,2158,158,3,2024-01-15,22.97,cancelado
17158,2159,159,4,2024-01-22,157.55,cancelado
17159,2160,160,5,2024-01-29,484.15,devuelto
17160,2161,161,1,2024-02-05,349.23,completado
17161,2162,162,2,2024-02-12,70.47,completado
17162,2163,163,3,2024-02-19,460.05,completado
17163,2164,164,4,2024-02-26,383.9,completado
17164,2165,165,5,2024-03-04,269.25,completado
17165,2166,166,1,2024-03-11,317.5,completado
17166,2167,167,2,2024-03-18,52.55,completado
17167,2168,168,3,2024-03-25,496.79,cancelado
17168,2169,169,4,2024-04-01,455.13,cancelado
17169,2170,170,5,2024-04-08,107.25,devuelto
17170,2171,171,1,2024-04-15,107.08,completado
17171,2172,172,2,2024-04-22,314.99,completado
17172,2173,173,3,2024-04-29,182.02,completado
17173,2174,174,4,2024-05-06,85.55,completado
17174,2175,175,5,2024-05-13,390.03,completado
17175,2176,176,1,2024-05-20,96.25,completado
17176,2177,177,2,2024-05-27,363.21,completado
17177,2178,178,3,2024-06-03,304.46,cancelado
17178,2179,179,4,2024-06-10,101.38,cancelado
17179,2180,180,5,2024-06-17,365.86,devuelto
17180,2181,181,1,2024-06-24,429.41,completado
17181,2182,182,2,2024-07-01,394.21,completado
17182,2183,183,3,2024-07-08,178.55,completado
17183,2184,184,4,2024-07-15,362.38,completado
17184,2185,185,5,2024-07-22,483.52,completado
17185,2186,186,1,2024-07-29,182.6,completado
17186,2187,187,2,2024-08-05,447.69,completado
17187,2188,188,3,2024-08-12,333.04,cancelado
17188,2189,189,4,2024-08-19,114.47,cancelado
17189,2190,190,5,2024-08-26,124.97,devuelto
17190,2191,191,1,2024-09-02,92.8,completado
17191,2192,192,2,2024-09-09,323.57,completado
17192,2193,193,3,2024-09-16,387.72,completado
17193,2194,194,4,2024-09-23,226.92,completado
17194,2195,195,5,2024-09-30,352.66,completado
17195,2196,196,1,2024-10-07,103.15,completado
17196,2197,197,2,2024-10-14,265.88,completado
17197,2198,198,3,2024-10-21,307.88,cancelado
17198,2199,199,4,2024-10-28,10.7,cancelado
17199,2200,200,5,2024-11-04,188.16,devuelto
17200,2201,1,1,2024-11-11,242.1,completado
17201,2202,2,2,2024-11-18,349.81,completado
17202,2203,3,3,2024-11-25,448.26,completado
17203,2204,4,4,2024-12-02,417.48,completado
17204,2205,5,5,2024-12-09,393.11,completado
17205,2206,6,1,2024-12-16,120.5,completado
17206,2207,7,2,2024-12-23,121.05,completado
17207,2208,8,3,2024-12-30,219.14,cancelado
17208,2209,9,4,2023-01-07,258.57,cancelado
17209,2210,10,5,2023-01-14,486.28,devuelto
17210,2211,11,1,2023-01-21,240.08,completado
17211,2212,12,2,2023-01-28,54.9,completado
17212,2213,13,3,2023-02-04,33.99,completado
17213,2214,14,4,2023-02-11,488.3,completado
17214,2215,15,5,2023-02-18,32.33,completado
17215,2216,16,1,2023-02-25,101.84,completado
17216,2217,17,2,2023-03-04,307.5,completado
17217,2218,18,3,2023-03-11,396.08,cancelado
17218,2219,19,4,2023-03-18,69.19,cancelado
17219,2220,20,5,2023-03-25,257.78,devuelto
17220,2221,21,1,2023-04-01,87.61,completado
17221,2222,22,2,2023-04-08,428.23,completado
17222,2223,23,3,2023-04-15,196.76,completado
17223,2224,24,4,2023-04-22,58.35,completado
17224,2225,25,5,2023-04-29,250.78,completado
17225,2226,26,1,2023-05-06,86.43,completado
17226,2227,27,2,2023-05-13,58.89,completado
17227,2228,28,3,2023-05-20,325.96,cancelado
17228,2229,29,4,2023-05-27,476.55,cancelado
17229,2230,30,5,2023-06-03,490.44,devuelto
17230,2231,31,1,2023-06-10,118.91,completado
17231,2232,32,2,2023-06-17,481.75,completado
17232,2233,33,3,2023-06-24,342.11,completado
17233,2234,34,4,2023-07-01,319.74,completado
17234,2235,35,5,2023-07-08,99.61,completado
17235,2236,36,1,2023-07-15,53.92,completado
17236,2237,37,2,2023-07-22,430.92,completado
17237,2238,38,3,2023-07-29,336.45,cancelado
17238,2239,39,4,2023-08-05,422.49,cancelado
17239,2240,40,5,2023-08-12,223.02,devuelto
17240,2241,41,1,2023-08-19,356.65,completado
17241,2242,42,2,2023-08-26,138.45,completado
17242,2243,43,3,2023-09-02,431.17,completado
17243,2244,44,4,2023-09-09,391.88,completado
17244,2245,45,5,2023-09-16,244.45,completado
17245,2246,46,1,2023-09-23,168.91,completado
17246,2247,47,2,2023-09-30,379.34,completado
17247,2248,48,3,2023-10-07,74.2,cancelado
17248,2249,49,4,2023-10-14,112.81,cancelado
17249,2250,50,5,2023-10-21,485.23,devuelto
17250,2251,51,1,2023-10-28,116.18,completado
17251,2252,52,2,2023-11-04,348.52,completado
17252,2253,53,3,2023-11-11,84.86,completado
17253,2254,54,4,2023-11-18,476.62,completado
17254,2255,55,5,2023-11-25,460.62,completado
17255,2256,56,1,2023-12-02,259.1,completado
17256,2257,57,2,2023-12-09,321.02,completado
17257,2258,58,3,2023-12-16,379.65,cancelado
17258,2259,59,4,2023-12-23,153.1,cancelado
17259,2260,60,5,2023-12-30,498.6,devuelto
17260,2261,61,1,2024-01-06,179.59,completado
17261,2262,62,2,2024-01-13,495.29,completado
17262,2263,63,3,2024-01-20,430.45,completado
17263,2264,64,4,2024-01-27,287.38,completado
17264,2265,65,5,2024-02-03,361.5,completado
17265,2266,66,1,2024-02-10,335.85,completado
17266,2267,67,2,2024-02-17,345.81,completado
17267,2268,68,3,2024-02-24,431.51,cancelado
17268,2269,69,4,2024-03-02,97.53,cancelado
17269,2270,70,5,2024-03-09,479.59,devuelto
17270,2271,71,1,2024-03-16,208.46,completado
17271,2272,72,2,2024-03-23,194.74,completado
17272,2273,73,3,2024-03-30,412.32,completado
17273,2274,74,4,2024-04-06,312.79,completado
17274,2275,75,5,2024-04-13,496.6,completado
17275,2276,76,1,2024-04-20,113.42,completado
17276,2277,77,2,2024-04-27,331.48,completado
17277,2278,78,3,2024-05-04,451.11,cancelado
17278,2279,79,4,2024-05-11,128.7,cancelado
17279,2280,80,5,2024-05-18,449.57,devuelto
17280,2281,81,1,2024-05-25,397.27,completado
17281,2282,82,2,2024-06-01,244.61,completado
17282,2283,83,3,2024-06-08,401.38,completado
17283,2284,84,4,2024-06-15,42.67,completado
17284,2285,85,5,2024-06-22,327.4,completado
17285,2286,86,1,2024-06-29,270.47,completado
17286,2287,87,2,2024-07-06,143.06,completado
17287,2288,88,3,2024-07-13,345.0,cancelado
17288,2289,89,4,2024-07-20,250.97,cancelado
17289,2290,90,5,2024-07-27,61.23,devuelto
17290,2291,91,1,2024-08-03,125.79,completado
17291,2292,92,2,2024-08-10,247.93,completado
17292,2293,93,3,2024-08-17,164.48,completado
17293,2294,94,4,2024-08-24,429.82,completado
17294,2295,95,5,2024-08-31,475.39,completado
17295,2296,96,1,2024-09-07,388.36,completado
17296,2297,97,2,2024-09-14,330.07,completado
17297,2298,98,3,2024-09-21,168.74,cancelado
17298,2299,99,4,2024-09-28,16.64,cancelado
17299,2300,100,5,2024-10-05,333.4,devuelto
17300,2301,101,1,2024-10-12,117.68,completado
17301,2302,102,2,2024-10-19,198.83,completado
17302,2303,103,3,2024-10-26,206.63,completado
17303,2304,104,4,2024-11-02,38.09,completado
17304,2305,105,5,2024-11-09,394.43,completado
17305,2306,106,1,2024-11-16,335.35,completado
17306,2307,107,2,2024-11-23,122.33,completado
17307,2308,108,3,2024-11-30,415.8,cancelado
17308,2309,109,4,2024-12-07,242.03,cancelado
17309,2310,110,5,2024-12-14,189.03,devuelto
17310,2311,111,1,2024-12-21,41.0,completado
17311,2312,112,2,2024-12-28,367.94,completado
17312,2313,113,3,2023-01-05,397.47,completado
17313,2314,114,4,2023-01-12,32.07,completado
17314,2315,115,5,2023-01-19,166.03,completado
17315,2316,116,1,2023-01-26,288.65,completado
17316,2317,117,2,2023-02-02,401.65,completado
17317,2318,118,3,2023-02-09,469.02,cancelado
17318,2319,119,4,2023-02-16,333.25,cancelado
17319,2320,120,5,2023-02-23,190.46,devuelto
17320,2321,121,1,2023-03-02,219.78,completado
17321,2322,122,2,2023-03-09,362.99,completado
17322,2323,123,3,2023-03-16,45.29,completado
17323,2324,124,4,2023-03-23,287.45,completado
17324,2325,125,5,2023-03-30,459.97,completado
17325,2326,126,1,2023-04-06,177.69,completado
17326,2327,127,2,2023-04-13,219.85,completado
17327,2328,128,3,2023-04-20,18.28,cancelado
17328,2329,129,4,2023-04-27,467.34,cancelado
17329,2330,130,5,2023-05-04,54.75,devuelto
17330,2331,131,1,2023-05-11,363.24,completado
17331,2332,132,2,2023-05-18,300.29,completado
17332,2333,133,3,2023-05-25,113.64,completado
17333,2334,134,4,2023-06-01,167.31,completado
17334,2335,135,5,2023-06-08,278.09,completado
17335,2336,136,1,2023-06-15,185.3,completado
17336,2337,137,2,2023-06-22,100.58,completado
17337,2338,138,3,2023-06-29,243.81,cancelado
17338,2339,139,4,2023-07-06,10.26,cancelado
17339,2340,140,5,2023-07-13,77.17,devuelto
17340,2341,141,1,2023-07-20,134.27,completado
17341,2342,142,2,2023-07-27,222.95,completado
17342,2343,143,3,2023-08-03,87.56,completado
17343,2344,144,4,2023-08-10,17.31,completado
17344,2345,145,5,2023-08-17,315.15,completado
17345,2346,146,1,2023-08-24,329.49,completado
17346,2347,147,2,2023-08-31,57.09,completado
17347,2348,148,3,2023-09-07,367.19,cancelado
17348,2349,149,4,2023-09-14,54.0,cancelado
17349,2350,150,5,2023-09-21,160.67,devuelto
17350,2351,151,1,2023-09-28,470.99,completado
17351,2352,152,2,2023-10-05,290.07,completado
17352,2353,153,3,2023-10-12,378.43,completado
17353,2354,154,4,2023-10-19,220.7,completado
17354,2355,155,5,2023-10-26,473.85,completado
17355,2356,156,1,2023-11-02,207.73,completado
17356,2357,157,2,2023-11-09,270.67,completado
17357,2358,158,3,2023-11-16,327.16,cancelado
17358,2359,159,4,2023-11-23,208.93,cancelado
17359,2360,160,5,2023-11-30,287.53,devuelto
17360,2361,161,1,2023-12-07,266.38,completado
17361,2362,162,2,2023-12-14,115.65,completado
17362,2363,163,3,2023-12-21,90.84,completado
17363,2364,164,4,2023-12-28,250.37,completado
17364,2365,165,5,2024-01-04,247.1,completado
17365,2366,166,1,2024-01-11,49.15,completado
17366,2367,167,2,2024-01-18,304.95,completado
17367,2368,168,3,2024-01-25,387.54,cancelado
17368,2369,169,4,2024-02-01,74.61,cancelado
17369,2370,170,5,2024-02-08,329.5,devuelto
17370,2371,171,1,2024-02-15,340.73,completado
17371,2372,172,2,2024-02-22,23.88,completado
17372,2373,173,3,2024-02-29,479.98,completado
17373,2374,174,4,2024-03-07,350.77,completado
17374,2375,175,5,2024-03-14,482.28,completado
17375,2376,176,1,2024-03-21,272.03,completado
17376,2377,177,2,2024-03-28,242.83,completado
17377,2378,178,3,2024-04-04,276.9,cancelado
17378,2379,179,4,2024-04-11,182.68,cancelado
17379,2380,180,5,2024-04-18,421.92,devuelto
17380,2381,181,1,2024-04-25,468.62,completado
17381,2382,182,2,2024-05-02,470.95,completado
17382,2383,183,3,2024-05-09,345.62,completado
17383,2384,184,4,2024-05-16,451.05,completado
17384,2385,185,5,2024-05-23,352.16,completado
17385,2386,186,1,2024-05-30,161.3,completado
17386,2387,187,2,2024-06-06,66.49,completado
17387,2388,188,3,2024-06-13,54.93,cancelado
17388,2389,189,4,2024-06-20,387.28,cancelado
17389,2390,190,5,2024-06-27,171.12,devuelto
17390,2391,191,1,2024-07-04,102.3,completado
17391,2392,192,2,2024-07-11,477.37,completado
17392,2393,193,3,2024-07-18,339.34,completado
17393,2394,194,4,2024-07-25,394.96,completado
17394,2395,195,5,2024-08-01,322.1,completado
17395,2396,196,1,2024-08-08,99.03,completado
17396,2397,197,2,2024-08-15,71.1,completado
17397,2398,198,3,2024-08-22,32.38,cancelado
17398,2399,199,4,2024-08-29,69.32,cancelado
17399,2400,200,5,2024-09-05,43.93,devuelto
17400,2401,1,1,2024-09-12,422.66,completado
17401,2402,2,2,2024-09-19,389.55,completado
17402,2403,3,3,2024-09-26,248.28,completado
17403,2404,4,4,2024-10-03,195.29,completado
17404,2405,5,5,2024-10-10,496.66,completado
17405,2406,6,1,2024-10-17,285.89,completado
17406,2407,7,2,2024-10-24,233.49,completado
17407,2408,8,3,2024-10-31,461.61,cancelado
17408,2409,9,4,2024-11-07,245.17,cancelado
17409,2410,10,5,2024-11-14,358.37,devuelto
17410,2411,11,1,2024-11-21,10.58,completado
17411,2412,12,2,2024-11-28,216.22,completado
17412,2413,13,3,2024-12-05,285.02,completado
17413,2414,14,4,2024-12-12,203.87,completado
17414,2415,15,5,2024-12-19,161.5,completado
17415,2416,16,1,2024-12-26,336.04,completado
17416,2417,17,2,2023-01-03,223.28,completado
17417,2418,18,3,2023-01-10,206.45,cancelado
17418,2419,19,4,2023-01-17,290.47,cancelado
17419,2420,20,5,2023-01-24,300.61,devuelto
17420,2421,21,1,2023-01-31,462.45,completado
17421,2422,22,2,2023-02-07,443.56,completado
17422,2423,23,3,2023-02-14,53.62,completado
17423,2424,24,4,2023-02-21,409.95,completado
17424,2425,25,5,2023-02-28,198.97,completado
17425,2426,26,1,2023-03-07,180.3,completado
17426,2427,27,2,2023-03-14,348.41,completado
17427,2428,28,3,2023-03-21,26.55,cancelado
17428,2429,29,4,2023-03-28,430.37,cancelado
17429,2430,30,5,2023-04-04,26.18,devuelto
17430,2431,31,1,2023-04-11,209.29,completado
17431,2432,32,2,2023-04-18,182.97,completado
17432,2433,33,3,2023-04-25,352.53,completado
17433,2434,34,4,2023-05-02,240.43,completado
17434,2435,35,5,2023-05-09,28.44,completado
17435,2436,36,1,2023-05-16,372.17,completado
17436,2437,37,2,2023-05-23,487.78,completado
17437,2438,38,3,2023-05-30,286.87,cancelado
17438,2439,39,4,2023-06-06,312.06,cancelado
17439,2440,40,5,2023-06-13,481.81,devuelto
17440,2441,41,1,2023-06-20,226.28,completado
17441,2442,42,2,2023-06-27,63.86,completado
17442,2443,43,3,2023-07-04,321.14,completado
17443,2444,44,4,2023-07-11,328.54,completado
17444,2445,45,5,2023-07-18,77.3,completado
17445,2446,46,1,2023-07-25,351.01,completado
17446,2447,47,2,2023-08-01,119.14,completado
17447,2448,48,3,2023-08-08,110.89,cancelado
17448,2449,49,4,2023-08-15,350.41,cancelado
17449,2450,50,5,2023-08-22,300.85,devuelto
17450,2451,51,1,2023-08-29,362.32,completado
17451,2452,52,2,2023-09-05,97.83,completado
17452,2453,53,3,2023-09-12,181.38,completado
17453,2454,54,4,2023-09-19,89.14,completado
17454,2455,55,5,2023-09-26,88.94,completado
17455,2456,56,1,2023-10-03,212.63,completado
17456,2457,57,2,2023-10-10,111.12,completado
17457,2458,58,3,2023-10-17,156.86,cancelado
17458,2459,59,4,2023-10-24,493.85,cancelado
17459,2460,60,5,2023-10-31,428.13,devuelto
17460,2461,61,1,2023-11-07,310.9,completado
17461,2462,62,2,2023-11-14,458.92,completado
17462,2463,63,3,2023-11-21,314.17,completado
17463,2464,64,4,2023-11-28,284.2,completado
17464,2465,65,5,2023-12-05,289.26,completado
17465,2466,66,1,2023-12-12,174.35,completado
17466,2467,67,2,2023-12-19,202.8,completado
17467,2468,68,3,2023-12-26,462.08,cancelado
17468,2469,69,4,2024-01-02,212.83,cancelado
17469,2470,70,5,2024-01-09,222.97,devuelto
17470,2471,71,1,2024-01-16,156.28,completado
17471,2472,72,2,2024-01-23,171.9,completado
17472,2473,73,3,2024-01-30,138.25,completado
17473,2474,74,4,2024-02-06,451.55,completado
17474,2475,75,5,2024-02-13,462.44,completado
17475,2476,76,1,2024-02-20,375.21,completado
17476,2477,77,2,2024-02-27,160.62,completado
17477,2478,78,3,2024-03-05,136.12,cancelado
17478,2479,79,4,2024-03-12,45.77,cancelado
17479,2480,80,5,2024-03-19,449.38,devuelto
17480,2481,81,1,2024-03-26,309.87,completado
17481,2482,82,2,2024-04-02,203.81,completado
17482,2483,83,3,2024-04-09,464.72,completado
17483,2484,84,4,2024-04-16,298.65,completado
17484,2485,85,5,2024-04-23,378.96,completado
17485,2486,86,1,2024-04-30,128.8,completado
17486,2487,87,2,2024-05-07,355.79,completado
17487,2488,88,3,2024-05-14,430.29,cancelado
17488,2489,89,4,2024-05-21,145.14,cancelado
17489,2490,90,5,2024-05-28,230.94,devuelto
17490,2491,91,1,2024-06-04,120.94,completado
17491,2492,92,2,2024-06-11,441.65,completado
17492,2493,93,3,2024-06-18,439.77,completado
17493,2494,94,4,2024-06-25,139.26,completado
17494,2495,95,5,2024-07-02,267.65,completado
17495,2496,96,1,2024-07-09,341.25,completado
17496,2497,97,2,2024-07-16,332.12,completado
17497,2498,98,3,2024-07-23,285.07,cancelado
17498,2499,99,4,2024-07-30,81.59,cancelado
17499,2500,100,5,2024-08-06,33.39,devuelto
17500,2501,101,1,2024-08-13,170.81,completado
17501,2502,102,2,2024-08-20,215.86,completado
17502,2503,103,3,2024-08-27,306.66,completado
17503,2504,104,4,2024-09-03,243.74,completado
17504,2505,105,5,2024-09-10,468.24,completado
17505,2506,106,1,2024-09-17,494.28,completado
17506,2507,107,2,2024-09-24,337.81,completado
17507,2508,108,3,2024-10-01,271.26,cancelado
17508,2509,109,4,2024-10-08,387.56,cancelado
17509,2510,110,5,2024-10-15,265.97,devuelto
17510,2511,111,1,2024-10-22,430.49,completado
17511,2512,112,2,2024-10-29,142.11,completado
17512,2513,113,3,2024-11-05,132.1,completado
17513,2514,114,4,2024-11-12,60.77,completado
17514,2515,115,5,2024-11-19,13.91,completado
17515,2516,116,1,2024-11-26,448.17,completado
17516,2517,117,2,2024-12-03,289.79,completado
17517,2518,118,3,2024-12-10,73.25,cancelado
17518,2519,119,4,2024-12-17,348.72,cancelado
17519,2520,120,5,2024-12-24,66.42,devuelto
17520,2521,121,1,2023-01-01,244.58,completado
17521,2522,122,2,2023-01-08,31.24,completado
17522,2523,123,3,2023-01-15,170.14,completado
17523,2524,124,4,2023-01-22,450.63,completado
17524,2525,125,5,2023-01-29,264.1,completado
17525,2526,126,1,2023-02-05,104.43,completado
17526,2527,127,2,2023-02-12,318.85,completado
17527,2528,128,3,2023-02-19,394.34,cancelado
17528,2529,129,4,2023-02-26,191.57,cancelado
17529,2530,130,5,2023-03-05,241.58,devuelto
17530,2531,131,1,2023-03-12,296.95,completado
17531,2532,132,2,2023-03-19,430.98,completado
17532,2533,133,3,2023-03-26,71.57,completado
17533,2534,134,4,2023-04-02,129.77,completado
17534,2535,135,5,2023-04-09,31.03,completado
17535,2536,136,1,2023-04-16,146.29,completado
17536,2537,137,2,2023-04-23,222.09,completado
17537,2538,138,3,2023-04-30,159.15,cancelado
17538,2539,139,4,2023-05-07,465.16,cancelado
17539,2540,140,5,2023-05-14,82.71,devuelto
17540,2541,141,1,2023-05-21,309.36,completado
17541,2542,142,2,2023-05-28,287.62,completado
17542,2543,143,3,2023-06-04,413.25,completado
17543,2544,144,4,2023-06-11,79.3,completado
17544,2545,145,5,2023-06-18,371.28,completado
17545,2546,146,1,2023-06-25,184.33,completado
17546,2547,147,2,2023-07-02,76.82,completado
17547,2548,148,3,2023-07-09,66.25,cancelado
17548,2549,149,4,2023-07-16,369.58,cancelado
17549,2550,150,5,2023-07-23,236.12,devuelto
17550,2551,151,1,2023-07-30,430.65,completado
17551,2552,152,2,2023-08-06,433.52,completado
17552,2553,153,3,2023-08-13,269.09,completado
17553,2554,154,4,2023-08-20,301.5,completado
17554,2555,155,5,2023-08-27,103.25,completado
17555,2556,156,1,2023-09-03,295.35,completado
17556,2557,157,2,2023-09-10,317.72,completado
17557,2558,158,3,2023-09-17,421.4,cancelado
17558,2559,159,4,2023-09-24,482.28,cancelado
17559,2560,160,5,2023-10-01,282.13,devuelto
17560,2561,161,1,2023-10-08,220.82,completado
17561,2562,162,2,2023-10-15,405.02,completado
17562,2563,163,3,2023-10-22,462.12,completado
17563,2564,164,4,2023-10-29,308.65,completado
17564,2565,165,5,2023-11-05,472.75,completado
17565,2566,166,1,2023-11-12,137.93,completado
17566,2567,167,2,2023-11-19,186.64,completado
17567,2568,168,3,2023-11-26,156.19,cancelado
17568,2569,169,4,2023-12-03,137.09,cancelado
17569,2570,170,5,2023-12-10,170.36,devuelto
17570,2571,171,1,2023-12-17,200.06,completado
17571,2572,172,2,2023-12-24,51.47,completado
17572,2573,173,3,2023-12-31,119.18,completado
17573,2574,174,4,2024-01-07,275.6,completado
17574,2575,175,5,2024-01-14,191.78,completado
17575,2576,176,1,2024-01-21,443.66,completado
17576,2577,177,2,2024-01-28,155.35,completado
17577,2578,178,3,2024-02-04,99.95,cancelado
17578,2579,179,4,2024-02-11,416.12,cancelado
17579,2580,180,5,2024-02-18,87.21,devuelto
17580,2581,181,1,2024-02-25,338.67,completado
17581,2582,182,2,2024-03-03,76.51,completado
17582,2583,183,3,2024-03-10,430.41,completado
17583,2584,184,4,2024-03-17,105.5,completado
17584,2585,185,5,2024-03-24,234.18,completado
17585,2586,186,1,2024-03-31,99.72,completado
17586,2587,187,2,2024-04-07,209.22,completado
17587,2588,188,3,2024-04-14,331.45,cancelado
17588,2589,189,4,2024-04-21,19.17,cancelado
17589,2590,190,5,2024-04-28,123.68,devuelto
17590,2591,191,1,2024-05-05,230.87,completado
17591,2592,192,2,2024-05-12,293.93,completado
17592,2593,193,3,2024-05-19,257.17,completado
17593,2594,194,4,2024-05-26,349.64,completado
17594,2595,195,5,2024-06-02,402.49,completado
17595,2596,196,1,2024-06-09,204.16,completado
17596,2597,197,2,2024-06-16,412.56,completado
17597,2598,198,3,2024-06-23,417.29,cancelado
17598,2599,199,4,2024-06-30,26.01,cancelado
17599,2600,200,5,2024-07-07,397.82,devuelto
17600,2601,1,1,2024-07-14,494.4,completado
17601,2602,2,2,2024-07-21,329.05,completado
17602,2603,3,3,2024-07-28,358.27,completado
17603,2604,4,4,2024-08-04,449.62,completado
17604,2605,5,5,2024-08-11,288.85,completado
17605,2606,6,1,2024-08-18,147.48,completado
17606,2607,7,2,2024-08-25,379.1,completado
17607,2608,8,3,2024-09-01,480.04,cancelado
17608,2609,9,4,2024-09-08,84.97,cancelado
17609,2610,10,5,2024-09-15,404.31,devuelto
17610,2611,11,1,2024-09-22,53.94,completado
17611,2612,12,2,2024-09-29,334.71,completado
17612,2613,13,3,2024-10-06,248.77,completado
17613,2614,14,4,2024-10-13,445.74,completado
17614,2615,15,5,2024-10-20,41.56,completado
17615,2616,16,1,2024-10-27,139.11,completado
17616,2617,17,2,2024-11-03,496.84,completado
17617,2618,18,3,2024-11-10,158.03,cancelado
17618,2619,19,4,2024-11-17,422.32,cancelado
17619,2620,20,5,2024-11-24,38.64,devuelto
17620,2621,21,1,2024-12-01,121.91,completado
17621,2622,22,2,2024-12-08,399.03,completado
17622,2623,23,3,2024-12-15,419.01,completado
17623,2624,24,4,2024-12-22,474.15,completado
17624,2625,25,5,2024-12-29,90.05,completado
17625,2626,26,1,2023-01-06,409.38,completado
17626,2627,27,2,2023-01-13,308.66,completado
17627,2628,28,3,2023-01-20,147.36,cancelado
17628,2629,29,4,2023-01-27,201.51,cancelado
17629,2630,30,5,2023-02-03,98.78,devuelto
17630,2631,31,1,2023-02-10,378.29,completado
17631,2632,32,2,2023-02-17,367.62,completado
17632,2633,33,3,2023-02-24,379.41,completado
17633,2634,34,4,2023-03-03,381.8,completado
17634,2635,35,5,2023-03-10,107.5,completado
17635,2636,36,1,2023-03-17,75.4,completado
17636,2637,37,2,2023-03-24,497.07,completado
17637,2638,38,3,2023-03-31,315.57,cancelado
17638,2639,39,4,2023-04-07,124.55,cancelado
17639,2640,40,5,2023-04-14,76.78,devuelto
17640,2641,41,1,2023-04-21,75.88,completado
17641,2642,42,2,2023-04-28,206.62,completado
17642,2643,43,3,2023-05-05,495.84,completado
17643,2644,44,4,2023-05-12,115.61,completado
17644,2645,45,5,2023-05-19,440.13,completado
17645,2646,46,1,2023-05-26,122.56,completado
17646,2647,47,2,2023-06-02,117.54,completado
17647,2648,48,3,2023-06-09,134.28,cancelado
17648,2649,49,4,2023-06-16,239.54,cancelado
17649,2650,50,5,2023-06-23,43.18,devuelto
17650,2651,51,1,2023-06-30,349.21,completado
17651,2652,52,2,2023-07-07,338.46,completado
17652,2653,53,3,2023-07-14,219.61,completado
17653,2654,54,4,2023-07-21,233.58,completado
17654,2655,55,5,2023-07-28,467.08,completado
17655,2656,56,1,2023-08-04,15.25,completado
17656,2657,57,2,2023-08-11,429.39,completado
17657,2658,58,3,2023-08-18,79.58,cancelado
17658,2659,59,4,2023-08-25,244.41,cancelado
17659,2660,60,5,2023-09-01,308.88,devuelto
17660,2661,61,1,2023-09-08,377.94,completado
17661,2662,62,2,2023-09-15,164.44,completado
17662,2663,63,3,2023-09-22,450.34,completado
17663,2664,64,4,2023-09-29,37.77,completado
17664,2665,65,5,2023-10-06,146.22,completado
17665,2666,66,1,2023-10-13,191.4,completado
17666,2667,67,2,2023-10-20,37.46,completado
17667,2668,68,3,2023-10-27,471.37,cancelado
17668,2669,69,4,2023-11-03,94.79,cancelado
17669,2670,70,5,2023-11-10,123.11,devuelto
17670,2671,71,1,2023-11-17,295.04,completado
17671,2672,72,2,2023-11-24,387.1,completado
17672,2673,73,3,2023-12-01,409.87,completado
17673,2674,74,4,2023-12-08,93.61,completado
17674,2675,75,5,2023-12-15,24.23,completado
17675,2676,76,1,2023-12-22,142.72,completado
17676,2677,77,2,2023-12-29,459.77,completado
17677,2678,78,3,2024-01-05,398.28,cancelado
17678,2679,79,4,2024-01-12,32.87,cancelado
17679,2680,80,5,2024-01-19,274.69,devuelto
17680,2681,81,1,2024-01-26,234.64,completado
17681,2682,82,2,2024-02-02,473.81,completado
17682,2683,83,3,2024-02-09,401.78,completado
17683,2684,84,4,2024-02-16,406.65,completado
17684,2685,85,5,2024-02-23,400.61,completado
17685,2686,86,1,2024-03-01,459.46,completado
17686,2687,87,2,2024-03-08,18.03,completado
17687,2688,88,3,2024-03-15,232.57,cancelado
17688,2689,89,4,2024-03-22,89.89,cancelado
17689,2690,90,5,2024-03-29,90.07,devuelto
17690,2691,91,1,2024-04-05,400.56,completado
17691,2692,92,2,2024-04-12,153.41,completado
17692,2693,93,3,2024-04-19,441.73,completado
17693,2694,94,4,2024-04-26,38.66,completado
17694,2695,95,5,2024-05-03,409.02,completado
17695,2696,96,1,2024-05-10,363.88,completado
17696,2697,97,2,2024-05-17,458.98,completado
17697,2698,98,3,2024-05-24,136.88,cancelado
17698,2699,99,4,2024-05-31,442.72,cancelado
17699,2700,100,5,2024-06-07,236.66,devuelto
17700,2701,101,1,2024-06-14,390.33,completado
17701,2702,102,2,2024-06-21,59.78,completado
17702,2703,103,3,2024-06-28,459.5,completado
17703,2704,104,4,2024-07-05,324.67,completado
17704,2705,105,5,2024-07-12,348.58,completado
17705,2706,106,1,2024-07-19,167.35,completado
17706,2707,107,2,2024-07-26,137.62,completado
17707,2708,108,3,2024-08-02,61.88,cancelado
17708,2709,109,4,2024-08-09,395.46,cancelado
17709,2710,110,5,2024-08-16,304.35,devuelto
17710,2711,111,1,2024-08-23,432.51,completado
17711,2712,112,2,2024-08-30,463.57,completado
17712,2713,113,3,2024-09-06,34.52,completado
17713,2714,114,4,2024-09-13,186.28,completado
17714,2715,115,5,2024-09-20,275.4,completado
17715,2716,116,1,2024-09-27,273.04,completado
17716,2717,117,2,2024-10-04,461.04,completado
17717,2718,118,3,2024-10-11,85.5,cancelado
17718,2719,119,4,2024-10-18,342.04,cancelado
17719,2720,120,5,2024-10-25,318.17,devuelto
17720,2721,121,1,2024-11-01,176.34,completado
17721,2722,122,2,2024-11-08,437.38,completado
17722,2723,123,3,2024-11-15,41.4,completado
17723,2724,124,4,2024-11-22,86.22,completado
17724,2725,125,5,2024-11-29,303.41,completado
17725,2726,126,1,2024-12-06,403.31,completado
17726,2727,127,2,2024-12-13,296.62,completado
17727,2728,128,3,2024-12-20,347.17,cancelado
17728,2729,129,4,2024-12-27,198.79,cancelado
17729,2730,130,5,2023-01-04,381.54,devuelto
17730,2731,131,1,2023-01-11,148.06,completado
17731,2732,132,2,2023-01-18,134.81,completado
17732,2733,133,3,2023-01-25,258.5,completado
17733,2734,134,4,2023-02-01,372.35,completado
17734,2735,135,5,2023-02-08,474.11,completado
17735,2736,136,1,2023-02-15,247.88,completado
17736,2737,137,2,2023-02-22,317.33,completado
17737,2738,138,3,2023-03-01,231.17,cancelado
17738,2739,139,4,2023-03-08,387.02,cancelado
17739,2740,140,5,2023-03-15,47.39,devuelto
17740,2741,141,1,2023-03-22,101.29,completado
17741,2742,142,2,2023-03-29,73.7,completado
17742,2743,143,3,2023-04-05,52.12,completado
17743,2744,144,4,2023-04-12,33.1,completado
17744,2745,145,5,2023-04-19,270.15,completado
17745,2746,146,1,2023-04-26,483.35,completado
17746,2747,147,2,2023-05-03,30.56,completado
17747,2748,148,3,2023-05-10,351.48,cancelado
17748,2749,149,4,2023-05-17,491.43,cancelado
17749,2750,150,5,2023-05-24,280.87,devuelto
17750,2751,151,1,2023-05-31,405.6,completado
17751,2752,152,2,2023-06-07,373.95,completado
17752,2753,153,3,2023-06-14,34.5,completado
17753,2754,154,4,2023-06-21,459.0,completado
17754,2755,155,5,2023-06-28,488.24,completado
17755,2756,156,1,2023-07-05,46.23,completado
17756,2757,157,2,2023-07-12,428.98,completado
17757,2758,158,3,2023-07-19,432.85,cancelado
17758,2759,159,4,2023-07-26,247.52,cancelado
17759,2760,160,5,2023-08-02,349.86,devuelto
17760,2761,161,1,2023-08-09,400.99,completado
17761,2762,162,2,2023-08-16,466.94,completado
17762,2763,163,3,2023-08-23,303.15,completado
17763,2764,164,4,2023-08-30,182.74,completado
17764,2765,165,5,2023-09-06,298.0,completado
17765,2766,166,1,2023-09-13,313.52,completado
17766,2767,167,2,2023-09-20,133.39,completado
17767,2768,168,3,2023-09-27,183.93,cancelado
17768,2769,169,4,2023-10-04,303.11,cancelado
17769,2770,170,5,2023-10-11,370.26,devuelto
17770,2771,171,1,2023-10-18,449.73,completado
17771,2772,172,2,2023-10-25,63.6,completado
17772,2773,173,3,2023-11-01,59.99,completado
17773,2774,174,4,2023-11-08,96.0,completado
17774,2775,175,5,2023-11-15,453.6,completado
17775,2776,176,1,2023-11-22,473.22,completado
17776,2777,177,2,2023-11-29,376.73,completado
17777,2778,178,3,2023-12-06,132.39,cancelado
17778,2779,179,4,2023-12-13,283.2,cancelado
17779,2780,180,5,2023-12-20,99.08,devuelto
17780,2781,181,1,2023-12-27,20.52,completado
17781,2782,182,2,2024-01-03,430.01,completado
17782,2783,183,3,2024-01-10,83.33,completado
17783,2784,184,4,2024-01-17,65.36,completado
17784,2785,185,5,2024-01-24,96.31,completado
17785,2786,186,1,2024-01-31,342.77,completado
17786,2787,187,2,2024-02-07,345.7,completado
17787,2788,188,3,2024-02-14,137.73,cancelado
17788,2789,189,4,2024-02-21,440.74,cancelado
17789,2790,190,5,2024-02-28,197.43,devuelto
17790,2791,191,1,2024-03-06,479.48,completado
17791,2792,192,2,2024-03-13,455.3,completado
17792,2793,193,3,2024-03-20,372.62,completado
17793,2794,194,4,2024-03-27,10.74,completado
17794,2795,195,5,2024-04-03,274.39,completado
17795,2796,196,1,2024-04-10,105.8,completado
17796,2797,197,2,2024-04-17,488.32,completado
17797,2798,198,3,2024-04-24,154.27,cancelado
17798,2799,199,4,2024-05-01,226.98,cancelado
17799,2800,200,5,2024-05-08,453.37,devuelto
17800,2801,1,1,2024-05-15,19.08,completado
17801,2802,2,2,2024-05-22,256.08,completado
17802,2803,3,3,2024-05-29,264.1,completado
17803,2804,4,4,2024-06-05,259.2,completado
17804,2805,5,5,2024-06-12,294.25,completado
17805,2806,6,1,2024-06-19,171.99,completado
17806,2807,7,2,2024-06-26,142.77,completado
17807,2808,8,3,2024-07-03,20.2,cancelado
17808,2809,9,4,2024-07-10,91.44,cancelado
17809,2810,10,5,2024-07-17,431.49,devuelto
17810,2811,11,1,2024-07-24,310.79,completado
17811,2812,12,2,2024-07-31,194.99,completado
17812,2813,13,3,2024-08-07,258.67,completado
17813,2814,14,4,2024-08-14,181.19,completado
17814,2815,15,5,2024-08-21,309.92,completado
17815,2816,16,1,2024-08-28,438.73,completado
17816,2817,17,2,2024-09-04,102.84,completado
17817,2818,18,3,2024-09-11,344.12,cancelado
17818,2819,19,4,2024-09-18,253.45,cancelado
17819,2820,20,5,2024-09-25,315.72,devuelto
17820,2821,21,1,2024-10-02,452.85,completado
17821,2822,22,2,2024-10-09,204.66,completado
17822,2823,23,3,2024-10-16,320.98,completado
17823,2824,24,4,2024-10-23,112.51,completado
17824,2825,25,5,2024-10-30,474.34,completado
17825,2826,26,1,2024-11-06,302.89,completado
17826,2827,27,2,2024-11-13,165.1,completado
17827,2828,28,3,2024-11-20,124.25,cancelado
17828,2829,29,4,2024-11-27,100.64,cancelado
17829,2830,30,5,2024-12-04,461.43,devuelto
17830,2831,31,1,2024-12-11,242.34,completado
17831,2832,32,2,2024-12-18,399.45,completado
17832,2833,33,3,2024-12-25,88.41,completado
17833,2834,34,4,2023-01-02,185.76,completado
17834,2835,35,5,2023-01-09,85.27,completado
17835,2836,36,1,2023-01-16,215.0,completado
17836,2837,37,2,2023-01-23,444.05,completado
17837,2838,38,3,2023-01-30,181.15,cancelado
17838,2839,39,4,2023-02-06,51.02,cancelado
17839,2840,40,5,2023-02-13,406.67,devuelto
17840,2841,41,1,2023-02-20,75.57,completado
17841,2842,42,2,2023-02-27,330.52,completado
17842,2843,43,3,2023-03-06,290.63,completado
17843,2844,44,4,2023-03-13,464.45,completado
17844,2845,45,5,2023-03-20,83.95,completado
17845,2846,46,1,2023-03-27,150.06,completado
17846,2847,47,2,2023-04-03,44.95,completado
17847,2848,48,3,2023-04-10,462.79,cancelado
17848,2849,49,4,2023-04-17,477.97,cancelado
17849,2850,50,5,2023-04-24,386.62,devuelto
17850,2851,51,1,2023-05-01,117.0,completado
17851,2852,52,2,2023-05-08,84.3,completado
17852,2853,53,3,2023-05-15,165.7,completado
17853,2854,54,4,2023-05-22,381.15,completado
17854,2855,55,5,2023-05-29,353.55,completado
17855,2856,56,1,2023-06-05,207.09,completado
17856,2857,57,2,2023-06-12,223.59,completado
17857,2858,58,3,2023-06-19,237.0,cancelado
17858,2859,59,4,2023-06-26,362.9,cancelado
17859,2860,60,5,2023-07-03,85.54,devuelto
17860,2861,61,1,2023-07-10,210.22,completado
17861,2862,62,2,2023-07-17,415.07,completado
17862,2863,63,3,2023-07-24,364.13,completado
17863,2864,64,4,2023-07-31,335.4,completado
17864,2865,65,5,2023-08-07,477.44,completado
17865,2866,66,1,2023-08-14,30.95,completado
17866,2867,67,2,2023-08-21,194.72,completado
17867,2868,68,3,2023-08-28,174.26,cancelado
17868,2869,69,4,2023-09-04,137.01,cancelado
17869,2870,70,5,2023-09-11,262.04,devuelto
17870,2871,71,1,2023-09-18,326.69,completado
17871,2872,72,2,2023-09-25,280.1,completado
17872,2873,73,3,2023-10-02,57.58,completado
17873,2874,74,4,2023-10-09,110.33,completado
17874,2875,75,5,2023-10-16,62.41,completado
17875,2876,76,1,2023-10-23,330.8,completado
17876,2877,77,2,2023-10-30,382.54,completado
17877,2878,78,3,2023-11-06,29.82,cancelado
17878,2879,79,4,2023-11-13,143.58,cancelado
17879,2880,80,5,2023-11-20,271.87,devuelto
17880,2881,81,1,2023-11-27,426.99,completado
17881,2882,82,2,2023-12-04,355.14,completado
17882,2883,83,3,2023-12-11,86.95,completado
17883,2884,84,4,2023-12-18,411.27,completado
17884,2885,85,5,2023-12-25,51.02,completado
17885,2886,86,1,2024-01-01,426.75,completado
17886,2887,87,2,2024-01-08,56.24,completado
17887,2888,88,3,2024-01-15,416.13,cancelado
17888,2889,89,4,2024-01-22,393.23,cancelado
17889,2890,90,5,2024-01-29,192.34,devuelto
17890,2891,91,1,2024-02-05,155.08,completado
17891,2892,92,2,2024-02-12,334.75,completado
17892,2893,93,3,2024-02-19,442.88,completado
17893,2894,94,4,2024-02-26,358.5,completado
17894,2895,95,5,2024-03-04,273.78,completado
17895,2896,96,1,2024-03-11,436.17,completado
17896,2897,97,2,2024-03-18,276.29,completado
17897,2898,98,3,2024-03-25,272.53,cancelado
17898,2899,99,4,2024-04-01,495.8,cancelado
17899,2900,100,5,2024-04-08,156.0,devuelto
17900,2901,101,1,2024-04-15,14.13,completado
17901,2902,102,2,2024-04-22,384.15,completado
17902,2903,103,3,2024-04-29,63.77,completado
17903,2904,104,4,2024-05-06,170.09,completado
17904,2905,105,5,2024-05-13,282.57,completado
17905,2906,106,1,2024-05-20,38.66,completado
17906,2907,107,2,2024-05-27,161.56,completado
17907,2908,108,3,2024-06-03,159.74,cancelado
17908,2909,109,4,2024-06-10,75.45,cancelado
17909,2910,110,5,2024-06-17,420.04,devuelto
17910,2911,111,1,2024-06-24,10.47,completado
17911,2912,112,2,2024-07-01,399.36,completado
17912,2913,113,3,2024-07-08,97.05,completado
17913,2914,114,4,2024-07-15,464.75,completado
17914,2915,115,5,2024-07-22,458.63,completado
17915,2916,116,1,2024-07-29,253.94,completado
17916,2917,117,2,2024-08-05,322.76,completado
17917,2918,118,3,2024-08-12,245.42,cancelado
17918,2919,119,4,2024-08-19,417.64,cancelado
17919,2920,120,5,2024-08-26,265.18,devuelto
17920,2921,121,1,2024-09-02,390.21,completado
17921,2922,122,2,2024-09-09,480.28,completado
17922,2923,123,3,2024-09-16,322.52,completado
17923,2924,124,4,2024-09-23,148.07,completado
17924,2925,125,5,2024-09-30,436.41,completado
17925,2926,126,1,2024-10-07,376.98,completado
17926,2927,127,2,2024-10-14,389.78,completado
17927,2928,128,3,2024-10-21,68.19,cancelado
17928,2929,129,4,2024-10-28,223.32,cancelado
17929,2930,130,5,2024-11-04,73.36,devuelto
17930,2931,131,1,2024-11-11,155.14,completado
17931,2932,132,2,2024-11-18,98.34,completado
17932,2933,133,3,2024-11-25,309.15,completado
17933,2934,134,4,2024-12-02,360.28,completado
17934,2935,135,5,2024-12-09,223.7,completado
17935,2936,136,1,2024-12-16,80.97,completado
17936,2937,137,2,2024-12-23,46.8,completado
17937,2938,138,3,2024-12-30,99.68,cancelado
17938,2939,139,4,2023-01-07,159.76,cancelado
17939,2940,140,5,2023-01-14,41.34,devuelto
17940,2941,141,1,2023-01-21,149.32,completado
17941,2942,142,2,2023-01-28,309.75,completado
17942,2943,143,3,2023-02-04,270.63,completado
17943,2944,144,4,2023-02-11,399.96,completado
17944,2945,145,5,2023-02-18,65.26,completado
17945,2946,146,1,2023-02-25,369.04,completado
17946,2947,147,2,2023-03-04,469.45,completado
17947,2948,148,3,2023-03-11,459.35,cancelado
17948,2949,149,4,2023-03-18,288.49,cancelado
17949,2950,150,5,2023-03-25,432.32,devuelto
17950,2951,151,1,2023-04-01,434.26,completado
17951,2952,152,2,2023-04-08,54.12,completado
17952,2953,153,3,2023-04-15,432.72,completado
17953,2954,154,4,2023-04-22,228.79,completado
17954,2955,155,5,2023-04-29,414.44,completado
17955,2956,156,1,2023-05-06,209.06,completado
17956,2957,157,2,2023-05-13,308.61,completado
17957,2958,158,3,2023-05-20,488.61,cancelado
17958,2959,159,4,2023-05-27,146.07,cancelado
17959,2960,160,5,2023-06-03,348.42,devuelto
17960,2961,161,1,2023-06-10,57.3,completado
17961,2962,162,2,2023-06-17,88.83,completado
17962,2963,163,3,2023-06-24,352.17,completado
17963,2964,164,4,2023-07-01,64.34,completado
17964,2965,165,5,2023-07-08,279.28,completado
17965,2966,166,1,2023-07-15,37.94,completado
17966,2967,167,2,2023-07-22,438.84,completado
17967,2968,168,3,2023-07-29,216.9,cancelado
17968,2969,169,4,2023-08-05,20.26,cancelado
17969,2970,170,5,2023-08-12,347.21,devuelto
17970,2971,171,1,2023-08-19,92.36,completado
17971,2972,172,2,2023-08-26,11.04,completado
17972,2973,173,3,2023-09-02,12.64,completado
17973,2974,174,4,2023-09-09,468.76,completado
17974,2975,175,5,2023-09-16,376.52,completado
17975,2976,176,1,2023-09-23,274.23,completado
17976,2977,177,2,2023-09-30,104.76,completado
17977,2978,178,3,2023-10-07,204.05,cancelado
17978,2979,179,4,2023-10-14,437.75,cancelado
17979,2980,180,5,2023-10-21,11.89,devuelto
17980,2981,181,1,2023-10-28,319.59,completado
17981,2982,182,2,2023-11-04,170.05,completado
17982,2983,183,3,2023-11-11,97.94,completado
17983,2984,184,4,2023-11-18,129.69,completado
17984,2985,185,5,2023-11-25,269.44,completado
17985,2986,186,1,2023-12-02,125.12,completado
17986,2987,187,2,2023-12-09,357.79,completado
17987,2988,188,3,2023-12-16,468.31,cancelado
17988,2989,189,4,2023-12-23,281.04,cancelado
17989,2990,190,5,2023-12-30,89.3,devuelto
17990,2991,191,1,2024-01-06,214.79,completado
17991,2992,192,2,2024-01-13,407.06,completado
17992,2993,193,3,2024-01-20,93.75,completado
17993,2994,194,4,2024-01-27,391.39,completado
17994,2995,195,5,2024-02-03,385.98,completado
17995,2996,196,1,2024-02-10,40.6,completado
17996,2997,197,2,2024-02-17,231.04,completado
17997,2998,198,3,2024-02-24,271.65,cancelado
17998,2999,199,4,2024-03-02,221.78,cancelado
17999,3000,200,5,2024-03-09,413.09,devuelto
18000,3001,1,1,2024-03-16,380.58,completado
18001,3002,2,2,2024-03-23,467.45,completado
18002,3003,3,3,2024-03-30,430.32,completado
18003,3004,4,4,2024-04-06,96.88,completado
18004,3005,5,5,2024-04-13,282.35,completado
18005,3006,6,1,2024-04-20,445.87,completado
18006,3007,7,2,2024-04-27,442.19,completado
18007,3008,8,3,2024-05-04,255.78,cancelado
18008,3009,9,4,2024-05-11,447.55,cancelado
18009,3010,10,5,2024-05-18,339.86,devuelto
18010,3011,11,1,2024-05-25,442.55,completado
18011,3012,12,2,2024-06-01,109.88,completado
18012,3013,13,3,2024-06-08,409.13,completado
18013,3014,14,4,2024-06-15,209.68,completado
18014,3015,15,5,2024-06-22,376.02,completado
18015,3016,16,1,2024-06-29,257.77,completado
18016,3017,17,2,2024-07-06,321.15,completado
18017,3018,18,3,2024-07-13,442.8,cancelado
18018,3019,19,4,2024-07-20,482.1,cancelado
18019,3020,20,5,2024-07-27,457.39,devuelto
18020,3021,21,1,2024-08-03,377.52,completado
18021,3022,22,2,2024-08-10,386.3,completado
18022,3023,23,3,2024-08-17,96.75,completado
18023,3024,24,4,2024-08-24,232.89,completado
18024,3025,25,5,2024-08-31,131.44,completado
18025,3026,26,1,2024-09-07,280.55,completado
18026,3027,27,2,2024-09-14,482.91,completado
18027,3028,28,3,2024-09-21,63.24,cancelado
18028,3029,29,4,2024-09-28,486.84,cancelado
18029,3030,30,5,2024-10-05,103.04,devuelto
18030,3031,31,1,2024-10-12,335.27,completado
18031,3032,32,2,2024-10-19,397.64,completado
18032,3033,33,3,2024-10-26,108.55,completado
18033,3034,34,4,2024-11-02,120.55,completado
18034,3035,35,5,2024-11-09,308.3,completado
18035,3036,36,1,2024-11-16,58.58,completado
18036,3037,37,2,2024-11-23,274.88,completado
18037,3038,38,3,2024-11-30,258.97,cancelado
18038,3039,39,4,2024-12-07,485.7,cancelado
18039,3040,40,5,2024-12-14,181.17,devuelto
18040,3041,41,1,2024-12-21,101.55,completado
18041,3042,42,2,2024-12-28,371.21,completado
18042,3043,43,3,2023-01-05,366.88,completado
18043,3044,44,4,2023-01-12,41.02,completado
18044,3045,45,5,2023-01-19,243.67,completado
18045,3046,46,1,2023-01-26,357.04,completado
18046,3047,47,2,2023-02-02,384.48,completado
18047,3048,48,3,2023-02-09,471.08,cancelado
18048,3049,49,4,2023-02-16,19.69,cancelado
18049,3050,50,5,2023-02-23,476.81,devuelto
18050,3051,51,1,2023-03-02,246.32,completado
18051,3052,52,2,2023-03-09,198.96,completado
18052,3053,53,3,2023-03-16,328.81,completado
18053,3054,54,4,2023-03-23,217.02,completado
18054,3055,55,5,2023-03-30,318.28,completado
18055,3056,56,1,2023-04-06,191.41,completado
18056,3057,57,2,2023-04-13,295.18,completado
18057,3058,58,3,2023-04-20,13.07,cancelado
18058,3059,59,4,2023-04-27,450.44,cancelado
18059,3060,60,5,2023-05-04,273.73,devuelto
18060,3061,61,1,2023-05-11,59.22,completado
18061,3062,62,2,2023-05-18,330.55,completado
18062,3063,63,3,2023-05-25,140.54,completado
18063,3064,64,4,2023-06-01,387.46,completado
18064,3065,65,5,2023-06-08,314.37,completado
18065,3066,66,1,2023-06-15,238.87,completado
18066,3067,67,2,2023-06-22,227.85,completado
18067,3068,68,3,2023-06-29,210.78,cancelado
18068,3069,69,4,2023-07-06,235.72,cancelado
18069,3070,70,5,2023-07-13,256.55,devuelto
18070,3071,71,1,2023-07-20,64.23,completado
18071,3072,72,2,2023-07-27,485.27,completado
18072,3073,73,3,2023-08-03,215.31,completado
18073,3074,74,4,2023-08-10,428.08,completado
18074,3075,75,5,2023-08-17,325.19,completado
18075,3076,76,1,2023-08-24,275.1,completado
18076,3077,77,2,2023-08-31,156.47,completado
18077,3078,78,3,2023-09-07,333.76,cancelado
18078,3079,79,4,2023-09-14,97.32,cancelado
18079,3080,80,5,2023-09-21,341.02,devuelto
18080,3081,81,1,2023-09-28,495.43,completado
18081,3082,82,2,2023-10-05,412.74,completado
18082,3083,83,3,2023-10-12,83.83,completado
18083,3084,84,4,2023-10-19,201.49,completado
18084,3085,85,5,2023-10-26,190.63,completado
18085,3086,86,1,2023-11-02,477.14,completado
18086,3087,87,2,2023-11-09,205.63,completado
18087,3088,88,3,2023-11-16,198.39,cancelado
18088,3089,89,4,2023-11-23,93.7,cancelado
18089,3090,90,5,2023-11-30,436.24,devuelto
18090,3091,91,1,2023-12-07,291.63,completado
18091,3092,92,2,2023-12-14,56.16,completado
18092,3093,93,3,2023-12-21,168.6,completado
18093,3094,94,4,2023-12-28,110.03,completado
18094,3095,95,5,2024-01-04,312.2,completado
18095,3096,96,1,2024-01-11,300.66,completado
18096,3097,97,2,2024-01-18,446.64,completado
18097,3098,98,3,2024-01-25,89.63,cancelado
18098,3099,99,4,2024-02-01,169.81,cancelado
18099,3100,100,5,2024-02-08,305.15,devuelto
18100,3101,101,1,2024-02-15,338.87,completado
18101,3102,102,2,2024-02-22,317.85,completado
18102,3103,103,3,2024-02-29,14.43,completado
18103,3104,104,4,2024-03-07,227.73,completado
18104,3105,105,5,2024-03-14,155.95,completado
18105,3106,106,1,2024-03-21,76.89,completado
18106,3107,107,2,2024-03-28,432.21,completado
18107,3108,108,3,2024-04-04,21.01,cancelado
18108,3109,109,4,2024-04-11,141.38,cancelado
18109,3110,110,5,2024-04-18,242.84,devuelto
18110,3111,111,1,2024-04-25,384.77,completado
18111,3112,112,2,2024-05-02,211.88,completado
18112,3113,113,3,2024-05-09,299.23,completado
18113,3114,114,4,2024-05-16,498.54,completado
18114,3115,115,5,2024-05-23,40.84,completado
18115,3116,116,1,2024-05-30,224.56,completado
18116,3117,117,2,2024-06-06,313.18,completado
18117,3118,118,3,2024-06-13,247.37,cancelado
18118,3119,119,4,2024-06-20,285.59,cancelado
18119,3120,120,5,2024-06-27,281.09,devuelto
18120,3121,121,1,2024-07-04,301.69,completado
18121,3122,122,2,2024-07-11,160.43,completado
18122,3123,123,3,2024-07-18,343.06,completado
18123,3124,124,4,2024-07-25,134.91,completado
18124,3125,125,5,2024-08-01,182.45,completado
18125,3126,126,1,2024-08-08,312.73,completado
18126,3127,127,2,2024-08-15,289.78,completado
18127,3128,128,3,2024-08-22,208.76,cancelado
18128,3129,129,4,2024-08-29,46.88,cancelado
18129,3130,130,5,2024-09-05,259.44,devuelto
18130,3131,131,1,2024-09-12,403.34,completado
18131,3132,132,2,2024-09-19,402.97,completado
18132,3133,133,3,2024-09-26,425.02,completado
18133,3134,134,4,2024-10-03,65.15,completado
18134,3135,135,5,2024-10-10,236.4,completado
18135,3136,136,1,2024-10-17,151.6,completado
18136,3137,137,2,2024-10-24,234.58,completado
18137,3138,138,3,2024-10-31,472.42,cancelado
18138,3139,139,4,2024-11-07,178.25,cancelado
18139,3140,140,5,2024-11-14,205.35,devuelto
18140,3141,141,1,2024-11-21,294.95,completado
18141,3142,142,2,2024-11-28,406.13,completado
18142,3143,143,3,2024-12-05,62.34,completado
18143,3144,144,4,2024-12-12,196.6,completado
18144,3145,145,5,2024-12-19,390.44,completado
18145,3146,146,1,2024-12-26,271.52,completado
18146,3147,147,2,2023-01-03,139.96,completado
18147,3148,148,3,2023-01-10,164.86,cancelado
18148,3149,149,4,2023-01-17,398.24,cancelado
18149,3150,150,5,2023-01-24,91.67,devuelto
18150,3151,151,1,2023-01-31,323.6,completado
18151,3152,152,2,2023-02-07,405.04,completado
18152,3153,153,3,2023-02-14,439.16,completado
18153,3154,154,4,2023-02-21,170.07,completado
18154,3155,155,5,2023-02-28,93.74,completado
18155,3156,156,1,2023-03-07,419.49,completado
18156,3157,157,2,2023-03-14,493.43,completado
18157,3158,158,3,2023-03-21,90.37,cancelado
18158,3159,159,4,2023-03-28,78.38,cancelado
18159,3160,160,5,2023-04-04,234.75,devuelto
18160,3161,161,1,2023-04-11,204.39,completado
18161,3162,162,2,2023-04-18,152.04,completado
18162,3163,163,3,2023-04-25,304.9,completado
18163,3164,164,4,2023-05-02,39.99,completado
18164,3165,165,5,2023-05-09,421.53,completado
18165,3166,166,1,2023-05-16,97.78,completado
18166,3167,167,2,2023-05-23,271.97,completado
18167,3168,168,3,2023-05-30,133.8,cancelado
18168,3169,169,4,2023-06-06,264.84,cancelado
18169,3170,170,5,2023-06-13,387.38,devuelto
18170,3171,171,1,2023-06-20,10.27,completado
18171,3172,172,2,2023-06-27,439.86,completado
18172,3173,173,3,2023-07-04,290.84,completado
18173,3174,174,4,2023-07-11,103.08,completado
18174,3175,175,5,2023-07-18,336.21,completado
18175,3176,176,1,2023-07-25,30.16,completado
18176,3177,177,2,2023-08-01,246.41,completado
18177,3178,178,3,2023-08-08,336.71,cancelado
18178,3179,179,4,2023-08-15,275.02,cancelado
18179,3180,180,5,2023-08-22,126.11,devuelto
18180,3181,181,1,2023-08-29,301.55,completado
18181,3182,182,2,2023-09-05,242.13,completado
18182,3183,183,3,2023-09-12,418.37,completado
18183,3184,184,4,2023-09-19,374.32,completado
18184,3185,185,5,2023-09-26,61.93,completado
18185,3186,186,1,2023-10-03,180.34,completado
18186,3187,187,2,2023-10-10,492.28,completado
18187,3188,188,3,2023-10-17,125.92,cancelado
18188,3189,189,4,2023-10-24,83.19,cancelado
18189,3190,190,5,2023-10-31,480.46,devuelto
18190,3191,191,1,2023-11-07,396.27,completado
18191,3192,192,2,2023-11-14,458.45,completado
18192,3193,193,3,2023-11-21,33.15,completado
18193,3194,194,4,2023-11-28,114.3,completado
18194,3195,195,5,2023-12-05,343.03,completado
18195,3196,196,1,2023-12-12,362.9,completado
18196,3197,197,2,2023-12-19,382.29,completado
18197,3198,198,3,2023-12-26,207.62,cancelado
18198,3199,199,4,2024-01-02,300.17,cancelado
18199,3200,200,5,2024-01-09,436.02,devuelto
18200,3201,1,1,2024-01-16,302.26,completado
18201,3202,2,2,2024-01-23,326.07,completado
18202,3203,3,3,2024-01-30,18.47,completado
18203,3204,4,4,2024-02-06,484.44,completado
18204,3205,5,5,2024-02-13,185.14,completado
18205,3206,6,1,2024-02-20,153.46,completado
18206,3207,7,2,2024-02-27,283.4,completado
18207,3208,8,3,2024-03-05,385.95,cancelado
18208,3209,9,4,2024-03-12,103.88,cancelado
18209,3210,10,5,2024-03-19,224.75,devuelto
18210,3211,11,1,2024-03-26,275.27,completado
18211,3212,12,2,2024-04-02,423.89,completado
18212,3213,13,3,2024-04-09,495.36,completado
18213,3214,14,4,2024-04-16,221.68,completado
18214,3215,15,5,2024-04-23,289.05,completado
18215,3216,16,1,2024-04-30,256.3,completado
18216,3217,17,2,2024-05-07,245.13,completado
18217,3218,18,3,2024-05-14,363.3,cancelado
18218,3219,19,4,2024-05-21,19.56,cancelado
18219,3220,20,5,2024-05-28,67.97,devuelto
18220,3221,21,1,2024-06-04,241.33,completado
18221,3222,22,2,2024-06-11,213.08,completado
18222,3223,23,3,2024-06-18,324.94,completado
18223,3224,24,4,2024-06-25,27.11,completado
18224,3225,25,5,2024-07-02,65.37,completado
18225,3226,26,1,2024-07-09,377.56,completado
18226,3227,27,2,2024-07-16,219.59,completado
18227,3228,28,3,2024-07-23,445.39,cancelado
18228,3229,29,4,2024-07-30,70.21,cancelado
18229,3230,30,5,2024-08-06,123.15,devuelto
18230,3231,31,1,2024-08-13,460.28,completado
18231,3232,32,2,2024-08-20,158.48,completado
18232,3233,33,3,2024-08-27,484.78,completado
18233,3234,34,4,2024-09-03,74.45,completado
18234,3235,35,5,2024-09-10,301.7,completado
18235,3236,36,1,2024-09-17,31.2,completado
18236,3237,37,2,2024-09-24,247.13,completado
18237,3238,38,3,2024-10-01,335.98,cancelado
18238,3239,39,4,2024-10-08,477.8,cancelado
18239,3240,40,5,2024-10-15,283.73,devuelto
18240,3241,41,1,2024-10-22,465.27,completado
18241,3242,42,2,2024-10-29,411.07,completado
18242,3243,43,3,2024-11-05,193.37,completado
18243,3244,44,4,2024-11-12,157.43,completado
18244,3245,45,5,2024-11-19,28.92,completado
18245,3246,46,1,2024-11-26,79.46,completado
18246,3247,47,2,2024-12-03,391.28,completado
18247,3248,48,3,2024-12-10,67.25,cancelado
18248,3249,49,4,2024-12-17,455.98,cancelado
18249,3250,50,5,2024-12-24,309.53,devuelto
18250,3251,51,1,2023-01-01,223.73,completado
18251,3252,52,2,2023-01-08,244.07,completado
18252,3253,53,3,2023-01-15,164.56,completado
18253,3254,54,4,2023-01-22,218.48,completado
18254,3255,55,5,2023-01-29,97.35,completado
18255,3256,56,1,2023-02-05,470.08,completado
18256,3257,57,2,2023-02-12,98.59,completado
18257,3258,58,3,2023-02-19,308.4,cancelado
18258,3259,59,4,2023-02-26,172.57,cancelado
18259,3260,60,5,2023-03-05,115.57,devuelto
18260,3261,61,1,2023-03-12,321.25,completado
18261,3262,62,2,2023-03-19,333.35,completado
18262,3263,63,3,2023-03-26,225.39,completado
18263,3264,64,4,2023-04-02,24.41,completado
18264,3265,65,5,2023-04-09,254.46,completado
18265,3266,66,1,2023-04-16,245.4,completado
18266,3267,67,2,2023-04-23,200.51,completado
18267,3268,68,3,2023-04-30,275.18,cancelado
18268,3269,69,4,2023-05-07,345.52,cancelado
18269,3270,70,5,2023-05-14,169.58,devuelto
18270,3271,71,1,2023-05-21,302.67,completado
18271,3272,72,2,2023-05-28,304.38,completado
18272,3273,73,3,2023-06-04,169.87,completado
18273,3274,74,4,2023-06-11,57.23,completado
18274,3275,75,5,2023-06-18,413.8,completado
18275,3276,76,1,2023-06-25,123.56,completado
18276,3277,77,2,2023-07-02,120.36,completado
18277,3278,78,3,2023-07-09,12.99,cancelado
18278,3279,79,4,2023-07-16,416.91,cancelado
18279,3280,80,5,2023-07-23,485.03,devuelto
18280,3281,81,1,2023-07-30,150.86,completado
18281,3282,82,2,2023-08-06,367.04,completado
18282,3283,83,3,2023-08-13,116.9,completado
18283,3284,84,4,2023-08-20,91.45,completado
18284,3285,85,5,2023-08-27,416.16,completado
18285,3286,86,1,2023-09-03,450.74,completado
18286,3287,87,2,2023-09-10,37.61,completado
18287,3288,88,3,2023-09-17,373.1,cancelado
18288,3289,89,4,2023-09-24,203.25,cancelado
18289,3290,90,5,2023-10-01,332.62,devuelto
18290,3291,91,1,2023-10-08,473.79,completado
18291,3292,92,2,2023-10-15,465.95,completado
18292,3293,93,3,2023-10-22,43.31,completado
18293,3294,94,4,2023-10-29,361.39,completado
18294,3295,95,5,2023-11-05,241.43,completado
18295,3296,96,1,2023-11-12,462.34,completado
18296,3297,97,2,2023-11-19,323.65,completado
18297,3298,98,3,2023-11-26,320.32,cancelado
18298,3299,99,4,2023-12-03,237.02,cancelado
18299,3300,100,5,2023-12-10,86.96,devuelto
18300,3301,101,1,2023-12-17,388.48,completado
18301,3302,102,2,2023-12-24,272.68,completado
18302,3303,103,3,2023-12-31,277.33,completado
18303,3304,104,4,2024-01-07,130.73,completado
18304,3305,105,5,2024-01-14,179.79,completado
18305,3306,106,1,2024-01-21,167.28,completado
18306,3307,107,2,2024-01-28,340.8,completado
18307,3308,108,3,2024-02-04,281.53,cancelado
18308,3309,109,4,2024-02-11,93.77,cancelado
18309,3310,110,5,2024-02-18,296.38,devuelto
18310,3311,111,1,2024-02-25,159.58,completado
18311,3312,112,2,2024-03-03,343.82,completado
18312,3313,113,3,2024-03-10,179.67,completado
18313,3314,114,4,2024-03-17,359.27,completado
18314,3315,115,5,2024-03-24,163.19,completado
18315,3316,116,1,2024-03-31,208.98,completado
18316,3317,117,2,2024-04-07,488.97,completado
18317,3318,118,3,2024-04-14,170.57,cancelado
18318,3319,119,4,2024-04-21,190.44,cancelado
18319,3320,120,5,2024-04-28,51.18,devuelto
18320,3321,121,1,2024-05-05,42.61,completado
18321,3322,122,2,2024-05-12,174.63,completado
18322,3323,123,3,2024-05-19,35.59,completado
18323,3324,124,4,2024-05-26,427.32,completado
18324,3325,125,5,2024-06-02,33.11,completado
18325,3326,126,1,2024-06-09,161.17,completado
18326,3327,127,2,2024-06-16,55.45,completado
18327,3328,128,3,2024-06-23,229.64,cancelado
18328,3329,129,4,2024-06-30,160.56,cancelado
18329,3330,130,5,2024-07-07,241.09,devuelto
18330,3331,131,1,2024-07-14,384.7,completado
18331,3332,132,2,2024-07-21,322.93,completado
18332,3333,133,3,2024-07-28,184.74,completado
18333,3334,134,4,2024-08-04,79.16,completado
18334,3335,135,5,2024-08-11,224.8,completado
18335,3336,136,1,2024-08-18,269.17,completado
18336,3337,137,2,2024-08-25,374.24,completado
18337,3338,138,3,2024-09-01,368.8,cancelado
18338,3339,139,4,2024-09-08,64.95,cancelado
18339,3340,140,5,2024-09-15,396.84,devuelto
18340,3341,141,1,2024-09-22,236.01,completado
18341,3342,142,2,2024-09-29,184.64,completado
18342,3343,143,3,2024-10-06,157.14,completado
18343,3344,144,4,2024-10-13,404.83,completado
18344,3345,145,5,2024-10-20,289.83,completado
18345,3346,146,1,2024-10-27,107.73,completado
18346,3347,147,2,2024-11-03,151.8,completado
18347,3348,148,3,2024-11-10,451.64,cancelado
18348,3349,149,4,2024-11-17,109.56,cancelado
18349,3350,150,5,2024-11-24,173.35,devuelto
18350,3351,151,1,2024-12-01,249.28,completado
18351,3352,152,2,2024-12-08,271.81,completado
18352,3353,153,3,2024-12-15,118.9,completado
18353,3354,154,4,2024-12-22,71.16,completado
18354,3355,155,5,2024-12-29,116.71,completado
18355,3356,156,1,2023-01-06,50.74,completado
18356,3357,157,2,2023-01-13,395.88,completado
18357,3358,158,3,2023-01-20,347.31,cancelado
18358,3359,159,4,2023-01-27,127.43,cancelado
18359,3360,160,5,2023-02-03,325.71,devuelto
18360,3361,161,1,2023-02-10,460.04,completado
18361,3362,162,2,2023-02-17,490.4,completado
18362,3363,163,3,2023-02-24,219.29,completado
18363,3364,164,4,2023-03-03,28.34,completado
18364,3365,165,5,2023-03-10,242.47,completado
18365,3366,166,1,2023-03-17,272.12,completado
18366,3367,167,2,2023-03-24,95.79,completado
18367,3368,168,3,2023-03-31,457.67,cancelado
18368,3369,169,4,2023-04-07,43.48,cancelado
18369,3370,170,5,2023-04-14,399.26,devuelto
18370,3371,171,1,2023-04-21,245.16,completado
18371,3372,172,2,2023-04-28,242.86,completado
18372,3373,173,3,2023-05-05,14.72,completado
18373,3374,174,4,2023-05-12,415.33,completado
18374,3375,175,5,2023-05-19,223.05,completado
18375,3376,176,1,2023-05-26,164.83,completado
18376,3377,177,2,2023-06-02,40.67,completado
18377,3378,178,3,2023-06-09,98.95,cancelado
18378,3379,179,4,2023-06-16,228.13,cancelado
18379,3380,180,5,2023-06-23,159.81,devuelto
18380,3381,181,1,2023-06-30,170.09,completado
18381,3382,182,2,2023-07-07,333.84,completado
18382,3383,183,3,2023-07-14,464.03,completado
18383,3384,184,4,2023-07-21,367.18,completado
18384,3385,185,5,2023-07-28,246.49,completado
18385,3386,186,1,2023-08-04,404.83,completado
18386,3387,187,2,2023-08-11,260.81,completado
18387,3388,188,3,2023-08-18,59.75,cancelado
18388,3389,189,4,2023-08-25,286.62,cancelado
18389,3390,190,5,2023-09-01,62.62,devuelto
18390,3391,191,1,2023-09-08,218.18,completado
18391,3392,192,2,2023-09-15,244.4,completado
18392,3393,193,3,2023-09-22,153.34,completado
18393,3394,194,4,2023-09-29,435.98,completado
18394,3395,195,5,2023-10-06,253.32,completado
18395,3396,196,1,2023-10-13,370.26,completado
18396,3397,197,2,2023-10-20,226.92,completado
18397,3398,198,3,2023-10-27,195.66,cancelado
18398,3399,199,4,2023-11-03,89.67,cancelado
18399,3400,200,5,2023-11-10,406.45,devuelto
18400,3401,1,1,2023-11-17,298.54,completado
18401,3402,2,2,2023-11-24,42.0,completado
18402,3403,3,3,2023-12-01,162.09,completado
18403,3404,4,4,2023-12-08,112.85,completado
18404,3405,5,5,2023-12-15,204.07,completado
18405,3406,6,1,2023-12-22,297.95,completado
18406,3407,7,2,2023-12-29,292.04,completado
18407,3408,8,3,2024-01-05,445.44,cancelado
18408,3409,9,4,2024-01-12,318.26,cancelado
18409,3410,10,5,2024-01-19,220.71,devuelto
18410,3411,11,1,2024-01-26,486.12,completado
18411,3412,12,2,2024-02-02,177.31,completado
18412,3413,13,3,2024-02-09,308.7,completado
18413,3414,14,4,2024-02-16,291.81,completado
18414,3415,15,5,2024-02-23,397.25,completado
18415,3416,16,1,2024-03-01,347.85,completado
18416,3417,17,2,2024-03-08,64.96,completado
18417,3418,18,3,2024-03-15,270.81,cancelado
18418,3419,19,4,2024-03-22,281.51,cancelado
18419,3420,20,5,2024-03-29,245.05,devuelto
18420,3421,21,1,2024-04-05,292.95,completado
18421,3422,22,2,2024-04-12,270.33,completado
18422,3423,23,3,2024-04-19,124.64,completado
18423,3424,24,4,2024-04-26,466.25,completado
18424,3425,25,5,2024-05-03,357.35,completado
18425,3426,26,1,2024-05-10,90.23,completado
18426,3427,27,2,2024-05-17,355.09,completado
18427,3428,28,3,2024-05-24,274.75,cancelado
18428,3429,29,4,2024-05-31,210.7,cancelado
18429,3430,30,5,2024-06-07,265.81,devuelto
18430,3431,31,1,2024-06-14,453.26,completado
18431,3432,32,2,2024-06-21,93.4,completado
18432,3433,33,3,2024-06-28,154.46,completado
18433,3434,34,4,2024-07-05,145.7,completado
18434,3435,35,5,2024-07-12,469.56,completado
18435,3436,36,1,2024-07-19,390.47,completado
18436,3437,37,2,2024-07-26,155.79,completado
18437,3438,38,3,2024-08-02,378.03,cancelado
18438,3439,39,4,2024-08-09,451.46,cancelado
18439,3440,40,5,2024-08-16,338.3,devuelto
18440,3441,41,1,2024-08-23,364.86,completado
18441,3442,42,2,2024-08-30,295.59,completado
18442,3443,43,3,2024-09-06,224.64,completado
18443,3444,44,4,2024-09-13,284.91,completado
18444,3445,45,5,2024-09-20,439.65,completado
18445,3446,46,1,2024-09-27,413.7,completado
18446,3447,47,2,2024-10-04,446.02,completado
18447,3448,48,3,2024-10-11,171.01,cancelado
18448,3449,49,4,2024-10-18,357.89,cancelado
18449,3450,50,5,2024-10-25,180.78,devuelto
18450,3451,51,1,2024-11-01,264.75,completado
18451,3452,52,2,2024-11-08,473.27,completado
18452,3453,53,3,2024-11-15,373.53,completado
18453,3454,54,4,2024-11-22,422.87,completado
18454,3455,55,5,2024-11-29,35.16,completado
18455,3456,56,1,2024-12-06,80.3,completado
18456,3457,57,2,2024-12-13,226.14,completado
18457,3458,58,3,2024-12-20,296.07,cancelado
18458,3459,59,4,2024-12-27,368.25,cancelado
18459,3460,60,5,2023-01-04,308.51,devuelto
18460,3461,61,1,2023-01-11,449.63,completado
18461,3462,62,2,2023-01-18,424.41,completado
18462,3463,63,3,2023-01-25,420.91,completado
18463,3464,64,4,2023-02-01,411.8,completado
18464,3465,65,5,2023-02-08,156.63,completado
18465,3466,66,1,2023-02-15,274.82,completado
18466,3467,67,2,2023-02-22,323.26,completado
18467,3468,68,3,2023-03-01,454.58,cancelado
18468,3469,69,4,2023-03-08,231.41,cancelado
18469,3470,70,5,2023-03-15,50.16,devuelto
18470,3471,71,1,2023-03-22,17.05,completado
18471,3472,72,2,2023-03-29,170.8,completado
18472,3473,73,3,2023-04-05,294.49,completado
18473,3474,74,4,2023-04-12,156.63,completado
18474,3475,75,5,2023-04-19,483.09,completado
18475,3476,76,1,2023-04-26,463.47,completado
18476,3477,77,2,2023-05-03,407.33,completado
18477,3478,78,3,2023-05-10,397.05,cancelado
18478,3479,79,4,2023-05-17,399.45,cancelado
18479,3480,80,5,2023-05-24,110.99,devuelto
18480,3481,81,1,2023-05-31,253.21,completado
18481,3482,82,2,2023-06-07,438.19,completado
18482,3483,83,3,2023-06-14,266.31,completado
18483,3484,84,4,2023-06-21,201.7,completado
18484,3485,85,5,2023-06-28,266.45,completado
18485,3486,86,1,2023-07-05,50.67,completado
18486,3487,87,2,2023-07-12,365.8,completado
18487,3488,88,3,2023-07-19,322.72,cancelado
18488,3489,89,4,2023-07-26,112.86,cancelado
18489,3490,90,5,2023-08-02,256.36,devuelto
18490,3491,91,1,2023-08-09,378.47,completado
18491,3492,92,2,2023-08-16,425.97,completado
18492,3493,93,3,2023-08-23,65.9,completado
18493,3494,94,4,2023-08-30,50.14,completado
18494,3495,95,5,2023-09-06,130.42,completado
18495,3496,96,1,2023-09-13,493.18,completado
18496,3497,97,2,2023-09-20,250.93,completado
18497,3498,98,3,2023-09-27,274.0,cancelado
18498,3499,99,4,2023-10-04,144.8,cancelado
18499,3500,100,5,2023-10-11,459.05,devuelto
18500,3501,101,1,2023-10-18,292.45,completado
18501,3502,102,2,2023-10-25,444.88,completado
18502,3503,103,3,2023-11-01,21.11,completado
18503,3504,104,4,2023-11-08,399.51,completado
18504,3505,105,5,2023-11-15,331.78,completado
18505,3506,106,1,2023-11-22,434.57,completado
18506,3507,107,2,2023-11-29,423.42,completado
18507,3508,108,3,2023-12-06,290.7,cancelado
18508,3509,109,4,2023-12-13,424.5,cancelado
18509,3510,110,5,2023-12-20,418.36,devuelto
18510,3511,111,1,2023-12-27,228.19,completado
18511,3512,112,2,2024-01-03,292.78,completado
18512,3513,113,3,2024-01-10,191.5,completado
18513,3514,114,4,2024-01-17,82.43,completado
18514,3515,115,5,2024-01-24,432.11,completado
18515,3516,116,1,2024-01-31,463.06,completado
18516,3517,117,2,2024-02-07,296.75,completado
18517,3518,118,3,2024-02-14,118.3,cancelado
18518,3519,119,4,2024-02-21,396.77,cancelado
18519,3520,120,5,2024-02-28,53.82,devuelto
18520,3521,121,1,2024-03-06,416.24,completado
18521,3522,122,2,2024-03-13,163.41,completado
18522,3523,123,3,2024-03-20,257.25,completado
18523,3524,124,4,2024-03-27,377.92,completado
18524,3525,125,5,2024-04-03,379.73,completado
18525,3526,126,1,2024-04-10,237.69,completado
18526,3527,127,2,2024-04-17,377.01,completado
18527,3528,128,3,2024-04-24,386.71,cancelado
18528,3529,129,4,2024-05-01,337.78,cancelado
18529,3530,130,5,2024-05-08,105.63,devuelto
18530,3531,131,1,2024-05-15,339.93,completado
18531,3532,132,2,2024-05-22,19.79,completado
18532,3533,133,3,2024-05-29,374.76,completado
18533,3534,134,4,2024-06-05,69.71,completado
18534,3535,135,5,2024-06-12,128.15,completado
18535,3536,136,1,2024-06-19,296.4,completado
18536,3537,137,2,2024-06-26,15.11,completado
18537,3538,138,3,2024-07-03,479.68,cancelado
18538,3539,139,4,2024-07-10,270.99,cancelado
18539,3540,140,5,2024-07-17,427.89,devuelto
18540,3541,141,1,2024-07-24,492.53,completado
18541,3542,142,2,2024-07-31,160.61,completado
18542,3543,143,3,2024-08-07,326.7,completado
18543,3544,144,4,2024-08-14,164.42,completado
18544,3545,145,5,2024-08-21,69.42,completado
18545,3546,146,1,2024-08-28,364.52,completado
18546,3547,147,2,2024-09-04,30.71,completado
18547,3548,148,3,2024-09-11,38.94,cancelado
18548,3549,149,4,2024-09-18,270.25,cancelado
18549,3550,150,5,2024-09-25,414.91,devuelto
18550,3551,151,1,2024-10-02,400.82,completado
18551,3552,152,2,2024-10-09,429.24,completado
18552,3553,153,3,2024-10-16,361.42,completado
18553,3554,154,4,2024-10-23,30.93,completado
18554,3555,155,5,2024-10-30,170.59,completado
18555,3556,156,1,2024-11-06,440.87,completado
18556,3557,157,2,2024-11-13,156.68,completado
18557,3558,158,3,2024-11-20,360.17,cancelado
18558,3559,159,4,2024-11-27,111.23,cancelado
18559,3560,160,5,2024-12-04,44.14,devuelto
18560,3561,161,1,2024-12-11,178.19,completado
18561,3562,162,2,2024-12-18,351.61,completado
18562,3563,163,3,2024-12-25,395.64,completado
18563,3564,164,4,2023-01-02,253.13,completado
18564,3565,165,5,2023-01-09,195.77,completado
18565,3566,166,1,2023-01-16,207.01,completado
18566,3567,167,2,2023-01-23,458.36,completado
18567,3568,168,3,2023-01-30,48.64,cancelado
18568,3569,169,4,2023-02-06,348.2,cancelado
18569,3570,170,5,2023-02-13,259.73,devuelto
18570,3571,171,1,2023-02-20,303.8,completado
18571,3572,172,2,2023-02-27,288.49,completado
18572,3573,173,3,2023-03-06,112.4,completado
18573,3574,174,4,2023-03-13,128.58,completado
18574,3575,175,5,2023-03-20,313.15,completado
18575,3576,176,1,2023-03-27,355.11,completado
18576,3577,177,2,2023-04-03,317.05,completado
18577,3578,178,3,2023-04-10,276.83,cancelado
18578,3579,179,4,2023-04-17,487.96,cancelado
18579,3580,180,5,2023-04-24,488.52,devuelto
18580,3581,181,1,2023-05-01,422.36,completado
18581,3582,182,2,2023-05-08,220.8,completado
18582,3583,183,3,2023-05-15,189.69,completado
18583,3584,184,4,2023-05-22,478.26,completado
18584,3585,185,5,2023-05-29,230.68,completado
18585,3586,186,1,2023-06-05,130.69,completado
18586,3587,187,2,2023-06-12,328.82,completado
18587,3588,188,3,2023-06-19,431.78,cancelado
18588,3589,189,4,2023-06-26,412.0,cancelado
18589,3590,190,5,2023-07-03,127.31,devuelto
18590,3591,191,1,2023-07-10,248.8,completado
18591,3592,192,2,2023-07-17,101.11,completado
18592,3593,193,3,2023-07-24,179.89,completado
18593,3594,194,4,2023-07-31,439.84,completado
18594,3595,195,5,2023-08-07,59.62,completado
18595,3596,196,1,2023-08-14,152.19,completado
18596,3597,197,2,2023-08-21,202.51,completado
18597,3598,198,3,2023-08-28,342.63,cancelado
18598,3599,199,4,2023-09-04,30.87,cancelado
18599,3600,200,5,2023-09-11,75.67,devuelto
18600,3601,1,1,2023-09-18,258.95,completado
18601,3602,2,2,2023-09-25,127.59,completado
18602,3603,3,3,2023-10-02,248.22,completado
18603,3604,4,4,2023-10-09,233.9,completado
18604,3605,5,5,2023-10-16,429.08,completado
18605,3606,6,1,2023-10-23,276.9,completado
18606,3607,7,2,2023-10-30,216.69,completado
18607,3608,8,3,2023-11-06,385.2,cancelado
18608,3609,9,4,2023-11-13,195.32,cancelado
18609,3610,10,5,2023-11-20,12.3,devuelto
18610,3611,11,1,2023-11-27,457.92,completado
18611,3612,12,2,2023-12-04,154.54,completado
18612,3613,13,3,2023-12-11,265.41,completado
18613,3614,14,4,2023-12-18,195.08,completado
18614,3615,15,5,2023-12-25,134.89,completado
18615,3616,16,1,2024-01-01,43.66,completado
18616,3617,17,2,2024-01-08,355.35,completado
18617,3618,18,3,2024-01-15,211.98,cancelado
18618,3619,19,4,2024-01-22,27.13,cancelado
18619,3620,20,5,2024-01-29,61.37,devuelto
18620,3621,21,1,2024-02-05,499.6,completado
18621,3622,22,2,2024-02-12,236.3,completado
18622,3623,23,3,2024-02-19,474.91,completado
18623,3624,24,4,2024-02-26,320.96,completado
18624,3625,25,5,2024-03-04,110.32,completado
18625,3626,26,1,2024-03-11,272.35,completado
18626,3627,27,2,2024-03-18,410.89,completado
18627,3628,28,3,2024-03-25,460.33,cancelado
18628,3629,29,4,2024-04-01,210.7,cancelado
18629,3630,30,5,2024-04-08,140.14,devuelto
18630,3631,31,1,2024-04-15,487.9,completado
18631,3632,32,2,2024-04-22,482.03,completado
18632,3633,33,3,2024-04-29,28.36,completado
18633,3634,34,4,2024-05-06,337.95,completado
18634,3635,35,5,2024-05-13,277.96,completado
18635,3636,36,1,2024-05-20,76.33,completado
18636,3637,37,2,2024-05-27,490.26,completado
18637,3638,38,3,2024-06-03,14.05,cancelado
18638,3639,39,4,2024-06-10,79.93,cancelado
18639,3640,40,5,2024-06-17,215.65,devuelto
18640,3641,41,1,2024-06-24,216.89,completado
18641,3642,42,2,2024-07-01,467.48,completado
18642,3643,43,3,2024-07-08,259.46,completado
18643,3644,44,4,2024-07-15,60.2,completado
18644,3645,45,5,2024-07-22,320.54,completado
18645,3646,46,1,2024-07-29,341.45,completado
18646,3647,47,2,2024-08-05,232.11,completado
18647,3648,48,3,2024-08-12,269.15,cancelado
18648,3649,49,4,2024-08-19,293.72,cancelado
18649,3650,50,5,2024-08-26,300.07,devuelto
18650,3651,51,1,2024-09-02,399.18,completado
18651,3652,52,2,2024-09-09,464.02,completado
18652,3653,53,3,2024-09-16,291.92,completado
18653,3654,54,4,2024-09-23,291.82,completado
18654,3655,55,5,2024-09-30,32.0,completado
18655,3656,56,1,2024-10-07,252.7,completado
18656,3657,57,2,2024-10-14,137.46,completado
18657,3658,58,3,2024-10-21,380.52,cancelado
18658,3659,59,4,2024-10-28,459.55,cancelado
18659,3660,60,5,2024-11-04,431.53,devuelto
18660,3661,61,1,2024-11-11,317.08,completado
18661,3662,62,2,2024-11-18,349.11,completado
18662,3663,63,3,2024-11-25,11.76,completado
18663,3664,64,4,2024-12-02,95.11,completado
18664,3665,65,5,2024-12-09,257.77,completado
18665,3666,66,1,2024-12-16,384.13,completado
18666,3667,67,2,2024-12-23,146.33,completado
18667,3668,68,3,2024-12-30,310.7,cancelado
18668,3669,69,4,2023-01-07,232.63,cancelado
18669,3670,70,5,2023-01-14,142.11,devuelto
18670,3671,71,1,2023-01-21,166.75,completado
18671,3672,72,2,2023-01-28,480.85,completado
18672,3673,73,3,2023-02-04,64.82,completado
18673,3674,74,4,2023-02-11,356.39,completado
18674,3675,75,5,2023-02-18,417.27,completado
18675,3676,76,1,2023-02-25,385.79,completado
18676,3677,77,2,2023-03-04,273.44,completado
18677,3678,78,3,2023-03-11,447.45,cancelado
18678,3679,79,4,2023-03-18,76.53,cancelado
18679,3680,80,5,2023-03-25,250.57,devuelto
18680,3681,81,1,2023-04-01,232.22,completado
18681,3682,82,2,2023-04-08,445.25,completado
18682,3683,83,3,2023-04-15,20.42,completado
18683,3684,84,4,2023-04-22,484.24,completado
18684,3685,85,5,2023-04-29,404.96,completado
18685,3686,86,1,2023-05-06,480.33,completado
18686,3687,87,2,2023-05-13,492.71,completado
18687,3688,88,3,2023-05-20,396.53,cancelado
18688,3689,89,4,2023-05-27,381.2,cancelado
18689,3690,90,5,2023-06-03,421.18,devuelto
18690,3691,91,1,2023-06-10,412.17,completado
18691,3692,92,2,2023-06-17,390.07,completado
18692,3693,93,3,2023-06-24,385.18,completado
18693,3694,94,4,2023-07-01,27.21,completado
18694,3695,95,5,2023-07-08,159.48,completado
18695,3696,96,1,2023-07-15,112.05,completado
18696,3697,97,2,2023-07-22,256.9,completado
18697,3698,98,3,2023-07-29,266.13,cancelado
18698,3699,99,4,2023-08-05,41.85,cancelado
18699,3700,100,5,2023-08-12,251.77,devuelto
18700,3701,101,1,2023-08-19,278.7,completado
18701,3702,102,2,2023-08-26,227.16,completado
18702,3703,103,3,2023-09-02,376.23,completado
18703,3704,104,4,2023-09-09,481.28,completado
18704,3705,105,5,2023-09-16,119.0,completado
18705,3706,106,1,2023-09-23,124.68,completado
18706,3707,107,2,2023-09-30,208.3,completado
18707,3708,108,3,2023-10-07,382.88,cancelado
18708,3709,109,4,2023-10-14,230.26,cancelado
18709,3710,110,5,2023-10-21,416.41,devuelto
18710,3711,111,1,2023-10-28,56.2,completado
18711,3712,112,2,2023-11-04,361.56,completado
18712,3713,113,3,2023-11-11,306.47,completado
18713,3714,114,4,2023-11-18,315.12,completado
18714,3715,115,5,2023-11-25,65.23,completado
18715,3716,116,1,2023-12-02,476.24,completado
18716,3717,117,2,2023-12-09,104.57,completado
18717,3718,118,3,2023-12-16,414.69,cancelado
18718,3719,119,4,2023-12-23,437.94,cancelado
18719,3720,120,5,2023-12-30,484.97,devuelto
18720,3721,121,1,2024-01-06,101.28,completado
18721,3722,122,2,2024-01-13,72.58,completado
18722,3723,123,3,2024-01-20,75.29,completado
18723,3724,124,4,2024-01-27,139.61,completado
18724,3725,125,5,2024-02-03,91.76,completado
18725,3726,126,1,2024-02-10,29.36,completado
18726,3727,127,2,2024-02-17,138.36,completado
18727,3728,128,3,2024-02-24,331.05,cancelado
18728,3729,129,4,2024-03-02,93.49,cancelado
18729,3730,130,5,2024-03-09,436.25,devuelto
18730,3731,131,1,2024-03-16,448.27,completado
18731,3732,132,2,2024-03-23,309.49,completado
18732,3733,133,3,2024-03-30,364.84,completado
18733,3734,134,4,2024-04-06,184.49,completado
18734,3735,135,5,2024-04-13,236.29,completado
18735,3736,136,1,2024-04-20,13.59,completado
18736,3737,137,2,2024-04-27,381.4,completado
18737,3738,138,3,2024-05-04,42.48,cancelado
18738,3739,139,4,2024-05-11,37.73,cancelado
18739,3740,140,5,2024-05-18,348.17,devuelto
18740,3741,141,1,2024-05-25,347.84,completado
18741,3742,142,2,2024-06-01,421.04,completado
18742,3743,143,3,2024-06-08,143.33,completado
18743,3744,144,4,2024-06-15,286.86,completado
18744,3745,145,5,2024-06-22,88.18,completado
18745,3746,146,1,2024-06-29,191.9,completado
18746,3747,147,2,2024-07-06,392.58,completado
18747,3748,148,3,2024-07-13,421.69,cancelado
18748,3749,149,4,2024-07-20,325.19,cancelado
18749,3750,150,5,2024-07-27,39.15,devuelto
18750,3751,151,1,2024-08-03,246.53,completado
18751,3752,152,2,2024-08-10,311.9,completado
18752,3753,153,3,2024-08-17,58.41,completado
18753,3754,154,4,2024-08-24,320.8,completado
18754,3755,155,5,2024-08-31,80.78,completado
18755,3756,156,1,2024-09-07,377.82,completado
18756,3757,157,2,2024-09-14,276.55,completado
18757,3758,158,3,2024-09-21,238.15,cancelado
18758,3759,159,4,2024-09-28,297.82,cancelado
18759,3760,160,5,2024-10-05,370.34,devuelto
18760,3761,161,1,2024-10-12,242.59,completado
18761,3762,162,2,2024-10-19,374.76,completado
18762,3763,163,3,2024-10-26,491.65,completado
18763,3764,164,4,2024-11-02,434.12,completado
18764,3765,165,5,2024-11-09,291.42,completado
18765,3766,166,1,2024-11-16,110.3,completado
18766,3767,167,2,2024-11-23,96.95,completado
18767,3768,168,3,2024-11-30,48.28,cancelado
18768,3769,169,4,2024-12-07,253.04,cancelado
18769,3770,170,5,2024-12-14,156.29,devuelto
18770,3771,171,1,2024-12-21,80.64,completado
18771,3772,172,2,2024-12-28,151.91,completado
18772,3773,173,3,2023-01-05,139.86,completado
18773,3774,174,4,2023-01-12,446.14,completado
18774,3775,175,5,2023-01-19,326.39,completado
18775,3776,176,1,2023-01-26,114.85,completado
18776,3777,177,2,2023-02-02,215.42,completado
18777,3778,178,3,2023-02-09,62.86,cancelado
18778,3779,179,4,2023-02-16,415.93,cancelado
18779,3780,180,5,2023-02-23,35.29,devuelto
18780,3781,181,1,2023-03-02,104.29,completado
18781,3782,182,2,2023-03-09,197.46,completado
18782,3783,183,3,2023-03-16,221.49,completado
18783,3784,184,4,2023-03-23,346.9,completado
18784,3785,185,5,2023-03-30,115.4,completado
18785,3786,186,1,2023-04-06,242.7,completado
18786,3787,187,2,2023-04-13,83.16,completado
18787,3788,188,3,2023-04-20,205.68,cancelado
18788,3789,189,4,2023-04-27,350.28,cancelado
18789,3790,190,5,2023-05-04,93.22,devuelto
18790,3791,191,1,2023-05-11,467.78,completado
18791,3792,192,2,2023-05-18,84.21,completado
18792,3793,193,3,2023-05-25,27.22,completado
18793,3794,194,4,2023-06-01,301.33,completado
18794,3795,195,5,2023-06-08,391.92,completado
18795,3796,196,1,2023-06-15,125.86,completado
18796,3797,197,2,2023-06-22,447.7,completado
18797,3798,198,3,2023-06-29,212.91,cancelado
18798,3799,199,4,2023-07-06,76.42,cancelado
18799,3800,200,5,2023-07-13,289.91,devuelto
18800,3801,1,1,2023-07-20,106.33,completado
18801,3802,2,2,2023-07-27,479.63,completado
18802,3803,3,3,2023-08-03,295.86,completado
18803,3804,4,4,2023-08-10,14.89,completado
18804,3805,5,5,2023-08-17,237.77,completado
18805,3806,6,1,2023-08-24,306.41,completado
18806,3807,7,2,2023-08-31,24.71,completado
18807,3808,8,3,2023-09-07,56.93,cancelado
18808,3809,9,4,2023-09-14,129.26,cancelado
18809,3810,10,5,2023-09-21,173.43,devuelto
18810,3811,11,1,2023-09-28,400.99,completado
18811,3812,12,2,2023-10-05,483.19,completado
18812,3813,13,3,2023-10-12,22.74,completado
18813,3814,14,4,2023-10-19,236.08,completado
18814,3815,15,5,2023-10-26,311.51,completado
18815,3816,16,1,2023-11-02,53.84,completado
18816,3817,17,2,2023-11-09,378.79,completado
18817,3818,18,3,2023-11-16,26.96,cancelado
18818,3819,19,4,2023-11-23,231.22,cancelado
18819,3820,20,5,2023-11-30,88.52,devuelto
18820,3821,21,1,2023-12-07,63.49,completado
18821,3822,22,2,2023-12-14,274.86,completado
18822,3823,23,3,2023-12-21,196.53,completado
18823,3824,24,4,2023-12-28,30.22,completado
18824,3825,25,5,2024-01-04,259.56,completado
18825,3826,26,1,2024-01-11,443.45,completado
18826,3827,27,2,2024-01-18,330.99,completado
18827,3828,28,3,2024-01-25,252.85,cancelado
18828,3829,29,4,2024-02-01,100.96,cancelado
18829,3830,30,5,2024-02-08,22.23,devuelto
18830,3831,31,1,2024-02-15,413.58,completado
18831,3832,32,2,2024-02-22,164.94,completado
18832,3833,33,3,2024-02-29,461.8,completado
18833,3834,34,4,2024-03-07,389.0,completado
18834,3835,35,5,2024-03-14,374.31,completado
18835,3836,36,1,2024-03-21,398.25,completado
18836,3837,37,2,2024-03-28,499.41,completado
18837,3838,38,3,2024-04-04,64.37,cancelado
18838,3839,39,4,2024-04-11,91.92,cancelado
18839,3840,40,5,2024-04-18,405.79,devuelto
18840,3841,41,1,2024-04-25,482.56,completado
18841,3842,42,2,2024-05-02,242.24,completado
18842,3843,43,3,2024-05-09,13.08,completado
18843,3844,44,4,2024-05-16,135.85,completado
18844,3845,45,5,2024-05-23,129.99,completado
18845,3846,46,1,2024-05-30,36.36,completado
18846,3847,47,2,2024-06-06,489.4,completado
18847,3848,48,3,2024-06-13,414.28,cancelado
18848,3849,49,4,2024-06-20,382.19,cancelado
18849,3850,50,5,2024-06-27,153.64,devuelto
18850,3851,51,1,2024-07-04,395.39,completado
18851,3852,52,2,2024-07-11,452.17,completado
18852,3853,53,3,2024-07-18,100.0,completado
18853,3854,54,4,2024-07-25,80.67,completado
18854,3855,55,5,2024-08-01,327.49,completado
18855,3856,56,1,2024-08-08,17.54,completado
18856,3857,57,2,2024-08-15,177.74,completado
18857,3858,58,3,2024-08-22,115.19,cancelado
18858,3859,59,4,2024-08-29,297.98,cancelado
18859,3860,60,5,2024-09-05,380.11,devuelto
18860,3861,61,1,2024-09-12,79.54,completado
18861,3862,62,2,2024-09-19,368.96,completado
18862,3863,63,3,2024-09-26,468.89,completado
18863,3864,64,4,2024-10-03,367.91,completado
18864,3865,65,5,2024-10-10,295.84,completado
18865,3866,66,1,2024-10-17,159.49,completado
18866,3867,67,2,2024-10-24,413.41,completado
18867,3868,68,3,2024-10-31,400.94,cancelado
18868,3869,69,4,2024-11-07,242.49,cancelado
18869,3870,70,5,2024-11-14,98.34,devuelto
18870,3871,71,1,2024-11-21,312.34,completado
18871,3872,72,2,2024-11-28,112.04,completado
18872,3873,73,3,2024-12-05,99.49,completado
18873,3874,74,4,2024-12-12,324.36,completado
18874,3875,75,5,2024-12-19,183.03,completado
18875,3876,76,1,2024-12-26,56.24,completado
18876,3877,77,2,2023-01-03,462.25,completado
18877,3878,78,3,2023-01-10,240.46,cancelado
18878,3879,79,4,2023-01-17,48.66,cancelado
18879,3880,80,5,2023-01-24,238.15,devuelto
18880,3881,81,1,2023-01-31,410.99,completado
18881,3882,82,2,2023-02-07,362.9,completado
18882,3883,83,3,2023-02-14,21.81,completado
18883,3884,84,4,2023-02-21,485.63,completado
18884,3885,85,5,2023-02-28,75.63,completado
18885,3886,86,1,2023-03-07,474.53,completado
18886,3887,87,2,2023-03-14,415.31,completado
18887,3888,88,3,2023-03-21,185.95,cancelado
18888,3889,89,4,2023-03-28,274.62,cancelado
18889,3890,90,5,2023-04-04,64.85,devuelto
18890,3891,91,1,2023-04-11,28.16,completado
18891,3892,92,2,2023-04-18,61.83,completado
18892,3893,93,3,2023-04-25,291.74,completado
18893,3894,94,4,2023-05-02,64.12,completado
18894,3895,95,5,2023-05-09,477.99,completado
18895,3896,96,1,2023-05-16,273.14,completado
18896,3897,97,2,2023-05-23,461.87,completado
18897,3898,98,3,2023-05-30,54.55,cancelado
18898,3899,99,4,2023-06-06,404.66,cancelado
18899,3900,100,5,2023-06-13,274.84,devuelto
18900,3901,101,1,2023-06-20,208.26,completado
18901,3902,102,2,2023-06-27,381.15,completado
18902,3903,103,3,2023-07-04,149.91,completado
18903,3904,104,4,2023-07-11,307.26,completado
18904,3905,105,5,2023-07-18,272.57,completado
18905,3906,106,1,2023-07-25,212.68,completado
18906,3907,107,2,2023-08-01,244.7,completado
18907,3908,108,3,2023-08-08,219.7,cancelado
18908,3909,109,4,2023-08-15,440.62,cancelado
18909,3910,110,5,2023-08-22,490.53,devuelto
18910,3911,111,1,2023-08-29,340.49,completado
18911,3912,112,2,2023-09-05,72.18,completado
18912,3913,113,3,2023-09-12,237.17,completado
18913,3914,114,4,2023-09-19,499.57,completado
18914,3915,115,5,2023-09-26,454.85,completado
18915,3916,116,1,2023-10-03,255.1,completado
18916,3917,117,2,2023-10-10,141.92,completado
18917,3918,118,3,2023-10-17,233.53,cancelado
18918,3919,119,4,2023-10-24,21.58,cancelado
18919,3920,120,5,2023-10-31,377.11,devuelto
18920,3921,121,1,2023-11-07,224.78,completado
18921,3922,122,2,2023-11-14,332.1,completado
18922,3923,123,3,2023-11-21,488.45,completado
18923,3924,124,4,2023-11-28,488.59,completado
18924,3925,125,5,2023-12-05,63.67,completado
18925,3926,126,1,2023-12-12,25.94,completado
18926,3927,127,2,2023-12-19,152.87,completado
18927,3928,128,3,2023-12-26,424.72,cancelado
18928,3929,129,4,2024-01-02,74.01,cancelado
18929,3930,130,5,2024-01-09,224.22,devuelto
18930,3931,131,1,2024-01-16,31.37,completado
18931,3932,132,2,2024-01-23,207.8,completado
18932,3933,133,3,2024-01-30,371.12,completado
18933,3934,134,4,2024-02-06,384.4,completado
18934,3935,135,5,2024-02-13,467.31,completado
18935,3936,136,1,2024-02-20,386.58,completado
18936,3937,137,2,2024-02-27,471.77,completado
18937,3938,138,3,2024-03-05,108.78,cancelado
18938,3939,139,4,2024-03-12,307.89,cancelado
18939,3940,140,5,2024-03-19,367.88,devuelto
18940,3941,141,1,2024-03-26,72.65,completado
18941,3942,142,2,2024-04-02,106.72,completado
18942,3943,143,3,2024-04-09,169.76,completado
18943,3944,144,4,2024-04-16,122.93,completado
18944,3945,145,5,2024-04-23,274.76,completado
18945,3946,146,1,2024-04-30,259.83,completado
18946,3947,147,2,2024-05-07,142.51,completado
18947,3948,148,3,2024-05-14,472.83,cancelado
18948,3949,149,4,2024-05-21,29.15,cancelado
18949,3950,150,5,2024-05-28,87.28,devuelto
18950,3951,151,1,2024-06-04,119.76,completado
18951,3952,152,2,2024-06-11,483.08,completado
18952,3953,153,3,2024-06-18,211.01,completado
18953,3954,154,4,2024-06-25,144.42,completado
18954,3955,155,5,2024-07-02,101.87,completado
18955,3956,156,1,2024-07-09,360.06,completado
18956,3957,157,2,2024-07-16,14.77,completado
18957,3958,158,3,2024-07-23,42.3,cancelado
18958,3959,159,4,2024-07-30,91.58,cancelado
18959,3960,160,5,2024-08-06,374.31,devuelto
18960,3961,161,1,2024-08-13,250.92,completado
18961,3962,162,2,2024-08-20,470.01,completado
18962,3963,163,3,2024-08-27,82.71,completado
18963,3964,164,4,2024-09-03,17.13,completado
18964,3965,165,5,2024-09-10,452.3,completado
18965,3966,166,1,2024-09-17,10.73,completado
18966,3967,167,2,2024-09-24,111.99,completado
18967,3968,168,3,2024-10-01,116.72,cancelado
18968,3969,169,4,2024-10-08,39.87,cancelado
18969,3970,170,5,2024-10-15,18.91,devuelto
18970,3971,171,1,2024-10-22,264.31,completado
18971,3972,172,2,2024-10-29,131.85,completado
18972,3973,173,3,2024-11-05,152.93,completado
18973,3974,174,4,2024-11-12,360.02,completado
18974,3975,175,5,2024-11-19,207.62,completado
18975,3976,176,1,2024-11-26,127.24,completado
18976,3977,177,2,2024-12-03,64.5,completado
18977,3978,178,3,2024-12-10,12.37,cancelado
18978,3979,179,4,2024-12-17,262.92,cancelado
18979,3980,180,5,2024-12-24,290.15,devuelto
18980,3981,181,1,2023-01-01,391.29,completado
18981,3982,182,2,2023-01-08,499.64,completado
18982,3983,183,3,2023-01-15,69.45,completado
18983,3984,184,4,2023-01-22,68.36,completado
18984,3985,185,5,2023-01-29,401.18,completado
18985,3986,186,1,2023-02-05,21.34,completado
18986,3987,187,2,2023-02-12,477.92,completado
18987,3988,188,3,2023-02-19,426.69,cancelado
18988,3989,189,4,2023-02-26,198.4,cancelado
18989,3990,190,5,2023-03-05,378.95,devuelto
18990,3991,191,1,2023-03-12,317.61,completado
18991,3992,192,2,2023-03-19,412.0,completado
18992,3993,193,3,2023-03-26,78.04,completado
18993,3994,194,4,2023-04-02,252.29,completado
18994,3995,195,5,2023-04-09,467.57,completado
18995,3996,196,1,2023-04-16,373.66,completado
18996,3997,197,2,2023-04-23,295.17,completado
18997,3998,198,3,2023-04-30,270.65,cancelado
18998,3999,199,4,2023-05-07,388.93,cancelado
18999,4000,200,5,2023-05-14,366.11,devuelto
19000,4001,1,1,2023-05-21,372.61,completado
19001,4002,2,2,2023-05-28,312.71,completado
19002,4003,3,3,2023-06-04,200.22,completado
19003,4004,4,4,2023-06-11,275.47,completado
19004,4005,5,5,2023-06-18,369.2,completado
19005,4006,6,1,2023-06-25,157.1,completado
19006,4007,7,2,2023-07-02,494.61,completado
19007,4008,8,3,2023-07-09,475.97,cancelado
19008,4009,9,4,2023-07-16,471.97,cancelado
19009,4010,10,5,2023-07-23,434.63,devuelto
19010,4011,11,1,2023-07-30,278.33,completado
19011,4012,12,2,2023-08-06,245.21,completado
19012,4013,13,3,2023-08-13,136.43,completado
19013,4014,14,4,2023-08-20,130.02,completado
19014,4015,15,5,2023-08-27,34.82,completado
19015,4016,16,1,2023-09-03,461.47,completado
19016,4017,17,2,2023-09-10,409.81,completado
19017,4018,18,3,2023-09-17,486.5,cancelado
19018,4019,19,4,2023-09-24,262.37,cancelado
19019,4020,20,5,2023-10-01,345.31,devuelto
19020,4021,21,1,2023-10-08,132.03,completado
19021,4022,22,2,2023-10-15,68.18,completado
19022,4023,23,3,2023-10-22,57.42,completado
19023,4024,24,4,2023-10-29,419.17,completado
19024,4025,25,5,2023-11-05,477.02,completado
19025,4026,26,1,2023-11-12,50.42,completado
19026,4027,27,2,2023-11-19,57.1,completado
19027,4028,28,3,2023-11-26,442.37,cancelado
19028,4029,29,4,2023-12-03,165.99,cancelado
19029,4030,30,5,2023-12-10,334.45,devuelto
19030,4031,31,1,2023-12-17,282.1,completado
19031,4032,32,2,2023-12-24,191.0,completado
19032,4033,33,3,2023-12-31,136.98,completado
19033,4034,34,4,2024-01-07,255.61,completado
19034,4035,35,5,2024-01-14,382.02,completado
19035,4036,36,1,2024-01-21,481.8,completado
19036,4037,37,2,2024-01-28,161.43,completado
19037,4038,38,3,2024-02-04,486.66,cancelado
19038,4039,39,4,2024-02-11,102.67,cancelado
19039,4040,40,5,2024-02-18,137.29,devuelto
19040,4041,41,1,2024-02-25,425.45,completado
19041,4042,42,2,2024-03-03,15.9,completado
19042,4043,43,3,2024-03-10,187.88,completado
19043,4044,44,4,2024-03-17,168.73,completado
19044,4045,45,5,2024-03-24,127.2,completado
19045,4046,46,1,2024-03-31,212.31,completado
19046,4047,47,2,2024-04-07,24.69,completado
19047,4048,48,3,2024-04-14,167.61,cancelado
19048,4049,49,4,2024-04-21,472.29,cancelado
19049,4050,50,5,2024-04-28,307.53,devuelto
19050,4051,51,1,2024-05-05,132.69,completado
19051,4052,52,2,2024-05-12,295.18,completado
19052,4053,53,3,2024-05-19,354.99,completado
19053,4054,54,4,2024-05-26,432.98,completado
19054,4055,55,5,2024-06-02,221.65,completado
19055,4056,56,1,2024-06-09,82.65,completado
19056,4057,57,2,2024-06-16,36.3,completado
19057,4058,58,3,2024-06-23,38.69,cancelado
19058,4059,59,4,2024-06-30,77.59,cancelado
19059,4060,60,5,2024-07-07,441.8,devuelto
19060,4061,61,1,2024-07-14,363.3,completado
19061,4062,62,2,2024-07-21,406.96,completado
19062,4063,63,3,2024-07-28,356.11,completado
19063,4064,64,4,2024-08-04,274.15,completado
19064,4065,65,5,2024-08-11,54.89,completado
19065,4066,66,1,2024-08-18,258.43,completado
19066,4067,67,2,2024-08-25,461.12,completado
19067,4068,68,3,2024-09-01,329.78,cancelado
19068,4069,69,4,2024-09-08,261.54,cancelado
19069,4070,70,5,2024-09-15,302.27,devuelto
19070,4071,71,1,2024-09-22,385.86,completado
19071,4072,72,2,2024-09-29,484.39,completado
19072,4073,73,3,2024-10-06,83.15,completado
19073,4074,74,4,2024-10-13,446.43,completado
19074,4075,75,5,2024-10-20,78.96,completado
19075,4076,76,1,2024-10-27,270.13,completado
19076,4077,77,2,2024-11-03,255.39,completado
19077,4078,78,3,2024-11-10,44.31,cancelado
19078,4079,79,4,2024-11-17,138.42,cancelado
19079,4080,80,5,2024-11-24,169.13,devuelto
19080,4081,81,1,2024-12-01,76.61,completado
19081,4082,82,2,2024-12-08,121.43,completado
19082,4083,83,3,2024-12-15,457.24,completado
19083,4084,84,4,2024-12-22,322.22,completado
19084,4085,85,5,2024-12-29,104.4,completado
19085,4086,86,1,2023-01-06,162.67,completado
19086,4087,87,2,2023-01-13,476.01,completado
19087,4088,88,3,2023-01-20,118.91,cancelado
19088,4089,89,4,2023-01-27,497.92,cancelado
19089,4090,90,5,2023-02-03,18.52,devuelto
19090,4091,91,1,2023-02-10,154.38,completado
19091,4092,92,2,2023-02-17,88.14,completado
19092,4093,93,3,2023-02-24,56.4,completado
19093,4094,94,4,2023-03-03,388.08,completado
19094,4095,95,5,2023-03-10,475.7,completado
19095,4096,96,1,2023-03-17,280.31,completado
19096,4097,97,2,2023-03-24,172.69,completado
19097,4098,98,3,2023-03-31,278.99,cancelado
19098,4099,99,4,2023-04-07,346.44,cancelado
19099,4100,100,5,2023-04-14,469.75,devuelto
19100,4101,101,1,2023-04-21,317.89,completado
19101,4102,102,2,2023-04-28,395.29,completado
19102,4103,103,3,2023-05-05,487.53,completado
19103,4104,104,4,2023-05-12,179.52,completado
19104,4105,105,5,2023-05-19,18.77,completado
19105,4106,106,1,2023-05-26,336.12,completado
19106,4107,107,2,2023-06-02,447.2,completado
19107,4108,108,3,2023-06-09,66.07,cancelado
19108,4109,109,4,2023-06-16,25.54,cancelado
19109,4110,110,5,2023-06-23,237.68,devuelto
19110,4111,111,1,2023-06-30,94.72,completado
19111,4112,112,2,2023-07-07,37.14,completado
19112,4113,113,3,2023-07-14,218.97,completado
19113,4114,114,4,2023-07-21,21.53,completado
19114,4115,115,5,2023-07-28,51.77,completado
19115,4116,116,1,2023-08-04,285.16,completado
19116,4117,117,2,2023-08-11,265.96,completado
19117,4118,118,3,2023-08-18,234.56,cancelado
19118,4119,119,4,2023-08-25,24.52,cancelado
19119,4120,120,5,2023-09-01,364.47,devuelto
19120,4121,121,1,2023-09-08,375.36,completado
19121,4122,122,2,2023-09-15,96.13,completado
19122,4123,123,3,2023-09-22,491.97,completado
19123,4124,124,4,2023-09-29,72.3,completado
19124,4125,125,5,2023-10-06,370.15,completado
19125,4126,126,1,2023-10-13,463.36,completado
19126,4127,127,2,2023-10-20,219.34,completado
19127,4128,128,3,2023-10-27,181.92,cancelado
19128,4129,129,4,2023-11-03,71.3,cancelado
19129,4130,130,5,2023-11-10,330.88,devuelto
19130,4131,131,1,2023-11-17,139.6,completado
19131,4132,132,2,2023-11-24,270.85,completado
19132,4133,133,3,2023-12-01,193.39,completado
19133,4134,134,4,2023-12-08,253.9,completado
19134,4135,135,5,2023-12-15,220.4,completado
19135,4136,136,1,2023-12-22,378.2,completado
19136,4137,137,2,2023-12-29,119.95,completado
19137,4138,138,3,2024-01-05,409.3,cancelado
19138,4139,139,4,2024-01-12,446.69,cancelado
19139,4140,140,5,2024-01-19,457.59,devuelto
19140,4141,141,1,2024-01-26,379.42,completado
19141,4142,142,2,2024-02-02,162.91,completado
19142,4143,143,3,2024-02-09,365.45,completado
19143,4144,144,4,2024-02-16,485.62,completado
19144,4145,145,5,2024-02-23,159.68,completado
19145,4146,146,1,2024-03-01,97.08,completado
19146,4147,147,2,2024-03-08,80.72,completado
19147,4148,148,3,2024-03-15,225.5,cancelado
19148,4149,149,4,2024-03-22,493.91,cancelado
19149,4150,150,5,2024-03-29,427.54,devuelto
19150,4151,151,1,2024-04-05,156.92,completado
19151,4152,152,2,2024-04-12,414.36,completado
19152,4153,153,3,2024-04-19,22.33,completado
19153,4154,154,4,2024-04-26,314.8,completado
19154,4155,155,5,2024-05-03,173.12,completado
19155,4156,156,1,2024-05-10,13.35,completado
19156,4157,157,2,2024-05-17,254.62,completado
19157,4158,158,3,2024-05-24,374.33,cancelado
19158,4159,159,4,2024-05-31,316.7,cancelado
19159,4160,160,5,2024-06-07,110.43,devuelto
19160,4161,161,1,2024-06-14,368.63,completado
19161,4162,162,2,2024-06-21,250.99,completado
19162,4163,163,3,2024-06-28,82.96,completado
19163,4164,164,4,2024-07-05,125.09,completado
19164,4165,165,5,2024-07-12,283.58,completado
19165,4166,166,1,2024-07-19,216.71,completado
19166,4167,167,2,2024-07-26,250.67,completado
19167,4168,168,3,2024-08-02,210.82,cancelado
19168,4169,169,4,2024-08-09,92.85,cancelado
19169,4170,170,5,2024-08-16,470.7,devuelto
19170,4171,171,1,2024-08-23,380.86,completado
19171,4172,172,2,2024-08-30,377.23,completado
19172,4173,173,3,2024-09-06,71.85,completado
19173,4174,174,4,2024-09-13,234.84,completado
19174,4175,175,5,2024-09-20,476.83,completado
19175,4176,176,1,2024-09-27,203.18,completado
19176,4177,177,2,2024-10-04,493.56,completado
19177,4178,178,3,2024-10-11,259.6,cancelado
19178,4179,179,4,2024-10-18,425.18,cancelado
19179,4180,180,5,2024-10-25,354.76,devuelto
19180,4181,181,1,2024-11-01,199.84,completado
19181,4182,182,2,2024-11-08,182.03,completado
19182,4183,183,3,2024-11-15,352.41,completado
19183,4184,184,4,2024-11-22,206.09,completado
19184,4185,185,5,2024-11-29,84.79,completado
19185,4186,186,1,2024-12-06,73.71,completado
19186,4187,187,2,2024-12-13,491.95,completado
19187,4188,188,3,2024-12-20,478.63,cancelado
19188,4189,189,4,2024-12-27,314.49,cancelado
19189,4190,190,5,2023-01-04,226.55,devuelto
19190,4191,191,1,2023-01-11,498.92,completado
19191,4192,192,2,2023-01-18,427.63,completado
19192,4193,193,3,2023-01-25,226.58,completado
19193,4194,194,4,2023-02-01,429.57,completado
19194,4195,195,5,2023-02-08,142.09,completado
19195,4196,196,1,2023-02-15,315.54,completado
19196,4197,197,2,2023-02-22,241.92,completado
19197,4198,198,3,2023-03-01,416.64,cancelado
19198,4199,199,4,2023-03-08,334.57,cancelado
19199,4200,200,5,2023-03-15,293.31,devuelto
19200,4201,1,1,2023-03-22,323.16,completado
19201,4202,2,2,2023-03-29,187.19,completado
19202,4203,3,3,2023-04-05,27.88,completado
19203,4204,4,4,2023-04-12,487.73,completado
19204,4205,5,5,2023-04-19,63.34,completado
19205,4206,6,1,2023-04-26,260.03,completado
19206,4207,7,2,2023-05-03,255.29,completado
19207,4208,8,3,2023-05-10,246.85,cancelado
19208,4209,9,4,2023-05-17,157.66,cancelado
19209,4210,10,5,2023-05-24,81.33,devuelto
19210,4211,11,1,2023-05-31,125.29,completado
19211,4212,12,2,2023-06-07,433.41,completado
19212,4213,13,3,2023-06-14,407.73,completado
19213,4214,14,4,2023-06-21,160.72,completado
19214,4215,15,5,2023-06-28,160.55,completado
19215,4216,16,1,2023-07-05,215.45,completado
19216,4217,17,2,2023-07-12,372.07,completado
19217,4218,18,3,2023-07-19,195.42,cancelado
19218,4219,19,4,2023-07-26,84.66,cancelado
19219,4220,20,5,2023-08-02,64.13,devuelto
19220,4221,21,1,2023-08-09,52.57,completado
19221,4222,22,2,2023-08-16,397.41,completado
19222,4223,23,3,2023-08-23,222.08,completado
19223,4224,24,4,2023-08-30,133.86,completado
19224,4225,25,5,2023-09-06,371.74,completado
19225,4226,26,1,2023-09-13,184.58,completado
19226,4227,27,2,2023-09-20,184.89,completado
19227,4228,28,3,2023-09-27,291.67,cancelado
19228,4229,29,4,2023-10-04,94.31,cancelado
19229,4230,30,5,2023-10-11,485.25,devuelto
19230,4231,31,1,2023-10-18,333.36,completado
19231,4232,32,2,2023-10-25,145.44,completado
19232,4233,33,3,2023-11-01,148.7,completado
19233,4234,34,4,2023-11-08,411.0,completado
19234,4235,35,5,2023-11-15,385.54,completado
19235,4236,36,1,2023-11-22,59.53,completado
19236,4237,37,2,2023-11-29,358.03,completado
19237,4238,38,3,2023-12-06,251.6,cancelado
19238,4239,39,4,2023-12-13,105.83,cancelado
19239,4240,40,5,2023-12-20,279.71,devuelto
19240,4241,41,1,2023-12-27,270.29,completado
19241,4242,42,2,2024-01-03,237.16,completado
19242,4243,43,3,2024-01-10,11.24,completado
19243,4244,44,4,2024-01-17,337.66,completado
19244,4245,45,5,2024-01-24,124.42,completado
19245,4246,46,1,2024-01-31,120.42,completado
19246,4247,47,2,2024-02-07,341.81,completado
19247,4248,48,3,2024-02-14,396.59,cancelado
19248,4249,49,4,2024-02-21,255.22,cancelado
19249,4250,50,5,2024-02-28,433.36,devuelto
19250,4251,51,1,2024-03-06,405.08,completado
19251,4252,52,2,2024-03-13,364.77,completado
19252,4253,53,3,2024-03-20,268.84,completado
19253,4254,54,4,2024-03-27,145.84,completado
19254,4255,55,5,2024-04-03,402.67,completado
19255,4256,56,1,2024-04-10,273.05,completado
19256,4257,57,2,2024-04-17,496.61,completado
19257,4258,58,3,2024-04-24,208.52,cancelado
19258,4259,59,4,2024-05-01,434.42,cancelado
19259,4260,60,5,2024-05-08,18.96,devuelto
19260,4261,61,1,2024-05-15,424.9,completado
19261,4262,62,2,2024-05-22,410.11,completado
19262,4263,63,3,2024-05-29,496.55,completado
19263,4264,64,4,2024-06-05,99.05,completado
19264,4265,65,5,2024-06-12,88.89,completado
19265,4266,66,1,2024-06-19,440.3,completado
19266,4267,67,2,2024-06-26,162.39,completado
19267,4268,68,3,2024-07-03,331.69,cancelado
19268,4269,69,4,2024-07-10,146.69,cancelado
19269,4270,70,5,2024-07-17,403.05,devuelto
19270,4271,71,1,2024-07-24,101.38,completado
19271,4272,72,2,2024-07-31,432.96,completado
19272,4273,73,3,2024-08-07,68.05,completado
19273,4274,74,4,2024-08-14,206.71,completado
19274,4275,75,5,2024-08-21,162.37,completado
19275,4276,76,1,2024-08-28,374.55,completado
19276,4277,77,2,2024-09-04,268.67,completado
19277,4278,78,3,2024-09-11,12.05,cancelado
19278,4279,79,4,2024-09-18,473.52,cancelado
19279,4280,80,5,2024-09-25,253.37,devuelto
19280,4281,81,1,2024-10-02,59.24,completado
19281,4282,82,2,2024-10-09,367.69,completado
19282,4283,83,3,2024-10-16,437.42,completado
19283,4284,84,4,2024-10-23,198.67,completado
19284,4285,85,5,2024-10-30,493.85,completado
19285,4286,86,1,2024-11-06,109.29,completado
19286,4287,87,2,2024-11-13,40.62,completado
19287,4288,88,3,2024-11-20,352.45,cancelado
19288,4289,89,4,2024-11-27,61.47,cancelado
19289,4290,90,5,2024-12-04,228.89,devuelto
19290,4291,91,1,2024-12-11,415.76,completado
19291,4292,92,2,2024-12-18,315.22,completado
19292,4293,93,3,2024-12-25,457.09,completado
19293,4294,94,4,2023-01-02,34.25,completado
19294,4295,95,5,2023-01-09,53.84,completado
19295,4296,96,1,2023-01-16,145.25,completado
19296,4297,97,2,2023-01-23,469.8,completado
19297,4298,98,3,2023-01-30,112.83,cancelado
19298,4299,99,4,2023-02-06,460.3,cancelado
19299,4300,100,5,2023-02-13,242.67,devuelto
19300,4301,101,1,2023-02-20,67.22,completado
19301,4302,102,2,2023-02-27,62.4,completado
19302,4303,103,3,2023-03-06,348.03,completado
19303,4304,104,4,2023-03-13,376.29,completado
19304,4305,105,5,2023-03-20,298.95,completado
19305,4306,106,1,2023-03-27,238.65,completado
19306,4307,107,2,2023-04-03,329.59,completado
19307,4308,108,3,2023-04-10,213.32,cancelado
19308,4309,109,4,2023-04-17,392.53,cancelado
19309,4310,110,5,2023-04-24,61.43,devuelto
19310,4311,111,1,2023-05-01,318.87,completado
19311,4312,112,2,2023-05-08,200.1,completado
19312,4313,113,3,2023-05-15,464.38,completado
19313,4314,114,4,2023-05-22,382.67,completado
19314,4315,115,5,2023-05-29,470.55,completado
19315,4316,116,1,2023-06-05,345.03,completado
19316,4317,117,2,2023-06-12,312.25,completado
19317,4318,118,3,2023-06-19,378.12,cancelado
19318,4319,119,4,2023-06-26,34.95,cancelado
19319,4320,120,5,2023-07-03,258.59,devuelto
19320,4321,121,1,2023-07-10,58.28,completado
19321,4322,122,2,2023-07-17,327.53,completado
19322,4323,123,3,2023-07-24,424.25,completado
19323,4324,124,4,2023-07-31,321.7,completado
19324,4325,125,5,2023-08-07,412.52,completado
19325,4326,126,1,2023-08-14,171.04,completado
19326,4327,127,2,2023-08-21,188.68,completado
19327,4328,128,3,2023-08-28,14.62,cancelado
19328,4329,129,4,2023-09-04,69.04,cancelado
19329,4330,130,5,2023-09-11,110.96,devuelto
19330,4331,131,1,2023-09-18,224.4,completado
19331,4332,132,2,2023-09-25,119.49,completado
19332,4333,133,3,2023-10-02,269.75,completado
19333,4334,134,4,2023-10-09,356.02,completado
19334,4335,135,5,2023-10-16,21.09,completado
19335,4336,136,1,2023-10-23,462.09,completado
19336,4337,137,2,2023-10-30,283.47,completado
19337,4338,138,3,2023-11-06,341.24,cancelado
19338,4339,139,4,2023-11-13,420.19,cancelado
19339,4340,140,5,2023-11-20,266.07,devuelto
19340,4341,141,1,2023-11-27,11.7,completado
19341,4342,142,2,2023-12-04,77.42,completado
19342,4343,143,3,2023-12-11,239.31,completado
19343,4344,144,4,2023-12-18,382.62,completado
19344,4345,145,5,2023-12-25,360.38,completado
19345,4346,146,1,2024-01-01,239.29,completado
19346,4347,147,2,2024-01-08,473.29,completado
19347,4348,148,3,2024-01-15,61.83,cancelado
19348,4349,149,4,2024-01-22,23.47,cancelado
19349,4350,150,5,2024-01-29,348.23,devuelto
19350,4351,151,1,2024-02-05,64.42,completado
19351,4352,152,2,2024-02-12,311.63,completado
19352,4353,153,3,2024-02-19,488.21,completado
19353,4354,154,4,2024-02-26,85.77,completado
19354,4355,155,5,2024-03-04,447.94,completado
19355,4356,156,1,2024-03-11,341.65,completado
19356,4357,157,2,2024-03-18,440.77,completado
19357,4358,158,3,2024-03-25,298.16,cancelado
19358,4359,159,4,2024-04-01,494.04,cancelado
19359,4360,160,5,2024-04-08,133.14,devuelto
19360,4361,161,1,2024-04-15,250.3,completado
19361,4362,162,2,2024-04-22,69.1,completado
19362,4363,163,3,2024-04-29,107.0,completado
19363,4364,164,4,2024-05-06,176.04,completado
19364,4365,165,5,2024-05-13,121.08,completado
19365,4366,166,1,2024-05-20,229.23,completado
19366,4367,167,2,2024-05-27,215.42,completado
19367,4368,168,3,2024-06-03,433.01,cancelado
19368,4369,169,4,2024-06-10,450.84,cancelado
19369,4370,170,5,2024-06-17,13.42,devuelto
19370,4371,171,1,2024-06-24,401.15,completado
19371,4372,172,2,2024-07-01,278.04,completado
19372,4373,173,3,2024-07-08,340.13,completado
19373,4374,174,4,2024-07-15,361.0,completado
19374,4375,175,5,2024-07-22,189.5,completado
19375,4376,176,1,2024-07-29,182.43,completado
19376,4377,177,2,2024-08-05,434.89,completado
19377,4378,178,3,2024-08-12,255.25,cancelado
19378,4379,179,4,2024-08-19,17.22,cancelado
19379,4380,180,5,2024-08-26,329.15,devuelto
19380,4381,181,1,2024-09-02,337.87,completado
19381,4382,182,2,2024-09-09,153.65,completado
19382,4383,183,3,2024-09-16,401.22,completado
19383,4384,184,4,2024-09-23,76.13,completado
19384,4385,185,5,2024-09-30,439.41,completado
19385,4386,186,1,2024-10-07,482.36,completado
19386,4387,187,2,2024-10-14,89.51,completado
19387,4388,188,3,2024-10-21,413.88,cancelado
19388,4389,189,4,2024-10-28,201.44,cancelado
19389,4390,190,5,2024-11-04,28.65,devuelto
19390,4391,191,1,2024-11-11,496.72,completado
19391,4392,192,2,2024-11-18,305.21,completado
19392,4393,193,3,2024-11-25,384.07,completado
19393,4394,194,4,2024-12-02,280.23,completado
19394,4395,195,5,2024-12-09,424.99,completado
19395,4396,196,1,2024-12-16,137.19,completado
19396,4397,197,2,2024-12-23,336.53,completado
19397,4398,198,3,2024-12-30,19.76,cancelado
19398,4399,199,4,2023-01-07,402.42,cancelado
19399,4400,200,5,2023-01-14,344.3,devuelto
19400,4401,1,1,2023-01-21,184.69,completado
19401,4402,2,2,2023-01-28,224.1,completado
19402,4403,3,3,2023-02-04,348.15,completado
19403,4404,4,4,2023-02-11,130.49,completado
19404,4405,5,5,2023-02-18,426.36,completado
19405,4406,6,1,2023-02-25,458.05,completado
19406,4407,7,2,2023-03-04,188.69,completado
19407,4408,8,3,2023-03-11,376.8,cancelado
19408,4409,9,4,2023-03-18,439.96,cancelado
19409,4410,10,5,2023-03-25,79.6,devuelto
19410,4411,11,1,2023-04-01,167.71,completado
19411,4412,12,2,2023-04-08,370.54,completado
19412,4413,13,3,2023-04-15,420.98,completado
19413,4414,14,4,2023-04-22,448.38,completado
19414,4415,15,5,2023-04-29,413.49,completado
19415,4416,16,1,2023-05-06,200.31,completado
19416,4417,17,2,2023-05-13,12.16,completado
19417,4418,18,3,2023-05-20,464.59,cancelado
19418,4419,19,4,2023-05-27,116.62,cancelado
19419,4420,20,5,2023-06-03,188.35,devuelto
19420,4421,21,1,2023-06-10,489.82,completado
19421,4422,22,2,2023-06-17,477.95,completado
19422,4423,23,3,2023-06-24,327.9,completado
19423,4424,24,4,2023-07-01,385.75,completado
19424,4425,25,5,2023-07-08,447.47,completado
19425,4426,26,1,2023-07-15,86.7,completado
19426,4427,27,2,2023-07-22,425.78,completado
19427,4428,28,3,2023-07-29,354.38,cancelado
19428,4429,29,4,2023-08-05,350.47,cancelado
19429,4430,30,5,2023-08-12,313.8,devuelto
19430,4431,31,1,2023-08-19,434.19,completado
19431,4432,32,2,2023-08-26,293.16,completado
19432,4433,33,3,2023-09-02,151.39,completado
19433,4434,34,4,2023-09-09,429.09,completado
19434,4435,35,5,2023-09-16,256.66,completado
19435,4436,36,1,2023-09-23,117.99,completado
19436,4437,37,2,2023-09-30,15.01,completado
19437,4438,38,3,2023-10-07,457.31,cancelado
19438,4439,39,4,2023-10-14,371.91,cancelado
19439,4440,40,5,2023-10-21,304.34,devuelto
19440,4441,41,1,2023-10-28,406.65,completado
19441,4442,42,2,2023-11-04,408.88,completado
19442,4443,43,3,2023-11-11,165.03,completado
19443,4444,44,4,2023-11-18,122.03,completado
19444,4445,45,5,2023-11-25,82.21,completado
19445,4446,46,1,2023-12-02,190.47,completado
19446,4447,47,2,2023-12-09,44.92,completado
19447,4448,48,3,2023-12-16,243.37,cancelado
19448,4449,49,4,2023-12-23,188.72,cancelado
19449,4450,50,5,2023-12-30,405.7,devuelto
19450,4451,51,1,2024-01-06,279.52,completado
19451,4452,52,2,2024-01-13,200.19,completado
19452,4453,53,3,2024-01-20,152.49,completado
19453,4454,54,4,2024-01-27,359.33,completado
19454,4455,55,5,2024-02-03,130.08,completado
19455,4456,56,1,2024-02-10,337.2,completado
19456,4457,57,2,2024-02-17,468.5,completado
19457,4458,58,3,2024-02-24,432.63,cancelado
19458,4459,59,4,2024-03-02,124.01,cancelado
19459,4460,60,5,2024-03-09,279.48,devuelto
19460,4461,61,1,2024-03-16,55.8,completado
19461,4462,62,2,2024-03-23,169.67,completado
19462,4463,63,3,2024-03-30,411.89,completado
19463,4464,64,4,2024-04-06,441.43,completado
19464,4465,65,5,2024-04-13,145.31,completado
19465,4466,66,1,2024-04-20,254.35,completado
19466,4467,67,2,2024-04-27,137.19,completado
19467,4468,68,3,2024-05-04,496.88,cancelado
19468,4469,69,4,2024-05-11,250.39,cancelado
19469,4470,70,5,2024-05-18,411.93,devuelto
19470,4471,71,1,2024-05-25,296.75,completado
19471,4472,72,2,2024-06-01,218.0,completado
19472,4473,73,3,2024-06-08,479.99,completado
19473,4474,74,4,2024-06-15,166.83,completado
19474,4475,75,5,2024-06-22,130.92,completado
19475,4476,76,1,2024-06-29,175.11,completado
19476,4477,77,2,2024-07-06,374.79,completado
19477,4478,78,3,2024-07-13,458.05,cancelado
19478,4479,79,4,2024-07-20,64.47,cancelado
19479,4480,80,5,2024-07-27,277.54,devuelto
19480,4481,81,1,2024-08-03,47.42,completado
19481,4482,82,2,2024-08-10,230.03,completado
19482,4483,83,3,2024-08-17,251.41,completado
19483,4484,84,4,2024-08-24,405.52,completado
19484,4485,85,5,2024-08-31,75.65,completado
19485,4486,86,1,2024-09-07,300.21,completado
19486,4487,87,2,2024-09-14,384.89,completado
19487,4488,88,3,2024-09-21,253.9,cancelado
19488,4489,89,4,2024-09-28,58.25,cancelado
19489,4490,90,5,2024-10-05,187.52,devuelto
19490,4491,91,1,2024-10-12,85.83,completado
19491,4492,92,2,2024-10-19,428.5,completado
19492,4493,93,3,2024-10-26,323.35,completado
19493,4494,94,4,2024-11-02,383.59,completado
19494,4495,95,5,2024-11-09,407.93,completado
19495,4496,96,1,2024-11-16,236.31,completado
19496,4497,97,2,2024-11-23,121.27,completado
19497,4498,98,3,2024-11-30,197.84,cancelado
19498,4499,99,4,2024-12-07,85.22,cancelado
19499,4500,100,5,2024-12-14,395.52,devuelto
19500,4501,101,1,2024-12-21,223.21,completado
19501,4502,102,2,2024-12-28,371.69,completado
19502,4503,103,3,2023-01-05,495.48,completado
19503,4504,104,4,2023-01-12,388.13,completado
19504,4505,105,5,2023-01-19,217.2,completado
19505,4506,106,1,2023-01-26,236.66,completado
19506,4507,107,2,2023-02-02,79.26,completado
19507,4508,108,3,2023-02-09,185.47,cancelado
19508,4509,109,4,2023-02-16,226.36,cancelado
19509,4510,110,5,2023-02-23,23.39,devuelto
19510,4511,111,1,2023-03-02,109.75,completado
19511,4512,112,2,2023-03-09,415.19,completado
19512,4513,113,3,2023-03-16,237.28,completado
19513,4514,114,4,2023-03-23,187.21,completado
19514,4515,115,5,2023-03-30,404.7,completado
19515,4516,116,1,2023-04-06,379.8,completado
19516,4517,117,2,2023-04-13,245.54,completado
19517,4518,118,3,2023-04-20,497.5,cancelado
19518,4519,119,4,2023-04-27,378.79,cancelado
19519,4520,120,5,2023-05-04,245.77,devuelto
19520,4521,121,1,2023-05-11,364.1,completado
19521,4522,122,2,2023-05-18,116.09,completado
19522,4523,123,3,2023-05-25,248.47,completado
19523,4524,124,4,2023-06-01,160.38,completado
19524,4525,125,5,2023-06-08,121.85,completado
19525,4526,126,1,2023-06-15,17.81,completado
19526,4527,127,2,2023-06-22,101.0,completado
19527,4528,128,3,2023-06-29,226.73,cancelado
19528,4529,129,4,2023-07-06,412.46,cancelado
19529,4530,130,5,2023-07-13,421.86,devuelto
19530,4531,131,1,2023-07-20,256.59,completado
19531,4532,132,2,2023-07-27,168.92,completado
19532,4533,133,3,2023-08-03,234.92,completado
19533,4534,134,4,2023-08-10,98.72,completado
19534,4535,135,5,2023-08-17,34.41,completado
19535,4536,136,1,2023-08-24,285.69,completado
19536,4537,137,2,2023-08-31,172.84,completado
19537,4538,138,3,2023-09-07,387.58,cancelado
19538,4539,139,4,2023-09-14,203.27,cancelado
19539,4540,140,5,2023-09-21,268.76,devuelto
19540,4541,141,1,2023-09-28,490.82,completado
19541,4542,142,2,2023-10-05,447.82,completado
19542,4543,143,3,2023-10-12,101.11,completado
19543,4544,144,4,2023-10-19,262.94,completado
19544,4545,145,5,2023-10-26,157.13,completado
19545,4546,146,1,2023-11-02,32.39,completado
19546,4547,147,2,2023-11-09,214.14,completado
19547,4548,148,3,2023-11-16,132.83,cancelado
19548,4549,149,4,2023-11-23,15.04,cancelado
19549,4550,150,5,2023-11-30,329.82,devuelto
19550,4551,151,1,2023-12-07,194.85,completado
19551,4552,152,2,2023-12-14,111.37,completado
19552,4553,153,3,2023-12-21,244.34,completado
19553,4554,154,4,2023-12-28,43.12,completado
19554,4555,155,5,2024-01-04,419.07,completado
19555,4556,156,1,2024-01-11,111.2,completado
19556,4557,157,2,2024-01-18,175.75,completado
19557,4558,158,3,2024-01-25,366.05,cancelado
19558,4559,159,4,2024-02-01,483.78,cancelado
19559,4560,160,5,2024-02-08,206.43,devuelto
19560,4561,161,1,2024-02-15,214.61,completado
19561,4562,162,2,2024-02-22,77.8,completado
19562,4563,163,3,2024-02-29,305.83,completado
19563,4564,164,4,2024-03-07,116.77,completado
19564,4565,165,5,2024-03-14,269.22,completado
19565,4566,166,1,2024-03-21,363.8,completado
19566,4567,167,2,2024-03-28,419.59,completado
19567,4568,168,3,2024-04-04,307.62,cancelado
19568,4569,169,4,2024-04-11,209.15,cancelado
19569,4570,170,5,2024-04-18,339.19,devuelto
19570,4571,171,1,2024-04-25,24.8,completado
19571,4572,172,2,2024-05-02,138.99,completado
19572,4573,173,3,2024-05-09,460.08,completado
19573,4574,174,4,2024-05-16,266.42,completado
19574,4575,175,5,2024-05-23,202.76,completado
19575,4576,176,1,2024-05-30,342.92,completado
19576,4577,177,2,2024-06-06,96.42,completado
19577,4578,178,3,2024-06-13,350.02,cancelado
19578,4579,179,4,2024-06-20,392.28,cancelado
19579,4580,180,5,2024-06-27,390.94,devuelto
19580,4581,181,1,2024-07-04,137.26,completado
19581,4582,182,2,2024-07-11,179.96,completado
19582,4583,183,3,2024-07-18,22.45,completado
19583,4584,184,4,2024-07-25,267.16,completado
19584,4585,185,5,2024-08-01,418.78,completado
19585,4586,186,1,2024-08-08,388.28,completado
19586,4587,187,2,2024-08-15,242.39,completado
19587,4588,188,3,2024-08-22,293.08,cancelado
19588,4589,189,4,2024-08-29,373.68,cancelado
19589,4590,190,5,2024-09-05,478.93,devuelto
19590,4591,191,1,2024-09-12,170.41,completado
19591,4592,192,2,2024-09-19,428.34,completado
19592,4593,193,3,2024-09-26,220.24,completado
19593,4594,194,4,2024-10-03,136.11,completado
19594,4595,195,5,2024-10-10,14.33,completado
19595,4596,196,1,2024-10-17,104.01,completado
19596,4597,197,2,2024-10-24,331.56,completado
19597,4598,198,3,2024-10-31,167.62,cancelado
19598,4599,199,4,2024-11-07,230.61,cancelado
19599,4600,200,5,2024-11-14,371.01,devuelto
19600,4601,1,1,2024-11-21,255.09,completado
19601,4602,2,2,2024-11-28,442.1,completado
19602,4603,3,3,2024-12-05,254.91,completado
19603,4604,4,4,2024-12-12,176.11,completado
19604,4605,5,5,2024-12-19,134.8,completado
19605,4606,6,1,2024-12-26,223.8,completado
19606,4607,7,2,2023-01-03,47.72,completado
19607,4608,8,3,2023-01-10,355.19,cancelado
19608,4609,9,4,2023-01-17,23.53,cancelado
19609,4610,10,5,2023-01-24,417.28,devuelto
19610,4611,11,1,2023-01-31,268.21,completado
19611,4612,12,2,2023-02-07,82.11,completado
19612,4613,13,3,2023-02-14,98.65,completado
19613,4614,14,4,2023-02-21,112.93,completado
19614,4615,15,5,2023-02-28,207.2,completado
19615,4616,16,1,2023-03-07,420.27,completado
19616,4617,17,2,2023-03-14,233.17,completado
19617,4618,18,3,2023-03-21,111.06,cancelado
19618,4619,19,4,2023-03-28,39.22,cancelado
19619,4620,20,5,2023-04-04,96.27,devuelto
19620,4621,21,1,2023-04-11,472.41,completado
19621,4622,22,2,2023-04-18,82.14,completado
19622,4623,23,3,2023-04-25,60.61,completado
19623,4624,24,4,2023-05-02,383.17,completado
19624,4625,25,5,2023-05-09,419.6,completado
19625,4626,26,1,2023-05-16,416.76,completado
19626,4627,27,2,2023-05-23,329.11,completado
19627,4628,28,3,2023-05-30,250.15,cancelado
19628,4629,29,4,2023-06-06,307.31,cancelado
19629,4630,30,5,2023-06-13,484.67,devuelto
19630,4631,31,1,2023-06-20,62.24,completado
19631,4632,32,2,2023-06-27,90.55,completado
19632,4633,33,3,2023-07-04,391.92,completado
19633,4634,34,4,2023-07-11,87.23,completado
19634,4635,35,5,2023-07-18,442.69,completado
19635,4636,36,1,2023-07-25,192.25,completado
19636,4637,37,2,2023-08-01,151.59,completado
19637,4638,38,3,2023-08-08,420.2,cancelado
19638,4639,39,4,2023-08-15,208.03,cancelado
19639,4640,40,5,2023-08-22,281.19,devuelto
19640,4641,41,1,2023-08-29,25.87,completado
19641,4642,42,2,2023-09-05,96.1,completado
19642,4643,43,3,2023-09-12,60.75,completado
19643,4644,44,4,2023-09-19,218.17,completado
19644,4645,45,5,2023-09-26,293.51,completado
19645,4646,46,1,2023-10-03,111.59,completado
19646,4647,47,2,2023-10-10,429.67,completado
19647,4648,48,3,2023-10-17,97.79,cancelado
19648,4649,49,4,2023-10-24,24.5,cancelado
19649,4650,50,5,2023-10-31,98.29,devuelto
19650,4651,51,1,2023-11-07,212.47,completado
19651,4652,52,2,2023-11-14,480.93,completado
19652,4653,53,3,2023-11-21,288.63,completado
19653,4654,54,4,2023-11-28,279.3,completado
19654,4655,55,5,2023-12-05,56.87,completado
19655,4656,56,1,2023-12-12,489.86,completado
19656,4657,57,2,2023-12-19,140.41,completado
19657,4658,58,3,2023-12-26,342.52,cancelado
19658,4659,59,4,2024-01-02,141.63,cancelado
19659,4660,60,5,2024-01-09,416.12,devuelto
19660,4661,61,1,2024-01-16,39.67,completado
19661,4662,62,2,2024-01-23,277.72,completado
19662,4663,63,3,2024-01-30,435.49,completado
19663,4664,64,4,2024-02-06,230.78,completado
19664,4665,65,5,2024-02-13,442.93,completado
19665,4666,66,1,2024-02-20,382.14,completado
19666,4667,67,2,2024-02-27,461.58,completado
19667,4668,68,3,2024-03-05,405.05,cancelado
19668,4669,69,4,2024-03-12,49.39,cancelado
19669,4670,70,5,2024-03-19,462.69,devuelto
19670,4671,71,1,2024-03-26,228.37,completado
19671,4672,72,2,2024-04-02,391.48,completado
19672,4673,73,3,2024-04-09,445.2,completado
19673,4674,74,4,2024-04-16,345.77,completado
19674,4675,75,5,2024-04-23,471.27,completado
19675,4676,76,1,2024-04-30,152.69,completado
19676,4677,77,2,2024-05-07,107.16,completado
19677,4678,78,3,2024-05-14,100.53,cancelado
19678,4679,79,4,2024-05-21,419.21,cancelado
19679,4680,80,5,2024-05-28,99.93,devuelto
19680,4681,81,1,2024-06-04,459.24,completado
19681,4682,82,2,2024-06-11,194.6,completado
19682,4683,83,3,2024-06-18,119.7,completado
19683,4684,84,4,2024-06-25,65.43,completado
19684,4685,85,5,2024-07-02,406.09,completado
19685,4686,86,1,2024-07-09,88.36,completado
19686,4687,87,2,2024-07-16,146.53,completado
19687,4688,88,3,2024-07-23,227.36,cancelado
19688,4689,89,4,2024-07-30,489.66,cancelado
19689,4690,90,5,2024-08-06,458.78,devuelto
19690,4691,91,1,2024-08-13,12.61,completado
19691,4692,92,2,2024-08-20,118.92,completado
19692,4693,93,3,2024-08-27,285.78,completado
19693,4694,94,4,2024-09-03,373.3,completado
19694,4695,95,5,2024-09-10,380.55,completado
19695,4696,96,1,2024-09-17,169.3,completado
19696,4697,97,2,2024-09-24,39.82,completado
19697,4698,98,3,2024-10-01,441.68,cancelado
19698,4699,99,4,2024-10-08,311.73,cancelado
19699,4700,100,5,2024-10-15,310.25,devuelto
19700,4701,101,1,2024-10-22,493.45,completado
19701,4702,102,2,2024-10-29,169.27,completado
19702,4703,103,3,2024-11-05,352.45,completado
19703,4704,104,4,2024-11-12,117.3,completado
19704,4705,105,5,2024-11-19,306.31,completado
19705,4706,106,1,2024-11-26,72.34,completado
19706,4707,107,2,2024-12-03,353.35,completado
19707,4708,108,3,2024-12-10,495.74,cancelado
19708,4709,109,4,2024-12-17,251.7,cancelado
19709,4710,110,5,2024-12-24,275.05,devuelto
19710,4711,111,1,2023-01-01,52.63,completado
19711,4712,112,2,2023-01-08,448.46,completado
19712,4713,113,3,2023-01-15,67.76,completado
19713,4714,114,4,2023-01-22,199.93,completado
19714,4715,115,5,2023-01-29,180.55,completado
19715,4716,116,1,2023-02-05,33.4,completado
19716,4717,117,2,2023-02-12,487.72,completado
19717,4718,118,3,2023-02-19,285.97,cancelado
19718,4719,119,4,2023-02-26,220.33,cancelado
19719,4720,120,5,2023-03-05,71.46,devuelto
19720,4721,121,1,2023-03-12,220.92,completado
19721,4722,122,2,2023-03-19,215.69,completado
19722,4723,123,3,2023-03-26,203.62,completado
19723,4724,124,4,2023-04-02,172.25,completado
19724,4725,125,5,2023-04-09,94.11,completado
19725,4726,126,1,2023-04-16,432.88,completado
19726,4727,127,2,2023-04-23,280.95,completado
19727,4728,128,3,2023-04-30,158.82,cancelado
19728,4729,129,4,2023-05-07,488.84,cancelado
19729,4730,130,5,2023-05-14,298.17,devuelto
19730,4731,131,1,2023-05-21,139.74,completado
19731,4732,132,2,2023-05-28,376.97,completado
19732,4733,133,3,2023-06-04,297.33,completado
19733,4734,134,4,2023-06-11,21.46,completado
19734,4735,135,5,2023-06-18,364.17,completado
19735,4736,136,1,2023-06-25,257.78,completado
19736,4737,137,2,2023-07-02,277.6,completado
19737,4738,138,3,2023-07-09,157.66,cancelado
19738,4739,139,4,2023-07-16,11.37,cancelado
19739,4740,140,5,2023-07-23,376.61,devuelto
19740,4741,141,1,2023-07-30,496.92,completado
19741,4742,142,2,2023-08-06,379.23,completado
19742,4743,143,3,2023-08-13,424.78,completado
19743,4744,144,4,2023-08-20,20.63,completado
19744,4745,145,5,2023-08-27,31.85,completado
19745,4746,146,1,2023-09-03,15.01,completado
19746,4747,147,2,2023-09-10,360.29,completado
19747,4748,148,3,2023-09-17,60.61,cancelado
19748,4749,149,4,2023-09-24,480.32,cancelado
19749,4750,150,5,2023-10-01,423.78,devuelto
19750,4751,151,1,2023-10-08,301.56,completado
19751,4752,152,2,2023-10-15,91.29,completado
19752,4753,153,3,2023-10-22,388.11,completado
19753,4754,154,4,2023-10-29,453.02,completado
19754,4755,155,5,2023-11-05,390.55,completado
19755,4756,156,1,2023-11-12,472.8,completado
19756,4757,157,2,2023-11-19,442.24,completado
19757,4758,158,3,2023-11-26,126.72,cancelado
19758,4759,159,4,2023-12-03,25.96,cancelado
19759,4760,160,5,2023-12-10,136.93,devuelto
19760,4761,161,1,2023-12-17,290.49,completado
19761,4762,162,2,2023-12-24,26.95,completado
19762,4763,163,3,2023-12-31,120.33,completado
19763,4764,164,4,2024-01-07,450.39,completado
19764,4765,165,5,2024-01-14,180.76,completado
19765,4766,166,1,2024-01-21,104.29,completado
19766,4767,167,2,2024-01-28,111.08,completado
19767,4768,168,3,2024-02-04,13.21,cancelado
19768,4769,169,4,2024-02-11,92.21,cancelado
19769,4770,170,5,2024-02-18,185.19,devuelto
19770,4771,171,1,2024-02-25,29.96,completado
19771,4772,172,2,2024-03-03,406.7,completado
19772,4773,173,3,2024-03-10,453.88,completado
19773,4774,174,4,2024-03-17,404.63,completado
19774,4775,175,5,2024-03-24,178.59,completado
19775,4776,176,1,2024-03-31,486.98,completado
19776,4777,177,2,2024-04-07,65.63,completado
19777,4778,178,3,2024-04-14,443.52,cancelado
19778,4779,179,4,2024-04-21,120.86,cancelado
19779,4780,180,5,2024-04-28,175.45,devuelto
19780,4781,181,1,2024-05-05,170.99,completado
19781,4782,182,2,2024-05-12,361.78,completado
19782,4783,183,3,2024-05-19,449.76,completado
19783,4784,184,4,2024-05-26,120.76,completado
19784,4785,185,5,2024-06-02,208.36,completado
19785,4786,186,1,2024-06-09,257.1,completado
19786,4787,187,2,2024-06-16,281.65,completado
19787,4788,188,3,2024-06-23,284.53,cancelado
19788,4789,189,4,2024-06-30,350.62,cancelado
19789,4790,190,5,2024-07-07,111.99,devuelto
19790,4791,191,1,2024-07-14,104.88,completado
19791,4792,192,2,2024-07-21,390.12,completado
19792,4793,193,3,2024-07-28,104.45,completado
19793,4794,194,4,2024-08-04,89.48,completado
19794,4795,195,5,2024-08-11,426.4,completado
19795,4796,196,1,2024-08-18,203.12,completado
19796,4797,197,2,2024-08-25,89.97,completado
19797,4798,198,3,2024-09-01,219.11,cancelado
19798,4799,199,4,2024-09-08,13.55,cancelado
19799,4800,200,5,2024-09-15,273.33,devuelto
19800,4801,1,1,2024-09-22,179.94,completado
19801,4802,2,2,2024-09-29,375.84,completado
19802,4803,3,3,2024-10-06,273.8,completado
19803,4804,4,4,2024-10-13,326.1,completado
19804,4805,5,5,2024-10-20,70.0,completado
19805,4806,6,1,2024-10-27,417.51,completado
19806,4807,7,2,2024-11-03,396.44,completado
19807,4808,8,3,2024-11-10,378.8,cancelado
19808,4809,9,4,2024-11-17,54.33,cancelado
19809,4810,10,5,2024-11-24,441.05,devuelto
19810,4811,11,1,2024-12-01,38.19,completado
19811,4812,12,2,2024-12-08,392.24,completado
19812,4813,13,3,2024-12-15,378.16,completado
19813,4814,14,4,2024-12-22,202.48,completado
19814,4815,15,5,2024-12-29,454.76,completado
19815,4816,16,1,2023-01-06,309.75,completado
19816,4817,17,2,2023-01-13,311.25,completado
19817,4818,18,3,2023-01-20,476.18,cancelado
19818,4819,19,4,2023-01-27,67.77,cancelado
19819,4820,20,5,2023-02-03,128.94,devuelto
19820,4821,21,1,2023-02-10,253.24,completado
19821,4822,22,2,2023-02-17,107.06,completado
19822,4823,23,3,2023-02-24,245.75,completado
19823,4824,24,4,2023-03-03,161.41,completado
19824,4825,25,5,2023-03-10,192.13,completado
19825,4826,26,1,2023-03-17,88.43,completado
19826,4827,27,2,2023-03-24,454.14,completado
19827,4828,28,3,2023-03-31,198.13,cancelado
19828,4829,29,4,2023-04-07,301.7,cancelado
19829,4830,30,5,2023-04-14,434.81,devuelto
19830,4831,31,1,2023-04-21,324.05,completado
19831,4832,32,2,2023-04-28,287.52,completado
19832,4833,33,3,2023-05-05,451.83,completado
19833,4834,34,4,2023-05-12,177.53,completado
19834,4835,35,5,2023-05-19,493.13,completado
19835,4836,36,1,2023-05-26,57.92,completado
19836,4837,37,2,2023-06-02,74.9,completado
19837,4838,38,3,2023-06-09,203.81,cancelado
19838,4839,39,4,2023-06-16,47.25,cancelado
19839,4840,40,5,2023-06-23,122.25,devuelto
19840,4841,41,1,2023-06-30,245.99,completado
19841,4842,42,2,2023-07-07,123.74,completado
19842,4843,43,3,2023-07-14,206.38,completado
19843,4844,44,4,2023-07-21,472.64,completado
19844,4845,45,5,2023-07-28,428.94,completado
19845,4846,46,1,2023-08-04,144.29,completado
19846,4847,47,2,2023-08-11,166.07,completado
19847,4848,48,3,2023-08-18,337.21,cancelado
19848,4849,49,4,2023-08-25,259.26,cancelado
19849,4850,50,5,2023-09-01,459.73,devuelto
19850,4851,51,1,2023-09-08,133.42,completado
19851,4852,52,2,2023-09-15,60.41,completado
19852,4853,53,3,2023-09-22,453.8,completado
19853,4854,54,4,2023-09-29,353.6,completado
19854,4855,55,5,2023-10-06,446.27,completado
19855,4856,56,1,2023-10-13,218.6,completado
19856,4857,57,2,2023-10-20,229.8,completado
19857,4858,58,3,2023-10-27,385.56,cancelado
19858,4859,59,4,2023-11-03,22.96,cancelado
19859,4860,60,5,2023-11-10,289.83,devuelto
19860,4861,61,1,2023-11-17,87.59,completado
19861,4862,62,2,2023-11-24,373.5,completado
19862,4863,63,3,2023-12-01,271.19,completado
19863,4864,64,4,2023-12-08,141.6,completado
19864,4865,65,5,2023-12-15,438.53,completado
19865,4866,66,1,2023-12-22,142.54,completado
19866,4867,67,2,2023-12-29,103.62,completado
19867,4868,68,3,2024-01-05,355.52,cancelado
19868,4869,69,4,2024-01-12,40.77,cancelado
19869,4870,70,5,2024-01-19,348.63,devuelto
19870,4871,71,1,2024-01-26,431.43,completado
19871,4872,72,2,2024-02-02,183.77,completado
19872,4873,73,3,2024-02-09,165.72,completado
19873,4874,74,4,2024-02-16,142.74,completado
19874,4875,75,5,2024-02-23,362.7,completado
19875,4876,76,1,2024-03-01,78.39,completado
19876,4877,77,2,2024-03-08,295.12,completado
19877,4878,78,3,2024-03-15,61.48,cancelado
19878,4879,79,4,2024-03-22,126.5,cancelado
19879,4880,80,5,2024-03-29,422.24,devuelto
19880,4881,81,1,2024-04-05,263.54,completado
19881,4882,82,2,2024-04-12,226.39,completado
19882,4883,83,3,2024-04-19,459.49,completado
19883,4884,84,4,2024-04-26,235.89,completado
19884,4885,85,5,2024-05-03,78.43,completado
19885,4886,86,1,2024-05-10,238.41,completado
19886,4887,87,2,2024-05-17,487.17,completado
19887,4888,88,3,2024-05-24,193.44,cancelado
19888,4889,89,4,2024-05-31,373.21,cancelado
19889,4890,90,5,2024-06-07,431.39,devuelto
19890,4891,91,1,2024-06-14,85.13,completado
19891,4892,92,2,2024-06-21,55.78,completado
19892,4893,93,3,2024-06-28,277.18,completado
19893,4894,94,4,2024-07-05,357.02,completado
19894,4895,95,5,2024-07-12,134.64,completado
19895,4896,96,1,2024-07-19,400.97,completado
19896,4897,97,2,2024-07-26,167.45,completado
19897,4898,98,3,2024-08-02,466.57,cancelado
19898,4899,99,4,2024-08-09,397.7,cancelado
19899,4900,100,5,2024-08-16,299.44,devuelto
19900,4901,101,1,2024-08-23,370.62,completado
19901,4902,102,2,2024-08-30,484.87,completado
19902,4903,103,3,2024-09-06,158.23,completado
19903,4904,104,4,2024-09-13,275.94,completado
19904,4905,105,5,2024-09-20,251.39,completado
19905,4906,106,1,2024-09-27,221.4,completado
19906,4907,107,2,2024-10-04,320.68,completado
19907,4908,108,3,2024-10-11,416.46,cancelado
19908,4909,109,4,2024-10-18,107.15,cancelado
19909,4910,110,5,2024-10-25,112.4,devuelto
19910,4911,111,1,2024-11-01,124.89,completado
19911,4912,112,2,2024-11-08,93.38,completado
19912,4913,113,3,2024-11-15,298.89,completado
19913,4914,114,4,2024-11-22,283.51,completado
19914,4915,115,5,2024-11-29,183.6,completado
19915,4916,116,1,2024-12-06,185.4,completado
19916,4917,117,2,2024-12-13,312.58,completado
19917,4918,118,3,2024-12-20,38.01,cancelado
19918,4919,119,4,2024-12-27,176.74,cancelado
19919,4920,120,5,2023-01-04,361.04,devuelto
19920,4921,121,1,2023-01-11,336.1,completado
19921,4922,122,2,2023-01-18,480.42,completado
19922,4923,123,3,2023-01-25,144.72,completado
19923,4924,124,4,2023-02-01,442.88,completado
19924,4925,125,5,2023-02-08,173.44,completado
19925,4926,126,1,2023-02-15,256.69,completado
19926,4927,127,2,2023-02-22,394.35,completado
19927,4928,128,3,2023-03-01,370.27,cancelado
19928,4929,129,4,2023-03-08,269.9,cancelado
19929,4930,130,5,2023-03-15,416.48,devuelto
19930,4931,131,1,2023-03-22,275.33,completado
19931,4932,132,2,2023-03-29,486.6,completado
19932,4933,133,3,2023-04-05,167.11,completado
19933,4934,134,4,2023-04-12,224.25,completado
19934,4935,135,5,2023-04-19,398.93,completado
19935,4936,136,1,2023-04-26,76.14,completado
19936,4937,137,2,2023-05-03,396.38,completado
19937,4938,138,3,2023-05-10,18.81,cancelado
19938,4939,139,4,2023-05-17,258.88,cancelado
19939,4940,140,5,2023-05-24,204.97,devuelto
19940,4941,141,1,2023-05-31,71.41,completado
19941,4942,142,2,2023-06-07,296.41,completado
19942,4943,143,3,2023-06-14,92.46,completado
19943,4944,144,4,2023-06-21,159.52,completado
19944,4945,145,5,2023-06-28,116.19,completado
19945,4946,146,1,2023-07-05,392.27,completado
19946,4947,147,2,2023-07-12,438.7,completado
19947,4948,148,3,2023-07-19,371.19,cancelado
19948,4949,149,4,2023-07-26,49.28,cancelado
19949,4950,150,5,2023-08-02,296.95,devuelto
19950,4951,151,1,2023-08-09,92.7,completado
19951,4952,152,2,2023-08-16,87.92,completado
19952,4953,153,3,2023-08-23,99.95,completado
19953,4954,154,4,2023-08-30,181.68,completado
19954,4955,155,5,2023-09-06,379.94,completado
19955,4956,156,1,2023-09-13,271.31,completado
19956,4957,157,2,2023-09-20,182.81,completado
19957,4958,158,3,2023-09-27,399.95,cancelado
19958,4959,159,4,2023-10-04,467.57,cancelado
19959,4960,160,5,2023-10-11,208.81,devuelto
19960,4961,161,1,2023-10-18,380.9,completado
19961,4962,162,2,2023-10-25,494.54,completado
19962,4963,163,3,2023-11-01,229.14,completado
19963,4964,164,4,2023-11-08,280.71,completado
19964,4965,165,5,2023-11-15,102.46,completado
19965,4966,166,1,2023-11-22,382.63,completado
19966,4967,167,2,2023-11-29,441.6,completado
19967,4968,168,3,2023-12-06,326.6,cancelado
19968,4969,169,4,2023-12-13,54.41,cancelado
19969,4970,170,5,2023-12-20,473.42,devuelto
19970,4971,171,1,2023-12-27,398.53,completado
19971,4972,172,2,2024-01-03,130.39,completado
19972,4973,173,3,2024-01-10,144.03,completado
19973,4974,174,4,2024-01-17,150.86,completado
19974,4975,175,5,2024-01-24,290.96,completado
19975,4976,176,1,2024-01-31,301.07,completado
19976,4977,177,2,2024-02-07,396.15,completado
19977,4978,178,3,2024-02-14,306.69,cancelado
19978,4979,179,4,2024-02-21,331.01,cancelado
19979,4980,180,5,2024-02-28,203.27,devuelto
19980,4981,181,1,2024-03-06,417.42,completado
19981,4982,182,2,2024-03-13,227.26,completado
19982,4983,183,3,2024-03-20,75.85,completado
19983,4984,184,4,2024-03-27,205.27,completado
19984,4985,185,5,2024-04-03,138.52,completado
19985,4986,186,1,2024-04-10,417.21,completado
19986,4987,187,2,2024-04-17,177.92,completado
19987,4988,188,3,2024-04-24,421.18,cancelado
19988,4989,189,4,2024-05-01,481.81,cancelado
19989,4990,190,5,2024-05-08,187.04,devuelto
19990,4991,191,1,2024-05-15,105.16,completado
19991,4992,192,2,2024-05-22,42.71,completado
19992,4993,193,3,2024-05-29,419.62,completado
19993,4994,194,4,2024-06-05,327.04,completado
19994,4995,195,5,2024-06-12,19.19,completado
19995,4996,196,1,2024-06-19,123.48,completado
19996,4997,197,2,2024-06-26,46.69,completado
19997,4998,198,3,2024-07-03,371.29,cancelado
19998,4999,199,4,2024-07-10,51.36,cancelado
19999,5000,200,5,2024-07-17,117.61,devuelto
20000,1,1,1,2024-07-24,191.66,completado
20001,5001,,,2024-06-01,,completado
20002,5002,150,2,2024-06-15,250.0,
20003,,100,1,2024-07-01,100.0,completado
